event,linucb,lin_ts,thompson,eps_greedy,best_fixed,random
0,,,,,,
1,,,,,,
2,1.0,1.0,,,,
3,1.0,1.0,,,,
4,1.0,1.0,,,,
5,1.0,1.0,,,,1.0
6,1.0,1.0,,,,1.0
7,1.0,1.0,,,,1.0
8,1.0,1.0,,,,1.0
9,1.0,1.0,,,,0.75
10,1.0,1.0,,,,0.75
11,1.0,1.0,,,,0.75
12,1.0,1.0,,,,0.75
13,1.0,1.0,,,,0.75
14,1.0,1.0,,,,0.75
15,1.0,1.0,,,,0.75
16,1.0,1.0,,,,0.75
17,1.0,0.8,,,,0.75
18,1.0,0.8,,,,0.75
19,1.0,0.8,,,,0.75
20,1.0,0.8,,,,0.75
21,1.0,0.8333333333333334,,,,0.75
22,1.0,0.8333333333333334,,,,0.75
23,1.0,0.8333333333333334,,,,0.75
24,1.0,0.8333333333333334,,,,0.6
25,1.0,0.8333333333333334,,,,0.6
26,1.0,0.8333333333333334,,,,0.6
27,1.0,0.8333333333333334,,,,0.6
28,1.0,0.8333333333333334,,,,0.6
29,1.0,0.8333333333333334,,,,0.6
30,1.0,0.8333333333333334,,,,0.6
31,1.0,0.8333333333333334,,,,0.6
32,1.0,0.8333333333333334,,,,0.6
33,1.0,0.8333333333333334,,,,0.6
34,1.0,0.8333333333333334,,,,0.6
35,1.0,0.8333333333333334,,,,0.6
36,1.0,0.8333333333333334,,,,0.6
37,1.0,0.8333333333333334,,,,0.6
38,1.0,0.8333333333333334,,,,0.6
39,1.0,0.8333333333333334,,,,0.6
40,1.0,0.8333333333333334,,,,0.6
41,1.0,0.8333333333333334,,,,0.6
42,1.0,0.8571428571428571,,,,0.6
43,1.0,0.8571428571428571,,,,0.6
44,1.0,0.8571428571428571,,,,0.6
45,1.0,0.8571428571428571,,,,0.6
46,1.0,0.8571428571428571,,,,0.6
47,1.0,0.8571428571428571,,,,0.6
48,1.0,0.8571428571428571,,,,0.6
49,1.0,0.875,1.0,,1.0,0.6
50,1.0,0.875,1.0,,1.0,0.6
51,1.0,0.8888888888888888,1.0,,1.0,0.6
52,1.0,0.8888888888888888,1.0,1.0,1.0,0.6
53,1.0,0.8888888888888888,1.0,1.0,1.0,0.6
54,1.0,0.8888888888888888,1.0,1.0,1.0,0.6
55,1.0,0.8888888888888888,1.0,1.0,1.0,0.6
56,1.0,0.8888888888888888,1.0,1.0,1.0,0.6
57,1.0,0.8888888888888888,1.0,1.0,1.0,0.5
58,1.0,0.8888888888888888,1.0,1.0,1.0,0.5
59,1.0,0.8888888888888888,1.0,1.0,1.0,0.5
60,1.0,0.8,1.0,1.0,1.0,0.5
61,1.0,0.8,1.0,1.0,1.0,0.5
62,1.0,0.7272727272727273,1.0,1.0,1.0,0.5
63,1.0,0.7272727272727273,1.0,1.0,1.0,0.5
64,1.0,0.7272727272727273,1.0,1.0,1.0,0.5
65,1.0,0.7272727272727273,1.0,1.0,1.0,0.5
66,1.0,0.75,1.0,1.0,1.0,0.5
67,1.0,0.7692307692307693,1.0,1.0,1.0,0.5
68,1.0,0.7692307692307693,1.0,1.0,1.0,0.5
69,1.0,0.7692307692307693,1.0,1.0,1.0,0.5
70,1.0,0.7692307692307693,1.0,1.0,1.0,0.5
71,1.0,0.7692307692307693,1.0,1.0,1.0,0.5
72,1.0,0.7692307692307693,1.0,1.0,1.0,0.5
73,1.0,0.7857142857142857,1.0,1.0,1.0,0.5
74,1.0,0.7857142857142857,1.0,1.0,1.0,0.5
75,0.9166666666666666,0.7857142857142857,1.0,1.0,1.0,0.5
76,0.9166666666666666,0.7857142857142857,1.0,1.0,1.0,0.5
77,0.9166666666666666,0.7857142857142857,1.0,1.0,1.0,0.5
78,0.9166666666666666,0.7857142857142857,1.0,1.0,1.0,0.5
79,0.9166666666666666,0.7857142857142857,1.0,1.0,1.0,0.5
80,0.9166666666666666,0.7857142857142857,1.0,1.0,1.0,0.5
81,0.9166666666666666,0.7857142857142857,1.0,1.0,1.0,0.5
82,0.9166666666666666,0.7857142857142857,1.0,1.0,1.0,0.5
83,0.9166666666666666,0.7857142857142857,1.0,1.0,1.0,0.5
84,0.9166666666666666,0.7333333333333333,1.0,1.0,1.0,0.5
85,0.9166666666666666,0.7333333333333333,1.0,1.0,1.0,0.5
86,0.9166666666666666,0.6875,1.0,1.0,1.0,0.5
87,0.9230769230769231,0.7058823529411765,1.0,1.0,1.0,0.5
88,0.9230769230769231,0.7058823529411765,1.0,1.0,1.0,0.5
89,0.9230769230769231,0.6666666666666666,1.0,1.0,1.0,0.5
90,0.9230769230769231,0.6666666666666666,1.0,1.0,1.0,0.5
91,0.9230769230769231,0.6666666666666666,1.0,1.0,1.0,0.5
92,0.9230769230769231,0.6666666666666666,1.0,1.0,1.0,0.5
93,0.9285714285714286,0.6842105263157895,1.0,1.0,1.0,0.5
94,0.9285714285714286,0.6842105263157895,1.0,1.0,1.0,0.5
95,0.9285714285714286,0.6842105263157895,1.0,1.0,1.0,0.5
96,0.9285714285714286,0.6842105263157895,1.0,1.0,1.0,0.5
97,0.9285714285714286,0.65,1.0,1.0,1.0,0.5
98,0.9285714285714286,0.65,1.0,1.0,1.0,0.5
99,0.8666666666666667,0.65,0.75,0.6666666666666666,0.75,0.5
100,0.8666666666666667,0.65,0.6,0.5,0.6,0.5
101,0.8666666666666667,0.65,0.6,0.5,0.6,0.5
102,0.8666666666666667,0.65,0.6,0.5,0.6,0.5
103,0.8666666666666667,0.65,0.6,0.5,0.6,0.5714285714285714
104,0.8666666666666667,0.65,0.6,0.5,0.6,0.625
105,0.8666666666666667,0.6666666666666666,0.6,0.5,0.6,0.6666666666666666
106,0.8666666666666667,0.6666666666666666,0.6,0.6,0.6,0.6666666666666666
107,0.8666666666666667,0.6666666666666666,0.6,0.6,0.6,0.6666666666666666
108,0.8666666666666667,0.6666666666666666,0.6,0.6,0.6,0.6666666666666666
109,0.875,0.6818181818181818,0.6,0.6,0.6,0.6666666666666666
110,0.875,0.6818181818181818,0.6,0.6,0.6,0.6666666666666666
111,0.875,0.6818181818181818,0.6,0.6,0.6,0.6
112,0.8823529411764706,0.6956521739130435,0.6,0.6,0.6,0.6
113,0.8823529411764706,0.6956521739130435,0.6,0.6,0.6,0.6
114,0.8823529411764706,0.6956521739130435,0.6,0.6,0.6,0.6
115,0.8823529411764706,0.6956521739130435,0.6,0.6,0.6,0.6
116,0.8823529411764706,0.6956521739130435,0.6,0.6,0.6,0.6
117,0.8823529411764706,0.6956521739130435,0.6,0.6,0.6,0.6
118,0.8823529411764706,0.6956521739130435,0.6,0.6,0.6,0.6
119,0.8823529411764706,0.6956521739130435,0.6,0.6,0.6,0.6
120,0.8823529411764706,0.6956521739130435,0.6,0.6,0.6,0.6
121,0.8823529411764706,0.6666666666666666,0.6,0.6,0.6,0.6
122,0.8823529411764706,0.6666666666666666,0.6,0.6,0.6,0.6
123,0.8823529411764706,0.6666666666666666,0.6,0.6,0.6,0.6
124,0.8823529411764706,0.6666666666666666,0.6,0.6,0.6,0.6
125,0.8823529411764706,0.6666666666666666,0.6,0.6,0.6,0.6
126,0.8333333333333334,0.64,0.6,0.6,0.6,0.6
127,0.8333333333333334,0.64,0.6,0.6,0.6,0.6
128,0.8421052631578947,0.6538461538461539,0.6,0.6,0.6,0.6
129,0.8421052631578947,0.6538461538461539,0.6,0.6,0.6,0.6
130,0.8421052631578947,0.6538461538461539,0.6,0.6,0.6,0.6
131,0.8421052631578947,0.6538461538461539,0.6,0.6,0.6,0.6
132,0.8421052631578947,0.6538461538461539,0.6,0.6,0.6,0.6
133,0.85,0.6666666666666666,0.6,0.6,0.6,0.6
134,0.85,0.6666666666666666,0.6,0.6,0.6,0.6
135,0.85,0.6666666666666666,0.6,0.6,0.6,0.6
136,0.85,0.6666666666666666,0.6,0.6,0.6,0.6
137,0.85,0.6666666666666666,0.6,0.6,0.6,0.6
138,0.85,0.6666666666666666,0.6666666666666666,0.6666666666666666,0.6666666666666666,0.6363636363636364
139,0.85,0.6666666666666666,0.6666666666666666,0.6666666666666666,0.6666666666666666,0.6363636363636364
140,0.85,0.6666666666666666,0.6666666666666666,0.6666666666666666,0.6666666666666666,0.6363636363636364
141,0.85,0.6666666666666666,0.6666666666666666,0.6666666666666666,0.6666666666666666,0.6363636363636364
142,0.85,0.6666666666666666,0.6666666666666666,0.6666666666666666,0.6666666666666666,0.6363636363636364
143,0.85,0.6666666666666666,0.6666666666666666,0.6666666666666666,0.6666666666666666,0.6363636363636364
144,0.85,0.6666666666666666,0.5714285714285714,0.5714285714285714,0.5714285714285714,0.6363636363636364
145,0.8095238095238095,0.6428571428571429,0.5,0.5,0.5,0.6363636363636364
146,0.7727272727272727,0.6206896551724138,0.5,0.5,0.5,0.6363636363636364
147,0.7727272727272727,0.6206896551724138,0.5,0.5,0.5,0.6363636363636364
148,0.7727272727272727,0.6206896551724138,0.5,0.5,0.5,0.5833333333333334
149,0.7391304347826086,0.6,0.5,0.5,0.5,0.5384615384615384
150,0.75,0.6129032258064516,0.5,0.5,0.5,0.5384615384615384
151,0.75,0.6129032258064516,0.5,0.5,0.5,0.5384615384615384
152,0.76,0.625,0.5,0.5,0.5,0.5384615384615384
153,0.76,0.625,0.5,0.5,0.5,0.5384615384615384
154,0.76,0.625,0.5,0.5,0.5,0.5384615384615384
155,0.76,0.625,0.5,0.5,0.5,0.5384615384615384
156,0.76,0.625,0.5,0.5,0.5,0.5384615384615384
157,0.7307692307692307,0.625,0.5,0.5,0.5,0.5384615384615384
158,0.7307692307692307,0.625,0.5,0.5,0.5,0.5384615384615384
159,0.7307692307692307,0.625,0.5,0.5,0.5,0.5714285714285714
160,0.7037037037037037,0.625,0.5,0.5,0.5,0.5333333333333333
161,0.7037037037037037,0.625,0.5,0.5,0.5,0.5
162,0.7142857142857143,0.625,0.5,0.5,0.5,0.5
163,0.7142857142857143,0.625,0.5,0.4444444444444444,0.4444444444444444,0.5
164,0.7142857142857143,0.625,0.5,0.4444444444444444,0.4444444444444444,0.5
165,0.7142857142857143,0.625,0.5,0.4444444444444444,0.4444444444444444,0.5294117647058824
166,0.7142857142857143,0.625,0.5,0.4444444444444444,0.4444444444444444,0.5294117647058824
167,0.7142857142857143,0.625,0.5,0.4444444444444444,0.4444444444444444,0.5294117647058824
168,0.6896551724137931,0.6060606060606061,0.4444444444444444,0.4444444444444444,0.4,0.5
169,0.6896551724137931,0.6060606060606061,0.4444444444444444,0.4444444444444444,0.4,0.5
170,0.6896551724137931,0.6060606060606061,0.4444444444444444,0.4444444444444444,0.4,0.47368421052631576
171,0.6896551724137931,0.6060606060606061,0.4444444444444444,0.4444444444444444,0.4,0.47368421052631576
172,0.6896551724137931,0.6060606060606061,0.4444444444444444,0.4444444444444444,0.4,0.47368421052631576
173,0.6896551724137931,0.6060606060606061,0.4444444444444444,0.4,0.4,0.47368421052631576
174,0.6896551724137931,0.6060606060606061,0.4444444444444444,0.4,0.4,0.47368421052631576
175,0.6896551724137931,0.6060606060606061,0.4444444444444444,0.4,0.4,0.47368421052631576
176,0.6896551724137931,0.6060606060606061,0.4444444444444444,0.4,0.4,0.47368421052631576
177,0.6896551724137931,0.6060606060606061,0.4,0.36363636363636365,0.36363636363636365,0.47368421052631576
178,0.6896551724137931,0.6060606060606061,0.4,0.36363636363636365,0.36363636363636365,0.45
179,0.6896551724137931,0.6060606060606061,0.4,0.36363636363636365,0.36363636363636365,0.45
180,0.6896551724137931,0.6060606060606061,0.4,0.36363636363636365,0.36363636363636365,0.42857142857142855
181,0.6896551724137931,0.6060606060606061,0.4,0.36363636363636365,0.36363636363636365,0.42857142857142855
182,0.6896551724137931,0.6060606060606061,0.4,0.36363636363636365,0.36363636363636365,0.42857142857142855
183,0.6896551724137931,0.6060606060606061,0.4,0.36363636363636365,0.36363636363636365,0.42857142857142855
184,0.6896551724137931,0.6060606060606061,0.4,0.36363636363636365,0.36363636363636365,0.42857142857142855
185,0.6896551724137931,0.6060606060606061,0.4,0.36363636363636365,0.36363636363636365,0.42857142857142855
186,0.6896551724137931,0.5882352941176471,0.4,0.36363636363636365,0.36363636363636365,0.42857142857142855
187,0.6896551724137931,0.5714285714285714,0.4,0.36363636363636365,0.36363636363636365,0.42857142857142855
188,0.6896551724137931,0.5714285714285714,0.36363636363636365,0.3333333333333333,0.3333333333333333,0.42857142857142855
189,0.6896551724137931,0.5714285714285714,0.4166666666666667,0.38461538461538464,0.38461538461538464,0.45454545454545453
190,0.6896551724137931,0.5714285714285714,0.4166666666666667,0.38461538461538464,0.38461538461538464,0.45454545454545453
191,0.6896551724137931,0.5714285714285714,0.4166666666666667,0.38461538461538464,0.38461538461538464,0.45454545454545453
192,0.6896551724137931,0.5714285714285714,0.4166666666666667,0.38461538461538464,0.38461538461538464,0.45454545454545453
193,0.6896551724137931,0.5555555555555556,0.4166666666666667,0.38461538461538464,0.38461538461538464,0.45454545454545453
194,0.6896551724137931,0.5555555555555556,0.4166666666666667,0.38461538461538464,0.38461538461538464,0.45454545454545453
195,0.6896551724137931,0.5555555555555556,0.4166666666666667,0.38461538461538464,0.38461538461538464,0.45454545454545453
196,0.6896551724137931,0.5555555555555556,0.4166666666666667,0.38461538461538464,0.38461538461538464,0.45454545454545453
197,0.6896551724137931,0.5555555555555556,0.4166666666666667,0.38461538461538464,0.38461538461538464,0.45454545454545453
198,0.6896551724137931,0.5555555555555556,0.4166666666666667,0.38461538461538464,0.38461538461538464,0.45454545454545453
199,0.6896551724137931,0.5555555555555556,0.4166666666666667,0.38461538461538464,0.38461538461538464,0.45454545454545453
200,0.6896551724137931,0.5555555555555556,0.4166666666666667,0.38461538461538464,0.38461538461538464,0.45454545454545453
201,0.6896551724137931,0.5555555555555556,0.4166666666666667,0.38461538461538464,0.38461538461538464,0.45454545454545453
202,0.6666666666666666,0.5405405405405406,0.38461538461538464,0.38461538461538464,0.35714285714285715,0.45454545454545453
203,0.6666666666666666,0.5405405405405406,0.38461538461538464,0.38461538461538464,0.35714285714285715,0.43478260869565216
204,0.6666666666666666,0.5405405405405406,0.38461538461538464,0.38461538461538464,0.35714285714285715,0.43478260869565216
205,0.6451612903225806,0.5405405405405406,0.35714285714285715,0.35714285714285715,0.3333333333333333,0.4166666666666667
206,0.6451612903225806,0.5405405405405406,0.35714285714285715,0.35714285714285715,0.3333333333333333,0.4166666666666667
207,0.6451612903225806,0.5263157894736842,0.35714285714285715,0.35714285714285715,0.3333333333333333,0.4
208,0.6451612903225806,0.5263157894736842,0.35714285714285715,0.35714285714285715,0.3333333333333333,0.4
209,0.6451612903225806,0.5263157894736842,0.35714285714285715,0.35714285714285715,0.3333333333333333,0.38461538461538464
210,0.6451612903225806,0.5263157894736842,0.35714285714285715,0.35714285714285715,0.3333333333333333,0.38461538461538464
211,0.6451612903225806,0.5263157894736842,0.35714285714285715,0.35714285714285715,0.3333333333333333,0.38461538461538464
212,0.6451612903225806,0.5263157894736842,0.35714285714285715,0.35714285714285715,0.3333333333333333,0.38461538461538464
213,0.6451612903225806,0.5263157894736842,0.35714285714285715,0.35714285714285715,0.3333333333333333,0.38461538461538464
214,0.6451612903225806,0.5263157894736842,0.35714285714285715,0.35714285714285715,0.3333333333333333,0.38461538461538464
215,0.6451612903225806,0.5263157894736842,0.35714285714285715,0.35714285714285715,0.3333333333333333,0.38461538461538464
216,0.65625,0.5263157894736842,0.35714285714285715,0.35714285714285715,0.3333333333333333,0.38461538461538464
217,0.65625,0.5263157894736842,0.35714285714285715,0.35714285714285715,0.3333333333333333,0.37037037037037035
218,0.65625,0.5263157894736842,0.35714285714285715,0.35714285714285715,0.3333333333333333,0.37037037037037035
219,0.65625,0.5263157894736842,0.35714285714285715,0.35714285714285715,0.3333333333333333,0.35714285714285715
220,0.65625,0.5263157894736842,0.35714285714285715,0.35714285714285715,0.3333333333333333,0.35714285714285715
221,0.65625,0.5263157894736842,0.35714285714285715,0.35714285714285715,0.3333333333333333,0.35714285714285715
222,0.65625,0.5263157894736842,0.35714285714285715,0.35714285714285715,0.3333333333333333,0.3448275862068966
223,0.65625,0.5263157894736842,0.35714285714285715,0.35714285714285715,0.3333333333333333,0.3448275862068966
224,0.65625,0.5263157894736842,0.35714285714285715,0.35714285714285715,0.3333333333333333,0.3333333333333333
225,0.65625,0.5263157894736842,0.35714285714285715,0.35714285714285715,0.3333333333333333,0.3333333333333333
226,0.65625,0.5263157894736842,0.35714285714285715,0.35714285714285715,0.3333333333333333,0.3333333333333333
227,0.65625,0.5263157894736842,0.35714285714285715,0.35714285714285715,0.3333333333333333,0.3333333333333333
228,0.65625,0.5263157894736842,0.35714285714285715,0.35714285714285715,0.3333333333333333,0.3333333333333333
229,0.65625,0.5263157894736842,0.35714285714285715,0.35714285714285715,0.3333333333333333,0.3225806451612903
230,0.65625,0.5263157894736842,0.35714285714285715,0.35714285714285715,0.3333333333333333,0.3225806451612903
231,0.65625,0.5263157894736842,0.35714285714285715,0.35714285714285715,0.3333333333333333,0.3225806451612903
232,0.65625,0.5263157894736842,0.35714285714285715,0.35714285714285715,0.3333333333333333,0.3125
233,0.65625,0.5263157894736842,0.35714285714285715,0.35714285714285715,0.3333333333333333,0.3125
234,0.65625,0.5263157894736842,0.35714285714285715,0.35714285714285715,0.3333333333333333,0.3125
235,0.65625,0.5263157894736842,0.35714285714285715,0.35714285714285715,0.3333333333333333,0.3125
236,0.65625,0.5263157894736842,0.35714285714285715,0.35714285714285715,0.3333333333333333,0.30303030303030304
237,0.65625,0.5263157894736842,0.35714285714285715,0.35714285714285715,0.3333333333333333,0.30303030303030304
238,0.65625,0.5263157894736842,0.35714285714285715,0.35714285714285715,0.3333333333333333,0.30303030303030304
239,0.65625,0.5263157894736842,0.4,0.4,0.375,0.30303030303030304
240,0.65625,0.5263157894736842,0.4,0.4,0.375,0.30303030303030304
241,0.65625,0.5263157894736842,0.4,0.4,0.375,0.29411764705882354
242,0.6363636363636364,0.5263157894736842,0.4,0.4,0.375,0.29411764705882354
243,0.6363636363636364,0.5263157894736842,0.4,0.4,0.375,0.29411764705882354
244,0.6363636363636364,0.5263157894736842,0.4,0.4,0.375,0.29411764705882354
245,0.6363636363636364,0.5263157894736842,0.4,0.4,0.375,0.29411764705882354
246,0.6176470588235294,0.5128205128205128,0.4,0.4,0.375,0.2857142857142857
247,0.6176470588235294,0.525,0.4,0.4,0.375,0.2857142857142857
248,0.6176470588235294,0.525,0.4,0.4,0.375,0.2857142857142857
249,0.6176470588235294,0.525,0.4,0.4,0.375,0.2857142857142857
250,0.6176470588235294,0.525,0.4,0.4,0.375,0.2857142857142857
251,0.6176470588235294,0.525,0.4,0.4,0.375,0.2857142857142857
252,0.6176470588235294,0.525,0.4,0.4,0.375,0.2857142857142857
253,0.6176470588235294,0.525,0.4,0.4,0.375,0.2857142857142857
254,0.6176470588235294,0.525,0.4,0.4,0.375,0.2857142857142857
255,0.6176470588235294,0.5365853658536586,0.4,0.4,0.375,0.2857142857142857
256,0.6176470588235294,0.5365853658536586,0.4,0.4,0.375,0.2777777777777778
257,0.6176470588235294,0.5365853658536586,0.4,0.4,0.375,0.2777777777777778
258,0.6176470588235294,0.5365853658536586,0.4,0.4,0.375,0.2777777777777778
259,0.6176470588235294,0.5365853658536586,0.4,0.4,0.375,0.2777777777777778
260,0.6285714285714286,0.5476190476190477,0.4,0.4,0.375,0.2777777777777778
261,0.6285714285714286,0.5476190476190477,0.4,0.4,0.375,0.2777777777777778
262,0.6285714285714286,0.5476190476190477,0.4,0.4,0.375,0.2777777777777778
263,0.6285714285714286,0.5476190476190477,0.4,0.4,0.375,0.2777777777777778
264,0.6285714285714286,0.5348837209302325,0.4,0.4,0.375,0.2702702702702703
265,0.6285714285714286,0.5348837209302325,0.4375,0.4375,0.4117647058823529,0.2702702702702703
266,0.6285714285714286,0.5227272727272727,0.4375,0.4375,0.4117647058823529,0.2702702702702703
267,0.6111111111111112,0.5111111111111111,0.4375,0.4375,0.4117647058823529,0.2702702702702703
268,0.6111111111111112,0.5111111111111111,0.4375,0.4375,0.4117647058823529,0.2702702702702703
269,0.6111111111111112,0.5111111111111111,0.4375,0.4375,0.4117647058823529,0.2702702702702703
270,0.6111111111111112,0.5111111111111111,0.4375,0.4375,0.4117647058823529,0.2702702702702703
271,0.6111111111111112,0.5111111111111111,0.4375,0.4375,0.4117647058823529,0.2702702702702703
272,0.6111111111111112,0.5111111111111111,0.4375,0.4375,0.4117647058823529,0.2702702702702703
273,0.6111111111111112,0.5111111111111111,0.4375,0.4375,0.4117647058823529,0.2702702702702703
274,0.6111111111111112,0.5111111111111111,0.4375,0.4375,0.4117647058823529,0.2702702702702703
275,0.6111111111111112,0.5111111111111111,0.4375,0.4375,0.4117647058823529,0.2702702702702703
276,0.6111111111111112,0.5111111111111111,0.4375,0.4375,0.4117647058823529,0.2702702702702703
277,0.6111111111111112,0.5111111111111111,0.4375,0.4375,0.4117647058823529,0.2702702702702703
278,0.6111111111111112,0.5217391304347826,0.4375,0.4375,0.4117647058823529,0.2702702702702703
279,0.6111111111111112,0.5319148936170213,0.4375,0.4375,0.4117647058823529,0.2702702702702703
280,0.6111111111111112,0.5319148936170213,0.4375,0.4375,0.4117647058823529,0.2702702702702703
281,0.6111111111111112,0.5319148936170213,0.4375,0.4375,0.4117647058823529,0.2702702702702703
282,0.6111111111111112,0.5319148936170213,0.4375,0.4375,0.4117647058823529,0.2702702702702703
283,0.6111111111111112,0.5319148936170213,0.4375,0.4375,0.4117647058823529,0.2702702702702703
284,0.6111111111111112,0.5319148936170213,0.4375,0.4375,0.4117647058823529,0.2702702702702703
285,0.6111111111111112,0.5319148936170213,0.4375,0.4375,0.4117647058823529,0.2631578947368421
286,0.6111111111111112,0.5319148936170213,0.4375,0.4375,0.4117647058823529,0.2631578947368421
287,0.6111111111111112,0.5319148936170213,0.4375,0.4375,0.4117647058823529,0.2631578947368421
288,0.6111111111111112,0.5319148936170213,0.4375,0.4375,0.4117647058823529,0.2631578947368421
289,0.6111111111111112,0.5319148936170213,0.4375,0.4375,0.4117647058823529,0.2631578947368421
290,0.6111111111111112,0.5319148936170213,0.4375,0.4375,0.4117647058823529,0.28205128205128205
291,0.6111111111111112,0.5319148936170213,0.4375,0.4375,0.4117647058823529,0.28205128205128205
292,0.6111111111111112,0.5319148936170213,0.4375,0.4375,0.4117647058823529,0.28205128205128205
293,0.6111111111111112,0.5319148936170213,0.4375,0.4375,0.4117647058823529,0.28205128205128205
294,0.5945945945945946,0.5208333333333334,0.4117647058823529,0.4117647058823529,0.3888888888888889,0.28205128205128205
295,0.5945945945945946,0.5208333333333334,0.4117647058823529,0.4117647058823529,0.3888888888888889,0.28205128205128205
296,0.5789473684210527,0.5102040816326531,0.3888888888888889,0.4117647058823529,0.3684210526315789,0.28205128205128205
297,0.5789473684210527,0.5102040816326531,0.3888888888888889,0.4117647058823529,0.3684210526315789,0.28205128205128205
298,0.5789473684210527,0.5102040816326531,0.3888888888888889,0.4117647058823529,0.3684210526315789,0.28205128205128205
299,0.5641025641025641,0.5102040816326531,0.3888888888888889,0.3888888888888889,0.35,0.28205128205128205
300,0.5641025641025641,0.5102040816326531,0.3888888888888889,0.3888888888888889,0.35,0.28205128205128205
301,0.5641025641025641,0.5102040816326531,0.3888888888888889,0.3888888888888889,0.35,0.28205128205128205
302,0.5641025641025641,0.5102040816326531,0.3888888888888889,0.3888888888888889,0.35,0.28205128205128205
303,0.5641025641025641,0.5102040816326531,0.3888888888888889,0.3888888888888889,0.35,0.28205128205128205
304,0.5641025641025641,0.5102040816326531,0.3888888888888889,0.3888888888888889,0.35,0.28205128205128205
305,0.5641025641025641,0.5102040816326531,0.3888888888888889,0.3888888888888889,0.35,0.28205128205128205
306,0.55,0.5,0.3888888888888889,0.3888888888888889,0.35,0.28205128205128205
307,0.55,0.5,0.3684210526315789,0.3684210526315789,0.3333333333333333,0.28205128205128205
308,0.5365853658536586,0.49019607843137253,0.35,0.35,0.3181818181818182,0.275
309,0.5365853658536586,0.49019607843137253,0.35,0.35,0.3181818181818182,0.275
310,0.5365853658536586,0.49019607843137253,0.35,0.35,0.3181818181818182,0.275
311,0.5365853658536586,0.49019607843137253,0.35,0.35,0.3181818181818182,0.275
312,0.5365853658536586,0.49019607843137253,0.35,0.35,0.3181818181818182,0.275
313,0.5365853658536586,0.49019607843137253,0.35,0.35,0.3181818181818182,0.275
314,0.5365853658536586,0.49019607843137253,0.35,0.35,0.3181818181818182,0.275
315,0.5365853658536586,0.49019607843137253,0.35,0.35,0.3181818181818182,0.275
316,0.5476190476190477,0.5,0.35,0.35,0.3181818181818182,0.275
317,0.5476190476190477,0.5,0.35,0.38095238095238093,0.3181818181818182,0.275
318,0.5476190476190477,0.5,0.35,0.38095238095238093,0.3181818181818182,0.275
319,0.5476190476190477,0.5,0.35,0.38095238095238093,0.3181818181818182,0.275
320,0.5476190476190477,0.5,0.35,0.38095238095238093,0.3181818181818182,0.275
321,0.5476190476190477,0.5,0.35,0.38095238095238093,0.3181818181818182,0.275
322,0.5476190476190477,0.5094339622641509,0.35,0.38095238095238093,0.3181818181818182,0.275
323,0.5476190476190477,0.5094339622641509,0.35,0.38095238095238093,0.3181818181818182,0.275
324,0.5476190476190477,0.5094339622641509,0.35,0.38095238095238093,0.3181818181818182,0.275
325,0.5476190476190477,0.5094339622641509,0.35,0.38095238095238093,0.3181818181818182,0.275
326,0.5476190476190477,0.5094339622641509,0.35,0.38095238095238093,0.3181818181818182,0.275
327,0.5476190476190477,0.5094339622641509,0.38095238095238093,0.38095238095238093,0.3181818181818182,0.275
328,0.5476190476190477,0.5094339622641509,0.38095238095238093,0.38095238095238093,0.3181818181818182,0.275
329,0.5476190476190477,0.5094339622641509,0.38095238095238093,0.38095238095238093,0.3181818181818182,0.275
330,0.5476190476190477,0.5094339622641509,0.36363636363636365,0.36363636363636365,0.30434782608695654,0.275
331,0.5476190476190477,0.5094339622641509,0.36363636363636365,0.36363636363636365,0.30434782608695654,0.275
332,0.5476190476190477,0.5094339622641509,0.36363636363636365,0.36363636363636365,0.30434782608695654,0.275
333,0.5476190476190477,0.5094339622641509,0.36363636363636365,0.36363636363636365,0.30434782608695654,0.275
334,0.5348837209302325,0.5094339622641509,0.36363636363636365,0.36363636363636365,0.30434782608695654,0.275
335,0.5348837209302325,0.5094339622641509,0.36363636363636365,0.36363636363636365,0.30434782608695654,0.275
336,0.5348837209302325,0.5094339622641509,0.36363636363636365,0.36363636363636365,0.30434782608695654,0.275
337,0.5348837209302325,0.5094339622641509,0.36363636363636365,0.36363636363636365,0.30434782608695654,0.275
338,0.5348837209302325,0.5,0.36363636363636365,0.36363636363636365,0.30434782608695654,0.275
339,0.5348837209302325,0.5,0.36363636363636365,0.36363636363636365,0.30434782608695654,0.275
340,0.5348837209302325,0.5,0.36363636363636365,0.36363636363636365,0.30434782608695654,0.2682926829268293
341,0.5348837209302325,0.5,0.36363636363636365,0.36363636363636365,0.30434782608695654,0.2682926829268293
342,0.5348837209302325,0.5,0.36363636363636365,0.36363636363636365,0.30434782608695654,0.2682926829268293
343,0.5227272727272727,0.5,0.36363636363636365,0.36363636363636365,0.30434782608695654,0.2682926829268293
344,0.5111111111111111,0.5,0.34782608695652173,0.36363636363636365,0.2916666666666667,0.2682926829268293
345,0.5111111111111111,0.5,0.34782608695652173,0.36363636363636365,0.2916666666666667,0.2682926829268293
346,0.5111111111111111,0.5,0.34782608695652173,0.36363636363636365,0.2916666666666667,0.2682926829268293
347,0.5217391304347826,0.509090909090909,0.34782608695652173,0.36363636363636365,0.2916666666666667,0.2682926829268293
348,0.5217391304347826,0.509090909090909,0.34782608695652173,0.36363636363636365,0.2916666666666667,0.2682926829268293
349,0.5217391304347826,0.5178571428571429,0.34782608695652173,0.36363636363636365,0.2916666666666667,0.2682926829268293
350,0.5217391304347826,0.5178571428571429,0.34782608695652173,0.36363636363636365,0.2916666666666667,0.2682926829268293
351,0.5217391304347826,0.5178571428571429,0.34782608695652173,0.36363636363636365,0.2916666666666667,0.2682926829268293
352,0.5217391304347826,0.5178571428571429,0.34782608695652173,0.36363636363636365,0.2916666666666667,0.2682926829268293
353,0.5319148936170213,0.5263157894736842,0.34782608695652173,0.36363636363636365,0.2916666666666667,0.2682926829268293
354,0.5319148936170213,0.5263157894736842,0.34782608695652173,0.36363636363636365,0.2916666666666667,0.2682926829268293
355,0.5319148936170213,0.5263157894736842,0.34782608695652173,0.36363636363636365,0.2916666666666667,0.2682926829268293
356,0.5319148936170213,0.5263157894736842,0.34782608695652173,0.36363636363636365,0.2916666666666667,0.2682926829268293
357,0.5319148936170213,0.5263157894736842,0.34782608695652173,0.36363636363636365,0.2916666666666667,0.2682926829268293
358,0.5319148936170213,0.5263157894736842,0.34782608695652173,0.36363636363636365,0.2916666666666667,0.2682926829268293
359,0.5319148936170213,0.5263157894736842,0.34782608695652173,0.36363636363636365,0.2916666666666667,0.2619047619047619
360,0.5319148936170213,0.5263157894736842,0.34782608695652173,0.36363636363636365,0.2916666666666667,0.2619047619047619
361,0.5319148936170213,0.5263157894736842,0.34782608695652173,0.36363636363636365,0.2916666666666667,0.2619047619047619
362,0.5319148936170213,0.5172413793103449,0.34782608695652173,0.36363636363636365,0.2916666666666667,0.2619047619047619
363,0.5319148936170213,0.5172413793103449,0.34782608695652173,0.36363636363636365,0.2916666666666667,0.2619047619047619
364,0.5319148936170213,0.5172413793103449,0.34782608695652173,0.36363636363636365,0.2916666666666667,0.2619047619047619
365,0.5319148936170213,0.5172413793103449,0.34782608695652173,0.36363636363636365,0.2916666666666667,0.2619047619047619
366,0.5319148936170213,0.5172413793103449,0.34782608695652173,0.36363636363636365,0.2916666666666667,0.2619047619047619
367,0.5319148936170213,0.5172413793103449,0.34782608695652173,0.36363636363636365,0.2916666666666667,0.2619047619047619
368,0.5319148936170213,0.5172413793103449,0.34782608695652173,0.34782608695652173,0.2916666666666667,0.2619047619047619
369,0.5319148936170213,0.5172413793103449,0.34782608695652173,0.34782608695652173,0.2916666666666667,0.2619047619047619
370,0.5319148936170213,0.5172413793103449,0.34782608695652173,0.34782608695652173,0.2916666666666667,0.2619047619047619
371,0.5319148936170213,0.5172413793103449,0.34782608695652173,0.34782608695652173,0.2916666666666667,0.27906976744186046
372,0.5319148936170213,0.5172413793103449,0.34782608695652173,0.34782608695652173,0.2916666666666667,0.27906976744186046
373,0.5208333333333334,0.5084745762711864,0.34782608695652173,0.34782608695652173,0.2916666666666667,0.27906976744186046
374,0.5208333333333334,0.5084745762711864,0.34782608695652173,0.34782608695652173,0.2916666666666667,0.27906976744186046
375,0.5208333333333334,0.5084745762711864,0.34782608695652173,0.34782608695652173,0.2916666666666667,0.27906976744186046
376,0.5208333333333334,0.5084745762711864,0.34782608695652173,0.34782608695652173,0.2916666666666667,0.2727272727272727
377,0.5208333333333334,0.5084745762711864,0.34782608695652173,0.34782608695652173,0.2916666666666667,0.2727272727272727
378,0.5208333333333334,0.5084745762711864,0.34782608695652173,0.34782608695652173,0.2916666666666667,0.2727272727272727
379,0.5208333333333334,0.5084745762711864,0.34782608695652173,0.34782608695652173,0.2916666666666667,0.2727272727272727
380,0.5306122448979592,0.5084745762711864,0.375,0.375,0.32,0.2727272727272727
381,0.5306122448979592,0.5084745762711864,0.375,0.375,0.32,0.2727272727272727
382,0.5306122448979592,0.5084745762711864,0.375,0.375,0.32,0.2727272727272727
383,0.5306122448979592,0.5084745762711864,0.375,0.375,0.32,0.2727272727272727
384,0.5306122448979592,0.5,0.375,0.375,0.32,0.2727272727272727
385,0.5306122448979592,0.5,0.375,0.375,0.32,0.2727272727272727
386,0.5306122448979592,0.5,0.375,0.375,0.32,0.2727272727272727
387,0.5306122448979592,0.5,0.375,0.375,0.32,0.2727272727272727
388,0.5306122448979592,0.5,0.375,0.375,0.32,0.2727272727272727
389,0.5306122448979592,0.5,0.375,0.375,0.32,0.2727272727272727
390,0.5306122448979592,0.5,0.4,0.4,0.34615384615384615,0.2727272727272727
391,0.5306122448979592,0.5,0.4,0.4,0.34615384615384615,0.2727272727272727
392,0.5306122448979592,0.5,0.4,0.4,0.34615384615384615,0.2727272727272727
393,0.5306122448979592,0.5,0.4,0.4,0.34615384615384615,0.2727272727272727
394,0.54,0.5081967213114754,0.4,0.4,0.34615384615384615,0.2727272727272727
395,0.54,0.5081967213114754,0.4,0.4,0.34615384615384615,0.2727272727272727
396,0.54,0.5081967213114754,0.4230769230769231,0.4230769230769231,0.37037037037037035,0.2727272727272727
397,0.54,0.5081967213114754,0.4230769230769231,0.4230769230769231,0.37037037037037035,0.2727272727272727
398,0.54,0.5081967213114754,0.4230769230769231,0.4230769230769231,0.37037037037037035,0.2727272727272727
399,0.54,0.5081967213114754,0.4230769230769231,0.4230769230769231,0.37037037037037035,0.2727272727272727
400,0.54,0.5081967213114754,0.4230769230769231,0.4230769230769231,0.37037037037037035,0.2727272727272727
401,0.54,0.5081967213114754,0.4230769230769231,0.4230769230769231,0.37037037037037035,0.2727272727272727
402,0.5294117647058824,0.5081967213114754,0.4074074074074074,0.4230769230769231,0.35714285714285715,0.26666666666666666
403,0.5294117647058824,0.5081967213114754,0.4074074074074074,0.4230769230769231,0.35714285714285715,0.26666666666666666
404,0.5294117647058824,0.5081967213114754,0.4074074074074074,0.4230769230769231,0.35714285714285715,0.26666666666666666
405,0.5294117647058824,0.5081967213114754,0.4074074074074074,0.4230769230769231,0.35714285714285715,0.26666666666666666
406,0.5294117647058824,0.5081967213114754,0.4074074074074074,0.4230769230769231,0.35714285714285715,0.26666666666666666
407,0.5294117647058824,0.5081967213114754,0.4074074074074074,0.4230769230769231,0.35714285714285715,0.26666666666666666
408,0.5294117647058824,0.5161290322580645,0.4074074074074074,0.4230769230769231,0.35714285714285715,0.26666666666666666
409,0.5294117647058824,0.5161290322580645,0.4074074074074074,0.4230769230769231,0.35714285714285715,0.26666666666666666
410,0.5294117647058824,0.5161290322580645,0.4074074074074074,0.4230769230769231,0.35714285714285715,0.26666666666666666
411,0.5294117647058824,0.5161290322580645,0.4074074074074074,0.4230769230769231,0.35714285714285715,0.26666666666666666
412,0.5294117647058824,0.5161290322580645,0.4074074074074074,0.4230769230769231,0.35714285714285715,0.26666666666666666
413,0.5294117647058824,0.5161290322580645,0.4074074074074074,0.4230769230769231,0.35714285714285715,0.26666666666666666
414,0.5294117647058824,0.5161290322580645,0.4074074074074074,0.4230769230769231,0.35714285714285715,0.26666666666666666
415,0.5294117647058824,0.5161290322580645,0.4074074074074074,0.4230769230769231,0.35714285714285715,0.2826086956521739
416,0.5384615384615384,0.5238095238095238,0.4074074074074074,0.4230769230769231,0.35714285714285715,0.2978723404255319
417,0.5384615384615384,0.5238095238095238,0.4074074074074074,0.4230769230769231,0.35714285714285715,0.2916666666666667
418,0.5384615384615384,0.5238095238095238,0.4074074074074074,0.4230769230769231,0.35714285714285715,0.2916666666666667
419,0.5384615384615384,0.5238095238095238,0.4074074074074074,0.4230769230769231,0.35714285714285715,0.2857142857142857
420,0.5384615384615384,0.5238095238095238,0.4074074074074074,0.4230769230769231,0.35714285714285715,0.2857142857142857
421,0.5384615384615384,0.5238095238095238,0.4074074074074074,0.4230769230769231,0.35714285714285715,0.2857142857142857
422,0.5283018867924528,0.515625,0.39285714285714285,0.4074074074074074,0.3448275862068966,0.2857142857142857
423,0.5283018867924528,0.515625,0.39285714285714285,0.4074074074074074,0.3448275862068966,0.2857142857142857
424,0.5283018867924528,0.515625,0.39285714285714285,0.4074074074074074,0.3448275862068966,0.2857142857142857
425,0.5283018867924528,0.515625,0.39285714285714285,0.4074074074074074,0.3448275862068966,0.2857142857142857
426,0.5283018867924528,0.515625,0.39285714285714285,0.4074074074074074,0.3448275862068966,0.28
427,0.5283018867924528,0.515625,0.39285714285714285,0.4074074074074074,0.3448275862068966,0.28
428,0.5283018867924528,0.515625,0.39285714285714285,0.4074074074074074,0.3448275862068966,0.28
429,0.5283018867924528,0.515625,0.39285714285714285,0.4074074074074074,0.3448275862068966,0.28
430,0.5283018867924528,0.515625,0.39285714285714285,0.4074074074074074,0.3448275862068966,0.28
431,0.5283018867924528,0.515625,0.39285714285714285,0.4074074074074074,0.3448275862068966,0.28
432,0.5283018867924528,0.515625,0.39285714285714285,0.4074074074074074,0.3448275862068966,0.28
433,0.5283018867924528,0.515625,0.39285714285714285,0.4074074074074074,0.3448275862068966,0.28
434,0.5283018867924528,0.515625,0.39285714285714285,0.4074074074074074,0.3448275862068966,0.27450980392156865
435,0.5283018867924528,0.515625,0.39285714285714285,0.4074074074074074,0.3448275862068966,0.27450980392156865
436,0.5283018867924528,0.515625,0.39285714285714285,0.4074074074074074,0.3448275862068966,0.27450980392156865
437,0.5283018867924528,0.515625,0.39285714285714285,0.4074074074074074,0.3448275862068966,0.27450980392156865
438,0.5283018867924528,0.515625,0.39285714285714285,0.4074074074074074,0.3448275862068966,0.2692307692307692
439,0.5283018867924528,0.515625,0.39285714285714285,0.4074074074074074,0.3448275862068966,0.2830188679245283
440,0.5283018867924528,0.515625,0.39285714285714285,0.4074074074074074,0.3448275862068966,0.2830188679245283
441,0.5283018867924528,0.515625,0.39285714285714285,0.4074074074074074,0.3448275862068966,0.2830188679245283
442,0.5283018867924528,0.5230769230769231,0.39285714285714285,0.4074074074074074,0.3448275862068966,0.2830188679245283
443,0.5185185185185185,0.5151515151515151,0.3793103448275862,0.39285714285714285,0.3333333333333333,0.2830188679245283
444,0.5185185185185185,0.5151515151515151,0.3793103448275862,0.39285714285714285,0.3333333333333333,0.2830188679245283
445,0.5185185185185185,0.5151515151515151,0.3793103448275862,0.39285714285714285,0.3333333333333333,0.2830188679245283
446,0.5185185185185185,0.5151515151515151,0.3793103448275862,0.39285714285714285,0.3333333333333333,0.2830188679245283
447,0.5185185185185185,0.5151515151515151,0.36666666666666664,0.3793103448275862,0.3225806451612903,0.2830188679245283
448,0.5185185185185185,0.5151515151515151,0.36666666666666664,0.3793103448275862,0.3225806451612903,0.2830188679245283
449,0.5185185185185185,0.5151515151515151,0.36666666666666664,0.3793103448275862,0.3225806451612903,0.2830188679245283
450,0.5272727272727272,0.5223880597014925,0.36666666666666664,0.3793103448275862,0.3225806451612903,0.2830188679245283
451,0.5272727272727272,0.5223880597014925,0.36666666666666664,0.3793103448275862,0.3225806451612903,0.2830188679245283
452,0.5178571428571429,0.5147058823529411,0.3548387096774194,0.36666666666666664,0.3125,0.2830188679245283
453,0.5178571428571429,0.5147058823529411,0.3548387096774194,0.36666666666666664,0.3125,0.2830188679245283
454,0.5178571428571429,0.5147058823529411,0.3548387096774194,0.36666666666666664,0.3125,0.2830188679245283
455,0.5087719298245614,0.5072463768115942,0.3548387096774194,0.36666666666666664,0.3125,0.2830188679245283
456,0.5087719298245614,0.5072463768115942,0.3548387096774194,0.3548387096774194,0.3125,0.2830188679245283
457,0.5087719298245614,0.5072463768115942,0.3548387096774194,0.3548387096774194,0.3125,0.2830188679245283
458,0.5087719298245614,0.5072463768115942,0.3548387096774194,0.3548387096774194,0.3125,0.2777777777777778
459,0.5087719298245614,0.5072463768115942,0.3548387096774194,0.3548387096774194,0.3125,0.2777777777777778
460,0.5087719298245614,0.5072463768115942,0.3548387096774194,0.3548387096774194,0.3125,0.2777777777777778
461,0.5087719298245614,0.5072463768115942,0.3548387096774194,0.3548387096774194,0.3125,0.2777777777777778
462,0.5087719298245614,0.5072463768115942,0.375,0.3548387096774194,0.3125,0.2777777777777778
463,0.5087719298245614,0.5072463768115942,0.36363636363636365,0.34375,0.30303030303030304,0.2777777777777778
464,0.5087719298245614,0.5072463768115942,0.36363636363636365,0.34375,0.30303030303030304,0.2777777777777778
465,0.5087719298245614,0.5072463768115942,0.36363636363636365,0.34375,0.30303030303030304,0.2777777777777778
466,0.5087719298245614,0.5072463768115942,0.36363636363636365,0.34375,0.30303030303030304,0.2777777777777778
467,0.5087719298245614,0.5072463768115942,0.36363636363636365,0.34375,0.30303030303030304,0.2777777777777778
468,0.5087719298245614,0.5072463768115942,0.36363636363636365,0.34375,0.30303030303030304,0.2909090909090909
469,0.5087719298245614,0.5072463768115942,0.36363636363636365,0.34375,0.30303030303030304,0.2909090909090909
470,0.5087719298245614,0.5072463768115942,0.36363636363636365,0.34375,0.30303030303030304,0.2909090909090909
471,0.5,0.5,0.36363636363636365,0.34375,0.30303030303030304,0.2909090909090909
472,0.5,0.5,0.36363636363636365,0.34375,0.30303030303030304,0.2909090909090909
473,0.5,0.5,0.36363636363636365,0.34375,0.30303030303030304,0.2909090909090909
474,0.5,0.5,0.36363636363636365,0.34375,0.30303030303030304,0.30357142857142855
475,0.5,0.49295774647887325,0.36363636363636365,0.34375,0.30303030303030304,0.2982456140350877
476,0.5,0.49295774647887325,0.36363636363636365,0.34375,0.30303030303030304,0.29310344827586204
477,0.5,0.49295774647887325,0.36363636363636365,0.34375,0.30303030303030304,0.29310344827586204
478,0.5,0.49295774647887325,0.36363636363636365,0.34375,0.30303030303030304,0.29310344827586204
479,0.5,0.49295774647887325,0.36363636363636365,0.34375,0.30303030303030304,0.29310344827586204
480,0.5,0.49295774647887325,0.36363636363636365,0.34375,0.30303030303030304,0.29310344827586204
481,0.5,0.49295774647887325,0.36363636363636365,0.34375,0.30303030303030304,0.288135593220339
482,0.5,0.49295774647887325,0.36363636363636365,0.34375,0.30303030303030304,0.288135593220339
483,0.5,0.49295774647887325,0.36363636363636365,0.34375,0.30303030303030304,0.288135593220339
484,0.5,0.4861111111111111,0.35294117647058826,0.3333333333333333,0.29411764705882354,0.288135593220339
485,0.5,0.4861111111111111,0.35294117647058826,0.3333333333333333,0.29411764705882354,0.288135593220339
486,0.5,0.4861111111111111,0.35294117647058826,0.3333333333333333,0.29411764705882354,0.288135593220339
487,0.5,0.4861111111111111,0.35294117647058826,0.3333333333333333,0.29411764705882354,0.288135593220339
488,0.5,0.4861111111111111,0.35294117647058826,0.3333333333333333,0.29411764705882354,0.288135593220339
489,0.5,0.4861111111111111,0.35294117647058826,0.3333333333333333,0.29411764705882354,0.288135593220339
490,0.5,0.4861111111111111,0.35294117647058826,0.3333333333333333,0.29411764705882354,0.288135593220339
491,0.5,0.4861111111111111,0.35294117647058826,0.3333333333333333,0.29411764705882354,0.288135593220339
492,0.5,0.4861111111111111,0.35294117647058826,0.3333333333333333,0.29411764705882354,0.288135593220339
493,0.5,0.4931506849315068,0.35294117647058826,0.3333333333333333,0.29411764705882354,0.288135593220339
494,0.5,0.4931506849315068,0.35294117647058826,0.3333333333333333,0.29411764705882354,0.288135593220339
495,0.5,0.4931506849315068,0.35294117647058826,0.3333333333333333,0.29411764705882354,0.288135593220339
496,0.5,0.4931506849315068,0.35294117647058826,0.3333333333333333,0.29411764705882354,0.288135593220339
497,0.5,0.4864864864864865,0.35294117647058826,0.3333333333333333,0.29411764705882354,0.288135593220339
498,0.5,0.4864864864864865,0.35294117647058826,0.3333333333333333,0.29411764705882354,0.288135593220339
499,0.5,0.4864864864864865,0.35294117647058826,0.3333333333333333,0.29411764705882354,0.288135593220339
500,0.5,0.4864864864864865,0.35294117647058826,0.3333333333333333,0.29411764705882354,0.288135593220339
501,0.5,0.4864864864864865,0.35294117647058826,0.3333333333333333,0.29411764705882354,0.3
502,0.5084745762711864,0.49333333333333335,0.35294117647058826,0.3333333333333333,0.29411764705882354,0.3
503,0.5084745762711864,0.49333333333333335,0.35294117647058826,0.3333333333333333,0.29411764705882354,0.3
504,0.5084745762711864,0.49333333333333335,0.35294117647058826,0.3333333333333333,0.29411764705882354,0.3
505,0.5084745762711864,0.49333333333333335,0.35294117647058826,0.3333333333333333,0.29411764705882354,0.3
506,0.5084745762711864,0.49333333333333335,0.34285714285714286,0.3235294117647059,0.2857142857142857,0.3
507,0.5084745762711864,0.49333333333333335,0.34285714285714286,0.3235294117647059,0.2857142857142857,0.3
508,0.5084745762711864,0.49333333333333335,0.34285714285714286,0.3235294117647059,0.2857142857142857,0.3
509,0.5084745762711864,0.49333333333333335,0.34285714285714286,0.3235294117647059,0.2857142857142857,0.3
510,0.5084745762711864,0.49333333333333335,0.34285714285714286,0.3235294117647059,0.2857142857142857,0.3114754098360656
511,0.5084745762711864,0.49333333333333335,0.34285714285714286,0.3235294117647059,0.2857142857142857,0.3114754098360656
512,0.5084745762711864,0.49333333333333335,0.34285714285714286,0.3235294117647059,0.2857142857142857,0.3114754098360656
513,0.5084745762711864,0.49333333333333335,0.34285714285714286,0.3235294117647059,0.2857142857142857,0.3114754098360656
514,0.5084745762711864,0.49333333333333335,0.34285714285714286,0.3235294117647059,0.2857142857142857,0.3225806451612903
515,0.5,0.4868421052631579,0.34285714285714286,0.3235294117647059,0.2857142857142857,0.3225806451612903
516,0.5,0.4868421052631579,0.34285714285714286,0.3235294117647059,0.2857142857142857,0.3225806451612903
517,0.5,0.4868421052631579,0.34285714285714286,0.3235294117647059,0.2857142857142857,0.3225806451612903
518,0.5,0.4868421052631579,0.34285714285714286,0.3235294117647059,0.2857142857142857,0.3333333333333333
519,0.5081967213114754,0.4935064935064935,0.34285714285714286,0.3235294117647059,0.2857142857142857,0.3333333333333333
520,0.5081967213114754,0.4935064935064935,0.34285714285714286,0.3235294117647059,0.2857142857142857,0.3333333333333333
521,0.5081967213114754,0.4935064935064935,0.34285714285714286,0.3235294117647059,0.2857142857142857,0.3333333333333333
522,0.5081967213114754,0.4935064935064935,0.34285714285714286,0.3235294117647059,0.2857142857142857,0.3333333333333333
523,0.5081967213114754,0.4935064935064935,0.34285714285714286,0.3235294117647059,0.2857142857142857,0.3333333333333333
524,0.5081967213114754,0.4935064935064935,0.34285714285714286,0.3235294117647059,0.2857142857142857,0.3333333333333333
525,0.5081967213114754,0.4935064935064935,0.34285714285714286,0.3235294117647059,0.2857142857142857,0.3333333333333333
526,0.5081967213114754,0.4935064935064935,0.34285714285714286,0.3235294117647059,0.2857142857142857,0.3333333333333333
527,0.5081967213114754,0.4935064935064935,0.34285714285714286,0.3235294117647059,0.2857142857142857,0.3333333333333333
528,0.5081967213114754,0.4935064935064935,0.34285714285714286,0.3235294117647059,0.2857142857142857,0.3333333333333333
529,0.5,0.48717948717948717,0.34285714285714286,0.3235294117647059,0.2857142857142857,0.3333333333333333
530,0.5,0.48717948717948717,0.34285714285714286,0.3235294117647059,0.2857142857142857,0.3333333333333333
531,0.5,0.48717948717948717,0.34285714285714286,0.3235294117647059,0.2857142857142857,0.3333333333333333
532,0.5,0.48717948717948717,0.34285714285714286,0.3235294117647059,0.2857142857142857,0.3333333333333333
533,0.5,0.48717948717948717,0.34285714285714286,0.3235294117647059,0.2857142857142857,0.3333333333333333
534,0.5,0.48717948717948717,0.34285714285714286,0.3235294117647059,0.2857142857142857,0.328125
535,0.5,0.48717948717948717,0.34285714285714286,0.3235294117647059,0.2857142857142857,0.328125
536,0.5,0.48717948717948717,0.34285714285714286,0.3235294117647059,0.2857142857142857,0.328125
537,0.5,0.48717948717948717,0.34285714285714286,0.3235294117647059,0.2857142857142857,0.328125
538,0.5,0.48717948717948717,0.34285714285714286,0.3235294117647059,0.2857142857142857,0.328125
539,0.5,0.48717948717948717,0.34285714285714286,0.3235294117647059,0.2857142857142857,0.328125
540,0.5,0.48717948717948717,0.34285714285714286,0.3235294117647059,0.2857142857142857,0.328125
541,0.5,0.4936708860759494,0.34285714285714286,0.3235294117647059,0.2857142857142857,0.328125
542,0.5,0.5,0.34285714285714286,0.3235294117647059,0.2857142857142857,0.328125
543,0.5,0.5,0.34285714285714286,0.3235294117647059,0.2857142857142857,0.328125
544,0.5,0.5,0.34285714285714286,0.3235294117647059,0.2857142857142857,0.328125
545,0.5,0.5,0.34285714285714286,0.3235294117647059,0.2857142857142857,0.328125
546,0.5,0.5,0.34285714285714286,0.3235294117647059,0.2857142857142857,0.328125
547,0.5,0.5,0.34285714285714286,0.3235294117647059,0.2857142857142857,0.3384615384615385
548,0.5,0.5,0.34285714285714286,0.3235294117647059,0.2857142857142857,0.3384615384615385
549,0.5,0.5,0.34285714285714286,0.3235294117647059,0.2857142857142857,0.3384615384615385
550,0.5,0.5,0.34285714285714286,0.3235294117647059,0.2857142857142857,0.3384615384615385
551,0.5,0.5,0.34285714285714286,0.3235294117647059,0.2857142857142857,0.3384615384615385
552,0.5,0.5,0.34285714285714286,0.3235294117647059,0.2857142857142857,0.3384615384615385
553,0.5,0.5,0.34285714285714286,0.3235294117647059,0.2857142857142857,0.3384615384615385
554,0.5,0.5,0.34285714285714286,0.3235294117647059,0.2857142857142857,0.3384615384615385
555,0.5,0.5,0.34285714285714286,0.3235294117647059,0.2857142857142857,0.3484848484848485
556,0.5,0.5,0.34285714285714286,0.3235294117647059,0.2857142857142857,0.3484848484848485
557,0.5,0.5,0.34285714285714286,0.3235294117647059,0.2857142857142857,0.34328358208955223
558,0.5,0.5,0.34285714285714286,0.3235294117647059,0.2857142857142857,0.34328358208955223
559,0.5,0.5,0.34285714285714286,0.3235294117647059,0.2857142857142857,0.34328358208955223
560,0.5,0.5,0.34285714285714286,0.3235294117647059,0.2857142857142857,0.34328358208955223
561,0.5,0.5,0.34285714285714286,0.3235294117647059,0.2857142857142857,0.34328358208955223
562,0.5,0.5,0.34285714285714286,0.3235294117647059,0.2857142857142857,0.34328358208955223
563,0.5,0.5,0.34285714285714286,0.3235294117647059,0.2857142857142857,0.34328358208955223
564,0.5,0.5,0.3333333333333333,0.3142857142857143,0.2777777777777778,0.34328358208955223
565,0.5,0.5,0.3333333333333333,0.3142857142857143,0.2777777777777778,0.34328358208955223
566,0.5,0.5,0.3333333333333333,0.3142857142857143,0.2777777777777778,0.34328358208955223
567,0.5,0.5,0.3333333333333333,0.3142857142857143,0.2777777777777778,0.34328358208955223
568,0.5,0.5,0.3333333333333333,0.3142857142857143,0.2777777777777778,0.35294117647058826
569,0.5,0.5,0.3333333333333333,0.3055555555555556,0.2702702702702703,0.35294117647058826
570,0.5,0.5,0.3333333333333333,0.3055555555555556,0.2702702702702703,0.35294117647058826
571,0.5,0.5,0.3333333333333333,0.3055555555555556,0.2702702702702703,0.35294117647058826
572,0.5,0.5061728395061729,0.3333333333333333,0.3055555555555556,0.2702702702702703,0.35294117647058826
573,0.5,0.5061728395061729,0.3333333333333333,0.3055555555555556,0.2702702702702703,0.35294117647058826
574,0.5,0.5061728395061729,0.3333333333333333,0.3055555555555556,0.2702702702702703,0.35294117647058826
575,0.5,0.5061728395061729,0.3333333333333333,0.3055555555555556,0.2702702702702703,0.35294117647058826
576,0.5,0.5061728395061729,0.3333333333333333,0.3055555555555556,0.2702702702702703,0.34782608695652173
577,0.5079365079365079,0.5121951219512195,0.3333333333333333,0.3055555555555556,0.2702702702702703,0.34782608695652173
578,0.5079365079365079,0.5121951219512195,0.3333333333333333,0.3055555555555556,0.2702702702702703,0.34782608695652173
579,0.5079365079365079,0.5121951219512195,0.3333333333333333,0.3055555555555556,0.2702702702702703,0.34782608695652173
580,0.5079365079365079,0.5060240963855421,0.3333333333333333,0.3055555555555556,0.2702702702702703,0.34782608695652173
581,0.5079365079365079,0.5,0.3333333333333333,0.3055555555555556,0.2702702702702703,0.34782608695652173
582,0.5079365079365079,0.5,0.3333333333333333,0.3055555555555556,0.2702702702702703,0.34782608695652173
583,0.5079365079365079,0.5,0.3333333333333333,0.3055555555555556,0.2702702702702703,0.34782608695652173
584,0.5079365079365079,0.5,0.3333333333333333,0.3055555555555556,0.2702702702702703,0.34285714285714286
585,0.515625,0.5058823529411764,0.3333333333333333,0.3055555555555556,0.2702702702702703,0.34285714285714286
586,0.515625,0.5058823529411764,0.3333333333333333,0.3055555555555556,0.2702702702702703,0.3380281690140845
587,0.515625,0.5058823529411764,0.3333333333333333,0.3055555555555556,0.2702702702702703,0.3380281690140845
588,0.515625,0.5058823529411764,0.3333333333333333,0.3055555555555556,0.2702702702702703,0.3380281690140845
589,0.515625,0.5,0.3333333333333333,0.3055555555555556,0.2702702702702703,0.3380281690140845
590,0.515625,0.4942528735632184,0.3333333333333333,0.3055555555555556,0.2702702702702703,0.3380281690140845
591,0.515625,0.4942528735632184,0.3333333333333333,0.3055555555555556,0.2702702702702703,0.3380281690140845
592,0.515625,0.4942528735632184,0.3333333333333333,0.3055555555555556,0.2702702702702703,0.3380281690140845
593,0.515625,0.4942528735632184,0.3333333333333333,0.3055555555555556,0.2702702702702703,0.3380281690140845
594,0.5230769230769231,0.4942528735632184,0.3333333333333333,0.3055555555555556,0.2702702702702703,0.3380281690140845
595,0.5230769230769231,0.4942528735632184,0.3333333333333333,0.3055555555555556,0.2702702702702703,0.3380281690140845
596,0.5230769230769231,0.4942528735632184,0.3333333333333333,0.3055555555555556,0.2702702702702703,0.3380281690140845
597,0.5230769230769231,0.4942528735632184,0.3333333333333333,0.3055555555555556,0.2702702702702703,0.3380281690140845
598,0.5230769230769231,0.4942528735632184,0.3333333333333333,0.3055555555555556,0.2702702702702703,0.3472222222222222
599,0.5230769230769231,0.4942528735632184,0.3333333333333333,0.3055555555555556,0.2702702702702703,0.3472222222222222
600,0.5230769230769231,0.4942528735632184,0.3333333333333333,0.3055555555555556,0.2702702702702703,0.3472222222222222
601,0.5151515151515151,0.48863636363636365,0.3333333333333333,0.3055555555555556,0.2702702702702703,0.3472222222222222
602,0.5151515151515151,0.48863636363636365,0.3333333333333333,0.3055555555555556,0.2702702702702703,0.3472222222222222
603,0.5151515151515151,0.48863636363636365,0.3333333333333333,0.3055555555555556,0.2702702702702703,0.3472222222222222
604,0.5151515151515151,0.48863636363636365,0.3333333333333333,0.3055555555555556,0.2702702702702703,0.3561643835616438
605,0.5074626865671642,0.48314606741573035,0.3333333333333333,0.3055555555555556,0.2702702702702703,0.3561643835616438
606,0.5074626865671642,0.48314606741573035,0.3333333333333333,0.3055555555555556,0.2702702702702703,0.3561643835616438
607,0.5074626865671642,0.48314606741573035,0.3333333333333333,0.3055555555555556,0.2702702702702703,0.3561643835616438
608,0.5074626865671642,0.48314606741573035,0.3333333333333333,0.3055555555555556,0.2702702702702703,0.3561643835616438
609,0.5074626865671642,0.48314606741573035,0.3333333333333333,0.3055555555555556,0.2702702702702703,0.3561643835616438
610,0.5074626865671642,0.48314606741573035,0.3333333333333333,0.3055555555555556,0.2702702702702703,0.3561643835616438
611,0.5074626865671642,0.48314606741573035,0.3333333333333333,0.3055555555555556,0.2702702702702703,0.3561643835616438
612,0.5074626865671642,0.48314606741573035,0.3333333333333333,0.3055555555555556,0.2702702702702703,0.35135135135135137
613,0.5147058823529411,0.48314606741573035,0.3333333333333333,0.3055555555555556,0.2702702702702703,0.35135135135135137
614,0.5147058823529411,0.48314606741573035,0.32432432432432434,0.2972972972972973,0.2631578947368421,0.35135135135135137
615,0.5147058823529411,0.4777777777777778,0.32432432432432434,0.2972972972972973,0.2631578947368421,0.35135135135135137
616,0.5072463768115942,0.4725274725274725,0.32432432432432434,0.2972972972972973,0.2631578947368421,0.35135135135135137
617,0.5072463768115942,0.4782608695652174,0.32432432432432434,0.2972972972972973,0.2631578947368421,0.35135135135135137
618,0.5072463768115942,0.4838709677419355,0.32432432432432434,0.2972972972972973,0.2631578947368421,0.35135135135135137
619,0.5072463768115942,0.4838709677419355,0.32432432432432434,0.2972972972972973,0.2631578947368421,0.35135135135135137
620,0.5072463768115942,0.4787234042553192,0.32432432432432434,0.2972972972972973,0.2631578947368421,0.35135135135135137
621,0.5072463768115942,0.4787234042553192,0.3157894736842105,0.2894736842105263,0.2564102564102564,0.35135135135135137
622,0.5072463768115942,0.4787234042553192,0.3157894736842105,0.2894736842105263,0.2564102564102564,0.35135135135135137
623,0.5072463768115942,0.4787234042553192,0.3157894736842105,0.2894736842105263,0.2564102564102564,0.35135135135135137
624,0.5072463768115942,0.4787234042553192,0.3157894736842105,0.2894736842105263,0.2564102564102564,0.35135135135135137
625,0.5072463768115942,0.47368421052631576,0.3157894736842105,0.2894736842105263,0.2564102564102564,0.35135135135135137
626,0.5072463768115942,0.47368421052631576,0.3157894736842105,0.2894736842105263,0.2564102564102564,0.35135135135135137
627,0.5072463768115942,0.47368421052631576,0.3157894736842105,0.2894736842105263,0.2564102564102564,0.35135135135135137
628,0.5072463768115942,0.47368421052631576,0.3157894736842105,0.2894736842105263,0.2564102564102564,0.35135135135135137
629,0.5072463768115942,0.47368421052631576,0.3157894736842105,0.2894736842105263,0.2564102564102564,0.35135135135135137
630,0.5072463768115942,0.47368421052631576,0.3157894736842105,0.2894736842105263,0.2564102564102564,0.35135135135135137
631,0.5072463768115942,0.47368421052631576,0.3157894736842105,0.2894736842105263,0.2564102564102564,0.35135135135135137
632,0.5072463768115942,0.47368421052631576,0.3157894736842105,0.2894736842105263,0.2564102564102564,0.35135135135135137
633,0.5072463768115942,0.47368421052631576,0.3157894736842105,0.2894736842105263,0.2564102564102564,0.35135135135135137
634,0.5072463768115942,0.47368421052631576,0.3157894736842105,0.2894736842105263,0.2564102564102564,0.35135135135135137
635,0.5072463768115942,0.47368421052631576,0.3157894736842105,0.3076923076923077,0.2564102564102564,0.35135135135135137
636,0.5072463768115942,0.47368421052631576,0.3157894736842105,0.3076923076923077,0.2564102564102564,0.35135135135135137
637,0.5072463768115942,0.47368421052631576,0.3157894736842105,0.3076923076923077,0.2564102564102564,0.35135135135135137
638,0.5072463768115942,0.47368421052631576,0.3157894736842105,0.3076923076923077,0.2564102564102564,0.36
639,0.5072463768115942,0.47368421052631576,0.3157894736842105,0.3076923076923077,0.2564102564102564,0.35526315789473684
640,0.5072463768115942,0.46875,0.3076923076923077,0.3,0.25,0.35526315789473684
641,0.5072463768115942,0.46875,0.3076923076923077,0.3,0.25,0.35526315789473684
642,0.5072463768115942,0.46875,0.3076923076923077,0.3,0.25,0.35526315789473684
643,0.5072463768115942,0.46875,0.3076923076923077,0.3,0.25,0.35526315789473684
644,0.5072463768115942,0.46875,0.3076923076923077,0.3,0.25,0.35526315789473684
645,0.5072463768115942,0.46875,0.3076923076923077,0.3,0.25,0.35526315789473684
646,0.5072463768115942,0.46875,0.3076923076923077,0.3,0.25,0.35526315789473684
647,0.5072463768115942,0.46875,0.3076923076923077,0.3,0.25,0.35526315789473684
648,0.5072463768115942,0.4639175257731959,0.3076923076923077,0.3,0.25,0.35526315789473684
649,0.5072463768115942,0.4639175257731959,0.3076923076923077,0.3,0.25,0.35526315789473684
650,0.5072463768115942,0.4639175257731959,0.3076923076923077,0.3,0.25,0.35526315789473684
651,0.5072463768115942,0.4639175257731959,0.3076923076923077,0.3,0.25,0.35526315789473684
652,0.5072463768115942,0.4639175257731959,0.3076923076923077,0.3,0.25,0.35526315789473684
653,0.5072463768115942,0.4639175257731959,0.3076923076923077,0.2926829268292683,0.24390243902439024,0.35526315789473684
654,0.5072463768115942,0.4639175257731959,0.3076923076923077,0.2926829268292683,0.24390243902439024,0.36363636363636365
655,0.5072463768115942,0.4639175257731959,0.3076923076923077,0.2926829268292683,0.24390243902439024,0.36363636363636365
656,0.5142857142857142,0.46938775510204084,0.3076923076923077,0.2926829268292683,0.24390243902439024,0.36363636363636365
657,0.5142857142857142,0.46938775510204084,0.3076923076923077,0.2926829268292683,0.24390243902439024,0.36363636363636365
658,0.5142857142857142,0.46938775510204084,0.3076923076923077,0.2926829268292683,0.24390243902439024,0.36363636363636365
659,0.5142857142857142,0.46938775510204084,0.3076923076923077,0.2926829268292683,0.24390243902439024,0.36363636363636365
660,0.5142857142857142,0.46938775510204084,0.3076923076923077,0.2926829268292683,0.24390243902439024,0.36363636363636365
661,0.5142857142857142,0.46938775510204084,0.3076923076923077,0.2926829268292683,0.24390243902439024,0.36363636363636365
662,0.5142857142857142,0.46938775510204084,0.3076923076923077,0.2926829268292683,0.24390243902439024,0.36363636363636365
663,0.5142857142857142,0.46938775510204084,0.3076923076923077,0.2926829268292683,0.24390243902439024,0.36363636363636365
664,0.5142857142857142,0.46938775510204084,0.3076923076923077,0.2926829268292683,0.24390243902439024,0.36363636363636365
665,0.5142857142857142,0.46938775510204084,0.3076923076923077,0.2926829268292683,0.24390243902439024,0.36363636363636365
666,0.5142857142857142,0.46938775510204084,0.3076923076923077,0.2926829268292683,0.24390243902439024,0.358974358974359
667,0.5142857142857142,0.46938775510204084,0.3076923076923077,0.2926829268292683,0.24390243902439024,0.358974358974359
668,0.5142857142857142,0.46938775510204084,0.3076923076923077,0.2926829268292683,0.24390243902439024,0.358974358974359
669,0.5142857142857142,0.46938775510204084,0.3076923076923077,0.2926829268292683,0.24390243902439024,0.358974358974359
670,0.5142857142857142,0.46938775510204084,0.3076923076923077,0.2926829268292683,0.24390243902439024,0.358974358974359
671,0.5142857142857142,0.46938775510204084,0.3076923076923077,0.2926829268292683,0.24390243902439024,0.358974358974359
672,0.5142857142857142,0.46938775510204084,0.3076923076923077,0.2926829268292683,0.24390243902439024,0.35443037974683544
673,0.5142857142857142,0.46938775510204084,0.3076923076923077,0.2926829268292683,0.24390243902439024,0.35443037974683544
674,0.5142857142857142,0.46938775510204084,0.3076923076923077,0.2926829268292683,0.24390243902439024,0.35443037974683544
675,0.5142857142857142,0.47474747474747475,0.3076923076923077,0.2926829268292683,0.24390243902439024,0.3625
676,0.5142857142857142,0.47474747474747475,0.3076923076923077,0.2926829268292683,0.24390243902439024,0.3625
677,0.5142857142857142,0.47474747474747475,0.3076923076923077,0.2926829268292683,0.24390243902439024,0.3625
678,0.5142857142857142,0.47474747474747475,0.3076923076923077,0.2926829268292683,0.24390243902439024,0.3625
679,0.5142857142857142,0.47474747474747475,0.3076923076923077,0.2926829268292683,0.24390243902439024,0.3625
680,0.5142857142857142,0.47474747474747475,0.3076923076923077,0.2926829268292683,0.24390243902439024,0.3625
681,0.5142857142857142,0.47474747474747475,0.3076923076923077,0.2926829268292683,0.24390243902439024,0.3625
682,0.5142857142857142,0.47474747474747475,0.3076923076923077,0.2926829268292683,0.24390243902439024,0.3625
683,0.5142857142857142,0.47474747474747475,0.3076923076923077,0.2926829268292683,0.24390243902439024,0.35802469135802467
684,0.5142857142857142,0.47474747474747475,0.3076923076923077,0.2926829268292683,0.24390243902439024,0.35802469135802467
685,0.5142857142857142,0.47474747474747475,0.3076923076923077,0.2926829268292683,0.24390243902439024,0.35802469135802467
686,0.5142857142857142,0.47474747474747475,0.3076923076923077,0.2926829268292683,0.24390243902439024,0.35802469135802467
687,0.5142857142857142,0.47474747474747475,0.3076923076923077,0.2926829268292683,0.24390243902439024,0.35802469135802467
688,0.5142857142857142,0.47474747474747475,0.3076923076923077,0.2926829268292683,0.24390243902439024,0.36585365853658536
689,0.5142857142857142,0.47474747474747475,0.3076923076923077,0.2926829268292683,0.24390243902439024,0.36585365853658536
690,0.5142857142857142,0.47474747474747475,0.3076923076923077,0.2926829268292683,0.24390243902439024,0.36585365853658536
691,0.5142857142857142,0.47474747474747475,0.3076923076923077,0.2926829268292683,0.24390243902439024,0.36585365853658536
692,0.5142857142857142,0.47474747474747475,0.3076923076923077,0.2926829268292683,0.24390243902439024,0.36585365853658536
693,0.5070422535211268,0.47474747474747475,0.3076923076923077,0.2926829268292683,0.24390243902439024,0.36585365853658536
694,0.5070422535211268,0.47474747474747475,0.3076923076923077,0.2926829268292683,0.24390243902439024,0.36585365853658536
695,0.5070422535211268,0.47474747474747475,0.3076923076923077,0.2926829268292683,0.24390243902439024,0.36585365853658536
696,0.5070422535211268,0.47474747474747475,0.3076923076923077,0.2926829268292683,0.24390243902439024,0.36585365853658536
697,0.5070422535211268,0.47474747474747475,0.3076923076923077,0.2926829268292683,0.24390243902439024,0.36585365853658536
698,0.5070422535211268,0.47474747474747475,0.3076923076923077,0.2926829268292683,0.24390243902439024,0.36585365853658536
699,0.5070422535211268,0.47474747474747475,0.3,0.2926829268292683,0.23809523809523808,0.36585365853658536
700,0.5070422535211268,0.47474747474747475,0.3,0.2926829268292683,0.23809523809523808,0.36585365853658536
701,0.5,0.47,0.3,0.2926829268292683,0.23809523809523808,0.36585365853658536
702,0.5,0.47,0.3,0.2926829268292683,0.23809523809523808,0.36585365853658536
703,0.5068493150684932,0.47,0.3,0.2926829268292683,0.23809523809523808,0.37349397590361444
704,0.5068493150684932,0.47,0.3,0.2926829268292683,0.23809523809523808,0.37349397590361444
705,0.5068493150684932,0.4752475247524752,0.3,0.2926829268292683,0.23809523809523808,0.37349397590361444
706,0.5068493150684932,0.4752475247524752,0.3,0.2926829268292683,0.23809523809523808,0.37349397590361444
707,0.5068493150684932,0.4752475247524752,0.3,0.2926829268292683,0.23809523809523808,0.37349397590361444
708,0.5068493150684932,0.4752475247524752,0.3,0.2926829268292683,0.23809523809523808,0.37349397590361444
709,0.5068493150684932,0.4752475247524752,0.3,0.2926829268292683,0.23809523809523808,0.37349397590361444
710,0.5068493150684932,0.4752475247524752,0.3,0.2926829268292683,0.23809523809523808,0.37349397590361444
711,0.5,0.47058823529411764,0.2926829268292683,0.2857142857142857,0.23255813953488372,0.37349397590361444
712,0.5,0.47058823529411764,0.2926829268292683,0.27906976744186046,0.22727272727272727,0.37349397590361444
713,0.5,0.47058823529411764,0.2926829268292683,0.27906976744186046,0.22727272727272727,0.37349397590361444
714,0.5,0.47058823529411764,0.2926829268292683,0.27906976744186046,0.22727272727272727,0.37349397590361444
715,0.5,0.47572815533980584,0.2926829268292683,0.27906976744186046,0.22727272727272727,0.37349397590361444
716,0.5,0.47572815533980584,0.2926829268292683,0.27906976744186046,0.22727272727272727,0.36904761904761907
717,0.5,0.47572815533980584,0.2926829268292683,0.27906976744186046,0.22727272727272727,0.36904761904761907
718,0.5,0.47572815533980584,0.2926829268292683,0.27906976744186046,0.22727272727272727,0.36904761904761907
719,0.5,0.47572815533980584,0.2926829268292683,0.27906976744186046,0.22727272727272727,0.36904761904761907
720,0.5,0.47115384615384615,0.2857142857142857,0.2727272727272727,0.2222222222222222,0.36904761904761907
721,0.5,0.47115384615384615,0.2857142857142857,0.2727272727272727,0.2222222222222222,0.36904761904761907
722,0.5,0.47115384615384615,0.2857142857142857,0.2727272727272727,0.2222222222222222,0.3764705882352941
723,0.5,0.47115384615384615,0.27906976744186046,0.26666666666666666,0.21739130434782608,0.3764705882352941
724,0.5,0.47115384615384615,0.27906976744186046,0.26666666666666666,0.21739130434782608,0.37209302325581395
725,0.5,0.47115384615384615,0.27906976744186046,0.26666666666666666,0.21739130434782608,0.37209302325581395
726,0.5066666666666667,0.47115384615384615,0.27906976744186046,0.26666666666666666,0.21739130434782608,0.37209302325581395
727,0.5066666666666667,0.47115384615384615,0.27906976744186046,0.26666666666666666,0.21739130434782608,0.37209302325581395
728,0.5066666666666667,0.47115384615384615,0.27906976744186046,0.26666666666666666,0.21739130434782608,0.37209302325581395
729,0.5066666666666667,0.47115384615384615,0.27906976744186046,0.26666666666666666,0.21739130434782608,0.37209302325581395
730,0.5066666666666667,0.47115384615384615,0.27906976744186046,0.26666666666666666,0.21739130434782608,0.37209302325581395
731,0.5066666666666667,0.47115384615384615,0.27906976744186046,0.26666666666666666,0.21739130434782608,0.37209302325581395
732,0.5066666666666667,0.47115384615384615,0.27906976744186046,0.26666666666666666,0.21739130434782608,0.37209302325581395
733,0.5066666666666667,0.47115384615384615,0.27906976744186046,0.26666666666666666,0.21739130434782608,0.37209302325581395
734,0.5066666666666667,0.47115384615384615,0.27906976744186046,0.26666666666666666,0.21739130434782608,0.37209302325581395
735,0.5066666666666667,0.47115384615384615,0.27906976744186046,0.26666666666666666,0.21739130434782608,0.37209302325581395
736,0.5066666666666667,0.47115384615384615,0.27906976744186046,0.26666666666666666,0.21739130434782608,0.37209302325581395
737,0.5066666666666667,0.47115384615384615,0.27906976744186046,0.26666666666666666,0.21739130434782608,0.37209302325581395
738,0.5066666666666667,0.47115384615384615,0.27906976744186046,0.26666666666666666,0.21739130434782608,0.37209302325581395
739,0.5066666666666667,0.47115384615384615,0.27906976744186046,0.26666666666666666,0.21739130434782608,0.37209302325581395
740,0.5131578947368421,0.47115384615384615,0.27906976744186046,0.26666666666666666,0.21739130434782608,0.37209302325581395
741,0.5131578947368421,0.47115384615384615,0.27906976744186046,0.26666666666666666,0.21739130434782608,0.37209302325581395
742,0.5131578947368421,0.47115384615384615,0.27906976744186046,0.26666666666666666,0.21739130434782608,0.367816091954023
743,0.5131578947368421,0.4666666666666667,0.27906976744186046,0.26666666666666666,0.21739130434782608,0.367816091954023
744,0.5131578947368421,0.4666666666666667,0.27906976744186046,0.26666666666666666,0.21739130434782608,0.367816091954023
745,0.5131578947368421,0.4666666666666667,0.27906976744186046,0.26666666666666666,0.21739130434782608,0.367816091954023
746,0.5131578947368421,0.4666666666666667,0.29545454545454547,0.2826086956521739,0.23404255319148937,0.367816091954023
747,0.5131578947368421,0.4666666666666667,0.29545454545454547,0.2826086956521739,0.23404255319148937,0.367816091954023
748,0.5064935064935064,0.4666666666666667,0.29545454545454547,0.2826086956521739,0.23404255319148937,0.367816091954023
749,0.5064935064935064,0.4666666666666667,0.29545454545454547,0.2826086956521739,0.23404255319148937,0.367816091954023
750,0.5064935064935064,0.4666666666666667,0.28888888888888886,0.2765957446808511,0.22916666666666666,0.367816091954023
751,0.5128205128205128,0.4716981132075472,0.28888888888888886,0.2765957446808511,0.22916666666666666,0.367816091954023
752,0.5128205128205128,0.4716981132075472,0.28888888888888886,0.2765957446808511,0.22916666666666666,0.367816091954023
753,0.5128205128205128,0.4716981132075472,0.28888888888888886,0.2765957446808511,0.22916666666666666,0.367816091954023
754,0.5128205128205128,0.4716981132075472,0.28888888888888886,0.2765957446808511,0.22916666666666666,0.367816091954023
755,0.5128205128205128,0.4716981132075472,0.28888888888888886,0.2765957446808511,0.22916666666666666,0.367816091954023
756,0.5128205128205128,0.4716981132075472,0.28888888888888886,0.2765957446808511,0.22916666666666666,0.367816091954023
757,0.5189873417721519,0.4766355140186916,0.28888888888888886,0.2765957446808511,0.22916666666666666,0.367816091954023
758,0.5189873417721519,0.4766355140186916,0.28888888888888886,0.2765957446808511,0.22916666666666666,0.375
759,0.5189873417721519,0.4766355140186916,0.28888888888888886,0.2765957446808511,0.22916666666666666,0.375
760,0.5189873417721519,0.4766355140186916,0.30434782608695654,0.2765957446808511,0.22916666666666666,0.375
761,0.5189873417721519,0.4766355140186916,0.30434782608695654,0.2765957446808511,0.22916666666666666,0.375
762,0.5189873417721519,0.4766355140186916,0.30434782608695654,0.2765957446808511,0.22916666666666666,0.375
763,0.5189873417721519,0.4766355140186916,0.30434782608695654,0.2765957446808511,0.22916666666666666,0.375
764,0.5189873417721519,0.4766355140186916,0.30434782608695654,0.2765957446808511,0.22916666666666666,0.375
765,0.5189873417721519,0.4766355140186916,0.30434782608695654,0.2765957446808511,0.22916666666666666,0.375
766,0.5189873417721519,0.4766355140186916,0.30434782608695654,0.2765957446808511,0.22916666666666666,0.375
767,0.5189873417721519,0.4766355140186916,0.30434782608695654,0.2765957446808511,0.22916666666666666,0.375
768,0.5189873417721519,0.4766355140186916,0.30434782608695654,0.2765957446808511,0.22916666666666666,0.38202247191011235
769,0.5189873417721519,0.4766355140186916,0.30434782608695654,0.2765957446808511,0.22916666666666666,0.3888888888888889
770,0.5189873417721519,0.4766355140186916,0.30434782608695654,0.2765957446808511,0.22916666666666666,0.3888888888888889
771,0.5189873417721519,0.4766355140186916,0.30434782608695654,0.2765957446808511,0.22916666666666666,0.3888888888888889
772,0.5189873417721519,0.4766355140186916,0.30434782608695654,0.2765957446808511,0.22916666666666666,0.3888888888888889
773,0.5189873417721519,0.4766355140186916,0.30434782608695654,0.2765957446808511,0.22916666666666666,0.3956043956043956
774,0.5189873417721519,0.4766355140186916,0.30434782608695654,0.2765957446808511,0.22916666666666666,0.3956043956043956
775,0.5189873417721519,0.4766355140186916,0.30434782608695654,0.2765957446808511,0.22916666666666666,0.3956043956043956
776,0.5189873417721519,0.4766355140186916,0.30434782608695654,0.2765957446808511,0.22916666666666666,0.3956043956043956
777,0.5189873417721519,0.4722222222222222,0.30434782608695654,0.2765957446808511,0.22916666666666666,0.391304347826087
778,0.5189873417721519,0.4722222222222222,0.30434782608695654,0.2765957446808511,0.22916666666666666,0.391304347826087
779,0.5189873417721519,0.4722222222222222,0.30434782608695654,0.2765957446808511,0.22916666666666666,0.391304347826087
780,0.5189873417721519,0.4722222222222222,0.30434782608695654,0.2765957446808511,0.22916666666666666,0.391304347826087
781,0.5189873417721519,0.4722222222222222,0.30434782608695654,0.2765957446808511,0.22916666666666666,0.3870967741935484
782,0.5189873417721519,0.4722222222222222,0.30434782608695654,0.2765957446808511,0.22916666666666666,0.3870967741935484
783,0.5189873417721519,0.4722222222222222,0.30434782608695654,0.2765957446808511,0.22916666666666666,0.3870967741935484
784,0.5189873417721519,0.4722222222222222,0.30434782608695654,0.2765957446808511,0.22916666666666666,0.3870967741935484
785,0.5189873417721519,0.4722222222222222,0.30434782608695654,0.2765957446808511,0.22916666666666666,0.3870967741935484
786,0.5189873417721519,0.4722222222222222,0.30434782608695654,0.2765957446808511,0.22916666666666666,0.3829787234042553
787,0.5189873417721519,0.4722222222222222,0.30434782608695654,0.2765957446808511,0.22916666666666666,0.3829787234042553
788,0.5189873417721519,0.4722222222222222,0.30434782608695654,0.2765957446808511,0.22916666666666666,0.3829787234042553
789,0.5189873417721519,0.4722222222222222,0.30434782608695654,0.2765957446808511,0.22916666666666666,0.3829787234042553
790,0.5189873417721519,0.4722222222222222,0.30434782608695654,0.2765957446808511,0.22916666666666666,0.3829787234042553
791,0.5189873417721519,0.4722222222222222,0.30434782608695654,0.2765957446808511,0.22916666666666666,0.3829787234042553
792,0.5189873417721519,0.4722222222222222,0.30434782608695654,0.2765957446808511,0.22916666666666666,0.3829787234042553
793,0.5189873417721519,0.4722222222222222,0.30434782608695654,0.2765957446808511,0.22916666666666666,0.3829787234042553
794,0.5189873417721519,0.4722222222222222,0.30434782608695654,0.2765957446808511,0.22916666666666666,0.3829787234042553
795,0.5125,0.46788990825688076,0.30434782608695654,0.2765957446808511,0.22916666666666666,0.3829787234042553
796,0.5125,0.4727272727272727,0.30434782608695654,0.2765957446808511,0.22916666666666666,0.3829787234042553
797,0.5125,0.4727272727272727,0.30434782608695654,0.2765957446808511,0.22916666666666666,0.3829787234042553
798,0.5061728395061729,0.46846846846846846,0.30434782608695654,0.2765957446808511,0.22916666666666666,0.3829787234042553
799,0.5061728395061729,0.46846846846846846,0.30434782608695654,0.2765957446808511,0.22916666666666666,0.3829787234042553
800,0.5061728395061729,0.46846846846846846,0.30434782608695654,0.2765957446808511,0.22916666666666666,0.3829787234042553
801,0.5061728395061729,0.46846846846846846,0.30434782608695654,0.2765957446808511,0.22916666666666666,0.3829787234042553
802,0.5121951219512195,0.46846846846846846,0.30434782608695654,0.2765957446808511,0.22916666666666666,0.3894736842105263
803,0.5121951219512195,0.46846846846846846,0.30434782608695654,0.2765957446808511,0.22916666666666666,0.3894736842105263
804,0.5121951219512195,0.46846846846846846,0.30434782608695654,0.2765957446808511,0.22916666666666666,0.3894736842105263
805,0.5180722891566265,0.4732142857142857,0.30434782608695654,0.2765957446808511,0.22916666666666666,0.3894736842105263
806,0.5180722891566265,0.4732142857142857,0.30434782608695654,0.2765957446808511,0.22916666666666666,0.3894736842105263
807,0.5180722891566265,0.4732142857142857,0.30434782608695654,0.2765957446808511,0.22916666666666666,0.3894736842105263
808,0.5180722891566265,0.4732142857142857,0.30434782608695654,0.2765957446808511,0.22916666666666666,0.3894736842105263
809,0.5180722891566265,0.4732142857142857,0.30434782608695654,0.2765957446808511,0.22916666666666666,0.3894736842105263
810,0.5180722891566265,0.4732142857142857,0.30434782608695654,0.2765957446808511,0.22916666666666666,0.3894736842105263
811,0.5180722891566265,0.4732142857142857,0.30434782608695654,0.2765957446808511,0.22916666666666666,0.3894736842105263
812,0.5180722891566265,0.4732142857142857,0.3191489361702128,0.2765957446808511,0.22916666666666666,0.3958333333333333
813,0.5180722891566265,0.4732142857142857,0.3191489361702128,0.2765957446808511,0.22916666666666666,0.3958333333333333
814,0.5180722891566265,0.4732142857142857,0.3191489361702128,0.2765957446808511,0.22916666666666666,0.3958333333333333
815,0.5180722891566265,0.4732142857142857,0.3191489361702128,0.2765957446808511,0.22916666666666666,0.3958333333333333
816,0.5180722891566265,0.4732142857142857,0.3191489361702128,0.2765957446808511,0.22916666666666666,0.3917525773195876
817,0.5180722891566265,0.4732142857142857,0.3333333333333333,0.2916666666666667,0.24489795918367346,0.3917525773195876
818,0.5180722891566265,0.4732142857142857,0.3333333333333333,0.2916666666666667,0.24489795918367346,0.3917525773195876
819,0.5180722891566265,0.4732142857142857,0.3333333333333333,0.2916666666666667,0.24489795918367346,0.3917525773195876
820,0.5180722891566265,0.4732142857142857,0.3333333333333333,0.2916666666666667,0.24489795918367346,0.3917525773195876
821,0.5180722891566265,0.4732142857142857,0.3333333333333333,0.2916666666666667,0.24489795918367346,0.3917525773195876
822,0.5180722891566265,0.4732142857142857,0.3333333333333333,0.2916666666666667,0.24489795918367346,0.3917525773195876
823,0.5238095238095238,0.4778761061946903,0.3333333333333333,0.2916666666666667,0.24489795918367346,0.3917525773195876
824,0.5238095238095238,0.4778761061946903,0.3333333333333333,0.2916666666666667,0.24489795918367346,0.3917525773195876
825,0.5238095238095238,0.4778761061946903,0.3333333333333333,0.2916666666666667,0.24489795918367346,0.3917525773195876
826,0.5238095238095238,0.4778761061946903,0.3333333333333333,0.2916666666666667,0.24489795918367346,0.3917525773195876
827,0.5238095238095238,0.4778761061946903,0.3469387755102041,0.30612244897959184,0.26,0.3917525773195876
828,0.5238095238095238,0.4778761061946903,0.3469387755102041,0.30612244897959184,0.26,0.3917525773195876
829,0.5238095238095238,0.4778761061946903,0.3469387755102041,0.30612244897959184,0.26,0.3917525773195876
830,0.5238095238095238,0.4778761061946903,0.3469387755102041,0.30612244897959184,0.26,0.3917525773195876
831,0.5238095238095238,0.4778761061946903,0.34,0.30612244897959184,0.26,0.3917525773195876
832,0.5238095238095238,0.4778761061946903,0.34,0.30612244897959184,0.26,0.3917525773195876
833,0.5238095238095238,0.4778761061946903,0.34,0.30612244897959184,0.26,0.3917525773195876
834,0.5176470588235295,0.4778761061946903,0.34,0.30612244897959184,0.26,0.3917525773195876
835,0.5176470588235295,0.4778761061946903,0.34,0.30612244897959184,0.26,0.3979591836734694
836,0.5176470588235295,0.4778761061946903,0.3333333333333333,0.3,0.2549019607843137,0.3979591836734694
837,0.5176470588235295,0.4778761061946903,0.3333333333333333,0.3,0.2549019607843137,0.3979591836734694
838,0.5176470588235295,0.4778761061946903,0.3333333333333333,0.3,0.2549019607843137,0.3979591836734694
839,0.5176470588235295,0.4778761061946903,0.3333333333333333,0.3,0.2549019607843137,0.3979591836734694
840,0.5176470588235295,0.4778761061946903,0.3333333333333333,0.3,0.2549019607843137,0.3979591836734694
841,0.5176470588235295,0.4778761061946903,0.3333333333333333,0.3,0.2549019607843137,0.3979591836734694
842,0.5176470588235295,0.4778761061946903,0.3333333333333333,0.3,0.2549019607843137,0.3979591836734694
843,0.5176470588235295,0.4778761061946903,0.3333333333333333,0.3,0.2549019607843137,0.3979591836734694
844,0.5176470588235295,0.4778761061946903,0.3333333333333333,0.3,0.2549019607843137,0.40404040404040403
845,0.5176470588235295,0.4778761061946903,0.3333333333333333,0.3,0.2549019607843137,0.40404040404040403
846,0.5176470588235295,0.4778761061946903,0.3333333333333333,0.3,0.2549019607843137,0.40404040404040403
847,0.5176470588235295,0.4778761061946903,0.3333333333333333,0.3,0.2549019607843137,0.40404040404040403
848,0.5176470588235295,0.4778761061946903,0.3333333333333333,0.3,0.2549019607843137,0.41
849,0.5176470588235295,0.4778761061946903,0.3333333333333333,0.3,0.2549019607843137,0.41
850,0.5176470588235295,0.4778761061946903,0.3333333333333333,0.3,0.2549019607843137,0.40594059405940597
851,0.5176470588235295,0.4778761061946903,0.3333333333333333,0.3,0.2549019607843137,0.40594059405940597
852,0.5176470588235295,0.4778761061946903,0.3333333333333333,0.3,0.2549019607843137,0.40594059405940597
853,0.5176470588235295,0.4778761061946903,0.3333333333333333,0.3,0.2549019607843137,0.40594059405940597
854,0.5176470588235295,0.4778761061946903,0.3333333333333333,0.3,0.2549019607843137,0.40594059405940597
855,0.5176470588235295,0.4778761061946903,0.3333333333333333,0.3,0.2549019607843137,0.40594059405940597
856,0.5176470588235295,0.4778761061946903,0.3333333333333333,0.3,0.2549019607843137,0.40594059405940597
857,0.5176470588235295,0.4778761061946903,0.3333333333333333,0.3,0.2549019607843137,0.40594059405940597
858,0.5176470588235295,0.4778761061946903,0.3333333333333333,0.3,0.2549019607843137,0.40594059405940597
859,0.5176470588235295,0.4778761061946903,0.3333333333333333,0.3,0.2549019607843137,0.40594059405940597
860,0.5176470588235295,0.4778761061946903,0.3333333333333333,0.3,0.2549019607843137,0.40594059405940597
861,0.5176470588235295,0.4778761061946903,0.3333333333333333,0.3,0.2549019607843137,0.40594059405940597
862,0.5176470588235295,0.4778761061946903,0.3333333333333333,0.3,0.2549019607843137,0.40594059405940597
863,0.5176470588235295,0.4778761061946903,0.3333333333333333,0.3,0.2549019607843137,0.40594059405940597
864,0.5176470588235295,0.47368421052631576,0.3333333333333333,0.3,0.2549019607843137,0.4019607843137255
865,0.5176470588235295,0.47368421052631576,0.3333333333333333,0.3,0.2549019607843137,0.4019607843137255
866,0.5176470588235295,0.47368421052631576,0.3333333333333333,0.3,0.2549019607843137,0.4019607843137255
867,0.5176470588235295,0.47368421052631576,0.3333333333333333,0.3,0.2549019607843137,0.4019607843137255
868,0.5176470588235295,0.47368421052631576,0.3333333333333333,0.3,0.2549019607843137,0.4019607843137255
869,0.5176470588235295,0.47368421052631576,0.3333333333333333,0.3,0.2549019607843137,0.39805825242718446
870,0.5176470588235295,0.47368421052631576,0.3333333333333333,0.3,0.2549019607843137,0.39805825242718446
871,0.5176470588235295,0.4782608695652174,0.3333333333333333,0.3,0.2549019607843137,0.39805825242718446
872,0.5176470588235295,0.4782608695652174,0.3333333333333333,0.3,0.2549019607843137,0.39805825242718446
873,0.5176470588235295,0.47413793103448276,0.3269230769230769,0.3,0.2549019607843137,0.39805825242718446
874,0.5176470588235295,0.47413793103448276,0.3269230769230769,0.3,0.2549019607843137,0.39805825242718446
875,0.5176470588235295,0.47413793103448276,0.3269230769230769,0.3,0.2549019607843137,0.39805825242718446
876,0.5116279069767442,0.47413793103448276,0.3269230769230769,0.3,0.2549019607843137,0.39805825242718446
877,0.5116279069767442,0.47413793103448276,0.3269230769230769,0.3,0.2549019607843137,0.39805825242718446
878,0.5116279069767442,0.47413793103448276,0.3269230769230769,0.3,0.2549019607843137,0.3942307692307692
879,0.5116279069767442,0.47413793103448276,0.3269230769230769,0.3,0.2549019607843137,0.3942307692307692
880,0.5116279069767442,0.47413793103448276,0.3269230769230769,0.3,0.2549019607843137,0.3942307692307692
881,0.5116279069767442,0.47413793103448276,0.3269230769230769,0.3,0.2549019607843137,0.3942307692307692
882,0.5116279069767442,0.47413793103448276,0.3269230769230769,0.3,0.2549019607843137,0.3942307692307692
883,0.5116279069767442,0.47413793103448276,0.3269230769230769,0.3,0.2549019607843137,0.3942307692307692
884,0.5116279069767442,0.47413793103448276,0.3269230769230769,0.3,0.2549019607843137,0.3942307692307692
885,0.5116279069767442,0.47413793103448276,0.3269230769230769,0.3,0.2549019607843137,0.3904761904761905
886,0.5116279069767442,0.47413793103448276,0.3269230769230769,0.3,0.2549019607843137,0.3904761904761905
887,0.5116279069767442,0.47413793103448276,0.3269230769230769,0.3,0.2549019607843137,0.3904761904761905
888,0.5116279069767442,0.47413793103448276,0.3269230769230769,0.3,0.2549019607843137,0.39622641509433965
889,0.5116279069767442,0.47413793103448276,0.32075471698113206,0.3,0.2549019607843137,0.39622641509433965
890,0.5116279069767442,0.47413793103448276,0.32075471698113206,0.3,0.2549019607843137,0.39622641509433965
891,0.5116279069767442,0.4700854700854701,0.32075471698113206,0.3,0.2549019607843137,0.39622641509433965
892,0.5116279069767442,0.4700854700854701,0.32075471698113206,0.3,0.2549019607843137,0.39622641509433965
893,0.5116279069767442,0.4700854700854701,0.32075471698113206,0.3,0.2549019607843137,0.39622641509433965
894,0.5116279069767442,0.4700854700854701,0.32075471698113206,0.29411764705882354,0.2549019607843137,0.39622641509433965
895,0.5172413793103449,0.4700854700854701,0.32075471698113206,0.29411764705882354,0.2549019607843137,0.39622641509433965
896,0.5172413793103449,0.4700854700854701,0.32075471698113206,0.29411764705882354,0.2549019607843137,0.39622641509433965
897,0.5172413793103449,0.4700854700854701,0.32075471698113206,0.29411764705882354,0.2549019607843137,0.3925233644859813
898,0.5113636363636364,0.4661016949152542,0.32075471698113206,0.29411764705882354,0.2549019607843137,0.3925233644859813
899,0.5113636363636364,0.4661016949152542,0.32075471698113206,0.29411764705882354,0.2549019607843137,0.3925233644859813
900,0.5113636363636364,0.4661016949152542,0.32075471698113206,0.29411764705882354,0.2549019607843137,0.3925233644859813
901,0.5113636363636364,0.4661016949152542,0.32075471698113206,0.28846153846153844,0.25,0.3925233644859813
902,0.5168539325842697,0.47058823529411764,0.32075471698113206,0.28846153846153844,0.25,0.3925233644859813
903,0.5111111111111111,0.4666666666666667,0.32075471698113206,0.28846153846153844,0.25,0.3925233644859813
904,0.5111111111111111,0.4666666666666667,0.32075471698113206,0.28846153846153844,0.25,0.3925233644859813
905,0.5111111111111111,0.4666666666666667,0.32075471698113206,0.28846153846153844,0.25,0.3888888888888889
906,0.5111111111111111,0.4666666666666667,0.32075471698113206,0.28846153846153844,0.25,0.3888888888888889
907,0.5111111111111111,0.4666666666666667,0.32075471698113206,0.28846153846153844,0.25,0.3888888888888889
908,0.5111111111111111,0.4666666666666667,0.32075471698113206,0.28846153846153844,0.25,0.3888888888888889
909,0.5111111111111111,0.4666666666666667,0.32075471698113206,0.28846153846153844,0.25,0.3944954128440367
910,0.5111111111111111,0.4666666666666667,0.32075471698113206,0.28846153846153844,0.25,0.3944954128440367
911,0.5111111111111111,0.4666666666666667,0.32075471698113206,0.2830188679245283,0.25,0.3944954128440367
912,0.5054945054945055,0.4628099173553719,0.32075471698113206,0.2830188679245283,0.25,0.3944954128440367
913,0.5054945054945055,0.4628099173553719,0.32075471698113206,0.2830188679245283,0.25,0.3944954128440367
914,0.5054945054945055,0.4628099173553719,0.32075471698113206,0.2830188679245283,0.25,0.3944954128440367
915,0.5,0.4628099173553719,0.32075471698113206,0.2830188679245283,0.25,0.39090909090909093
916,0.5,0.4628099173553719,0.32075471698113206,0.2830188679245283,0.25,0.39090909090909093
917,0.5,0.4628099173553719,0.3148148148148148,0.2777777777777778,0.24528301886792453,0.39090909090909093
918,0.5,0.4628099173553719,0.3148148148148148,0.2777777777777778,0.24528301886792453,0.39090909090909093
919,0.5,0.4628099173553719,0.3148148148148148,0.2777777777777778,0.24528301886792453,0.39090909090909093
920,0.5,0.4628099173553719,0.3148148148148148,0.2777777777777778,0.24528301886792453,0.39090909090909093
921,0.5,0.4628099173553719,0.3148148148148148,0.2777777777777778,0.24528301886792453,0.39090909090909093
922,0.5,0.4628099173553719,0.3148148148148148,0.2777777777777778,0.24528301886792453,0.39090909090909093
923,0.5,0.4628099173553719,0.3148148148148148,0.2777777777777778,0.24528301886792453,0.39090909090909093
924,0.5,0.4628099173553719,0.3148148148148148,0.2777777777777778,0.24528301886792453,0.39090909090909093
925,0.5,0.4628099173553719,0.3148148148148148,0.2777777777777778,0.24528301886792453,0.39090909090909093
926,0.5,0.4628099173553719,0.3148148148148148,0.2777777777777778,0.24528301886792453,0.3963963963963964
927,0.5,0.4628099173553719,0.3148148148148148,0.2777777777777778,0.24528301886792453,0.3963963963963964
928,0.5053763440860215,0.4628099173553719,0.3148148148148148,0.2777777777777778,0.24528301886792453,0.3963963963963964
929,0.5053763440860215,0.4628099173553719,0.3148148148148148,0.2777777777777778,0.24528301886792453,0.3963963963963964
930,0.5053763440860215,0.4628099173553719,0.3148148148148148,0.2777777777777778,0.24528301886792453,0.3963963963963964
931,0.5106382978723404,0.4628099173553719,0.3148148148148148,0.2777777777777778,0.24528301886792453,0.3963963963963964
932,0.5106382978723404,0.4628099173553719,0.3148148148148148,0.2777777777777778,0.24528301886792453,0.3963963963963964
933,0.5106382978723404,0.4628099173553719,0.3148148148148148,0.2777777777777778,0.24528301886792453,0.3963963963963964
934,0.5106382978723404,0.4628099173553719,0.3148148148148148,0.2777777777777778,0.24528301886792453,0.3963963963963964
935,0.5106382978723404,0.4628099173553719,0.3148148148148148,0.2777777777777778,0.24528301886792453,0.39285714285714285
936,0.5106382978723404,0.4628099173553719,0.3148148148148148,0.2777777777777778,0.24528301886792453,0.39285714285714285
937,0.5106382978723404,0.4628099173553719,0.3148148148148148,0.2777777777777778,0.24528301886792453,0.39285714285714285
938,0.5157894736842106,0.4672131147540984,0.3148148148148148,0.2777777777777778,0.24528301886792453,0.39285714285714285
939,0.5157894736842106,0.4672131147540984,0.3148148148148148,0.2777777777777778,0.24528301886792453,0.39285714285714285
940,0.5157894736842106,0.4672131147540984,0.3148148148148148,0.2777777777777778,0.24528301886792453,0.3893805309734513
941,0.5157894736842106,0.4672131147540984,0.3148148148148148,0.2777777777777778,0.24528301886792453,0.3893805309734513
942,0.5157894736842106,0.4672131147540984,0.3148148148148148,0.2777777777777778,0.24528301886792453,0.3893805309734513
943,0.5157894736842106,0.4672131147540984,0.3148148148148148,0.2777777777777778,0.24528301886792453,0.3893805309734513
944,0.5157894736842106,0.4672131147540984,0.3148148148148148,0.2777777777777778,0.24528301886792453,0.3893805309734513
945,0.5157894736842106,0.4672131147540984,0.3148148148148148,0.2777777777777778,0.24528301886792453,0.3893805309734513
946,0.5157894736842106,0.4672131147540984,0.3148148148148148,0.2777777777777778,0.24528301886792453,0.3893805309734513
947,0.5157894736842106,0.4672131147540984,0.3148148148148148,0.2777777777777778,0.24528301886792453,0.3893805309734513
948,0.5157894736842106,0.4672131147540984,0.3148148148148148,0.2777777777777778,0.24528301886792453,0.3893805309734513
949,0.5104166666666666,0.4634146341463415,0.3148148148148148,0.2777777777777778,0.24528301886792453,0.3893805309734513
950,0.5104166666666666,0.4634146341463415,0.3090909090909091,0.2727272727272727,0.24074074074074073,0.3893805309734513
951,0.5104166666666666,0.4634146341463415,0.3090909090909091,0.2727272727272727,0.24074074074074073,0.3893805309734513
952,0.5104166666666666,0.4634146341463415,0.3090909090909091,0.2727272727272727,0.24074074074074073,0.3893805309734513
953,0.5104166666666666,0.4634146341463415,0.3090909090909091,0.2727272727272727,0.24074074074074073,0.3893805309734513
954,0.5104166666666666,0.4634146341463415,0.3090909090909091,0.2727272727272727,0.24074074074074073,0.38596491228070173
955,0.5104166666666666,0.4634146341463415,0.3090909090909091,0.2857142857142857,0.24074074074074073,0.391304347826087
956,0.5104166666666666,0.4634146341463415,0.3090909090909091,0.2857142857142857,0.24074074074074073,0.391304347826087
957,0.5104166666666666,0.4634146341463415,0.3090909090909091,0.2857142857142857,0.24074074074074073,0.391304347826087
958,0.5104166666666666,0.4634146341463415,0.3090909090909091,0.2857142857142857,0.24074074074074073,0.391304347826087
959,0.5104166666666666,0.4634146341463415,0.3090909090909091,0.2857142857142857,0.24074074074074073,0.391304347826087
960,0.5104166666666666,0.4634146341463415,0.3090909090909091,0.2857142857142857,0.24074074074074073,0.391304347826087
961,0.5104166666666666,0.4634146341463415,0.30357142857142855,0.2807017543859649,0.23636363636363636,0.391304347826087
962,0.5104166666666666,0.4634146341463415,0.30357142857142855,0.2807017543859649,0.23636363636363636,0.391304347826087
963,0.5104166666666666,0.4596774193548387,0.30357142857142855,0.2807017543859649,0.23636363636363636,0.391304347826087
964,0.5104166666666666,0.4596774193548387,0.30357142857142855,0.2807017543859649,0.23636363636363636,0.3879310344827586
965,0.5104166666666666,0.4596774193548387,0.30357142857142855,0.2807017543859649,0.23636363636363636,0.3879310344827586
966,0.5104166666666666,0.456,0.30357142857142855,0.2807017543859649,0.23636363636363636,0.3879310344827586
967,0.5051546391752577,0.4523809523809524,0.2982456140350877,0.2807017543859649,0.23636363636363636,0.3879310344827586
968,0.5051546391752577,0.4523809523809524,0.2982456140350877,0.2807017543859649,0.23636363636363636,0.3879310344827586
969,0.5051546391752577,0.4523809523809524,0.2982456140350877,0.2807017543859649,0.23636363636363636,0.3879310344827586
970,0.5051546391752577,0.4523809523809524,0.2982456140350877,0.2807017543859649,0.23636363636363636,0.3879310344827586
971,0.5051546391752577,0.4523809523809524,0.2982456140350877,0.2807017543859649,0.23636363636363636,0.3879310344827586
972,0.5051546391752577,0.4523809523809524,0.2982456140350877,0.2807017543859649,0.23636363636363636,0.3879310344827586
973,0.5051546391752577,0.4523809523809524,0.2982456140350877,0.2807017543859649,0.23636363636363636,0.3879310344827586
974,0.5051546391752577,0.4523809523809524,0.2982456140350877,0.2807017543859649,0.23636363636363636,0.3879310344827586
975,0.5051546391752577,0.4566929133858268,0.2982456140350877,0.2807017543859649,0.23636363636363636,0.3879310344827586
976,0.5051546391752577,0.4566929133858268,0.2982456140350877,0.2807017543859649,0.23636363636363636,0.3879310344827586
977,0.5051546391752577,0.4566929133858268,0.2982456140350877,0.2807017543859649,0.23636363636363636,0.3879310344827586
978,0.5051546391752577,0.4566929133858268,0.2982456140350877,0.2807017543859649,0.23636363636363636,0.3879310344827586
979,0.5051546391752577,0.4566929133858268,0.29310344827586204,0.27586206896551724,0.23214285714285715,0.3879310344827586
980,0.5051546391752577,0.4566929133858268,0.29310344827586204,0.27586206896551724,0.23214285714285715,0.3879310344827586
981,0.5051546391752577,0.4609375,0.29310344827586204,0.27586206896551724,0.23214285714285715,0.39316239316239315
982,0.5051546391752577,0.4609375,0.29310344827586204,0.27586206896551724,0.23214285714285715,0.39316239316239315
983,0.5051546391752577,0.4609375,0.29310344827586204,0.27586206896551724,0.23214285714285715,0.39316239316239315
984,0.5051546391752577,0.4609375,0.29310344827586204,0.27586206896551724,0.23214285714285715,0.39316239316239315
985,0.5051546391752577,0.4609375,0.29310344827586204,0.27586206896551724,0.23214285714285715,0.39316239316239315
986,0.5051546391752577,0.4609375,0.29310344827586204,0.27586206896551724,0.23214285714285715,0.39316239316239315
987,0.5051546391752577,0.4609375,0.288135593220339,0.27586206896551724,0.23214285714285715,0.39316239316239315
988,0.5,0.4573643410852713,0.288135593220339,0.27586206896551724,0.23214285714285715,0.39316239316239315
989,0.5050505050505051,0.46153846153846156,0.288135593220339,0.27586206896551724,0.23214285714285715,0.39316239316239315
990,0.5050505050505051,0.46153846153846156,0.288135593220339,0.27586206896551724,0.23214285714285715,0.39316239316239315
991,0.5050505050505051,0.46153846153846156,0.288135593220339,0.27586206896551724,0.23214285714285715,0.3898305084745763
992,0.5050505050505051,0.46153846153846156,0.288135593220339,0.27586206896551724,0.23214285714285715,0.3898305084745763
993,0.5050505050505051,0.46153846153846156,0.288135593220339,0.27586206896551724,0.23214285714285715,0.3898305084745763
994,0.5050505050505051,0.46153846153846156,0.288135593220339,0.27586206896551724,0.23214285714285715,0.3865546218487395
995,0.5050505050505051,0.46153846153846156,0.288135593220339,0.27586206896551724,0.23214285714285715,0.38333333333333336
996,0.5050505050505051,0.46153846153846156,0.288135593220339,0.27586206896551724,0.23214285714285715,0.38333333333333336
997,0.5050505050505051,0.46153846153846156,0.288135593220339,0.27586206896551724,0.23214285714285715,0.38333333333333336
998,0.5050505050505051,0.46153846153846156,0.288135593220339,0.27586206896551724,0.23214285714285715,0.38333333333333336
999,0.5050505050505051,0.46153846153846156,0.2833333333333333,0.27586206896551724,0.23214285714285715,0.38333333333333336
1000,0.5050505050505051,0.46153846153846156,0.2833333333333333,0.27586206896551724,0.23214285714285715,0.38016528925619836
1001,0.5050505050505051,0.46153846153846156,0.2833333333333333,0.27586206896551724,0.23214285714285715,0.38016528925619836
1002,0.51,0.46564885496183206,0.2833333333333333,0.27586206896551724,0.23214285714285715,0.38524590163934425
1003,0.51,0.46564885496183206,0.2833333333333333,0.27586206896551724,0.23214285714285715,0.38524590163934425
1004,0.51,0.46564885496183206,0.2833333333333333,0.27586206896551724,0.23214285714285715,0.38524590163934425
1005,0.51,0.4621212121212121,0.2833333333333333,0.27586206896551724,0.23214285714285715,0.38524590163934425
1006,0.51,0.4621212121212121,0.2833333333333333,0.27586206896551724,0.23214285714285715,0.3902439024390244
1007,0.51,0.4621212121212121,0.2833333333333333,0.27586206896551724,0.23214285714285715,0.3902439024390244
1008,0.5148514851485149,0.46616541353383456,0.2833333333333333,0.27586206896551724,0.23214285714285715,0.3902439024390244
1009,0.5148514851485149,0.4701492537313433,0.2833333333333333,0.27586206896551724,0.23214285714285715,0.3902439024390244
1010,0.5148514851485149,0.4701492537313433,0.2833333333333333,0.27586206896551724,0.23214285714285715,0.3902439024390244
1011,0.5148514851485149,0.4701492537313433,0.2833333333333333,0.27586206896551724,0.23214285714285715,0.3902439024390244
1012,0.5148514851485149,0.4701492537313433,0.2833333333333333,0.27586206896551724,0.23214285714285715,0.3902439024390244
1013,0.5148514851485149,0.4701492537313433,0.2833333333333333,0.27586206896551724,0.23214285714285715,0.3902439024390244
1014,0.5098039215686274,0.4666666666666667,0.2833333333333333,0.27586206896551724,0.23214285714285715,0.3902439024390244
1015,0.5098039215686274,0.4666666666666667,0.2833333333333333,0.27586206896551724,0.23214285714285715,0.3902439024390244
1016,0.5098039215686274,0.4666666666666667,0.2833333333333333,0.27586206896551724,0.23214285714285715,0.3870967741935484
1017,0.5098039215686274,0.4666666666666667,0.2833333333333333,0.27586206896551724,0.23214285714285715,0.3870967741935484
1018,0.5098039215686274,0.4666666666666667,0.2833333333333333,0.27586206896551724,0.23214285714285715,0.3870967741935484
1019,0.5098039215686274,0.4666666666666667,0.2833333333333333,0.27586206896551724,0.23214285714285715,0.3870967741935484
1020,0.5098039215686274,0.4666666666666667,0.2833333333333333,0.27586206896551724,0.23214285714285715,0.3870967741935484
1021,0.5098039215686274,0.4666666666666667,0.2833333333333333,0.27586206896551724,0.23214285714285715,0.3870967741935484
1022,0.5098039215686274,0.4666666666666667,0.2833333333333333,0.27586206896551724,0.23214285714285715,0.3870967741935484
1023,0.5098039215686274,0.4666666666666667,0.2833333333333333,0.27586206896551724,0.23214285714285715,0.3870967741935484
1024,0.5098039215686274,0.4666666666666667,0.2786885245901639,0.2711864406779661,0.22807017543859648,0.3870967741935484
1025,0.5098039215686274,0.4666666666666667,0.2903225806451613,0.2833333333333333,0.2413793103448276,0.3870967741935484
1026,0.5098039215686274,0.4666666666666667,0.2857142857142857,0.2786885245901639,0.23728813559322035,0.3870967741935484
1027,0.5098039215686274,0.4666666666666667,0.2857142857142857,0.2786885245901639,0.23728813559322035,0.3870967741935484
1028,0.5098039215686274,0.4666666666666667,0.2857142857142857,0.2786885245901639,0.23728813559322035,0.3870967741935484
1029,0.5098039215686274,0.4666666666666667,0.2857142857142857,0.2786885245901639,0.23728813559322035,0.3870967741935484
1030,0.5098039215686274,0.4666666666666667,0.2857142857142857,0.2786885245901639,0.23728813559322035,0.3870967741935484
1031,0.5098039215686274,0.4666666666666667,0.2857142857142857,0.2786885245901639,0.23728813559322035,0.3870967741935484
1032,0.5098039215686274,0.4666666666666667,0.2857142857142857,0.2786885245901639,0.23728813559322035,0.3870967741935484
1033,0.5145631067961165,0.47058823529411764,0.2857142857142857,0.2786885245901639,0.23728813559322035,0.3870967741935484
1034,0.5145631067961165,0.47058823529411764,0.2857142857142857,0.2786885245901639,0.23728813559322035,0.3870967741935484
1035,0.5145631067961165,0.47058823529411764,0.2857142857142857,0.2786885245901639,0.23728813559322035,0.392
1036,0.5145631067961165,0.47058823529411764,0.2857142857142857,0.2786885245901639,0.23728813559322035,0.392
1037,0.5145631067961165,0.47058823529411764,0.2857142857142857,0.2786885245901639,0.23728813559322035,0.392
1038,0.5145631067961165,0.47058823529411764,0.2857142857142857,0.2786885245901639,0.23728813559322035,0.392
1039,0.5145631067961165,0.47058823529411764,0.2857142857142857,0.2786885245901639,0.23728813559322035,0.3888888888888889
1040,0.5145631067961165,0.47058823529411764,0.2857142857142857,0.2786885245901639,0.23728813559322035,0.3888888888888889
1041,0.5145631067961165,0.47058823529411764,0.2857142857142857,0.2786885245901639,0.23728813559322035,0.3937007874015748
1042,0.5145631067961165,0.47058823529411764,0.2857142857142857,0.2786885245901639,0.23728813559322035,0.3937007874015748
1043,0.5145631067961165,0.47058823529411764,0.2857142857142857,0.2786885245901639,0.23728813559322035,0.3937007874015748
1044,0.5145631067961165,0.47058823529411764,0.2857142857142857,0.2786885245901639,0.23728813559322035,0.3937007874015748
1045,0.5145631067961165,0.47058823529411764,0.2857142857142857,0.2786885245901639,0.23728813559322035,0.3937007874015748
1046,0.5145631067961165,0.47058823529411764,0.296875,0.2786885245901639,0.23728813559322035,0.3937007874015748
1047,0.5145631067961165,0.47058823529411764,0.296875,0.2786885245901639,0.23728813559322035,0.3937007874015748
1048,0.5145631067961165,0.47058823529411764,0.296875,0.2786885245901639,0.23728813559322035,0.3937007874015748
1049,0.5096153846153846,0.46715328467153283,0.296875,0.2786885245901639,0.23728813559322035,0.3937007874015748
1050,0.5096153846153846,0.46715328467153283,0.296875,0.2786885245901639,0.23728813559322035,0.3937007874015748
1051,0.5096153846153846,0.46715328467153283,0.296875,0.2786885245901639,0.23728813559322035,0.3937007874015748
1052,0.5096153846153846,0.46715328467153283,0.296875,0.2786885245901639,0.23728813559322035,0.3937007874015748
1053,0.5096153846153846,0.463768115942029,0.296875,0.2786885245901639,0.23728813559322035,0.390625
1054,0.5096153846153846,0.463768115942029,0.296875,0.2786885245901639,0.23728813559322035,0.3875968992248062
1055,0.5096153846153846,0.463768115942029,0.296875,0.2786885245901639,0.23728813559322035,0.3875968992248062
1056,0.5096153846153846,0.463768115942029,0.296875,0.2903225806451613,0.25,0.3875968992248062
1057,0.5096153846153846,0.463768115942029,0.296875,0.2903225806451613,0.25,0.3875968992248062
1058,0.5096153846153846,0.463768115942029,0.296875,0.2903225806451613,0.25,0.3875968992248062
1059,0.5096153846153846,0.4676258992805755,0.296875,0.2903225806451613,0.25,0.3875968992248062
1060,0.5096153846153846,0.4676258992805755,0.296875,0.2903225806451613,0.25,0.3875968992248062
1061,0.5096153846153846,0.4676258992805755,0.296875,0.2903225806451613,0.25,0.3875968992248062
1062,0.5096153846153846,0.4642857142857143,0.296875,0.2903225806451613,0.25,0.3875968992248062
1063,0.5096153846153846,0.4642857142857143,0.296875,0.2903225806451613,0.25,0.3875968992248062
1064,0.5096153846153846,0.46099290780141844,0.296875,0.2903225806451613,0.25,0.3875968992248062
1065,0.5096153846153846,0.46099290780141844,0.296875,0.2903225806451613,0.25,0.3875968992248062
1066,0.5096153846153846,0.46099290780141844,0.296875,0.2903225806451613,0.25,0.3875968992248062
1067,0.5096153846153846,0.46099290780141844,0.296875,0.2903225806451613,0.25,0.3875968992248062
1068,0.5096153846153846,0.46099290780141844,0.296875,0.2903225806451613,0.25,0.3875968992248062
1069,0.5096153846153846,0.46099290780141844,0.296875,0.2903225806451613,0.25,0.3875968992248062
1070,0.5096153846153846,0.46099290780141844,0.296875,0.2903225806451613,0.25,0.3875968992248062
1071,0.5096153846153846,0.46099290780141844,0.296875,0.2903225806451613,0.25,0.3875968992248062
1072,0.5096153846153846,0.46099290780141844,0.296875,0.2903225806451613,0.25,0.3875968992248062
1073,0.5096153846153846,0.46099290780141844,0.296875,0.2903225806451613,0.25,0.3875968992248062
1074,0.5096153846153846,0.46099290780141844,0.296875,0.2903225806451613,0.25,0.3875968992248062
1075,0.5096153846153846,0.46099290780141844,0.296875,0.2903225806451613,0.25,0.3875968992248062
1076,0.5096153846153846,0.46099290780141844,0.296875,0.2903225806451613,0.25,0.3875968992248062
1077,0.5096153846153846,0.46099290780141844,0.296875,0.2903225806451613,0.25,0.3875968992248062
1078,0.5142857142857142,0.46099290780141844,0.3076923076923077,0.30158730158730157,0.26229508196721313,0.3875968992248062
1079,0.5094339622641509,0.46099290780141844,0.3076923076923077,0.30158730158730157,0.26229508196721313,0.38461538461538464
1080,0.5094339622641509,0.46099290780141844,0.3076923076923077,0.30158730158730157,0.26229508196721313,0.38461538461538464
1081,0.5094339622641509,0.46099290780141844,0.3076923076923077,0.30158730158730157,0.26229508196721313,0.38461538461538464
1082,0.5094339622641509,0.46099290780141844,0.3076923076923077,0.30158730158730157,0.26229508196721313,0.38461538461538464
1083,0.5094339622641509,0.46099290780141844,0.3076923076923077,0.30158730158730157,0.26229508196721313,0.38461538461538464
1084,0.5094339622641509,0.46099290780141844,0.3076923076923077,0.30158730158730157,0.26229508196721313,0.38461538461538464
1085,0.5094339622641509,0.46099290780141844,0.3076923076923077,0.30158730158730157,0.26229508196721313,0.38461538461538464
1086,0.5094339622641509,0.46099290780141844,0.3076923076923077,0.30158730158730157,0.26229508196721313,0.38461538461538464
1087,0.5094339622641509,0.46099290780141844,0.3076923076923077,0.30158730158730157,0.26229508196721313,0.38461538461538464
1088,0.5094339622641509,0.46099290780141844,0.3076923076923077,0.30158730158730157,0.26229508196721313,0.38461538461538464
1089,0.5094339622641509,0.46099290780141844,0.3076923076923077,0.30158730158730157,0.26229508196721313,0.38461538461538464
1090,0.5094339622641509,0.46099290780141844,0.3076923076923077,0.30158730158730157,0.26229508196721313,0.38461538461538464
1091,0.5046728971962616,0.46099290780141844,0.3076923076923077,0.30158730158730157,0.26229508196721313,0.38461538461538464
1092,0.5046728971962616,0.46099290780141844,0.3076923076923077,0.30158730158730157,0.26229508196721313,0.3893129770992366
1093,0.5046728971962616,0.46099290780141844,0.3076923076923077,0.30158730158730157,0.26229508196721313,0.3893129770992366
1094,0.5046728971962616,0.45774647887323944,0.3076923076923077,0.30158730158730157,0.26229508196721313,0.3893129770992366
1095,0.5046728971962616,0.45774647887323944,0.3076923076923077,0.30158730158730157,0.26229508196721313,0.38636363636363635
1096,0.5046728971962616,0.45774647887323944,0.3076923076923077,0.30158730158730157,0.26229508196721313,0.38636363636363635
1097,0.5,0.45774647887323944,0.3076923076923077,0.296875,0.25806451612903225,0.38636363636363635
1098,0.5,0.45774647887323944,0.3076923076923077,0.296875,0.25806451612903225,0.38636363636363635
1099,0.5,0.45774647887323944,0.3076923076923077,0.296875,0.25806451612903225,0.38636363636363635
1100,0.5,0.45774647887323944,0.3076923076923077,0.296875,0.25806451612903225,0.38636363636363635
1101,0.5,0.45774647887323944,0.3076923076923077,0.296875,0.25806451612903225,0.38636363636363635
1102,0.5,0.45774647887323944,0.3076923076923077,0.296875,0.25806451612903225,0.38636363636363635
1103,0.5,0.45774647887323944,0.3076923076923077,0.296875,0.25806451612903225,0.38636363636363635
1104,0.5,0.45774647887323944,0.3076923076923077,0.296875,0.25806451612903225,0.38636363636363635
1105,0.5,0.45774647887323944,0.3076923076923077,0.296875,0.25806451612903225,0.38636363636363635
1106,0.5,0.45774647887323944,0.3076923076923077,0.296875,0.25806451612903225,0.38636363636363635
1107,0.5,0.45774647887323944,0.3076923076923077,0.2923076923076923,0.25806451612903225,0.38636363636363635
1108,0.5,0.45774647887323944,0.3076923076923077,0.2923076923076923,0.25806451612903225,0.38636363636363635
1109,0.5,0.45774647887323944,0.3076923076923077,0.2923076923076923,0.25806451612903225,0.38636363636363635
1110,0.5045871559633027,0.45774647887323944,0.3076923076923077,0.2923076923076923,0.25806451612903225,0.38636363636363635
1111,0.5045871559633027,0.45774647887323944,0.3076923076923077,0.2923076923076923,0.25806451612903225,0.39097744360902253
1112,0.509090909090909,0.45774647887323944,0.3076923076923077,0.2923076923076923,0.25806451612903225,0.39097744360902253
1113,0.509090909090909,0.45774647887323944,0.3076923076923077,0.2923076923076923,0.25806451612903225,0.39097744360902253
1114,0.5045045045045045,0.45454545454545453,0.3076923076923077,0.2923076923076923,0.25806451612903225,0.39097744360902253
1115,0.5045045045045045,0.45454545454545453,0.3076923076923077,0.2923076923076923,0.25806451612903225,0.39097744360902253
1116,0.5045045045045045,0.45454545454545453,0.3181818181818182,0.2923076923076923,0.25806451612903225,0.39097744360902253
1117,0.5045045045045045,0.45454545454545453,0.3181818181818182,0.2923076923076923,0.25806451612903225,0.39097744360902253
1118,0.5045045045045045,0.45454545454545453,0.3181818181818182,0.2923076923076923,0.25806451612903225,0.39097744360902253
1119,0.5045045045045045,0.45454545454545453,0.3181818181818182,0.2923076923076923,0.25806451612903225,0.39097744360902253
1120,0.5045045045045045,0.45454545454545453,0.3181818181818182,0.2923076923076923,0.25806451612903225,0.3880597014925373
1121,0.5045045045045045,0.45454545454545453,0.3181818181818182,0.2923076923076923,0.25806451612903225,0.3880597014925373
1122,0.5045045045045045,0.45454545454545453,0.3181818181818182,0.2923076923076923,0.25806451612903225,0.3880597014925373
1123,0.5045045045045045,0.45454545454545453,0.3181818181818182,0.2923076923076923,0.25806451612903225,0.3880597014925373
1124,0.5045045045045045,0.45454545454545453,0.3181818181818182,0.2923076923076923,0.25806451612903225,0.3880597014925373
1125,0.5045045045045045,0.45454545454545453,0.3181818181818182,0.30303030303030304,0.25806451612903225,0.3880597014925373
1126,0.5045045045045045,0.45454545454545453,0.3181818181818182,0.30303030303030304,0.25806451612903225,0.3880597014925373
1127,0.5045045045045045,0.45454545454545453,0.3181818181818182,0.30303030303030304,0.25806451612903225,0.3880597014925373
1128,0.5045045045045045,0.45454545454545453,0.3181818181818182,0.30303030303030304,0.25806451612903225,0.3880597014925373
1129,0.5045045045045045,0.45454545454545453,0.3181818181818182,0.30303030303030304,0.25806451612903225,0.3880597014925373
1130,0.5045045045045045,0.45454545454545453,0.3181818181818182,0.30303030303030304,0.25806451612903225,0.3880597014925373
1131,0.5045045045045045,0.45454545454545453,0.3181818181818182,0.30303030303030304,0.25806451612903225,0.3851851851851852
1132,0.5045045045045045,0.45454545454545453,0.3181818181818182,0.30303030303030304,0.25806451612903225,0.3897058823529412
1133,0.5,0.4513888888888889,0.3181818181818182,0.30303030303030304,0.25806451612903225,0.38686131386861317
1134,0.49557522123893805,0.4482758620689655,0.3181818181818182,0.30303030303030304,0.25806451612903225,0.38686131386861317
1135,0.49557522123893805,0.4482758620689655,0.3181818181818182,0.30303030303030304,0.25806451612903225,0.38686131386861317
1136,0.49557522123893805,0.4482758620689655,0.3181818181818182,0.30303030303030304,0.25806451612903225,0.391304347826087
1137,0.49557522123893805,0.4482758620689655,0.3181818181818182,0.30303030303030304,0.25806451612903225,0.391304347826087
1138,0.49557522123893805,0.4482758620689655,0.3181818181818182,0.30303030303030304,0.25806451612903225,0.391304347826087
1139,0.49557522123893805,0.4482758620689655,0.3181818181818182,0.30303030303030304,0.25806451612903225,0.391304347826087
1140,0.49557522123893805,0.4482758620689655,0.31343283582089554,0.29850746268656714,0.25396825396825395,0.391304347826087
1141,0.49557522123893805,0.4452054794520548,0.31343283582089554,0.29850746268656714,0.25396825396825395,0.391304347826087
1142,0.49557522123893805,0.4452054794520548,0.31343283582089554,0.29850746268656714,0.25396825396825395,0.391304347826087
1143,0.49557522123893805,0.4452054794520548,0.31343283582089554,0.29850746268656714,0.25396825396825395,0.391304347826087
1144,0.49557522123893805,0.4452054794520548,0.31343283582089554,0.29850746268656714,0.25396825396825395,0.391304347826087
1145,0.49557522123893805,0.4452054794520548,0.31343283582089554,0.29850746268656714,0.25396825396825395,0.391304347826087
1146,0.49557522123893805,0.4452054794520548,0.31343283582089554,0.29850746268656714,0.25396825396825395,0.391304347826087
1147,0.49557522123893805,0.4452054794520548,0.31343283582089554,0.29850746268656714,0.25396825396825395,0.391304347826087
1148,0.49557522123893805,0.4452054794520548,0.31343283582089554,0.29850746268656714,0.25396825396825395,0.391304347826087
1149,0.49557522123893805,0.4452054794520548,0.31343283582089554,0.29850746268656714,0.25396825396825395,0.391304347826087
1150,0.49557522123893805,0.4452054794520548,0.31343283582089554,0.29850746268656714,0.25396825396825395,0.391304347826087
1151,0.5,0.4452054794520548,0.31343283582089554,0.29850746268656714,0.25396825396825395,0.391304347826087
1152,0.5,0.4452054794520548,0.31343283582089554,0.29850746268656714,0.25396825396825395,0.391304347826087
1153,0.5,0.4452054794520548,0.31343283582089554,0.29850746268656714,0.25396825396825395,0.391304347826087
1154,0.5,0.4452054794520548,0.31343283582089554,0.29850746268656714,0.25396825396825395,0.391304347826087
1155,0.5,0.4452054794520548,0.31343283582089554,0.29850746268656714,0.25396825396825395,0.391304347826087
1156,0.5,0.4452054794520548,0.31343283582089554,0.29850746268656714,0.25396825396825395,0.391304347826087
1157,0.5,0.4452054794520548,0.31343283582089554,0.29850746268656714,0.25396825396825395,0.391304347826087
1158,0.5,0.4452054794520548,0.31343283582089554,0.29850746268656714,0.25396825396825395,0.391304347826087
1159,0.5,0.4452054794520548,0.31343283582089554,0.29850746268656714,0.25396825396825395,0.391304347826087
1160,0.5,0.4452054794520548,0.31343283582089554,0.29850746268656714,0.25396825396825395,0.391304347826087
1161,0.5,0.4452054794520548,0.31343283582089554,0.29850746268656714,0.25396825396825395,0.391304347826087
1162,0.5,0.4421768707482993,0.31343283582089554,0.29850746268656714,0.25396825396825395,0.391304347826087
1163,0.5,0.4421768707482993,0.31343283582089554,0.29850746268656714,0.25396825396825395,0.39568345323741005
1164,0.5,0.4421768707482993,0.31343283582089554,0.29850746268656714,0.25396825396825395,0.39568345323741005
1165,0.5,0.4421768707482993,0.31343283582089554,0.29850746268656714,0.25396825396825395,0.39568345323741005
1166,0.5043478260869565,0.4421768707482993,0.31343283582089554,0.29850746268656714,0.25396825396825395,0.39568345323741005
1167,0.5043478260869565,0.4421768707482993,0.31343283582089554,0.29850746268656714,0.25396825396825395,0.39568345323741005
1168,0.5043478260869565,0.4421768707482993,0.31343283582089554,0.29850746268656714,0.25396825396825395,0.39568345323741005
1169,0.5,0.4391891891891892,0.31343283582089554,0.29411764705882354,0.25,0.39568345323741005
1170,0.5,0.4391891891891892,0.3088235294117647,0.2898550724637681,0.24615384615384617,0.39568345323741005
1171,0.5,0.4391891891891892,0.3088235294117647,0.2898550724637681,0.24615384615384617,0.39568345323741005
1172,0.5,0.4391891891891892,0.3088235294117647,0.2898550724637681,0.24615384615384617,0.39285714285714285
1173,0.5,0.4391891891891892,0.3088235294117647,0.2898550724637681,0.24615384615384617,0.39285714285714285
1174,0.5,0.4391891891891892,0.3088235294117647,0.2898550724637681,0.24615384615384617,0.39285714285714285
1175,0.5,0.4391891891891892,0.3088235294117647,0.2898550724637681,0.24615384615384617,0.39285714285714285
1176,0.5,0.4391891891891892,0.3088235294117647,0.2898550724637681,0.24615384615384617,0.39285714285714285
1177,0.5,0.4391891891891892,0.3088235294117647,0.2898550724637681,0.24615384615384617,0.39285714285714285
1178,0.5,0.4391891891891892,0.3088235294117647,0.2898550724637681,0.24615384615384617,0.39285714285714285
1179,0.5,0.4391891891891892,0.3088235294117647,0.2898550724637681,0.24615384615384617,0.39285714285714285
1180,0.5,0.4391891891891892,0.3088235294117647,0.2898550724637681,0.24615384615384617,0.39285714285714285
1181,0.49572649572649574,0.436241610738255,0.3088235294117647,0.2898550724637681,0.24615384615384617,0.39285714285714285
1182,0.49572649572649574,0.436241610738255,0.3088235294117647,0.2898550724637681,0.24615384615384617,0.39285714285714285
1183,0.49572649572649574,0.436241610738255,0.3088235294117647,0.2898550724637681,0.24615384615384617,0.39285714285714285
1184,0.49572649572649574,0.436241610738255,0.3088235294117647,0.2898550724637681,0.24615384615384617,0.39285714285714285
1185,0.49572649572649574,0.436241610738255,0.3088235294117647,0.2898550724637681,0.24615384615384617,0.39285714285714285
1186,0.49572649572649574,0.436241610738255,0.3088235294117647,0.2898550724637681,0.24615384615384617,0.39285714285714285
1187,0.49572649572649574,0.436241610738255,0.3188405797101449,0.3,0.25757575757575757,0.39285714285714285
1188,0.49572649572649574,0.436241610738255,0.3188405797101449,0.3,0.25757575757575757,0.39285714285714285
1189,0.49572649572649574,0.436241610738255,0.3188405797101449,0.3,0.25757575757575757,0.39285714285714285
1190,0.49572649572649574,0.436241610738255,0.3188405797101449,0.3,0.25757575757575757,0.39285714285714285
1191,0.49572649572649574,0.436241610738255,0.3188405797101449,0.3,0.25757575757575757,0.39285714285714285
1192,0.49572649572649574,0.436241610738255,0.3188405797101449,0.3,0.25757575757575757,0.39285714285714285
1193,0.5,0.44,0.3188405797101449,0.3,0.25757575757575757,0.39285714285714285
1194,0.5,0.44,0.3188405797101449,0.3,0.25757575757575757,0.39285714285714285
1195,0.5,0.44,0.3188405797101449,0.3,0.25757575757575757,0.39285714285714285
1196,0.5,0.44,0.3188405797101449,0.3,0.25757575757575757,0.39285714285714285
1197,0.5,0.44,0.3188405797101449,0.3,0.25757575757575757,0.39285714285714285
1198,0.5,0.44,0.3188405797101449,0.3,0.25757575757575757,0.39285714285714285
1199,0.5,0.44,0.3188405797101449,0.3,0.25757575757575757,0.3900709219858156
1200,0.5,0.44,0.3188405797101449,0.29577464788732394,0.25757575757575757,0.3900709219858156
1201,0.5,0.44,0.3188405797101449,0.29577464788732394,0.25757575757575757,0.3900709219858156
1202,0.4957983193277311,0.4370860927152318,0.3142857142857143,0.2916666666666667,0.2537313432835821,0.3900709219858156
1203,0.4957983193277311,0.4370860927152318,0.323943661971831,0.3013698630136986,0.2647058823529412,0.3900709219858156
1204,0.4957983193277311,0.4370860927152318,0.323943661971831,0.3013698630136986,0.2647058823529412,0.39436619718309857
1205,0.4957983193277311,0.4370860927152318,0.323943661971831,0.3013698630136986,0.2647058823529412,0.3916083916083916
1206,0.4957983193277311,0.4370860927152318,0.323943661971831,0.3013698630136986,0.2647058823529412,0.3916083916083916
1207,0.4957983193277311,0.4370860927152318,0.323943661971831,0.3013698630136986,0.2647058823529412,0.3916083916083916
1208,0.4957983193277311,0.4370860927152318,0.323943661971831,0.3013698630136986,0.2647058823529412,0.3916083916083916
1209,0.4957983193277311,0.4370860927152318,0.323943661971831,0.3013698630136986,0.2647058823529412,0.3916083916083916
1210,0.4957983193277311,0.4370860927152318,0.323943661971831,0.3013698630136986,0.2647058823529412,0.3916083916083916
1211,0.4957983193277311,0.4370860927152318,0.323943661971831,0.3013698630136986,0.2647058823529412,0.3888888888888889
1212,0.4957983193277311,0.4370860927152318,0.323943661971831,0.3013698630136986,0.2647058823529412,0.3888888888888889
1213,0.49166666666666664,0.4342105263157895,0.323943661971831,0.3013698630136986,0.2647058823529412,0.3888888888888889
1214,0.49166666666666664,0.4342105263157895,0.323943661971831,0.3013698630136986,0.2647058823529412,0.3888888888888889
1215,0.49166666666666664,0.43137254901960786,0.323943661971831,0.3013698630136986,0.2647058823529412,0.3888888888888889
1216,0.49166666666666664,0.43137254901960786,0.323943661971831,0.3013698630136986,0.2647058823529412,0.3888888888888889
1217,0.49166666666666664,0.43137254901960786,0.323943661971831,0.3013698630136986,0.2647058823529412,0.3888888888888889
1218,0.49166666666666664,0.43137254901960786,0.323943661971831,0.3013698630136986,0.2647058823529412,0.3888888888888889
1219,0.49166666666666664,0.43137254901960786,0.323943661971831,0.3013698630136986,0.2647058823529412,0.3888888888888889
1220,0.49166666666666664,0.43137254901960786,0.3194444444444444,0.3013698630136986,0.2647058823529412,0.38620689655172413
1221,0.49166666666666664,0.43137254901960786,0.3194444444444444,0.3013698630136986,0.2647058823529412,0.38620689655172413
1222,0.49166666666666664,0.43137254901960786,0.3194444444444444,0.3013698630136986,0.2647058823529412,0.38620689655172413
1223,0.49166666666666664,0.43137254901960786,0.3194444444444444,0.3013698630136986,0.2647058823529412,0.38620689655172413
1224,0.49166666666666664,0.43137254901960786,0.3194444444444444,0.3013698630136986,0.2647058823529412,0.38620689655172413
1225,0.49166666666666664,0.43137254901960786,0.3194444444444444,0.3013698630136986,0.2647058823529412,0.3904109589041096
1226,0.49166666666666664,0.43137254901960786,0.3194444444444444,0.2972972972972973,0.2647058823529412,0.3877551020408163
1227,0.49166666666666664,0.43137254901960786,0.3194444444444444,0.2972972972972973,0.2647058823529412,0.3918918918918919
1228,0.49166666666666664,0.43137254901960786,0.3194444444444444,0.29333333333333333,0.2647058823529412,0.3918918918918919
1229,0.49166666666666664,0.43137254901960786,0.3194444444444444,0.29333333333333333,0.2647058823529412,0.3918918918918919
1230,0.49166666666666664,0.43506493506493504,0.3194444444444444,0.29333333333333333,0.2647058823529412,0.3918918918918919
1231,0.49166666666666664,0.43506493506493504,0.3194444444444444,0.29333333333333333,0.2647058823529412,0.3918918918918919
1232,0.49166666666666664,0.43506493506493504,0.3194444444444444,0.29333333333333333,0.2647058823529412,0.3918918918918919
1233,0.49166666666666664,0.43506493506493504,0.3194444444444444,0.29333333333333333,0.2647058823529412,0.3959731543624161
1234,0.49166666666666664,0.43506493506493504,0.3194444444444444,0.29333333333333333,0.2647058823529412,0.3959731543624161
1235,0.48760330578512395,0.432258064516129,0.3194444444444444,0.29333333333333333,0.2647058823529412,0.3959731543624161
1236,0.48760330578512395,0.432258064516129,0.3194444444444444,0.29333333333333333,0.2647058823529412,0.3959731543624161
1237,0.48760330578512395,0.432258064516129,0.3194444444444444,0.29333333333333333,0.2647058823529412,0.3959731543624161
1238,0.48760330578512395,0.432258064516129,0.3194444444444444,0.29333333333333333,0.2647058823529412,0.3959731543624161
1239,0.48760330578512395,0.432258064516129,0.3194444444444444,0.29333333333333333,0.2647058823529412,0.3959731543624161
1240,0.48760330578512395,0.432258064516129,0.3194444444444444,0.29333333333333333,0.2647058823529412,0.3959731543624161
1241,0.48760330578512395,0.432258064516129,0.3194444444444444,0.29333333333333333,0.2647058823529412,0.3959731543624161
1242,0.48760330578512395,0.432258064516129,0.3194444444444444,0.29333333333333333,0.2647058823529412,0.3959731543624161
1243,0.48760330578512395,0.432258064516129,0.3194444444444444,0.29333333333333333,0.2647058823529412,0.3959731543624161
1244,0.48760330578512395,0.432258064516129,0.3194444444444444,0.29333333333333333,0.2647058823529412,0.3959731543624161
1245,0.48760330578512395,0.432258064516129,0.3194444444444444,0.29333333333333333,0.2647058823529412,0.4
1246,0.48760330578512395,0.432258064516129,0.3194444444444444,0.29333333333333333,0.2647058823529412,0.4
1247,0.48360655737704916,0.432258064516129,0.3194444444444444,0.29333333333333333,0.2647058823529412,0.4
1248,0.48360655737704916,0.432258064516129,0.3194444444444444,0.29333333333333333,0.2647058823529412,0.4
1249,0.48360655737704916,0.432258064516129,0.3194444444444444,0.29333333333333333,0.2647058823529412,0.3973509933774834
1250,0.48360655737704916,0.432258064516129,0.3194444444444444,0.29333333333333333,0.2647058823529412,0.3973509933774834
1251,0.48360655737704916,0.4358974358974359,0.3194444444444444,0.29333333333333333,0.2647058823529412,0.3973509933774834
1252,0.48360655737704916,0.4358974358974359,0.3194444444444444,0.29333333333333333,0.2647058823529412,0.3973509933774834
1253,0.48360655737704916,0.4358974358974359,0.3194444444444444,0.29333333333333333,0.2647058823529412,0.3973509933774834
1254,0.48360655737704916,0.4358974358974359,0.3194444444444444,0.29333333333333333,0.2647058823529412,0.3973509933774834
1255,0.48360655737704916,0.4358974358974359,0.3194444444444444,0.29333333333333333,0.2647058823529412,0.3973509933774834
1256,0.4796747967479675,0.4358974358974359,0.3194444444444444,0.29333333333333333,0.2647058823529412,0.3973509933774834
1257,0.4796747967479675,0.4358974358974359,0.3194444444444444,0.29333333333333333,0.2647058823529412,0.3973509933774834
1258,0.4796747967479675,0.4358974358974359,0.3194444444444444,0.29333333333333333,0.2647058823529412,0.3973509933774834
1259,0.4796747967479675,0.4358974358974359,0.3194444444444444,0.29333333333333333,0.2647058823529412,0.3973509933774834
1260,0.4796747967479675,0.4358974358974359,0.3194444444444444,0.29333333333333333,0.2647058823529412,0.3973509933774834
1261,0.4796747967479675,0.4358974358974359,0.3194444444444444,0.29333333333333333,0.2647058823529412,0.3973509933774834
1262,0.4796747967479675,0.4358974358974359,0.3194444444444444,0.29333333333333333,0.2647058823529412,0.3973509933774834
1263,0.4796747967479675,0.4358974358974359,0.3194444444444444,0.29333333333333333,0.2647058823529412,0.3973509933774834
1264,0.4796747967479675,0.4358974358974359,0.3194444444444444,0.29333333333333333,0.2647058823529412,0.3973509933774834
1265,0.4796747967479675,0.4358974358974359,0.3194444444444444,0.29333333333333333,0.2647058823529412,0.3973509933774834
1266,0.4796747967479675,0.4358974358974359,0.3194444444444444,0.29333333333333333,0.2647058823529412,0.3973509933774834
1267,0.4796747967479675,0.4394904458598726,0.3194444444444444,0.29333333333333333,0.2647058823529412,0.3973509933774834
1268,0.4796747967479675,0.4430379746835443,0.3194444444444444,0.29333333333333333,0.2647058823529412,0.3973509933774834
1269,0.4796747967479675,0.44025157232704404,0.3194444444444444,0.29333333333333333,0.2647058823529412,0.3973509933774834
1270,0.4796747967479675,0.44025157232704404,0.3194444444444444,0.29333333333333333,0.2647058823529412,0.3973509933774834
1271,0.4796747967479675,0.44025157232704404,0.3194444444444444,0.29333333333333333,0.2647058823529412,0.3973509933774834
1272,0.4796747967479675,0.44025157232704404,0.3194444444444444,0.29333333333333333,0.2647058823529412,0.3973509933774834
1273,0.4796747967479675,0.44025157232704404,0.3194444444444444,0.29333333333333333,0.2647058823529412,0.39473684210526316
1274,0.4796747967479675,0.44025157232704404,0.3194444444444444,0.29333333333333333,0.2647058823529412,0.39473684210526316
1275,0.4796747967479675,0.44025157232704404,0.3194444444444444,0.29333333333333333,0.2647058823529412,0.39473684210526316
1276,0.4796747967479675,0.44025157232704404,0.3194444444444444,0.29333333333333333,0.2647058823529412,0.39473684210526316
1277,0.4796747967479675,0.44025157232704404,0.3194444444444444,0.29333333333333333,0.2647058823529412,0.39473684210526316
1278,0.4796747967479675,0.44025157232704404,0.3194444444444444,0.29333333333333333,0.2647058823529412,0.39473684210526316
1279,0.4796747967479675,0.44025157232704404,0.3150684931506849,0.29333333333333333,0.2647058823529412,0.39215686274509803
1280,0.4796747967479675,0.44025157232704404,0.3150684931506849,0.29333333333333333,0.2647058823529412,0.39215686274509803
1281,0.4796747967479675,0.44025157232704404,0.3150684931506849,0.29333333333333333,0.2647058823529412,0.39215686274509803
1282,0.4796747967479675,0.44025157232704404,0.3150684931506849,0.29333333333333333,0.2647058823529412,0.39215686274509803
1283,0.4796747967479675,0.44025157232704404,0.3150684931506849,0.29333333333333333,0.2647058823529412,0.3961038961038961
1284,0.47580645161290325,0.4375,0.3108108108108108,0.2894736842105263,0.2608695652173913,0.3961038961038961
1285,0.47580645161290325,0.4375,0.32,0.2987012987012987,0.2714285714285714,0.3961038961038961
1286,0.47580645161290325,0.4375,0.32,0.2987012987012987,0.2714285714285714,0.3961038961038961
1287,0.47580645161290325,0.4375,0.32,0.2987012987012987,0.2714285714285714,0.3961038961038961
1288,0.47580645161290325,0.4375,0.32,0.2987012987012987,0.2714285714285714,0.3961038961038961
1289,0.47580645161290325,0.4375,0.32,0.2987012987012987,0.2714285714285714,0.3961038961038961
1290,0.47580645161290325,0.4375,0.32,0.2987012987012987,0.2714285714285714,0.3935483870967742
1291,0.48,0.4409937888198758,0.32,0.2987012987012987,0.2714285714285714,0.3935483870967742
1292,0.48,0.4409937888198758,0.32,0.2987012987012987,0.2714285714285714,0.391025641025641
1293,0.48,0.4409937888198758,0.32,0.2987012987012987,0.2714285714285714,0.391025641025641
1294,0.47619047619047616,0.4382716049382716,0.32,0.2987012987012987,0.2714285714285714,0.391025641025641
1295,0.47619047619047616,0.4382716049382716,0.32,0.2987012987012987,0.2714285714285714,0.391025641025641
1296,0.47619047619047616,0.4382716049382716,0.32,0.2987012987012987,0.2714285714285714,0.391025641025641
1297,0.47619047619047616,0.4382716049382716,0.32,0.2987012987012987,0.2714285714285714,0.391025641025641
1298,0.47619047619047616,0.4382716049382716,0.32,0.2987012987012987,0.2714285714285714,0.39490445859872614
1299,0.47619047619047616,0.4382716049382716,0.32,0.2987012987012987,0.2714285714285714,0.39490445859872614
1300,0.47619047619047616,0.4382716049382716,0.32,0.2987012987012987,0.2714285714285714,0.39490445859872614
1301,0.47619047619047616,0.4382716049382716,0.32,0.2987012987012987,0.2714285714285714,0.39490445859872614
1302,0.47619047619047616,0.4382716049382716,0.32,0.2987012987012987,0.2714285714285714,0.39490445859872614
1303,0.47619047619047616,0.4382716049382716,0.32,0.2987012987012987,0.2676056338028169,0.39490445859872614
1304,0.47619047619047616,0.4382716049382716,0.32,0.2987012987012987,0.2676056338028169,0.39490445859872614
1305,0.47619047619047616,0.4382716049382716,0.32,0.2987012987012987,0.2676056338028169,0.39490445859872614
1306,0.47619047619047616,0.4382716049382716,0.32,0.2987012987012987,0.2676056338028169,0.39490445859872614
1307,0.47619047619047616,0.4382716049382716,0.32,0.2987012987012987,0.2676056338028169,0.39490445859872614
1308,0.47619047619047616,0.4382716049382716,0.32,0.2987012987012987,0.2676056338028169,0.39490445859872614
1309,0.47244094488188976,0.4382716049382716,0.3157894736842105,0.2948717948717949,0.2638888888888889,0.39490445859872614
1310,0.47244094488188976,0.4382716049382716,0.3157894736842105,0.2948717948717949,0.2638888888888889,0.39490445859872614
1311,0.47244094488188976,0.4382716049382716,0.3157894736842105,0.2948717948717949,0.2638888888888889,0.39490445859872614
1312,0.47244094488188976,0.4382716049382716,0.3157894736842105,0.2948717948717949,0.2638888888888889,0.3924050632911392
1313,0.47244094488188976,0.4382716049382716,0.3157894736842105,0.2948717948717949,0.2638888888888889,0.389937106918239
1314,0.47244094488188976,0.43558282208588955,0.3116883116883117,0.2911392405063291,0.2602739726027397,0.389937106918239
1315,0.47244094488188976,0.4329268292682927,0.3076923076923077,0.2875,0.25675675675675674,0.3875
1316,0.47244094488188976,0.4329268292682927,0.3076923076923077,0.2875,0.25675675675675674,0.3875
1317,0.47244094488188976,0.4329268292682927,0.3076923076923077,0.2875,0.25675675675675674,0.3875
1318,0.47244094488188976,0.4329268292682927,0.3076923076923077,0.2875,0.25675675675675674,0.3875
1319,0.47244094488188976,0.4329268292682927,0.3076923076923077,0.2875,0.25675675675675674,0.3875
1320,0.47244094488188976,0.4329268292682927,0.3076923076923077,0.2875,0.25675675675675674,0.3875
1321,0.47244094488188976,0.4329268292682927,0.3076923076923077,0.2875,0.25675675675675674,0.3875
1322,0.47244094488188976,0.4329268292682927,0.3076923076923077,0.2875,0.25675675675675674,0.3875
1323,0.46875,0.4329268292682927,0.3037974683544304,0.2875,0.25333333333333335,0.3875
1324,0.46875,0.4329268292682927,0.3037974683544304,0.2875,0.25333333333333335,0.3875
1325,0.46875,0.4303030303030303,0.3037974683544304,0.2875,0.25333333333333335,0.3875
1326,0.46875,0.4303030303030303,0.3037974683544304,0.2875,0.25333333333333335,0.3875
1327,0.46875,0.4303030303030303,0.3037974683544304,0.2875,0.25333333333333335,0.391304347826087
1328,0.46511627906976744,0.42771084337349397,0.3,0.2839506172839506,0.25,0.391304347826087
1329,0.46153846153846156,0.42771084337349397,0.3,0.2839506172839506,0.25,0.391304347826087
1330,0.46153846153846156,0.42771084337349397,0.3,0.2839506172839506,0.25,0.391304347826087
1331,0.46153846153846156,0.42771084337349397,0.3,0.2839506172839506,0.25,0.391304347826087
1332,0.46153846153846156,0.42771084337349397,0.3,0.2839506172839506,0.25,0.391304347826087
1333,0.46153846153846156,0.42771084337349397,0.3,0.2839506172839506,0.25,0.391304347826087
1334,0.46153846153846156,0.42771084337349397,0.3,0.2839506172839506,0.25,0.391304347826087
1335,0.46153846153846156,0.42771084337349397,0.3,0.2839506172839506,0.25,0.391304347826087
1336,0.46153846153846156,0.42771084337349397,0.3,0.2839506172839506,0.25,0.3950617283950617
1337,0.46153846153846156,0.42771084337349397,0.3,0.2839506172839506,0.25,0.3950617283950617
1338,0.46153846153846156,0.42771084337349397,0.3,0.2839506172839506,0.25,0.3950617283950617
1339,0.46153846153846156,0.4251497005988024,0.3,0.2839506172839506,0.25,0.3950617283950617
1340,0.46153846153846156,0.4251497005988024,0.3,0.2839506172839506,0.25,0.3950617283950617
1341,0.46153846153846156,0.4251497005988024,0.3,0.2839506172839506,0.25,0.3950617283950617
1342,0.46153846153846156,0.4251497005988024,0.3,0.2839506172839506,0.25,0.3950617283950617
1343,0.46153846153846156,0.4251497005988024,0.3,0.2839506172839506,0.25,0.3950617283950617
1344,0.4580152671755725,0.4226190476190476,0.2962962962962963,0.2804878048780488,0.24675324675324675,0.3950617283950617
1345,0.4580152671755725,0.4226190476190476,0.2962962962962963,0.2804878048780488,0.24675324675324675,0.3950617283950617
1346,0.4580152671755725,0.4226190476190476,0.2962962962962963,0.2804878048780488,0.24675324675324675,0.39263803680981596
1347,0.4580152671755725,0.4226190476190476,0.2962962962962963,0.2804878048780488,0.24675324675324675,0.39263803680981596
1348,0.4580152671755725,0.4226190476190476,0.2962962962962963,0.2891566265060241,0.2564102564102564,0.39263803680981596
1349,0.4580152671755725,0.4226190476190476,0.2962962962962963,0.2891566265060241,0.2564102564102564,0.39263803680981596
1350,0.4580152671755725,0.4226190476190476,0.2962962962962963,0.2891566265060241,0.2564102564102564,0.39263803680981596
1351,0.4580152671755725,0.4226190476190476,0.2962962962962963,0.2891566265060241,0.2564102564102564,0.39263803680981596
1352,0.4580152671755725,0.4226190476190476,0.2962962962962963,0.2857142857142857,0.25316455696202533,0.39263803680981596
1353,0.4580152671755725,0.4226190476190476,0.3048780487804878,0.29411764705882354,0.2625,0.39263803680981596
1354,0.4580152671755725,0.4226190476190476,0.3048780487804878,0.29411764705882354,0.2625,0.39263803680981596
1355,0.4580152671755725,0.4260355029585799,0.3048780487804878,0.29411764705882354,0.2625,0.39263803680981596
1356,0.4580152671755725,0.4260355029585799,0.3048780487804878,0.29411764705882354,0.2625,0.39263803680981596
1357,0.4580152671755725,0.4260355029585799,0.3048780487804878,0.29411764705882354,0.2625,0.39263803680981596
1358,0.45454545454545453,0.4235294117647059,0.30120481927710846,0.29069767441860467,0.25925925925925924,0.39263803680981596
1359,0.45864661654135336,0.4269005847953216,0.30120481927710846,0.29069767441860467,0.25925925925925924,0.39263803680981596
1360,0.45864661654135336,0.4269005847953216,0.30120481927710846,0.29069767441860467,0.25925925925925924,0.39263803680981596
1361,0.45864661654135336,0.4269005847953216,0.30120481927710846,0.29069767441860467,0.25925925925925924,0.39263803680981596
1362,0.45864661654135336,0.4269005847953216,0.30120481927710846,0.29069767441860467,0.25925925925925924,0.39263803680981596
1363,0.45864661654135336,0.4269005847953216,0.30120481927710846,0.29069767441860467,0.25925925925925924,0.39634146341463417
1364,0.45864661654135336,0.4269005847953216,0.30120481927710846,0.29069767441860467,0.25925925925925924,0.39634146341463417
1365,0.45864661654135336,0.4269005847953216,0.30120481927710846,0.29069767441860467,0.25925925925925924,0.39634146341463417
1366,0.45864661654135336,0.4269005847953216,0.2976190476190476,0.29069767441860467,0.25925925925925924,0.39634146341463417
1367,0.45864661654135336,0.4269005847953216,0.2976190476190476,0.29069767441860467,0.25925925925925924,0.39634146341463417
1368,0.45864661654135336,0.4269005847953216,0.2976190476190476,0.29069767441860467,0.25925925925925924,0.39634146341463417
1369,0.45864661654135336,0.4269005847953216,0.2976190476190476,0.29069767441860467,0.25925925925925924,0.39634146341463417
1370,0.45864661654135336,0.4269005847953216,0.29411764705882354,0.28735632183908044,0.25609756097560976,0.39634146341463417
1371,0.45864661654135336,0.4269005847953216,0.29411764705882354,0.28735632183908044,0.25609756097560976,0.39634146341463417
1372,0.45864661654135336,0.4269005847953216,0.29411764705882354,0.28735632183908044,0.25609756097560976,0.4
1373,0.45864661654135336,0.4269005847953216,0.29411764705882354,0.28735632183908044,0.25609756097560976,0.4
1374,0.45864661654135336,0.4269005847953216,0.29411764705882354,0.28735632183908044,0.25609756097560976,0.4
1375,0.45864661654135336,0.4269005847953216,0.29411764705882354,0.2840909090909091,0.25301204819277107,0.4
1376,0.45864661654135336,0.4269005847953216,0.29411764705882354,0.2840909090909091,0.25301204819277107,0.4
1377,0.45864661654135336,0.4269005847953216,0.29411764705882354,0.2840909090909091,0.25301204819277107,0.4
1378,0.45864661654135336,0.4269005847953216,0.29411764705882354,0.2840909090909091,0.25301204819277107,0.4
1379,0.4552238805970149,0.4269005847953216,0.29411764705882354,0.2840909090909091,0.25301204819277107,0.4
1380,0.4552238805970149,0.4269005847953216,0.29411764705882354,0.2840909090909091,0.25301204819277107,0.4
1381,0.4552238805970149,0.4269005847953216,0.29411764705882354,0.2840909090909091,0.25301204819277107,0.4
1382,0.4552238805970149,0.4269005847953216,0.29411764705882354,0.2840909090909091,0.25301204819277107,0.4
1383,0.4552238805970149,0.4269005847953216,0.29411764705882354,0.2840909090909091,0.25301204819277107,0.4
1384,0.4552238805970149,0.4269005847953216,0.29411764705882354,0.2840909090909091,0.25301204819277107,0.4
1385,0.4552238805970149,0.4269005847953216,0.3023255813953488,0.29213483146067415,0.2619047619047619,0.4
1386,0.4552238805970149,0.4269005847953216,0.3023255813953488,0.29213483146067415,0.2619047619047619,0.4
1387,0.4552238805970149,0.4269005847953216,0.3023255813953488,0.29213483146067415,0.2619047619047619,0.4
1388,0.4552238805970149,0.4269005847953216,0.3023255813953488,0.29213483146067415,0.2619047619047619,0.4
1389,0.4552238805970149,0.4269005847953216,0.3023255813953488,0.29213483146067415,0.2619047619047619,0.4
1390,0.4552238805970149,0.4269005847953216,0.3023255813953488,0.29213483146067415,0.2619047619047619,0.4
1391,0.4552238805970149,0.4269005847953216,0.3023255813953488,0.29213483146067415,0.2619047619047619,0.4
1392,0.4552238805970149,0.4269005847953216,0.3023255813953488,0.29213483146067415,0.2619047619047619,0.39759036144578314
1393,0.4552238805970149,0.4269005847953216,0.3023255813953488,0.29213483146067415,0.2619047619047619,0.39759036144578314
1394,0.4552238805970149,0.4269005847953216,0.3023255813953488,0.29213483146067415,0.2619047619047619,0.39759036144578314
1395,0.4552238805970149,0.42441860465116277,0.3023255813953488,0.29213483146067415,0.2619047619047619,0.39520958083832336
1396,0.4552238805970149,0.42441860465116277,0.3023255813953488,0.29213483146067415,0.2619047619047619,0.39520958083832336
1397,0.4552238805970149,0.42441860465116277,0.2988505747126437,0.28888888888888886,0.25882352941176473,0.39520958083832336
1398,0.4552238805970149,0.42441860465116277,0.2988505747126437,0.28888888888888886,0.25882352941176473,0.39520958083832336
1399,0.4552238805970149,0.42441860465116277,0.2988505747126437,0.28888888888888886,0.25882352941176473,0.39520958083832336
1400,0.45185185185185184,0.42196531791907516,0.2988505747126437,0.28888888888888886,0.25882352941176473,0.39520958083832336
1401,0.45185185185185184,0.42196531791907516,0.2988505747126437,0.28888888888888886,0.25882352941176473,0.39520958083832336
1402,0.45185185185185184,0.42196531791907516,0.2988505747126437,0.28888888888888886,0.25882352941176473,0.39520958083832336
1403,0.45185185185185184,0.42196531791907516,0.2988505747126437,0.28888888888888886,0.25882352941176473,0.39520958083832336
1404,0.45185185185185184,0.42196531791907516,0.2988505747126437,0.2857142857142857,0.25882352941176473,0.39520958083832336
1405,0.45185185185185184,0.42196531791907516,0.2988505747126437,0.2857142857142857,0.25882352941176473,0.39520958083832336
1406,0.45588235294117646,0.42528735632183906,0.2988505747126437,0.2857142857142857,0.25882352941176473,0.39520958083832336
1407,0.45255474452554745,0.42528735632183906,0.29545454545454547,0.2826086956521739,0.2558139534883721,0.39520958083832336
1408,0.45255474452554745,0.42528735632183906,0.29545454545454547,0.2826086956521739,0.2558139534883721,0.39520958083832336
1409,0.45255474452554745,0.42528735632183906,0.29545454545454547,0.2826086956521739,0.2558139534883721,0.39520958083832336
1410,0.45255474452554745,0.42528735632183906,0.29545454545454547,0.2826086956521739,0.2558139534883721,0.39520958083832336
1411,0.45255474452554745,0.42528735632183906,0.29545454545454547,0.2826086956521739,0.2558139534883721,0.39520958083832336
1412,0.45255474452554745,0.42528735632183906,0.29545454545454547,0.2826086956521739,0.2558139534883721,0.39520958083832336
1413,0.45255474452554745,0.42528735632183906,0.29545454545454547,0.2826086956521739,0.2558139534883721,0.39285714285714285
1414,0.45255474452554745,0.42528735632183906,0.29545454545454547,0.2826086956521739,0.2558139534883721,0.39285714285714285
1415,0.45255474452554745,0.42528735632183906,0.29545454545454547,0.2826086956521739,0.2558139534883721,0.39285714285714285
1416,0.45255474452554745,0.4228571428571429,0.29213483146067415,0.27956989247311825,0.25287356321839083,0.39285714285714285
1417,0.45255474452554745,0.4228571428571429,0.29213483146067415,0.27956989247311825,0.25287356321839083,0.39285714285714285
1418,0.45255474452554745,0.4228571428571429,0.29213483146067415,0.27956989247311825,0.25287356321839083,0.3905325443786982
1419,0.45255474452554745,0.4228571428571429,0.29213483146067415,0.27956989247311825,0.25287356321839083,0.3905325443786982
1420,0.45255474452554745,0.4228571428571429,0.29213483146067415,0.27956989247311825,0.25287356321839083,0.3905325443786982
1421,0.45255474452554745,0.4228571428571429,0.29213483146067415,0.27956989247311825,0.25287356321839083,0.38823529411764707
1422,0.45255474452554745,0.4228571428571429,0.29213483146067415,0.27956989247311825,0.25287356321839083,0.38823529411764707
1423,0.45255474452554745,0.4228571428571429,0.29213483146067415,0.27956989247311825,0.25287356321839083,0.38823529411764707
1424,0.4492753623188406,0.4228571428571429,0.29213483146067415,0.27956989247311825,0.25287356321839083,0.38823529411764707
1425,0.4492753623188406,0.4228571428571429,0.3,0.2872340425531915,0.26136363636363635,0.38823529411764707
1426,0.4492753623188406,0.4228571428571429,0.3,0.2872340425531915,0.26136363636363635,0.38823529411764707
1427,0.4492753623188406,0.4228571428571429,0.3,0.2872340425531915,0.26136363636363635,0.38823529411764707
1428,0.4492753623188406,0.4228571428571429,0.3,0.2872340425531915,0.26136363636363635,0.38823529411764707
1429,0.4492753623188406,0.4228571428571429,0.2967032967032967,0.2872340425531915,0.25842696629213485,0.38823529411764707
1430,0.4492753623188406,0.4228571428571429,0.30434782608695654,0.29473684210526313,0.26666666666666666,0.38823529411764707
1431,0.4492753623188406,0.4228571428571429,0.30434782608695654,0.29473684210526313,0.26666666666666666,0.38823529411764707
1432,0.4492753623188406,0.4228571428571429,0.30434782608695654,0.29473684210526313,0.26666666666666666,0.38823529411764707
1433,0.4492753623188406,0.4228571428571429,0.30434782608695654,0.29473684210526313,0.26666666666666666,0.38823529411764707
1434,0.4492753623188406,0.4228571428571429,0.30434782608695654,0.29473684210526313,0.26666666666666666,0.38823529411764707
1435,0.4492753623188406,0.4228571428571429,0.30434782608695654,0.29473684210526313,0.26666666666666666,0.38823529411764707
1436,0.4492753623188406,0.4228571428571429,0.30434782608695654,0.29473684210526313,0.26666666666666666,0.38823529411764707
1437,0.4492753623188406,0.4228571428571429,0.30434782608695654,0.29473684210526313,0.26666666666666666,0.38823529411764707
1438,0.4492753623188406,0.4228571428571429,0.3010752688172043,0.2916666666666667,0.26373626373626374,0.38596491228070173
1439,0.4492753623188406,0.4228571428571429,0.3010752688172043,0.2916666666666667,0.26373626373626374,0.38596491228070173
1440,0.4492753623188406,0.4228571428571429,0.3010752688172043,0.2916666666666667,0.26373626373626374,0.38596491228070173
1441,0.4492753623188406,0.4228571428571429,0.3010752688172043,0.2916666666666667,0.26373626373626374,0.38596491228070173
1442,0.4492753623188406,0.4228571428571429,0.3010752688172043,0.2916666666666667,0.26373626373626374,0.38372093023255816
1443,0.4492753623188406,0.4228571428571429,0.3010752688172043,0.2916666666666667,0.26373626373626374,0.38372093023255816
1444,0.4492753623188406,0.4228571428571429,0.2978723404255319,0.2916666666666667,0.2608695652173913,0.38372093023255816
1445,0.4492753623188406,0.4228571428571429,0.2978723404255319,0.2916666666666667,0.2608695652173913,0.38372093023255816
1446,0.4492753623188406,0.4228571428571429,0.2978723404255319,0.2916666666666667,0.2608695652173913,0.38372093023255816
1447,0.4492753623188406,0.4228571428571429,0.2978723404255319,0.2916666666666667,0.2608695652173913,0.38372093023255816
1448,0.4492753623188406,0.4228571428571429,0.2978723404255319,0.2916666666666667,0.2608695652173913,0.38372093023255816
1449,0.4492753623188406,0.4228571428571429,0.2978723404255319,0.2916666666666667,0.2608695652173913,0.38372093023255816
1450,0.4492753623188406,0.4228571428571429,0.2978723404255319,0.2916666666666667,0.2608695652173913,0.38372093023255816
1451,0.4492753623188406,0.4228571428571429,0.2978723404255319,0.2916666666666667,0.2608695652173913,0.38372093023255816
1452,0.4492753623188406,0.4228571428571429,0.2978723404255319,0.2916666666666667,0.2608695652173913,0.38372093023255816
1453,0.4492753623188406,0.4228571428571429,0.2978723404255319,0.2916666666666667,0.2608695652173913,0.38372093023255816
1454,0.4492753623188406,0.4228571428571429,0.2978723404255319,0.2916666666666667,0.2608695652173913,0.38372093023255816
1455,0.4492753623188406,0.4228571428571429,0.2978723404255319,0.2916666666666667,0.2608695652173913,0.38372093023255816
1456,0.4492753623188406,0.4228571428571429,0.2978723404255319,0.2916666666666667,0.2608695652173913,0.38372093023255816
1457,0.4492753623188406,0.4228571428571429,0.2978723404255319,0.2916666666666667,0.2608695652173913,0.38372093023255816
1458,0.4492753623188406,0.4228571428571429,0.2978723404255319,0.2916666666666667,0.2608695652173913,0.38372093023255816
1459,0.4492753623188406,0.4228571428571429,0.2978723404255319,0.2916666666666667,0.2608695652173913,0.38372093023255816
1460,0.45323741007194246,0.42613636363636365,0.2978723404255319,0.2916666666666667,0.2608695652173913,0.38372093023255816
1461,0.45323741007194246,0.42613636363636365,0.2978723404255319,0.2916666666666667,0.2608695652173913,0.38372093023255816
1462,0.45323741007194246,0.42613636363636365,0.2978723404255319,0.2916666666666667,0.2608695652173913,0.38372093023255816
1463,0.45323741007194246,0.42613636363636365,0.2978723404255319,0.2916666666666667,0.2608695652173913,0.38372093023255816
1464,0.45323741007194246,0.42613636363636365,0.2978723404255319,0.2916666666666667,0.2608695652173913,0.38372093023255816
1465,0.45323741007194246,0.42613636363636365,0.2978723404255319,0.2916666666666667,0.2608695652173913,0.38372093023255816
1466,0.45323741007194246,0.42613636363636365,0.2978723404255319,0.2916666666666667,0.2608695652173913,0.38372093023255816
1467,0.45323741007194246,0.42613636363636365,0.2978723404255319,0.2916666666666667,0.2608695652173913,0.3815028901734104
1468,0.45,0.423728813559322,0.2978723404255319,0.2916666666666667,0.2608695652173913,0.3815028901734104
1469,0.45,0.423728813559322,0.2978723404255319,0.2916666666666667,0.2608695652173913,0.3815028901734104
1470,0.45,0.423728813559322,0.2978723404255319,0.2916666666666667,0.2608695652173913,0.3815028901734104
1471,0.45,0.423728813559322,0.2978723404255319,0.2916666666666667,0.2608695652173913,0.3793103448275862
1472,0.45,0.42134831460674155,0.2978723404255319,0.2916666666666667,0.2608695652173913,0.3793103448275862
1473,0.45,0.42134831460674155,0.2978723404255319,0.2916666666666667,0.2608695652173913,0.3793103448275862
1474,0.45,0.42134831460674155,0.2978723404255319,0.2916666666666667,0.2608695652173913,0.3793103448275862
1475,0.45,0.42134831460674155,0.2978723404255319,0.2916666666666667,0.2608695652173913,0.3793103448275862
1476,0.45,0.42134831460674155,0.29473684210526313,0.28865979381443296,0.25806451612903225,0.3793103448275862
1477,0.45,0.42134831460674155,0.29473684210526313,0.28865979381443296,0.25806451612903225,0.3793103448275862
1478,0.45,0.4245810055865922,0.29473684210526313,0.28865979381443296,0.25806451612903225,0.3793103448275862
1479,0.45,0.4245810055865922,0.29473684210526313,0.28865979381443296,0.25806451612903225,0.3793103448275862
1480,0.45,0.4245810055865922,0.2916666666666667,0.28865979381443296,0.25806451612903225,0.3793103448275862
1481,0.45,0.4245810055865922,0.2916666666666667,0.28865979381443296,0.25806451612903225,0.3793103448275862
1482,0.45,0.4245810055865922,0.2916666666666667,0.28865979381443296,0.25806451612903225,0.3793103448275862
1483,0.45,0.4245810055865922,0.2916666666666667,0.28865979381443296,0.25806451612903225,0.38285714285714284
1484,0.44680851063829785,0.4245810055865922,0.2916666666666667,0.28865979381443296,0.25806451612903225,0.38285714285714284
1485,0.44680851063829785,0.4245810055865922,0.2916666666666667,0.28865979381443296,0.25806451612903225,0.38285714285714284
1486,0.44680851063829785,0.4222222222222222,0.2916666666666667,0.28865979381443296,0.2553191489361702,0.38285714285714284
1487,0.44680851063829785,0.4198895027624309,0.2916666666666667,0.28865979381443296,0.2553191489361702,0.38285714285714284
1488,0.44680851063829785,0.4198895027624309,0.2916666666666667,0.28865979381443296,0.2553191489361702,0.38285714285714284
1489,0.44366197183098594,0.4175824175824176,0.2916666666666667,0.28865979381443296,0.2553191489361702,0.38285714285714284
1490,0.44366197183098594,0.4175824175824176,0.2916666666666667,0.28865979381443296,0.2553191489361702,0.38285714285714284
1491,0.44366197183098594,0.4175824175824176,0.2916666666666667,0.28865979381443296,0.2553191489361702,0.38285714285714284
1492,0.44366197183098594,0.4175824175824176,0.2916666666666667,0.28865979381443296,0.2553191489361702,0.3806818181818182
1493,0.44366197183098594,0.4175824175824176,0.2916666666666667,0.28865979381443296,0.2553191489361702,0.3806818181818182
1494,0.44366197183098594,0.4175824175824176,0.2916666666666667,0.28865979381443296,0.2553191489361702,0.3806818181818182
1495,0.44366197183098594,0.4175824175824176,0.2916666666666667,0.28865979381443296,0.2553191489361702,0.3806818181818182
1496,0.44366197183098594,0.4175824175824176,0.2916666666666667,0.28865979381443296,0.2553191489361702,0.3806818181818182
1497,0.44366197183098594,0.4175824175824176,0.2916666666666667,0.28865979381443296,0.2553191489361702,0.3806818181818182
1498,0.44366197183098594,0.4207650273224044,0.29896907216494845,0.28865979381443296,0.2553191489361702,0.3806818181818182
1499,0.44366197183098594,0.4207650273224044,0.29896907216494845,0.28865979381443296,0.2553191489361702,0.3806818181818182
1500,0.44366197183098594,0.4207650273224044,0.29896907216494845,0.28865979381443296,0.2553191489361702,0.3806818181818182
1501,0.44366197183098594,0.4207650273224044,0.29896907216494845,0.28865979381443296,0.2553191489361702,0.3806818181818182
1502,0.44366197183098594,0.4207650273224044,0.29896907216494845,0.28865979381443296,0.2553191489361702,0.3806818181818182
1503,0.44366197183098594,0.4207650273224044,0.29896907216494845,0.28865979381443296,0.2553191489361702,0.3806818181818182
1504,0.44366197183098594,0.4207650273224044,0.29896907216494845,0.28865979381443296,0.2553191489361702,0.3806818181818182
1505,0.44366197183098594,0.4207650273224044,0.29896907216494845,0.28865979381443296,0.2553191489361702,0.3806818181818182
1506,0.44366197183098594,0.4207650273224044,0.29896907216494845,0.28865979381443296,0.2553191489361702,0.3806818181818182
1507,0.44366197183098594,0.4207650273224044,0.29896907216494845,0.28865979381443296,0.2553191489361702,0.3806818181818182
1508,0.44366197183098594,0.4207650273224044,0.29896907216494845,0.28865979381443296,0.2553191489361702,0.3806818181818182
1509,0.44366197183098594,0.4207650273224044,0.29896907216494845,0.28865979381443296,0.2553191489361702,0.3785310734463277
1510,0.44366197183098594,0.4207650273224044,0.29896907216494845,0.28865979381443296,0.2553191489361702,0.3785310734463277
1511,0.44366197183098594,0.41847826086956524,0.29896907216494845,0.28865979381443296,0.2553191489361702,0.3785310734463277
1512,0.44366197183098594,0.41847826086956524,0.30612244897959184,0.29591836734693877,0.2631578947368421,0.3785310734463277
1513,0.44366197183098594,0.41847826086956524,0.30612244897959184,0.29591836734693877,0.2631578947368421,0.3785310734463277
1514,0.44366197183098594,0.42162162162162165,0.30612244897959184,0.29591836734693877,0.2631578947368421,0.3785310734463277
1515,0.44366197183098594,0.42162162162162165,0.30612244897959184,0.29591836734693877,0.2631578947368421,0.3785310734463277
1516,0.44366197183098594,0.42162162162162165,0.30612244897959184,0.29591836734693877,0.2631578947368421,0.3785310734463277
1517,0.44366197183098594,0.42162162162162165,0.30612244897959184,0.29591836734693877,0.2631578947368421,0.3785310734463277
1518,0.44366197183098594,0.42162162162162165,0.30612244897959184,0.29591836734693877,0.2631578947368421,0.3785310734463277
1519,0.44366197183098594,0.42162162162162165,0.30612244897959184,0.29591836734693877,0.2631578947368421,0.3785310734463277
1520,0.44366197183098594,0.42162162162162165,0.30612244897959184,0.29591836734693877,0.2631578947368421,0.3785310734463277
1521,0.44366197183098594,0.42162162162162165,0.30612244897959184,0.29591836734693877,0.2631578947368421,0.3785310734463277
1522,0.44755244755244755,0.42162162162162165,0.31313131313131315,0.29591836734693877,0.2631578947368421,0.38202247191011235
1523,0.44755244755244755,0.42162162162162165,0.31313131313131315,0.29591836734693877,0.2631578947368421,0.38202247191011235
1524,0.44755244755244755,0.42162162162162165,0.31313131313131315,0.29591836734693877,0.2631578947368421,0.3854748603351955
1525,0.44755244755244755,0.42162162162162165,0.32,0.29591836734693877,0.2631578947368421,0.3854748603351955
1526,0.44755244755244755,0.42162162162162165,0.32,0.29591836734693877,0.2631578947368421,0.3854748603351955
1527,0.44755244755244755,0.42162162162162165,0.31683168316831684,0.29292929292929293,0.2604166666666667,0.3854748603351955
1528,0.44755244755244755,0.42162162162162165,0.3235294117647059,0.3,0.26804123711340205,0.3854748603351955
1529,0.44755244755244755,0.42162162162162165,0.3235294117647059,0.3,0.26804123711340205,0.3854748603351955
1530,0.44755244755244755,0.42162162162162165,0.3235294117647059,0.3,0.26804123711340205,0.3854748603351955
1531,0.44755244755244755,0.42162162162162165,0.3235294117647059,0.3,0.26804123711340205,0.3854748603351955
1532,0.44755244755244755,0.42162162162162165,0.3235294117647059,0.3,0.26804123711340205,0.3854748603351955
1533,0.4513888888888889,0.42162162162162165,0.3235294117647059,0.3,0.26804123711340205,0.3854748603351955
1534,0.45517241379310347,0.42162162162162165,0.3235294117647059,0.3,0.26804123711340205,0.3854748603351955
1535,0.4520547945205479,0.42162162162162165,0.32038834951456313,0.297029702970297,0.2653061224489796,0.3854748603351955
1536,0.4520547945205479,0.42162162162162165,0.32038834951456313,0.297029702970297,0.2653061224489796,0.3854748603351955
1537,0.4520547945205479,0.42162162162162165,0.32038834951456313,0.297029702970297,0.2653061224489796,0.3854748603351955
1538,0.4520547945205479,0.42162162162162165,0.32038834951456313,0.297029702970297,0.2653061224489796,0.3854748603351955
1539,0.4520547945205479,0.42162162162162165,0.32038834951456313,0.297029702970297,0.2653061224489796,0.3854748603351955
1540,0.4520547945205479,0.42162162162162165,0.3269230769230769,0.297029702970297,0.2653061224489796,0.3854748603351955
1541,0.4520547945205479,0.42162162162162165,0.3269230769230769,0.297029702970297,0.2653061224489796,0.3854748603351955
1542,0.4520547945205479,0.42162162162162165,0.3238095238095238,0.29411764705882354,0.26262626262626265,0.3854748603351955
1543,0.4520547945205479,0.41935483870967744,0.32075471698113206,0.2912621359223301,0.26,0.3854748603351955
1544,0.4520547945205479,0.41935483870967744,0.32075471698113206,0.2912621359223301,0.26,0.3854748603351955
1545,0.4489795918367347,0.41935483870967744,0.3177570093457944,0.28846153846153844,0.25742574257425743,0.3854748603351955
1546,0.4489795918367347,0.41935483870967744,0.32407407407407407,0.29523809523809524,0.2647058823529412,0.3854748603351955
1547,0.4489795918367347,0.41935483870967744,0.32407407407407407,0.29523809523809524,0.2647058823529412,0.3854748603351955
1548,0.4489795918367347,0.41935483870967744,0.32407407407407407,0.29523809523809524,0.2647058823529412,0.3854748603351955
1549,0.4489795918367347,0.42245989304812837,0.32407407407407407,0.29523809523809524,0.2647058823529412,0.3854748603351955
1550,0.4489795918367347,0.42245989304812837,0.32407407407407407,0.29523809523809524,0.2647058823529412,0.3854748603351955
1551,0.4489795918367347,0.42245989304812837,0.32407407407407407,0.29523809523809524,0.2647058823529412,0.38333333333333336
1552,0.4489795918367347,0.42245989304812837,0.32407407407407407,0.29523809523809524,0.2647058823529412,0.38333333333333336
1553,0.4489795918367347,0.42245989304812837,0.32407407407407407,0.29523809523809524,0.2647058823529412,0.38333333333333336
1554,0.4489795918367347,0.42245989304812837,0.32407407407407407,0.29523809523809524,0.2647058823529412,0.38333333333333336
1555,0.44594594594594594,0.42245989304812837,0.3211009174311927,0.29245283018867924,0.2621359223300971,0.38333333333333336
1556,0.44594594594594594,0.42245989304812837,0.3211009174311927,0.29245283018867924,0.2621359223300971,0.38333333333333336
1557,0.44594594594594594,0.42245989304812837,0.3211009174311927,0.29245283018867924,0.2621359223300971,0.38333333333333336
1558,0.44594594594594594,0.42245989304812837,0.3211009174311927,0.29245283018867924,0.2621359223300971,0.38333333333333336
1559,0.44594594594594594,0.42245989304812837,0.3181818181818182,0.2897196261682243,0.25961538461538464,0.38333333333333336
1560,0.44594594594594594,0.42245989304812837,0.3153153153153153,0.28703703703703703,0.2571428571428571,0.3812154696132597
1561,0.44594594594594594,0.42245989304812837,0.3153153153153153,0.28703703703703703,0.2571428571428571,0.3812154696132597
1562,0.44594594594594594,0.42245989304812837,0.3153153153153153,0.28703703703703703,0.2571428571428571,0.3812154696132597
1563,0.44594594594594594,0.42245989304812837,0.3125,0.28440366972477066,0.25471698113207547,0.3812154696132597
1564,0.44594594594594594,0.42245989304812837,0.3185840707964602,0.28440366972477066,0.25471698113207547,0.3812154696132597
1565,0.44594594594594594,0.42245989304812837,0.3185840707964602,0.28440366972477066,0.25471698113207547,0.3812154696132597
1566,0.44594594594594594,0.42245989304812837,0.3185840707964602,0.28440366972477066,0.25471698113207547,0.3791208791208791
1567,0.44594594594594594,0.42245989304812837,0.3185840707964602,0.28440366972477066,0.25471698113207547,0.3791208791208791
1568,0.44594594594594594,0.42245989304812837,0.3185840707964602,0.28440366972477066,0.25471698113207547,0.3770491803278688
1569,0.4429530201342282,0.42021276595744683,0.3185840707964602,0.2818181818181818,0.2523364485981308,0.3770491803278688
1570,0.4429530201342282,0.42021276595744683,0.3185840707964602,0.2818181818181818,0.2523364485981308,0.3770491803278688
1571,0.4429530201342282,0.42021276595744683,0.3185840707964602,0.2818181818181818,0.2523364485981308,0.3770491803278688
1572,0.4429530201342282,0.42021276595744683,0.3185840707964602,0.2818181818181818,0.2523364485981308,0.3770491803278688
1573,0.44666666666666666,0.42328042328042326,0.3185840707964602,0.2818181818181818,0.2523364485981308,0.3770491803278688
1574,0.44666666666666666,0.42328042328042326,0.3185840707964602,0.2818181818181818,0.2523364485981308,0.3804347826086957
1575,0.44666666666666666,0.42328042328042326,0.3185840707964602,0.2818181818181818,0.2523364485981308,0.3804347826086957
1576,0.44666666666666666,0.42328042328042326,0.3185840707964602,0.2818181818181818,0.2523364485981308,0.3783783783783784
1577,0.44666666666666666,0.42328042328042326,0.3185840707964602,0.2818181818181818,0.2523364485981308,0.3783783783783784
1578,0.44666666666666666,0.42328042328042326,0.3185840707964602,0.2818181818181818,0.2523364485981308,0.3783783783783784
1579,0.44666666666666666,0.42328042328042326,0.3185840707964602,0.2818181818181818,0.2523364485981308,0.3783783783783784
1580,0.44666666666666666,0.42328042328042326,0.3185840707964602,0.2818181818181818,0.2523364485981308,0.3783783783783784
1581,0.44666666666666666,0.42328042328042326,0.3185840707964602,0.2818181818181818,0.2523364485981308,0.3783783783783784
1582,0.44666666666666666,0.42328042328042326,0.3185840707964602,0.2818181818181818,0.2523364485981308,0.3783783783783784
1583,0.44666666666666666,0.42328042328042326,0.3185840707964602,0.2818181818181818,0.2523364485981308,0.3783783783783784
1584,0.44666666666666666,0.42328042328042326,0.3185840707964602,0.2818181818181818,0.2523364485981308,0.3783783783783784
1585,0.44666666666666666,0.42328042328042326,0.3185840707964602,0.2818181818181818,0.2523364485981308,0.3783783783783784
1586,0.44666666666666666,0.42328042328042326,0.3157894736842105,0.2818181818181818,0.2523364485981308,0.3763440860215054
1587,0.44666666666666666,0.42328042328042326,0.3157894736842105,0.2818181818181818,0.2523364485981308,0.3763440860215054
1588,0.44666666666666666,0.42328042328042326,0.3157894736842105,0.2818181818181818,0.2523364485981308,0.3763440860215054
1589,0.44666666666666666,0.42328042328042326,0.3157894736842105,0.2818181818181818,0.2523364485981308,0.3763440860215054
1590,0.4503311258278146,0.42328042328042326,0.3217391304347826,0.2882882882882883,0.25925925925925924,0.3763440860215054
1591,0.4473684210526316,0.42328042328042326,0.31896551724137934,0.2882882882882883,0.25688073394495414,0.37433155080213903
1592,0.4473684210526316,0.42328042328042326,0.31896551724137934,0.2882882882882883,0.25688073394495414,0.37433155080213903
1593,0.4473684210526316,0.42328042328042326,0.31896551724137934,0.2882882882882883,0.25688073394495414,0.37433155080213903
1594,0.4473684210526316,0.42328042328042326,0.31896551724137934,0.2882882882882883,0.25688073394495414,0.37433155080213903
1595,0.4473684210526316,0.42328042328042326,0.31896551724137934,0.2882882882882883,0.25688073394495414,0.37433155080213903
1596,0.4473684210526316,0.42328042328042326,0.31896551724137934,0.2882882882882883,0.25688073394495414,0.37433155080213903
1597,0.4473684210526316,0.42328042328042326,0.31896551724137934,0.2882882882882883,0.25688073394495414,0.37433155080213903
1598,0.4473684210526316,0.42328042328042326,0.3162393162393162,0.2857142857142857,0.2545454545454545,0.37433155080213903
1599,0.4473684210526316,0.42328042328042326,0.3135593220338983,0.2831858407079646,0.25225225225225223,0.37433155080213903
1600,0.4444444444444444,0.42328042328042326,0.3135593220338983,0.2831858407079646,0.25225225225225223,0.37433155080213903
1601,0.4444444444444444,0.42328042328042326,0.3135593220338983,0.2831858407079646,0.25225225225225223,0.37433155080213903
1602,0.4444444444444444,0.42328042328042326,0.3135593220338983,0.2831858407079646,0.25225225225225223,0.3723404255319149
1603,0.44155844155844154,0.42105263157894735,0.3135593220338983,0.2831858407079646,0.25225225225225223,0.3723404255319149
1604,0.44155844155844154,0.42105263157894735,0.3135593220338983,0.2831858407079646,0.25225225225225223,0.37037037037037035
1605,0.44155844155844154,0.42105263157894735,0.31932773109243695,0.2831858407079646,0.25225225225225223,0.37037037037037035
1606,0.44155844155844154,0.42105263157894735,0.31932773109243695,0.2831858407079646,0.25225225225225223,0.37037037037037035
1607,0.44155844155844154,0.418848167539267,0.31932773109243695,0.2831858407079646,0.25225225225225223,0.37037037037037035
1608,0.44155844155844154,0.418848167539267,0.31666666666666665,0.2807017543859649,0.25,0.37037037037037035
1609,0.44155844155844154,0.418848167539267,0.31666666666666665,0.2807017543859649,0.25,0.37037037037037035
1610,0.44155844155844154,0.418848167539267,0.31666666666666665,0.2807017543859649,0.25,0.3736842105263158
1611,0.44155844155844154,0.418848167539267,0.31666666666666665,0.2807017543859649,0.25,0.3736842105263158
1612,0.44155844155844154,0.418848167539267,0.31666666666666665,0.2807017543859649,0.25,0.3736842105263158
1613,0.43870967741935485,0.418848167539267,0.3140495867768595,0.2807017543859649,0.24778761061946902,0.3736842105263158
1614,0.43870967741935485,0.418848167539267,0.3140495867768595,0.2807017543859649,0.24778761061946902,0.3736842105263158
1615,0.43870967741935485,0.418848167539267,0.3140495867768595,0.2807017543859649,0.24778761061946902,0.3736842105263158
1616,0.43870967741935485,0.418848167539267,0.3140495867768595,0.2807017543859649,0.24778761061946902,0.3736842105263158
1617,0.43870967741935485,0.418848167539267,0.3140495867768595,0.2807017543859649,0.24778761061946902,0.3736842105263158
1618,0.43870967741935485,0.418848167539267,0.3140495867768595,0.2807017543859649,0.24778761061946902,0.3736842105263158
1619,0.43870967741935485,0.418848167539267,0.3140495867768595,0.2807017543859649,0.24778761061946902,0.3736842105263158
1620,0.43870967741935485,0.418848167539267,0.3140495867768595,0.2807017543859649,0.24778761061946902,0.3736842105263158
1621,0.43870967741935485,0.418848167539267,0.3114754098360656,0.2807017543859649,0.24778761061946902,0.3736842105263158
1622,0.43870967741935485,0.418848167539267,0.3114754098360656,0.2807017543859649,0.24778761061946902,0.3736842105263158
1623,0.43870967741935485,0.418848167539267,0.3114754098360656,0.2807017543859649,0.24778761061946902,0.3736842105263158
1624,0.43870967741935485,0.418848167539267,0.3114754098360656,0.2807017543859649,0.24778761061946902,0.3736842105263158
1625,0.43870967741935485,0.421875,0.3114754098360656,0.2807017543859649,0.24778761061946902,0.3736842105263158
1626,0.43870967741935485,0.421875,0.3114754098360656,0.2807017543859649,0.24778761061946902,0.3769633507853403
1627,0.43870967741935485,0.421875,0.3089430894308943,0.2807017543859649,0.24778761061946902,0.3769633507853403
1628,0.43870967741935485,0.421875,0.3089430894308943,0.2807017543859649,0.24778761061946902,0.3769633507853403
1629,0.43870967741935485,0.421875,0.31451612903225806,0.2807017543859649,0.24778761061946902,0.3769633507853403
1630,0.43870967741935485,0.421875,0.31451612903225806,0.2807017543859649,0.24778761061946902,0.3769633507853403
1631,0.43870967741935485,0.42487046632124353,0.31451612903225806,0.2807017543859649,0.24778761061946902,0.3769633507853403
1632,0.4423076923076923,0.42487046632124353,0.31451612903225806,0.2807017543859649,0.24778761061946902,0.3802083333333333
1633,0.4423076923076923,0.42487046632124353,0.31451612903225806,0.2807017543859649,0.24778761061946902,0.3802083333333333
1634,0.4423076923076923,0.42487046632124353,0.31451612903225806,0.2807017543859649,0.24778761061946902,0.3802083333333333
1635,0.4423076923076923,0.42487046632124353,0.31451612903225806,0.2807017543859649,0.24778761061946902,0.3802083333333333
1636,0.4423076923076923,0.42487046632124353,0.31451612903225806,0.2807017543859649,0.24778761061946902,0.3802083333333333
1637,0.4423076923076923,0.42783505154639173,0.31451612903225806,0.2807017543859649,0.24778761061946902,0.3802083333333333
1638,0.4423076923076923,0.42783505154639173,0.31451612903225806,0.2807017543859649,0.24778761061946902,0.3802083333333333
1639,0.4423076923076923,0.42783505154639173,0.312,0.2782608695652174,0.24561403508771928,0.37823834196891193
1640,0.4423076923076923,0.42783505154639173,0.312,0.2782608695652174,0.24561403508771928,0.37823834196891193
1641,0.4423076923076923,0.42783505154639173,0.312,0.2782608695652174,0.24561403508771928,0.37823834196891193
1642,0.4423076923076923,0.42783505154639173,0.312,0.2782608695652174,0.24561403508771928,0.37823834196891193
1643,0.4423076923076923,0.42783505154639173,0.312,0.2782608695652174,0.24561403508771928,0.37823834196891193
1644,0.4423076923076923,0.42783505154639173,0.312,0.2782608695652174,0.24561403508771928,0.37823834196891193
1645,0.4423076923076923,0.42783505154639173,0.312,0.2782608695652174,0.24561403508771928,0.37823834196891193
1646,0.4423076923076923,0.42783505154639173,0.312,0.2782608695652174,0.24561403508771928,0.37823834196891193
1647,0.4423076923076923,0.4256410256410256,0.30952380952380953,0.2782608695652174,0.24561403508771928,0.37823834196891193
1648,0.4423076923076923,0.4256410256410256,0.30952380952380953,0.2782608695652174,0.24561403508771928,0.38144329896907214
1649,0.4423076923076923,0.4256410256410256,0.30952380952380953,0.2782608695652174,0.24561403508771928,0.38144329896907214
1650,0.4423076923076923,0.4256410256410256,0.30952380952380953,0.2782608695652174,0.24561403508771928,0.38144329896907214
1651,0.4394904458598726,0.4256410256410256,0.30952380952380953,0.2782608695652174,0.24561403508771928,0.38144329896907214
1652,0.4394904458598726,0.4256410256410256,0.30952380952380953,0.2782608695652174,0.24561403508771928,0.38144329896907214
1653,0.4394904458598726,0.4256410256410256,0.30952380952380953,0.2782608695652174,0.24561403508771928,0.38144329896907214
1654,0.4394904458598726,0.4256410256410256,0.30952380952380953,0.27586206896551724,0.24347826086956523,0.38144329896907214
1655,0.4394904458598726,0.4256410256410256,0.30708661417322836,0.27350427350427353,0.2413793103448276,0.38144329896907214
1656,0.4430379746835443,0.4256410256410256,0.30708661417322836,0.27350427350427353,0.2413793103448276,0.38144329896907214
1657,0.4430379746835443,0.4256410256410256,0.30708661417322836,0.27350427350427353,0.2413793103448276,0.38144329896907214
1658,0.4430379746835443,0.4256410256410256,0.30708661417322836,0.27350427350427353,0.2413793103448276,0.38144329896907214
1659,0.4430379746835443,0.4256410256410256,0.3046875,0.27350427350427353,0.2413793103448276,0.38144329896907214
1660,0.4430379746835443,0.4256410256410256,0.3046875,0.27350427350427353,0.2413793103448276,0.38144329896907214
1661,0.4430379746835443,0.4256410256410256,0.3046875,0.2796610169491525,0.24786324786324787,0.38144329896907214
1662,0.4430379746835443,0.4256410256410256,0.3046875,0.2796610169491525,0.24786324786324787,0.38144329896907214
1663,0.4430379746835443,0.4256410256410256,0.3046875,0.2796610169491525,0.24786324786324787,0.38144329896907214
1664,0.4430379746835443,0.4256410256410256,0.3046875,0.2796610169491525,0.24786324786324787,0.38144329896907214
1665,0.44025157232704404,0.42346938775510207,0.3046875,0.2796610169491525,0.24786324786324787,0.38144329896907214
1666,0.44025157232704404,0.42346938775510207,0.3046875,0.2796610169491525,0.24786324786324787,0.38144329896907214
1667,0.44025157232704404,0.42346938775510207,0.3046875,0.2796610169491525,0.24786324786324787,0.38144329896907214
1668,0.44025157232704404,0.42346938775510207,0.3046875,0.2796610169491525,0.24786324786324787,0.38144329896907214
1669,0.44025157232704404,0.42346938775510207,0.3046875,0.2796610169491525,0.24786324786324787,0.38144329896907214
1670,0.44025157232704404,0.42346938775510207,0.3023255813953488,0.2796610169491525,0.2457627118644068,0.38144329896907214
1671,0.4375,0.42346938775510207,0.3,0.2773109243697479,0.24369747899159663,0.38144329896907214
1672,0.43478260869565216,0.42346938775510207,0.3,0.2773109243697479,0.24369747899159663,0.38144329896907214
1673,0.43478260869565216,0.42346938775510207,0.3,0.2773109243697479,0.24369747899159663,0.38144329896907214
1674,0.43478260869565216,0.42346938775510207,0.3,0.2773109243697479,0.24369747899159663,0.38144329896907214
1675,0.43478260869565216,0.42346938775510207,0.3,0.2773109243697479,0.24369747899159663,0.38144329896907214
1676,0.43478260869565216,0.42346938775510207,0.3,0.2773109243697479,0.24369747899159663,0.38144329896907214
1677,0.43478260869565216,0.42346938775510207,0.3,0.2773109243697479,0.24369747899159663,0.38144329896907214
1678,0.43478260869565216,0.4213197969543147,0.3,0.2773109243697479,0.24369747899159663,0.38144329896907214
1679,0.43478260869565216,0.4213197969543147,0.3,0.2773109243697479,0.24369747899159663,0.38144329896907214
1680,0.43478260869565216,0.4213197969543147,0.3,0.2833333333333333,0.24369747899159663,0.38461538461538464
1681,0.43478260869565216,0.4213197969543147,0.3,0.2833333333333333,0.24369747899159663,0.3877551020408163
1682,0.43478260869565216,0.4213197969543147,0.3,0.2833333333333333,0.24369747899159663,0.3877551020408163
1683,0.43478260869565216,0.4213197969543147,0.3,0.2833333333333333,0.24369747899159663,0.3877551020408163
1684,0.43478260869565216,0.4213197969543147,0.3,0.2809917355371901,0.24166666666666667,0.38578680203045684
1685,0.43478260869565216,0.4213197969543147,0.3,0.2809917355371901,0.24166666666666667,0.38578680203045684
1686,0.43478260869565216,0.4213197969543147,0.3,0.2809917355371901,0.24166666666666667,0.38578680203045684
1687,0.4382716049382716,0.4213197969543147,0.3,0.2809917355371901,0.24166666666666667,0.38578680203045684
1688,0.4382716049382716,0.4213197969543147,0.3,0.28688524590163933,0.24793388429752067,0.38578680203045684
1689,0.4382716049382716,0.4213197969543147,0.3,0.28688524590163933,0.24793388429752067,0.38578680203045684
1690,0.4382716049382716,0.4213197969543147,0.3,0.28688524590163933,0.24793388429752067,0.38578680203045684
1691,0.4382716049382716,0.4213197969543147,0.3,0.28688524590163933,0.24793388429752067,0.38578680203045684
1692,0.4382716049382716,0.4213197969543147,0.3,0.28688524590163933,0.24793388429752067,0.38578680203045684
1693,0.4382716049382716,0.4213197969543147,0.3,0.28688524590163933,0.24793388429752067,0.38578680203045684
1694,0.4382716049382716,0.4213197969543147,0.29770992366412213,0.28688524590163933,0.24793388429752067,0.3838383838383838
1695,0.43558282208588955,0.41919191919191917,0.29770992366412213,0.28688524590163933,0.24793388429752067,0.3838383838383838
1696,0.43558282208588955,0.41919191919191917,0.29770992366412213,0.28688524590163933,0.24793388429752067,0.3838383838383838
1697,0.43558282208588955,0.41919191919191917,0.29770992366412213,0.28688524590163933,0.24793388429752067,0.3838383838383838
1698,0.43558282208588955,0.4221105527638191,0.29770992366412213,0.28688524590163933,0.24793388429752067,0.3838383838383838
1699,0.4329268292682927,0.4221105527638191,0.29770992366412213,0.2845528455284553,0.24793388429752067,0.3838383838383838
1700,0.4329268292682927,0.4221105527638191,0.29770992366412213,0.28225806451612906,0.2459016393442623,0.38190954773869346
1701,0.4329268292682927,0.4221105527638191,0.29770992366412213,0.28225806451612906,0.2459016393442623,0.38190954773869346
1702,0.4329268292682927,0.4221105527638191,0.29770992366412213,0.28225806451612906,0.2459016393442623,0.38
1703,0.4329268292682927,0.4221105527638191,0.29770992366412213,0.28225806451612906,0.2459016393442623,0.38
1704,0.4329268292682927,0.4221105527638191,0.29770992366412213,0.28225806451612906,0.2459016393442623,0.38
1705,0.4329268292682927,0.425,0.29770992366412213,0.28225806451612906,0.2459016393442623,0.38
1706,0.4329268292682927,0.425,0.29770992366412213,0.28,0.24390243902439024,0.38
1707,0.4329268292682927,0.425,0.29770992366412213,0.28,0.24390243902439024,0.38
1708,0.4329268292682927,0.425,0.29770992366412213,0.28,0.24390243902439024,0.38
1709,0.4329268292682927,0.425,0.29545454545454547,0.28,0.24390243902439024,0.38
1710,0.4329268292682927,0.425,0.2932330827067669,0.28,0.24390243902439024,0.38
1711,0.4329268292682927,0.425,0.2932330827067669,0.28,0.24390243902439024,0.38
1712,0.4329268292682927,0.42786069651741293,0.2932330827067669,0.28,0.24390243902439024,0.38
1713,0.4329268292682927,0.42786069651741293,0.2932330827067669,0.28,0.24390243902439024,0.38
1714,0.43636363636363634,0.4306930693069307,0.2932330827067669,0.28,0.24390243902439024,0.38
1715,0.43373493975903615,0.42857142857142855,0.291044776119403,0.2777777777777778,0.24193548387096775,0.38
1716,0.43373493975903615,0.42857142857142855,0.291044776119403,0.2777777777777778,0.24193548387096775,0.38
1717,0.43373493975903615,0.42857142857142855,0.291044776119403,0.2777777777777778,0.24193548387096775,0.38
1718,0.43373493975903615,0.42857142857142855,0.291044776119403,0.2777777777777778,0.24193548387096775,0.38
1719,0.43373493975903615,0.42857142857142855,0.291044776119403,0.2777777777777778,0.24193548387096775,0.38
1720,0.43373493975903615,0.42857142857142855,0.291044776119403,0.2777777777777778,0.24193548387096775,0.38
1721,0.4311377245508982,0.42857142857142855,0.28888888888888886,0.2755905511811024,0.24,0.38
1722,0.4311377245508982,0.43137254901960786,0.28888888888888886,0.28125,0.24603174603174602,0.38
1723,0.4311377245508982,0.43137254901960786,0.28888888888888886,0.28125,0.24603174603174602,0.38
1724,0.4311377245508982,0.43137254901960786,0.28888888888888886,0.28125,0.24603174603174602,0.38
1725,0.4311377245508982,0.43414634146341463,0.28888888888888886,0.28125,0.24603174603174602,0.38
1726,0.4311377245508982,0.43414634146341463,0.28888888888888886,0.28125,0.24603174603174602,0.38
1727,0.4311377245508982,0.43414634146341463,0.28888888888888886,0.28125,0.24603174603174602,0.38
1728,0.4311377245508982,0.43414634146341463,0.28888888888888886,0.28125,0.24603174603174602,0.38
1729,0.4311377245508982,0.43414634146341463,0.28888888888888886,0.28125,0.24603174603174602,0.38
1730,0.4311377245508982,0.43414634146341463,0.28888888888888886,0.28125,0.24603174603174602,0.38
1731,0.4311377245508982,0.43414634146341463,0.28888888888888886,0.28125,0.24603174603174602,0.38
1732,0.4311377245508982,0.43414634146341463,0.28888888888888886,0.28125,0.24603174603174602,0.38
1733,0.4311377245508982,0.4320388349514563,0.2867647058823529,0.27906976744186046,0.2440944881889764,0.38
1734,0.4311377245508982,0.4320388349514563,0.2867647058823529,0.27906976744186046,0.2440944881889764,0.38
1735,0.4311377245508982,0.43478260869565216,0.2867647058823529,0.27906976744186046,0.2440944881889764,0.38
1736,0.4311377245508982,0.43478260869565216,0.2867647058823529,0.27906976744186046,0.2440944881889764,0.38
1737,0.4311377245508982,0.43478260869565216,0.2867647058823529,0.27906976744186046,0.2440944881889764,0.38
1738,0.4311377245508982,0.43478260869565216,0.2867647058823529,0.27906976744186046,0.2440944881889764,0.38
1739,0.4311377245508982,0.43478260869565216,0.291970802919708,0.27906976744186046,0.2440944881889764,0.38
1740,0.4311377245508982,0.43478260869565216,0.291970802919708,0.27906976744186046,0.2440944881889764,0.38
1741,0.4311377245508982,0.43478260869565216,0.291970802919708,0.27906976744186046,0.2440944881889764,0.38
1742,0.4311377245508982,0.43478260869565216,0.291970802919708,0.27906976744186046,0.2440944881889764,0.38
1743,0.4311377245508982,0.43478260869565216,0.291970802919708,0.27906976744186046,0.2440944881889764,0.38
1744,0.4311377245508982,0.43478260869565216,0.291970802919708,0.27906976744186046,0.2440944881889764,0.38
1745,0.4311377245508982,0.43478260869565216,0.291970802919708,0.27906976744186046,0.2440944881889764,0.38
1746,0.4311377245508982,0.43478260869565216,0.291970802919708,0.27906976744186046,0.2440944881889764,0.38
1747,0.4311377245508982,0.43478260869565216,0.2898550724637681,0.27692307692307694,0.2421875,0.38
1748,0.4311377245508982,0.43478260869565216,0.2898550724637681,0.27692307692307694,0.2421875,0.38
1749,0.4311377245508982,0.4326923076923077,0.2898550724637681,0.27692307692307694,0.2421875,0.38
1750,0.4311377245508982,0.4326923076923077,0.2898550724637681,0.27692307692307694,0.2421875,0.38
1751,0.4311377245508982,0.4326923076923077,0.2898550724637681,0.27692307692307694,0.2421875,0.38
1752,0.43452380952380953,0.4326923076923077,0.2898550724637681,0.27692307692307694,0.2421875,0.38
1753,0.43452380952380953,0.4326923076923077,0.2949640287769784,0.2824427480916031,0.24806201550387597,0.38
1754,0.43452380952380953,0.4326923076923077,0.2949640287769784,0.2824427480916031,0.24806201550387597,0.38
1755,0.43452380952380953,0.4326923076923077,0.2949640287769784,0.2824427480916031,0.24806201550387597,0.38
1756,0.4319526627218935,0.430622009569378,0.29285714285714287,0.2824427480916031,0.24615384615384617,0.3781094527363184
1757,0.4319526627218935,0.430622009569378,0.29285714285714287,0.2878787878787879,0.25190839694656486,0.3781094527363184
1758,0.4319526627218935,0.430622009569378,0.29285714285714287,0.2878787878787879,0.25190839694656486,0.3811881188118812
1759,0.4319526627218935,0.430622009569378,0.29285714285714287,0.2878787878787879,0.25190839694656486,0.3811881188118812
1760,0.4319526627218935,0.430622009569378,0.29285714285714287,0.2878787878787879,0.25190839694656486,0.3811881188118812
1761,0.4319526627218935,0.430622009569378,0.29285714285714287,0.2878787878787879,0.25190839694656486,0.3811881188118812
1762,0.4294117647058823,0.430622009569378,0.29285714285714287,0.2878787878787879,0.25190839694656486,0.3793103448275862
1763,0.4294117647058823,0.430622009569378,0.29285714285714287,0.2878787878787879,0.25190839694656486,0.3793103448275862
1764,0.4294117647058823,0.430622009569378,0.29285714285714287,0.2878787878787879,0.25,0.3793103448275862
1765,0.4294117647058823,0.430622009569378,0.29285714285714287,0.2878787878787879,0.25,0.3793103448275862
1766,0.4294117647058823,0.430622009569378,0.29285714285714287,0.2878787878787879,0.25,0.3793103448275862
1767,0.4294117647058823,0.430622009569378,0.2978723404255319,0.2878787878787879,0.25,0.3793103448275862
1768,0.4294117647058823,0.430622009569378,0.29577464788732394,0.2878787878787879,0.25,0.3793103448275862
1769,0.4294117647058823,0.430622009569378,0.3006993006993007,0.2932330827067669,0.2556390977443609,0.3793103448275862
1770,0.4294117647058823,0.430622009569378,0.3006993006993007,0.2932330827067669,0.2556390977443609,0.3793103448275862
1771,0.4294117647058823,0.430622009569378,0.3006993006993007,0.2932330827067669,0.2556390977443609,0.3793103448275862
1772,0.4294117647058823,0.430622009569378,0.3006993006993007,0.2932330827067669,0.2556390977443609,0.3793103448275862
1773,0.4294117647058823,0.430622009569378,0.3006993006993007,0.2932330827067669,0.2556390977443609,0.3793103448275862
1774,0.4294117647058823,0.430622009569378,0.3006993006993007,0.2932330827067669,0.2556390977443609,0.38235294117647056
1775,0.4294117647058823,0.430622009569378,0.3055555555555556,0.29850746268656714,0.26119402985074625,0.38235294117647056
1776,0.4269005847953216,0.42857142857142855,0.30344827586206896,0.2962962962962963,0.25925925925925924,0.3804878048780488
1777,0.4269005847953216,0.42857142857142855,0.30344827586206896,0.2962962962962963,0.25925925925925924,0.3804878048780488
1778,0.4269005847953216,0.42857142857142855,0.30344827586206896,0.2962962962962963,0.25925925925925924,0.3804878048780488
1779,0.42441860465116277,0.42857142857142855,0.3013698630136986,0.29411764705882354,0.25735294117647056,0.3804878048780488
1780,0.42441860465116277,0.42857142857142855,0.3013698630136986,0.29411764705882354,0.25735294117647056,0.3804878048780488
1781,0.42441860465116277,0.42857142857142855,0.3013698630136986,0.29411764705882354,0.25735294117647056,0.3804878048780488
1782,0.42441860465116277,0.4312796208530806,0.3013698630136986,0.29411764705882354,0.25735294117647056,0.3804878048780488
1783,0.42441860465116277,0.42924528301886794,0.3013698630136986,0.29411764705882354,0.25735294117647056,0.3804878048780488
1784,0.42441860465116277,0.42924528301886794,0.3013698630136986,0.29411764705882354,0.25735294117647056,0.3786407766990291
1785,0.42441860465116277,0.42924528301886794,0.3013698630136986,0.29411764705882354,0.25735294117647056,0.3786407766990291
1786,0.42441860465116277,0.42924528301886794,0.3013698630136986,0.29411764705882354,0.25735294117647056,0.3786407766990291
1787,0.42196531791907516,0.4272300469483568,0.3013698630136986,0.29411764705882354,0.25735294117647056,0.3786407766990291
1788,0.42196531791907516,0.4272300469483568,0.3013698630136986,0.29411764705882354,0.25735294117647056,0.3786407766990291
1789,0.42196531791907516,0.4272300469483568,0.3013698630136986,0.29411764705882354,0.25735294117647056,0.3786407766990291
1790,0.42196531791907516,0.4272300469483568,0.3013698630136986,0.29411764705882354,0.25735294117647056,0.37681159420289856
1791,0.42196531791907516,0.42990654205607476,0.3013698630136986,0.29411764705882354,0.25735294117647056,0.37681159420289856
1792,0.42196531791907516,0.42990654205607476,0.3013698630136986,0.29411764705882354,0.25735294117647056,0.37681159420289856
1793,0.42196531791907516,0.42990654205607476,0.3013698630136986,0.29411764705882354,0.25735294117647056,0.37681159420289856
1794,0.42196531791907516,0.42990654205607476,0.3013698630136986,0.29411764705882354,0.25735294117647056,0.37681159420289856
1795,0.41954022988505746,0.42990654205607476,0.29931972789115646,0.291970802919708,0.25547445255474455,0.37681159420289856
1796,0.41954022988505746,0.42990654205607476,0.29931972789115646,0.291970802919708,0.25547445255474455,0.37681159420289856
1797,0.41954022988505746,0.42990654205607476,0.29931972789115646,0.291970802919708,0.25547445255474455,0.37681159420289856
1798,0.41954022988505746,0.42790697674418604,0.29931972789115646,0.291970802919708,0.25547445255474455,0.37681159420289856
1799,0.41954022988505746,0.42790697674418604,0.29931972789115646,0.291970802919708,0.25547445255474455,0.37681159420289856
1800,0.41954022988505746,0.42790697674418604,0.29931972789115646,0.2898550724637681,0.2536231884057971,0.37681159420289856
1801,0.41954022988505746,0.42592592592592593,0.29931972789115646,0.28776978417266186,0.2517985611510791,0.37681159420289856
1802,0.41954022988505746,0.42592592592592593,0.29931972789115646,0.28776978417266186,0.2517985611510791,0.37681159420289856
1803,0.41954022988505746,0.42592592592592593,0.29931972789115646,0.28776978417266186,0.2517985611510791,0.37681159420289856
1804,0.41714285714285715,0.423963133640553,0.29931972789115646,0.28776978417266186,0.2517985611510791,0.37681159420289856
1805,0.41714285714285715,0.423963133640553,0.29931972789115646,0.28776978417266186,0.2517985611510791,0.37681159420289856
1806,0.4147727272727273,0.423963133640553,0.2972972972972973,0.2857142857142857,0.25,0.37681159420289856
1807,0.4124293785310734,0.423963133640553,0.2972972972972973,0.2857142857142857,0.25,0.375
1808,0.4124293785310734,0.423963133640553,0.2972972972972973,0.2857142857142857,0.25,0.375
1809,0.4124293785310734,0.423963133640553,0.2972972972972973,0.2857142857142857,0.25,0.375
1810,0.4124293785310734,0.423963133640553,0.2972972972972973,0.2857142857142857,0.25,0.375
1811,0.4124293785310734,0.423963133640553,0.2972972972972973,0.2857142857142857,0.25,0.375
1812,0.4124293785310734,0.423963133640553,0.2972972972972973,0.2857142857142857,0.25,0.375
1813,0.4124293785310734,0.423963133640553,0.2972972972972973,0.2857142857142857,0.25,0.375
1814,0.4124293785310734,0.423963133640553,0.2972972972972973,0.2857142857142857,0.25,0.375
1815,0.4101123595505618,0.423963133640553,0.2972972972972973,0.2857142857142857,0.25,0.375
1816,0.4101123595505618,0.423963133640553,0.2972972972972973,0.2857142857142857,0.25,0.375
1817,0.4101123595505618,0.423963133640553,0.2972972972972973,0.2857142857142857,0.25,0.375
1818,0.40782122905027934,0.42201834862385323,0.2972972972972973,0.2857142857142857,0.25,0.375
1819,0.40555555555555556,0.42201834862385323,0.2953020134228188,0.28368794326241137,0.24822695035460993,0.37320574162679426
1820,0.40331491712707185,0.42201834862385323,0.2953020134228188,0.28169014084507044,0.24647887323943662,0.37142857142857144
1821,0.40331491712707185,0.42201834862385323,0.2953020134228188,0.27972027972027974,0.24475524475524477,0.37142857142857144
1822,0.40331491712707185,0.42201834862385323,0.2953020134228188,0.27972027972027974,0.24475524475524477,0.37142857142857144
1823,0.40331491712707185,0.42201834862385323,0.2953020134228188,0.27972027972027974,0.24475524475524477,0.37142857142857144
1824,0.40331491712707185,0.42201834862385323,0.2953020134228188,0.27972027972027974,0.24475524475524477,0.37142857142857144
1825,0.40331491712707185,0.42201834862385323,0.2953020134228188,0.27972027972027974,0.24475524475524477,0.37142857142857144
1826,0.40331491712707185,0.42201834862385323,0.2953020134228188,0.27972027972027974,0.24475524475524477,0.37142857142857144
1827,0.40331491712707185,0.42201834862385323,0.29333333333333333,0.27972027972027974,0.24305555555555555,0.37142857142857144
1828,0.40331491712707185,0.42201834862385323,0.29333333333333333,0.27972027972027974,0.24305555555555555,0.37142857142857144
1829,0.4010989010989011,0.4200913242009132,0.29333333333333333,0.27972027972027974,0.24305555555555555,0.37142857142857144
1830,0.4010989010989011,0.4200913242009132,0.29333333333333333,0.27972027972027974,0.24305555555555555,0.37142857142857144
1831,0.4010989010989011,0.4200913242009132,0.29333333333333333,0.27972027972027974,0.24305555555555555,0.37142857142857144
1832,0.4010989010989011,0.4200913242009132,0.2913907284768212,0.27972027972027974,0.24305555555555555,0.37142857142857144
1833,0.4010989010989011,0.4200913242009132,0.2913907284768212,0.27972027972027974,0.24305555555555555,0.37142857142857144
1834,0.4010989010989011,0.4200913242009132,0.2913907284768212,0.27972027972027974,0.24305555555555555,0.37142857142857144
1835,0.4010989010989011,0.4200913242009132,0.2913907284768212,0.27972027972027974,0.24305555555555555,0.37142857142857144
1836,0.4010989010989011,0.4200913242009132,0.2913907284768212,0.27972027972027974,0.24305555555555555,0.3696682464454976
1837,0.4010989010989011,0.4200913242009132,0.2913907284768212,0.27972027972027974,0.24305555555555555,0.3696682464454976
1838,0.4010989010989011,0.4200913242009132,0.2913907284768212,0.27972027972027974,0.24305555555555555,0.3696682464454976
1839,0.4010989010989011,0.4200913242009132,0.2913907284768212,0.27972027972027974,0.24305555555555555,0.3696682464454976
1840,0.40437158469945356,0.42272727272727273,0.29605263157894735,0.27972027972027974,0.24305555555555555,0.3696682464454976
1841,0.40437158469945356,0.42272727272727273,0.3006535947712418,0.2847222222222222,0.2482758620689655,0.3696682464454976
1842,0.40437158469945356,0.42272727272727273,0.3006535947712418,0.2847222222222222,0.2482758620689655,0.3696682464454976
1843,0.40437158469945356,0.42272727272727273,0.3006535947712418,0.2847222222222222,0.2482758620689655,0.36792452830188677
1844,0.40437158469945356,0.42272727272727273,0.3006535947712418,0.2847222222222222,0.2482758620689655,0.36792452830188677
1845,0.40437158469945356,0.42272727272727273,0.3006535947712418,0.2847222222222222,0.2482758620689655,0.36792452830188677
1846,0.40437158469945356,0.42272727272727273,0.3006535947712418,0.2896551724137931,0.2482758620689655,0.36792452830188677
1847,0.40437158469945356,0.4253393665158371,0.3006535947712418,0.2896551724137931,0.2482758620689655,0.37089201877934275
1848,0.40437158469945356,0.4253393665158371,0.3006535947712418,0.2896551724137931,0.2482758620689655,0.37383177570093457
1849,0.40437158469945356,0.4253393665158371,0.3006535947712418,0.2896551724137931,0.2482758620689655,0.37383177570093457
1850,0.40437158469945356,0.4253393665158371,0.3006535947712418,0.2896551724137931,0.2482758620689655,0.37383177570093457
1851,0.40437158469945356,0.4253393665158371,0.3006535947712418,0.2896551724137931,0.2482758620689655,0.37383177570093457
1852,0.4076086956521739,0.4253393665158371,0.3006535947712418,0.2896551724137931,0.2482758620689655,0.37383177570093457
1853,0.4076086956521739,0.4253393665158371,0.3006535947712418,0.2896551724137931,0.2482758620689655,0.37209302325581395
1854,0.4076086956521739,0.4253393665158371,0.3006535947712418,0.2945205479452055,0.2534246575342466,0.37209302325581395
1855,0.4076086956521739,0.4253393665158371,0.3006535947712418,0.2945205479452055,0.2534246575342466,0.37209302325581395
1856,0.41081081081081083,0.4253393665158371,0.3006535947712418,0.2945205479452055,0.2534246575342466,0.37209302325581395
1857,0.41081081081081083,0.4253393665158371,0.3006535947712418,0.2945205479452055,0.2534246575342466,0.37037037037037035
1858,0.41081081081081083,0.4253393665158371,0.3006535947712418,0.2945205479452055,0.2534246575342466,0.3686635944700461
1859,0.41081081081081083,0.4253393665158371,0.3006535947712418,0.2945205479452055,0.2534246575342466,0.3686635944700461
1860,0.41081081081081083,0.4253393665158371,0.3006535947712418,0.2945205479452055,0.2534246575342466,0.3686635944700461
1861,0.41081081081081083,0.4253393665158371,0.3006535947712418,0.2945205479452055,0.2534246575342466,0.3686635944700461
1862,0.40860215053763443,0.42342342342342343,0.2987012987012987,0.2945205479452055,0.2534246575342466,0.3686635944700461
1863,0.40860215053763443,0.42342342342342343,0.2967741935483871,0.2925170068027211,0.25170068027210885,0.3669724770642202
1864,0.40860215053763443,0.42342342342342343,0.2967741935483871,0.2925170068027211,0.25170068027210885,0.3669724770642202
1865,0.40860215053763443,0.42342342342342343,0.2967741935483871,0.2925170068027211,0.25170068027210885,0.3669724770642202
1866,0.40860215053763443,0.42342342342342343,0.2967741935483871,0.2925170068027211,0.25170068027210885,0.3669724770642202
1867,0.40860215053763443,0.42342342342342343,0.2967741935483871,0.2925170068027211,0.25170068027210885,0.3669724770642202
1868,0.40860215053763443,0.42342342342342343,0.2948717948717949,0.2925170068027211,0.25170068027210885,0.3669724770642202
1869,0.40860215053763443,0.42342342342342343,0.2948717948717949,0.2925170068027211,0.25170068027210885,0.3669724770642202
1870,0.40860215053763443,0.42342342342342343,0.2948717948717949,0.2925170068027211,0.25170068027210885,0.3669724770642202
1871,0.40641711229946526,0.42342342342342343,0.2929936305732484,0.2925170068027211,0.25170068027210885,0.365296803652968
1872,0.40641711229946526,0.42342342342342343,0.2929936305732484,0.2925170068027211,0.25170068027210885,0.365296803652968
1873,0.40641711229946526,0.42342342342342343,0.2929936305732484,0.2925170068027211,0.25170068027210885,0.365296803652968
1874,0.40641711229946526,0.42342342342342343,0.2929936305732484,0.2925170068027211,0.25170068027210885,0.365296803652968
1875,0.40641711229946526,0.42342342342342343,0.2929936305732484,0.2925170068027211,0.25170068027210885,0.365296803652968
1876,0.40641711229946526,0.42342342342342343,0.2929936305732484,0.2925170068027211,0.25170068027210885,0.365296803652968
1877,0.40641711229946526,0.4260089686098655,0.2929936305732484,0.2925170068027211,0.25170068027210885,0.36818181818181817
1878,0.40641711229946526,0.4260089686098655,0.2929936305732484,0.2925170068027211,0.25170068027210885,0.36818181818181817
1879,0.40641711229946526,0.4260089686098655,0.2929936305732484,0.2925170068027211,0.25170068027210885,0.36818181818181817
1880,0.40641711229946526,0.4260089686098655,0.2929936305732484,0.2925170068027211,0.25170068027210885,0.36818181818181817
1881,0.40641711229946526,0.4260089686098655,0.2929936305732484,0.2925170068027211,0.25170068027210885,0.36818181818181817
1882,0.40641711229946526,0.4260089686098655,0.2929936305732484,0.2925170068027211,0.25170068027210885,0.36818181818181817
1883,0.40641711229946526,0.4260089686098655,0.2929936305732484,0.2925170068027211,0.25170068027210885,0.36818181818181817
1884,0.40641711229946526,0.4260089686098655,0.2911392405063291,0.2925170068027211,0.25170068027210885,0.36818181818181817
1885,0.40641711229946526,0.42857142857142855,0.2911392405063291,0.2925170068027211,0.25170068027210885,0.36818181818181817
1886,0.40641711229946526,0.42857142857142855,0.2911392405063291,0.2925170068027211,0.25170068027210885,0.36818181818181817
1887,0.40641711229946526,0.42857142857142855,0.2911392405063291,0.2925170068027211,0.25170068027210885,0.37104072398190047
1888,0.40641711229946526,0.42857142857142855,0.2911392405063291,0.2925170068027211,0.25170068027210885,0.37104072398190047
1889,0.40641711229946526,0.42857142857142855,0.2911392405063291,0.2925170068027211,0.25170068027210885,0.37104072398190047
1890,0.40641711229946526,0.42857142857142855,0.2911392405063291,0.2925170068027211,0.25170068027210885,0.37104072398190047
1891,0.40641711229946526,0.42857142857142855,0.2911392405063291,0.2925170068027211,0.25170068027210885,0.37104072398190047
1892,0.40641711229946526,0.42857142857142855,0.2911392405063291,0.2925170068027211,0.25170068027210885,0.36936936936936937
1893,0.40641711229946526,0.4311111111111111,0.2911392405063291,0.2925170068027211,0.25170068027210885,0.36936936936936937
1894,0.40641711229946526,0.4311111111111111,0.2911392405063291,0.2925170068027211,0.25170068027210885,0.36936936936936937
1895,0.40425531914893614,0.42920353982300885,0.2893081761006289,0.2905405405405405,0.25,0.36936936936936937
1896,0.40425531914893614,0.42920353982300885,0.2893081761006289,0.2905405405405405,0.25,0.36771300448430494
1897,0.40425531914893614,0.42920353982300885,0.2893081761006289,0.2905405405405405,0.25,0.36607142857142855
1898,0.40425531914893614,0.42920353982300885,0.2893081761006289,0.2905405405405405,0.25,0.36607142857142855
1899,0.40425531914893614,0.42920353982300885,0.2893081761006289,0.2905405405405405,0.25,0.36607142857142855
1900,0.40425531914893614,0.42920353982300885,0.2893081761006289,0.2905405405405405,0.25,0.36607142857142855
1901,0.40425531914893614,0.42920353982300885,0.2893081761006289,0.2905405405405405,0.25,0.36607142857142855
1902,0.40425531914893614,0.42920353982300885,0.2893081761006289,0.2905405405405405,0.25,0.36607142857142855
1903,0.40425531914893614,0.42920353982300885,0.2875,0.2905405405405405,0.25,0.36607142857142855
1904,0.40425531914893614,0.42920353982300885,0.2875,0.2905405405405405,0.25,0.36607142857142855
1905,0.40425531914893614,0.42920353982300885,0.2875,0.2905405405405405,0.25,0.36607142857142855
1906,0.40425531914893614,0.42920353982300885,0.2875,0.2905405405405405,0.25,0.36607142857142855
1907,0.40425531914893614,0.43171806167400884,0.2875,0.2905405405405405,0.25,0.36607142857142855
1908,0.40425531914893614,0.43171806167400884,0.2875,0.2905405405405405,0.25,0.36607142857142855
1909,0.4021164021164021,0.4298245614035088,0.2875,0.2905405405405405,0.25,0.36607142857142855
1910,0.4021164021164021,0.4298245614035088,0.2875,0.2905405405405405,0.25,0.36607142857142855
1911,0.4021164021164021,0.4298245614035088,0.2875,0.2905405405405405,0.25,0.36607142857142855
1912,0.4021164021164021,0.4298245614035088,0.2875,0.2905405405405405,0.25,0.36607142857142855
1913,0.4021164021164021,0.4298245614035088,0.2857142857142857,0.28859060402684567,0.2483221476510067,0.36607142857142855
1914,0.4021164021164021,0.4298245614035088,0.2857142857142857,0.28859060402684567,0.2483221476510067,0.36607142857142855
1915,0.4021164021164021,0.4298245614035088,0.2857142857142857,0.28859060402684567,0.2483221476510067,0.36607142857142855
1916,0.4021164021164021,0.4298245614035088,0.2857142857142857,0.28859060402684567,0.2483221476510067,0.36607142857142855
1917,0.4,0.4279475982532751,0.2857142857142857,0.28859060402684567,0.2483221476510067,0.36607142857142855
1918,0.4,0.4279475982532751,0.2857142857142857,0.28859060402684567,0.2483221476510067,0.36607142857142855
1919,0.4,0.4279475982532751,0.2857142857142857,0.28859060402684567,0.2483221476510067,0.36607142857142855
1920,0.4,0.4279475982532751,0.2839506172839506,0.28859060402684567,0.2483221476510067,0.36607142857142855
1921,0.39790575916230364,0.4260869565217391,0.2822085889570552,0.2866666666666667,0.24666666666666667,0.36607142857142855
1922,0.39790575916230364,0.4260869565217391,0.2822085889570552,0.2866666666666667,0.24666666666666667,0.36607142857142855
1923,0.39790575916230364,0.4260869565217391,0.2822085889570552,0.2866666666666667,0.24666666666666667,0.36607142857142855
1924,0.39790575916230364,0.4260869565217391,0.2822085889570552,0.2866666666666667,0.24666666666666667,0.36607142857142855
1925,0.39790575916230364,0.4260869565217391,0.2822085889570552,0.2866666666666667,0.24666666666666667,0.36607142857142855
1926,0.39790575916230364,0.4260869565217391,0.2822085889570552,0.2866666666666667,0.24666666666666667,0.36607142857142855
1927,0.39790575916230364,0.4260869565217391,0.2822085889570552,0.2866666666666667,0.24666666666666667,0.36607142857142855
1928,0.39790575916230364,0.4260869565217391,0.2804878048780488,0.2866666666666667,0.24666666666666667,0.36607142857142855
1929,0.39790575916230364,0.4260869565217391,0.2804878048780488,0.2866666666666667,0.24666666666666667,0.36444444444444446
1930,0.39790575916230364,0.4260869565217391,0.2804878048780488,0.2866666666666667,0.24666666666666667,0.36444444444444446
1931,0.4010416666666667,0.42857142857142855,0.2804878048780488,0.2866666666666667,0.24666666666666667,0.36444444444444446
1932,0.4010416666666667,0.42857142857142855,0.2804878048780488,0.2847682119205298,0.24503311258278146,0.36444444444444446
1933,0.4010416666666667,0.42857142857142855,0.2804878048780488,0.2847682119205298,0.24503311258278146,0.36444444444444446
1934,0.4010416666666667,0.42857142857142855,0.2804878048780488,0.2847682119205298,0.24503311258278146,0.36444444444444446
1935,0.4010416666666667,0.42857142857142855,0.2804878048780488,0.2847682119205298,0.24503311258278146,0.36444444444444446
1936,0.4010416666666667,0.42857142857142855,0.2804878048780488,0.2847682119205298,0.24503311258278146,0.36444444444444446
1937,0.4010416666666667,0.42857142857142855,0.2804878048780488,0.2847682119205298,0.24503311258278146,0.36444444444444446
1938,0.40414507772020725,0.43103448275862066,0.2804878048780488,0.2847682119205298,0.24503311258278146,0.3672566371681416
1939,0.40414507772020725,0.43103448275862066,0.2804878048780488,0.2847682119205298,0.24503311258278146,0.3672566371681416
1940,0.40414507772020725,0.43103448275862066,0.2804878048780488,0.2847682119205298,0.24503311258278146,0.3672566371681416
1941,0.40414507772020725,0.43103448275862066,0.2804878048780488,0.2847682119205298,0.24503311258278146,0.3672566371681416
1942,0.40414507772020725,0.43103448275862066,0.2804878048780488,0.2847682119205298,0.24503311258278146,0.3672566371681416
1943,0.40414507772020725,0.43103448275862066,0.2804878048780488,0.2847682119205298,0.24503311258278146,0.3672566371681416
1944,0.40414507772020725,0.43103448275862066,0.2804878048780488,0.2847682119205298,0.24503311258278146,0.3672566371681416
1945,0.40414507772020725,0.43103448275862066,0.2804878048780488,0.2847682119205298,0.24503311258278146,0.3672566371681416
1946,0.40414507772020725,0.43103448275862066,0.2804878048780488,0.28289473684210525,0.24503311258278146,0.3672566371681416
1947,0.40414507772020725,0.43103448275862066,0.2804878048780488,0.28289473684210525,0.24503311258278146,0.3672566371681416
1948,0.40414507772020725,0.43103448275862066,0.2804878048780488,0.28289473684210525,0.24503311258278146,0.3672566371681416
1949,0.40414507772020725,0.43103448275862066,0.2804878048780488,0.28289473684210525,0.24503311258278146,0.3672566371681416
1950,0.4072164948453608,0.4334763948497854,0.2804878048780488,0.28289473684210525,0.24503311258278146,0.3672566371681416
1951,0.40512820512820513,0.4334763948497854,0.2804878048780488,0.28104575163398693,0.24342105263157895,0.3672566371681416
1952,0.40512820512820513,0.4334763948497854,0.2804878048780488,0.28104575163398693,0.24342105263157895,0.3672566371681416
1953,0.40512820512820513,0.4334763948497854,0.2804878048780488,0.28104575163398693,0.24342105263157895,0.3656387665198238
1954,0.40512820512820513,0.4334763948497854,0.2804878048780488,0.28104575163398693,0.24342105263157895,0.3656387665198238
1955,0.40512820512820513,0.4334763948497854,0.2804878048780488,0.28104575163398693,0.24342105263157895,0.3656387665198238
1956,0.40512820512820513,0.4334763948497854,0.2804878048780488,0.28104575163398693,0.24342105263157895,0.3656387665198238
1957,0.40512820512820513,0.4334763948497854,0.2804878048780488,0.28104575163398693,0.24342105263157895,0.3656387665198238
1958,0.40512820512820513,0.4334763948497854,0.2804878048780488,0.28104575163398693,0.24342105263157895,0.3656387665198238
1959,0.40512820512820513,0.4334763948497854,0.2804878048780488,0.28104575163398693,0.24342105263157895,0.3656387665198238
1960,0.40512820512820513,0.43162393162393164,0.2804878048780488,0.28104575163398693,0.24342105263157895,0.3656387665198238
1961,0.4030612244897959,0.4297872340425532,0.2804878048780488,0.28104575163398693,0.24342105263157895,0.3656387665198238
1962,0.4030612244897959,0.4297872340425532,0.2804878048780488,0.28104575163398693,0.24342105263157895,0.3656387665198238
1963,0.4030612244897959,0.4297872340425532,0.2787878787878788,0.28104575163398693,0.24342105263157895,0.36403508771929827
1964,0.4030612244897959,0.4297872340425532,0.27710843373493976,0.2792207792207792,0.24183006535947713,0.36403508771929827
1965,0.4030612244897959,0.4297872340425532,0.27710843373493976,0.2792207792207792,0.24183006535947713,0.36403508771929827
1966,0.4030612244897959,0.4297872340425532,0.27710843373493976,0.2792207792207792,0.24183006535947713,0.36403508771929827
1967,0.4030612244897959,0.4297872340425532,0.27710843373493976,0.2792207792207792,0.24183006535947713,0.36403508771929827
1968,0.4030612244897959,0.4297872340425532,0.27710843373493976,0.2792207792207792,0.24183006535947713,0.36403508771929827
1969,0.4030612244897959,0.4297872340425532,0.27710843373493976,0.2838709677419355,0.24675324675324675,0.36403508771929827
1970,0.4030612244897959,0.4297872340425532,0.2754491017964072,0.28205128205128205,0.24516129032258063,0.36403508771929827
1971,0.4030612244897959,0.4297872340425532,0.2754491017964072,0.28205128205128205,0.24516129032258063,0.36403508771929827
1972,0.4030612244897959,0.4297872340425532,0.2754491017964072,0.28205128205128205,0.24516129032258063,0.3624454148471616
1973,0.4030612244897959,0.4297872340425532,0.2754491017964072,0.28205128205128205,0.24516129032258063,0.3624454148471616
1974,0.4030612244897959,0.4297872340425532,0.2754491017964072,0.28205128205128205,0.24516129032258063,0.3624454148471616
1975,0.4030612244897959,0.4297872340425532,0.2754491017964072,0.28205128205128205,0.24516129032258063,0.3624454148471616
1976,0.4030612244897959,0.4297872340425532,0.27976190476190477,0.28662420382165604,0.25,0.3624454148471616
1977,0.4010152284263959,0.4297872340425532,0.27976190476190477,0.2848101265822785,0.2484076433121019,0.36086956521739133
1978,0.4010152284263959,0.4297872340425532,0.2781065088757396,0.2830188679245283,0.2468354430379747,0.36086956521739133
1979,0.4010152284263959,0.4279661016949153,0.2781065088757396,0.2830188679245283,0.2468354430379747,0.36086956521739133
1980,0.4010152284263959,0.4279661016949153,0.2781065088757396,0.2830188679245283,0.2468354430379747,0.3593073593073593
1981,0.4010152284263959,0.4279661016949153,0.2781065088757396,0.2830188679245283,0.2468354430379747,0.3593073593073593
1982,0.4010152284263959,0.4279661016949153,0.2781065088757396,0.2830188679245283,0.2468354430379747,0.3577586206896552
1983,0.4010152284263959,0.4279661016949153,0.2781065088757396,0.28125,0.24528301886792453,0.3577586206896552
1984,0.4010152284263959,0.4279661016949153,0.2781065088757396,0.28125,0.24528301886792453,0.3577586206896552
1985,0.4010152284263959,0.42616033755274263,0.2781065088757396,0.28125,0.24528301886792453,0.3577586206896552
1986,0.4010152284263959,0.42616033755274263,0.2781065088757396,0.28125,0.24528301886792453,0.3577586206896552
1987,0.4010152284263959,0.42436974789915966,0.2781065088757396,0.28125,0.24528301886792453,0.3577586206896552
1988,0.4010152284263959,0.42436974789915966,0.2781065088757396,0.28125,0.24528301886792453,0.3577586206896552
1989,0.4010152284263959,0.42436974789915966,0.2781065088757396,0.28125,0.24528301886792453,0.3577586206896552
1990,0.4010152284263959,0.42436974789915966,0.2781065088757396,0.28125,0.24528301886792453,0.3577586206896552
1991,0.4010152284263959,0.42436974789915966,0.2781065088757396,0.2795031055900621,0.24375,0.3577586206896552
1992,0.4010152284263959,0.42436974789915966,0.2781065088757396,0.2795031055900621,0.24375,0.3577586206896552
1993,0.4010152284263959,0.42436974789915966,0.27647058823529413,0.2795031055900621,0.24375,0.3577586206896552
1994,0.40404040404040403,0.42677824267782427,0.27647058823529413,0.2795031055900621,0.24375,0.3577586206896552
1995,0.4020100502512563,0.42677824267782427,0.27647058823529413,0.2795031055900621,0.24375,0.3577586206896552
1996,0.4020100502512563,0.42677824267782427,0.27647058823529413,0.2795031055900621,0.24375,0.3577586206896552
1997,0.4020100502512563,0.42677824267782427,0.27647058823529413,0.2795031055900621,0.24375,0.3577586206896552
1998,0.4020100502512563,0.42677824267782427,0.27647058823529413,0.2795031055900621,0.24375,0.3577586206896552
1999,0.4020100502512563,0.42677824267782427,0.27647058823529413,0.2795031055900621,0.24375,0.3577586206896552
2000,0.4020100502512563,0.42677824267782427,0.27647058823529413,0.2795031055900621,0.24375,0.3577586206896552
2001,0.4020100502512563,0.42677824267782427,0.27647058823529413,0.2795031055900621,0.24375,0.3577586206896552
2002,0.4020100502512563,0.42677824267782427,0.27647058823529413,0.2795031055900621,0.24375,0.3577586206896552
2003,0.4020100502512563,0.42677824267782427,0.27485380116959063,0.2795031055900621,0.24375,0.3577586206896552
2004,0.4020100502512563,0.42677824267782427,0.27485380116959063,0.2795031055900621,0.24375,0.3577586206896552
2005,0.4020100502512563,0.42677824267782427,0.27485380116959063,0.2795031055900621,0.24375,0.3577586206896552
2006,0.4020100502512563,0.42677824267782427,0.27485380116959063,0.2795031055900621,0.24375,0.3577586206896552
2007,0.4020100502512563,0.42677824267782427,0.27485380116959063,0.2795031055900621,0.24375,0.3562231759656652
2008,0.405,0.42677824267782427,0.27485380116959063,0.2795031055900621,0.24375,0.3562231759656652
2009,0.40298507462686567,0.425,0.27325581395348836,0.2777777777777778,0.2422360248447205,0.3562231759656652
2010,0.40298507462686567,0.425,0.27167630057803466,0.27607361963190186,0.24074074074074073,0.3562231759656652
2011,0.40298507462686567,0.425,0.27167630057803466,0.27607361963190186,0.24074074074074073,0.3562231759656652
2012,0.40298507462686567,0.425,0.27167630057803466,0.27607361963190186,0.24074074074074073,0.3562231759656652
2013,0.40298507462686567,0.425,0.27167630057803466,0.27607361963190186,0.24074074074074073,0.3562231759656652
2014,0.40298507462686567,0.425,0.27167630057803466,0.27607361963190186,0.24074074074074073,0.3562231759656652
2015,0.40298507462686567,0.42323651452282157,0.27167630057803466,0.27607361963190186,0.24074074074074073,0.3562231759656652
2016,0.40298507462686567,0.42323651452282157,0.27167630057803466,0.27607361963190186,0.24074074074074073,0.3562231759656652
2017,0.40298507462686567,0.42323651452282157,0.27167630057803466,0.27607361963190186,0.24074074074074073,0.358974358974359
2018,0.40298507462686567,0.4214876033057851,0.27167630057803466,0.27607361963190186,0.24074074074074073,0.3574468085106383
2019,0.40594059405940597,0.42386831275720166,0.27167630057803466,0.27607361963190186,0.24074074074074073,0.3574468085106383
2020,0.40594059405940597,0.42386831275720166,0.27167630057803466,0.27607361963190186,0.24074074074074073,0.3574468085106383
2021,0.40594059405940597,0.42386831275720166,0.27167630057803466,0.27607361963190186,0.24074074074074073,0.3574468085106383
2022,0.40594059405940597,0.42386831275720166,0.27167630057803466,0.27607361963190186,0.24074074074074073,0.3601694915254237
2023,0.40594059405940597,0.42386831275720166,0.27167630057803466,0.27607361963190186,0.24074074074074073,0.3601694915254237
2024,0.40594059405940597,0.42386831275720166,0.27167630057803466,0.27607361963190186,0.24074074074074073,0.3601694915254237
2025,0.40594059405940597,0.42386831275720166,0.27167630057803466,0.27607361963190186,0.24074074074074073,0.3601694915254237
2026,0.4039408866995074,0.42386831275720166,0.27011494252873564,0.27439024390243905,0.2392638036809816,0.3601694915254237
2027,0.4039408866995074,0.42386831275720166,0.27011494252873564,0.27439024390243905,0.2392638036809816,0.3601694915254237
2028,0.4039408866995074,0.42386831275720166,0.27011494252873564,0.27439024390243905,0.2392638036809816,0.3601694915254237
2029,0.4039408866995074,0.42386831275720166,0.27011494252873564,0.27439024390243905,0.2392638036809816,0.3601694915254237
2030,0.4039408866995074,0.42213114754098363,0.27011494252873564,0.27439024390243905,0.2392638036809816,0.3601694915254237
2031,0.4019607843137255,0.4204081632653061,0.27011494252873564,0.2727272727272727,0.23780487804878048,0.3601694915254237
2032,0.4019607843137255,0.4204081632653061,0.2742857142857143,0.27710843373493976,0.24242424242424243,0.3601694915254237
2033,0.4019607843137255,0.4204081632653061,0.2742857142857143,0.27710843373493976,0.24242424242424243,0.3601694915254237
2034,0.4019607843137255,0.4204081632653061,0.2742857142857143,0.27710843373493976,0.24242424242424243,0.3601694915254237
2035,0.4019607843137255,0.4204081632653061,0.2742857142857143,0.27710843373493976,0.24242424242424243,0.3601694915254237
2036,0.4019607843137255,0.4204081632653061,0.2742857142857143,0.27710843373493976,0.24242424242424243,0.3628691983122363
2037,0.4019607843137255,0.4204081632653061,0.2742857142857143,0.27710843373493976,0.24242424242424243,0.3628691983122363
2038,0.4019607843137255,0.4204081632653061,0.2742857142857143,0.27710843373493976,0.24242424242424243,0.3628691983122363
2039,0.4019607843137255,0.4204081632653061,0.2742857142857143,0.27710843373493976,0.24242424242424243,0.3628691983122363
2040,0.4019607843137255,0.4204081632653061,0.2784090909090909,0.27710843373493976,0.24242424242424243,0.3628691983122363
2041,0.4019607843137255,0.4204081632653061,0.2784090909090909,0.27710843373493976,0.24242424242424243,0.3628691983122363
2042,0.4019607843137255,0.4204081632653061,0.2784090909090909,0.27710843373493976,0.24242424242424243,0.3628691983122363
2043,0.4019607843137255,0.4204081632653061,0.2784090909090909,0.27710843373493976,0.24242424242424243,0.3628691983122363
2044,0.4019607843137255,0.4204081632653061,0.2784090909090909,0.27710843373493976,0.24242424242424243,0.3628691983122363
2045,0.4019607843137255,0.4204081632653061,0.2784090909090909,0.27710843373493976,0.24242424242424243,0.3628691983122363
2046,0.4019607843137255,0.4204081632653061,0.2824858757062147,0.27710843373493976,0.24242424242424243,0.3628691983122363
2047,0.4019607843137255,0.4204081632653061,0.2824858757062147,0.27710843373493976,0.24242424242424243,0.3628691983122363
2048,0.4019607843137255,0.4186991869918699,0.2824858757062147,0.27710843373493976,0.24242424242424243,0.3628691983122363
2049,0.4019607843137255,0.41700404858299595,0.2824858757062147,0.2754491017964072,0.24096385542168675,0.3628691983122363
2050,0.4019607843137255,0.41935483870967744,0.2824858757062147,0.2754491017964072,0.24096385542168675,0.3628691983122363
2051,0.4019607843137255,0.41935483870967744,0.2824858757062147,0.2754491017964072,0.24096385542168675,0.3628691983122363
2052,0.4019607843137255,0.41935483870967744,0.2824858757062147,0.2754491017964072,0.24096385542168675,0.3628691983122363
2053,0.4019607843137255,0.41935483870967744,0.2824858757062147,0.2754491017964072,0.24096385542168675,0.3628691983122363
2054,0.4019607843137255,0.41935483870967744,0.2824858757062147,0.2754491017964072,0.24096385542168675,0.36134453781512604
2055,0.4019607843137255,0.41935483870967744,0.2824858757062147,0.2754491017964072,0.24096385542168675,0.36134453781512604
2056,0.4019607843137255,0.41935483870967744,0.2824858757062147,0.2754491017964072,0.24096385542168675,0.36134453781512604
2057,0.4019607843137255,0.41935483870967744,0.2824858757062147,0.2754491017964072,0.24096385542168675,0.36134453781512604
2058,0.4019607843137255,0.41935483870967744,0.2824858757062147,0.27380952380952384,0.23952095808383234,0.36134453781512604
2059,0.4019607843137255,0.41935483870967744,0.2824858757062147,0.27380952380952384,0.23952095808383234,0.3598326359832636
2060,0.4019607843137255,0.41935483870967744,0.2824858757062147,0.27380952380952384,0.23952095808383234,0.3598326359832636
2061,0.4019607843137255,0.41935483870967744,0.2824858757062147,0.27380952380952384,0.23952095808383234,0.3598326359832636
2062,0.4019607843137255,0.41935483870967744,0.2824858757062147,0.27380952380952384,0.23952095808383234,0.3598326359832636
2063,0.40487804878048783,0.42168674698795183,0.2824858757062147,0.27380952380952384,0.23952095808383234,0.3598326359832636
2064,0.40487804878048783,0.42168674698795183,0.2824858757062147,0.27380952380952384,0.23952095808383234,0.3598326359832636
2065,0.40487804878048783,0.42168674698795183,0.2808988764044944,0.27218934911242604,0.23809523809523808,0.3598326359832636
2066,0.40487804878048783,0.42168674698795183,0.2849162011173184,0.27647058823529413,0.24260355029585798,0.3598326359832636
2067,0.40487804878048783,0.42,0.2849162011173184,0.27647058823529413,0.24260355029585798,0.3598326359832636
2068,0.40487804878048783,0.42231075697211157,0.2849162011173184,0.27647058823529413,0.24260355029585798,0.3598326359832636
2069,0.40487804878048783,0.42231075697211157,0.2849162011173184,0.27647058823529413,0.24260355029585798,0.3598326359832636
2070,0.40487804878048783,0.42231075697211157,0.2849162011173184,0.27647058823529413,0.24260355029585798,0.3598326359832636
2071,0.40487804878048783,0.42231075697211157,0.2849162011173184,0.27647058823529413,0.24260355029585798,0.3598326359832636
2072,0.4029126213592233,0.42063492063492064,0.2833333333333333,0.27485380116959063,0.2411764705882353,0.3598326359832636
2073,0.4029126213592233,0.42063492063492064,0.2833333333333333,0.27485380116959063,0.2411764705882353,0.3598326359832636
2074,0.4029126213592233,0.42063492063492064,0.2833333333333333,0.27485380116959063,0.2411764705882353,0.3598326359832636
2075,0.4029126213592233,0.42063492063492064,0.2833333333333333,0.27485380116959063,0.2411764705882353,0.3625
2076,0.4029126213592233,0.42063492063492064,0.2833333333333333,0.27485380116959063,0.2411764705882353,0.3625
2077,0.4029126213592233,0.42063492063492064,0.2833333333333333,0.27485380116959063,0.2411764705882353,0.3625
2078,0.4029126213592233,0.42063492063492064,0.287292817679558,0.27906976744186046,0.24561403508771928,0.3651452282157676
2079,0.4029126213592233,0.42063492063492064,0.287292817679558,0.27906976744186046,0.24561403508771928,0.3651452282157676
2080,0.4029126213592233,0.42063492063492064,0.287292817679558,0.27906976744186046,0.24561403508771928,0.3651452282157676
2081,0.4029126213592233,0.4189723320158103,0.287292817679558,0.27906976744186046,0.24561403508771928,0.3651452282157676
2082,0.4029126213592233,0.4189723320158103,0.2857142857142857,0.2774566473988439,0.2441860465116279,0.36363636363636365
2083,0.4029126213592233,0.4189723320158103,0.2857142857142857,0.2774566473988439,0.2441860465116279,0.36363636363636365
2084,0.4029126213592233,0.4189723320158103,0.2857142857142857,0.2774566473988439,0.2441860465116279,0.36363636363636365
2085,0.4029126213592233,0.4189723320158103,0.2857142857142857,0.2774566473988439,0.2441860465116279,0.36363636363636365
2086,0.4029126213592233,0.4189723320158103,0.2857142857142857,0.2774566473988439,0.2441860465116279,0.36363636363636365
2087,0.4029126213592233,0.4189723320158103,0.2857142857142857,0.27586206896551724,0.24277456647398843,0.36363636363636365
2088,0.4029126213592233,0.4189723320158103,0.2857142857142857,0.27586206896551724,0.24277456647398843,0.36363636363636365
2089,0.4029126213592233,0.4189723320158103,0.2857142857142857,0.27586206896551724,0.24277456647398843,0.36363636363636365
2090,0.4029126213592233,0.4189723320158103,0.2857142857142857,0.2742857142857143,0.24277456647398843,0.36213991769547327
2091,0.4029126213592233,0.4189723320158103,0.2857142857142857,0.2742857142857143,0.24277456647398843,0.36213991769547327
2092,0.4057971014492754,0.4189723320158103,0.2857142857142857,0.2742857142857143,0.24277456647398843,0.36213991769547327
2093,0.4057971014492754,0.4189723320158103,0.2857142857142857,0.2742857142857143,0.24277456647398843,0.36213991769547327
2094,0.4057971014492754,0.4189723320158103,0.2857142857142857,0.2784090909090909,0.2471264367816092,0.36213991769547327
2095,0.4057971014492754,0.4189723320158103,0.2857142857142857,0.2784090909090909,0.2471264367816092,0.36213991769547327
2096,0.4057971014492754,0.4189723320158103,0.2857142857142857,0.2784090909090909,0.2471264367816092,0.36213991769547327
2097,0.4057971014492754,0.4189723320158103,0.2896174863387978,0.2784090909090909,0.2471264367816092,0.36213991769547327
2098,0.4057971014492754,0.4189723320158103,0.2896174863387978,0.2784090909090909,0.2471264367816092,0.36065573770491804
2099,0.4057971014492754,0.4189723320158103,0.2896174863387978,0.2784090909090909,0.2471264367816092,0.36065573770491804
2100,0.4057971014492754,0.4189723320158103,0.2896174863387978,0.2784090909090909,0.2471264367816092,0.35918367346938773
2101,0.4057971014492754,0.4189723320158103,0.28804347826086957,0.2784090909090909,0.2471264367816092,0.35918367346938773
2102,0.4057971014492754,0.4189723320158103,0.28804347826086957,0.2784090909090909,0.2471264367816092,0.35918367346938773
2103,0.4057971014492754,0.4189723320158103,0.2864864864864865,0.2784090909090909,0.2471264367816092,0.35918367346938773
2104,0.4057971014492754,0.4189723320158103,0.2864864864864865,0.2784090909090909,0.2471264367816092,0.35918367346938773
2105,0.4057971014492754,0.4189723320158103,0.2864864864864865,0.2784090909090909,0.2471264367816092,0.35918367346938773
2106,0.4057971014492754,0.4189723320158103,0.2864864864864865,0.2784090909090909,0.2471264367816092,0.35918367346938773
2107,0.4057971014492754,0.4189723320158103,0.2849462365591398,0.2768361581920904,0.24571428571428572,0.35918367346938773
2108,0.4057971014492754,0.4189723320158103,0.2849462365591398,0.2752808988764045,0.24571428571428572,0.35918367346938773
2109,0.4057971014492754,0.4189723320158103,0.2849462365591398,0.2752808988764045,0.24571428571428572,0.35918367346938773
2110,0.4057971014492754,0.4189723320158103,0.2849462365591398,0.2752808988764045,0.24571428571428572,0.35918367346938773
2111,0.4057971014492754,0.4189723320158103,0.2849462365591398,0.2752808988764045,0.24431818181818182,0.35918367346938773
2112,0.4057971014492754,0.4189723320158103,0.2849462365591398,0.27932960893854747,0.24858757062146894,0.35918367346938773
2113,0.4057971014492754,0.4189723320158103,0.2849462365591398,0.27932960893854747,0.24858757062146894,0.35918367346938773
2114,0.4057971014492754,0.4189723320158103,0.2849462365591398,0.27932960893854747,0.24858757062146894,0.35918367346938773
2115,0.4057971014492754,0.4189723320158103,0.2849462365591398,0.27932960893854747,0.24858757062146894,0.35918367346938773
2116,0.4057971014492754,0.4189723320158103,0.2887700534759358,0.27932960893854747,0.24858757062146894,0.35918367346938773
2117,0.40865384615384615,0.421259842519685,0.2887700534759358,0.27932960893854747,0.24858757062146894,0.35918367346938773
2118,0.40865384615384615,0.421259842519685,0.2887700534759358,0.27932960893854747,0.24858757062146894,0.35918367346938773
2119,0.40865384615384615,0.421259842519685,0.2872340425531915,0.2777777777777778,0.24719101123595505,0.35918367346938773
2120,0.40865384615384615,0.421259842519685,0.2872340425531915,0.2777777777777778,0.24719101123595505,0.35918367346938773
2121,0.40865384615384615,0.421259842519685,0.2857142857142857,0.27624309392265195,0.24581005586592178,0.35918367346938773
2122,0.40669856459330145,0.421259842519685,0.2857142857142857,0.27472527472527475,0.24444444444444444,0.35918367346938773
2123,0.40669856459330145,0.421259842519685,0.2857142857142857,0.27472527472527475,0.24444444444444444,0.35918367346938773
2124,0.40669856459330145,0.421259842519685,0.2857142857142857,0.27472527472527475,0.24444444444444444,0.35918367346938773
2125,0.40669856459330145,0.421259842519685,0.2857142857142857,0.27472527472527475,0.24444444444444444,0.35918367346938773
2126,0.40669856459330145,0.421259842519685,0.28421052631578947,0.273224043715847,0.2430939226519337,0.35772357723577236
2127,0.40669856459330145,0.421259842519685,0.28421052631578947,0.273224043715847,0.2430939226519337,0.35772357723577236
2128,0.40669856459330145,0.421259842519685,0.28421052631578947,0.273224043715847,0.2430939226519337,0.35772357723577236
2129,0.40669856459330145,0.421259842519685,0.28421052631578947,0.273224043715847,0.2430939226519337,0.35772357723577236
2130,0.40669856459330145,0.421259842519685,0.28421052631578947,0.273224043715847,0.2430939226519337,0.35772357723577236
2131,0.4095238095238095,0.4235294117647059,0.28421052631578947,0.273224043715847,0.2430939226519337,0.35772357723577236
2132,0.4095238095238095,0.4235294117647059,0.28272251308900526,0.2717391304347826,0.24175824175824176,0.35772357723577236
2133,0.4095238095238095,0.4235294117647059,0.28272251308900526,0.2717391304347826,0.24175824175824176,0.3603238866396761
2134,0.4095238095238095,0.4235294117647059,0.28272251308900526,0.2717391304347826,0.24175824175824176,0.3603238866396761
2135,0.4095238095238095,0.4235294117647059,0.28272251308900526,0.2717391304347826,0.24175824175824176,0.3629032258064516
2136,0.4095238095238095,0.4235294117647059,0.28272251308900526,0.2717391304347826,0.24175824175824176,0.3629032258064516
2137,0.4095238095238095,0.4235294117647059,0.28272251308900526,0.2717391304347826,0.24175824175824176,0.3629032258064516
2138,0.4095238095238095,0.4235294117647059,0.28272251308900526,0.2717391304347826,0.24175824175824176,0.3629032258064516
2139,0.4075829383886256,0.421875,0.28272251308900526,0.2702702702702703,0.24043715846994534,0.3629032258064516
2140,0.4075829383886256,0.421875,0.28125,0.2702702702702703,0.2391304347826087,0.3629032258064516
2141,0.41037735849056606,0.42412451361867703,0.2849740932642487,0.2702702702702703,0.24324324324324326,0.3629032258064516
2142,0.4084507042253521,0.42248062015503873,0.2849740932642487,0.2702702702702703,0.24324324324324326,0.3629032258064516
2143,0.4084507042253521,0.42248062015503873,0.28865979381443296,0.2702702702702703,0.24324324324324326,0.3629032258064516
2144,0.4084507042253521,0.42248062015503873,0.28865979381443296,0.2702702702702703,0.24324324324324326,0.3629032258064516
2145,0.40654205607476634,0.42248062015503873,0.28865979381443296,0.2702702702702703,0.24324324324324326,0.3629032258064516
2146,0.40654205607476634,0.42248062015503873,0.28865979381443296,0.2702702702702703,0.24324324324324326,0.3629032258064516
2147,0.4046511627906977,0.42248062015503873,0.28865979381443296,0.2702702702702703,0.24324324324324326,0.3629032258064516
2148,0.4027777777777778,0.42084942084942084,0.28865979381443296,0.2702702702702703,0.24324324324324326,0.3614457831325301
2149,0.4027777777777778,0.42084942084942084,0.28865979381443296,0.2702702702702703,0.24324324324324326,0.3614457831325301
2150,0.4009216589861751,0.41923076923076924,0.28865979381443296,0.2702702702702703,0.24324324324324326,0.3614457831325301
2151,0.4009216589861751,0.41762452107279696,0.28865979381443296,0.2702702702702703,0.24324324324324326,0.3614457831325301
2152,0.4009216589861751,0.41762452107279696,0.28865979381443296,0.2702702702702703,0.24324324324324326,0.3614457831325301
2153,0.4009216589861751,0.41762452107279696,0.28865979381443296,0.2702702702702703,0.24324324324324326,0.3614457831325301
2154,0.4009216589861751,0.41762452107279696,0.28865979381443296,0.2702702702702703,0.24324324324324326,0.3614457831325301
2155,0.39908256880733944,0.41762452107279696,0.28865979381443296,0.2702702702702703,0.24324324324324326,0.3614457831325301
2156,0.39908256880733944,0.41762452107279696,0.28865979381443296,0.2702702702702703,0.24324324324324326,0.3614457831325301
2157,0.39908256880733944,0.41762452107279696,0.2923076923076923,0.27419354838709675,0.24731182795698925,0.3614457831325301
2158,0.39908256880733944,0.41762452107279696,0.2923076923076923,0.27419354838709675,0.24731182795698925,0.3614457831325301
2159,0.39908256880733944,0.41762452107279696,0.2923076923076923,0.27419354838709675,0.24731182795698925,0.3614457831325301
2160,0.39908256880733944,0.41762452107279696,0.2923076923076923,0.27419354838709675,0.24731182795698925,0.3614457831325301
2161,0.39908256880733944,0.4198473282442748,0.29591836734693877,0.27419354838709675,0.24731182795698925,0.364
2162,0.39908256880733944,0.41825095057034223,0.29441624365482233,0.2727272727272727,0.24598930481283424,0.364
2163,0.4018264840182648,0.42045454545454547,0.29441624365482233,0.2727272727272727,0.24598930481283424,0.364
2164,0.4018264840182648,0.42045454545454547,0.29441624365482233,0.2727272727272727,0.24598930481283424,0.364
2165,0.4018264840182648,0.42045454545454547,0.29441624365482233,0.2727272727272727,0.24598930481283424,0.364
2166,0.4018264840182648,0.42045454545454547,0.29441624365482233,0.2727272727272727,0.24598930481283424,0.364
2167,0.4018264840182648,0.42045454545454547,0.29441624365482233,0.2727272727272727,0.24598930481283424,0.364
2168,0.4,0.4188679245283019,0.29441624365482233,0.2727272727272727,0.24598930481283424,0.364
2169,0.4,0.42105263157894735,0.29441624365482233,0.2727272727272727,0.24598930481283424,0.364
2170,0.4,0.42105263157894735,0.29441624365482233,0.2727272727272727,0.24598930481283424,0.364
2171,0.4,0.42105263157894735,0.29441624365482233,0.2727272727272727,0.24598930481283424,0.364
2172,0.40271493212669685,0.42105263157894735,0.29441624365482233,0.2727272727272727,0.24598930481283424,0.364
2173,0.40271493212669685,0.42105263157894735,0.29441624365482233,0.2727272727272727,0.24598930481283424,0.364
2174,0.4009009009009009,0.41947565543071164,0.29441624365482233,0.2727272727272727,0.24598930481283424,0.36254980079681276
2175,0.3991031390134529,0.417910447761194,0.29441624365482233,0.2712765957446808,0.24468085106382978,0.36254980079681276
2176,0.3991031390134529,0.417910447761194,0.29441624365482233,0.2712765957446808,0.24468085106382978,0.36254980079681276
2177,0.3991031390134529,0.417910447761194,0.29441624365482233,0.2712765957446808,0.24468085106382978,0.36254980079681276
2178,0.3991031390134529,0.417910447761194,0.29441624365482233,0.2712765957446808,0.24468085106382978,0.36254980079681276
2179,0.3991031390134529,0.417910447761194,0.29441624365482233,0.2712765957446808,0.24468085106382978,0.36254980079681276
2180,0.3991031390134529,0.417910447761194,0.29441624365482233,0.2712765957446808,0.24468085106382978,0.36254980079681276
2181,0.4017857142857143,0.4200743494423792,0.29441624365482233,0.2712765957446808,0.24468085106382978,0.36254980079681276
2182,0.4017857142857143,0.4200743494423792,0.29441624365482233,0.2712765957446808,0.24468085106382978,0.36254980079681276
2183,0.4017857142857143,0.4200743494423792,0.29441624365482233,0.2712765957446808,0.24468085106382978,0.36507936507936506
2184,0.4017857142857143,0.4200743494423792,0.29441624365482233,0.2712765957446808,0.24468085106382978,0.3675889328063241
2185,0.4017857142857143,0.4200743494423792,0.29441624365482233,0.2712765957446808,0.24468085106382978,0.3675889328063241
2186,0.4017857142857143,0.4200743494423792,0.29441624365482233,0.2712765957446808,0.24468085106382978,0.3675889328063241
2187,0.4017857142857143,0.4200743494423792,0.29441624365482233,0.2712765957446808,0.24468085106382978,0.3675889328063241
2188,0.4017857142857143,0.4200743494423792,0.29441624365482233,0.2712765957446808,0.24468085106382978,0.3675889328063241
2189,0.4,0.4185185185185185,0.29441624365482233,0.2712765957446808,0.24468085106382978,0.3675889328063241
2190,0.4,0.4185185185185185,0.29441624365482233,0.2712765957446808,0.24468085106382978,0.3675889328063241
2191,0.4,0.4185185185185185,0.29797979797979796,0.2712765957446808,0.24468085106382978,0.3675889328063241
2192,0.4,0.42066420664206644,0.29797979797979796,0.2712765957446808,0.24468085106382978,0.3675889328063241
2193,0.4,0.42066420664206644,0.29797979797979796,0.2712765957446808,0.24468085106382978,0.3675889328063241
2194,0.4,0.42066420664206644,0.29797979797979796,0.2712765957446808,0.24468085106382978,0.3661417322834646
2195,0.4,0.42066420664206644,0.29797979797979796,0.2712765957446808,0.24468085106382978,0.3661417322834646
2196,0.4,0.42066420664206644,0.29797979797979796,0.2712765957446808,0.24468085106382978,0.3661417322834646
2197,0.39823008849557523,0.42066420664206644,0.29797979797979796,0.2712765957446808,0.24468085106382978,0.3661417322834646
2198,0.39823008849557523,0.42066420664206644,0.29797979797979796,0.2712765957446808,0.24468085106382978,0.3661417322834646
2199,0.39823008849557523,0.42066420664206644,0.29797979797979796,0.2712765957446808,0.24468085106382978,0.3661417322834646
2200,0.39823008849557523,0.42066420664206644,0.29797979797979796,0.2712765957446808,0.24468085106382978,0.3661417322834646
2201,0.39823008849557523,0.42066420664206644,0.29797979797979796,0.2712765957446808,0.24468085106382978,0.3661417322834646
2202,0.39823008849557523,0.42066420664206644,0.29797979797979796,0.2712765957446808,0.24468085106382978,0.3661417322834646
2203,0.39823008849557523,0.42066420664206644,0.2964824120603015,0.2712765957446808,0.24338624338624337,0.36470588235294116
2204,0.39823008849557523,0.41911764705882354,0.295,0.2698412698412698,0.24210526315789474,0.36470588235294116
2205,0.39823008849557523,0.41911764705882354,0.295,0.2698412698412698,0.24210526315789474,0.36470588235294116
2206,0.39823008849557523,0.41911764705882354,0.295,0.2698412698412698,0.24210526315789474,0.36470588235294116
2207,0.39823008849557523,0.41911764705882354,0.295,0.2698412698412698,0.24210526315789474,0.3671875
2208,0.39823008849557523,0.41911764705882354,0.295,0.2698412698412698,0.24210526315789474,0.3671875
2209,0.39823008849557523,0.41911764705882354,0.295,0.2698412698412698,0.24210526315789474,0.3671875
2210,0.39823008849557523,0.41911764705882354,0.2935323383084577,0.26842105263157895,0.24083769633507854,0.3671875
2211,0.39823008849557523,0.41911764705882354,0.2935323383084577,0.27225130890052357,0.24479166666666666,0.3671875
2212,0.39823008849557523,0.41911764705882354,0.2935323383084577,0.27225130890052357,0.24479166666666666,0.3671875
2213,0.39823008849557523,0.41911764705882354,0.2935323383084577,0.27225130890052357,0.24479166666666666,0.3671875
2214,0.39823008849557523,0.41911764705882354,0.2935323383084577,0.27225130890052357,0.24479166666666666,0.3671875
2215,0.39823008849557523,0.41911764705882354,0.2935323383084577,0.27225130890052357,0.24479166666666666,0.3671875
2216,0.39823008849557523,0.4175824175824176,0.2935323383084577,0.27225130890052357,0.24479166666666666,0.3671875
2217,0.39823008849557523,0.4175824175824176,0.2935323383084577,0.27225130890052357,0.24479166666666666,0.3671875
2218,0.39823008849557523,0.4175824175824176,0.2935323383084577,0.27225130890052357,0.24479166666666666,0.3671875
2219,0.39823008849557523,0.4175824175824176,0.2935323383084577,0.27225130890052357,0.24479166666666666,0.3671875
2220,0.39823008849557523,0.4175824175824176,0.2935323383084577,0.2708333333333333,0.24352331606217617,0.3671875
2221,0.3964757709251101,0.41605839416058393,0.29207920792079206,0.2694300518134715,0.2422680412371134,0.3671875
2222,0.3964757709251101,0.41605839416058393,0.29207920792079206,0.2694300518134715,0.2422680412371134,0.3671875
2223,0.3964757709251101,0.41605839416058393,0.29207920792079206,0.2694300518134715,0.2422680412371134,0.3671875
2224,0.3964757709251101,0.41605839416058393,0.29207920792079206,0.2694300518134715,0.2422680412371134,0.3671875
2225,0.3964757709251101,0.41818181818181815,0.29207920792079206,0.2694300518134715,0.2422680412371134,0.3671875
2226,0.3964757709251101,0.41818181818181815,0.29207920792079206,0.2694300518134715,0.2422680412371134,0.3671875
2227,0.3964757709251101,0.41818181818181815,0.29207920792079206,0.2694300518134715,0.2422680412371134,0.3671875
2228,0.3964757709251101,0.41818181818181815,0.29207920792079206,0.2694300518134715,0.2422680412371134,0.3671875
2229,0.3964757709251101,0.41818181818181815,0.29207920792079206,0.2694300518134715,0.2422680412371134,0.3671875
2230,0.3964757709251101,0.41818181818181815,0.29207920792079206,0.2694300518134715,0.2422680412371134,0.3671875
2231,0.3964757709251101,0.41818181818181815,0.29207920792079206,0.26804123711340205,0.24102564102564103,0.3671875
2232,0.3964757709251101,0.41818181818181815,0.29207920792079206,0.26804123711340205,0.24102564102564103,0.3671875
2233,0.3964757709251101,0.41818181818181815,0.29207920792079206,0.26804123711340205,0.24102564102564103,0.3671875
2234,0.3964757709251101,0.41818181818181815,0.29207920792079206,0.26804123711340205,0.24102564102564103,0.3657587548638132
2235,0.3964757709251101,0.41818181818181815,0.29207920792079206,0.26804123711340205,0.24102564102564103,0.3657587548638132
2236,0.3964757709251101,0.4166666666666667,0.29207920792079206,0.26804123711340205,0.24102564102564103,0.3657587548638132
2237,0.3964757709251101,0.4166666666666667,0.29207920792079206,0.26804123711340205,0.24102564102564103,0.3657587548638132
2238,0.3964757709251101,0.4187725631768953,0.29207920792079206,0.26804123711340205,0.24102564102564103,0.3657587548638132
2239,0.3991228070175439,0.420863309352518,0.29207920792079206,0.26804123711340205,0.24102564102564103,0.3657587548638132
2240,0.3991228070175439,0.4229390681003584,0.29207920792079206,0.26804123711340205,0.24102564102564103,0.3657587548638132
2241,0.3991228070175439,0.4229390681003584,0.29207920792079206,0.26804123711340205,0.24102564102564103,0.3657587548638132
2242,0.3991228070175439,0.4229390681003584,0.29207920792079206,0.26804123711340205,0.24102564102564103,0.3657587548638132
2243,0.3991228070175439,0.4229390681003584,0.29207920792079206,0.26804123711340205,0.24102564102564103,0.3657587548638132
2244,0.3991228070175439,0.4229390681003584,0.29207920792079206,0.26804123711340205,0.24102564102564103,0.3657587548638132
2245,0.3991228070175439,0.4229390681003584,0.29207920792079206,0.26804123711340205,0.24102564102564103,0.3643410852713178
2246,0.3991228070175439,0.4229390681003584,0.29207920792079206,0.26666666666666666,0.23979591836734693,0.3643410852713178
2247,0.3991228070175439,0.4229390681003584,0.29207920792079206,0.26666666666666666,0.23979591836734693,0.3643410852713178
2248,0.3991228070175439,0.4229390681003584,0.29207920792079206,0.26666666666666666,0.23979591836734693,0.3643410852713178
2249,0.3991228070175439,0.425,0.29207920792079206,0.26666666666666666,0.23979591836734693,0.3643410852713178
2250,0.3991228070175439,0.425,0.29207920792079206,0.26666666666666666,0.23979591836734693,0.3643410852713178
2251,0.4017467248908297,0.425,0.29207920792079206,0.26666666666666666,0.23979591836734693,0.3643410852713178
2252,0.4017467248908297,0.4234875444839858,0.29207920792079206,0.26666666666666666,0.23979591836734693,0.36293436293436293
2253,0.4017467248908297,0.4234875444839858,0.29207920792079206,0.26666666666666666,0.23979591836734693,0.36293436293436293
2254,0.4017467248908297,0.4219858156028369,0.29207920792079206,0.26666666666666666,0.23979591836734693,0.36293436293436293
2255,0.4017467248908297,0.42402826855123676,0.29207920792079206,0.26666666666666666,0.23979591836734693,0.36538461538461536
2256,0.4043478260869565,0.42402826855123676,0.29207920792079206,0.26666666666666666,0.23979591836734693,0.36538461538461536
2257,0.4043478260869565,0.4225352112676056,0.29207920792079206,0.26666666666666666,0.23979591836734693,0.36538461538461536
2258,0.4043478260869565,0.4225352112676056,0.29207920792079206,0.26666666666666666,0.23979591836734693,0.36538461538461536
2259,0.4069264069264069,0.4245614035087719,0.29207920792079206,0.26666666666666666,0.23979591836734693,0.36538461538461536
2260,0.4069264069264069,0.4245614035087719,0.29207920792079206,0.26666666666666666,0.23979591836734693,0.367816091954023
2261,0.4069264069264069,0.4245614035087719,0.29207920792079206,0.26666666666666666,0.23979591836734693,0.367816091954023
2262,0.4069264069264069,0.4245614035087719,0.29064039408866993,0.26666666666666666,0.23979591836734693,0.367816091954023
2263,0.4069264069264069,0.4245614035087719,0.29064039408866993,0.26666666666666666,0.23979591836734693,0.367816091954023
2264,0.4069264069264069,0.4245614035087719,0.28921568627450983,0.26666666666666666,0.23979591836734693,0.367816091954023
2265,0.4069264069264069,0.4245614035087719,0.28921568627450983,0.26666666666666666,0.23979591836734693,0.367816091954023
2266,0.4051724137931034,0.4245614035087719,0.28921568627450983,0.26666666666666666,0.23857868020304568,0.367816091954023
2267,0.4051724137931034,0.4245614035087719,0.28921568627450983,0.26666666666666666,0.23857868020304568,0.367816091954023
2268,0.4051724137931034,0.4245614035087719,0.28921568627450983,0.26666666666666666,0.23857868020304568,0.367816091954023
2269,0.4051724137931034,0.4245614035087719,0.28921568627450983,0.26666666666666666,0.23857868020304568,0.3702290076335878
2270,0.4051724137931034,0.4245614035087719,0.28921568627450983,0.26666666666666666,0.23857868020304568,0.3702290076335878
2271,0.4051724137931034,0.4245614035087719,0.28921568627450983,0.26666666666666666,0.23857868020304568,0.3702290076335878
2272,0.4051724137931034,0.4245614035087719,0.28921568627450983,0.26666666666666666,0.23857868020304568,0.3702290076335878
2273,0.4051724137931034,0.4245614035087719,0.28921568627450983,0.2653061224489796,0.23737373737373738,0.3702290076335878
2274,0.4051724137931034,0.4245614035087719,0.28921568627450983,0.2653061224489796,0.23737373737373738,0.3702290076335878
2275,0.4051724137931034,0.4245614035087719,0.28921568627450983,0.2653061224489796,0.23737373737373738,0.3702290076335878
2276,0.4051724137931034,0.4230769230769231,0.28921568627450983,0.2653061224489796,0.23737373737373738,0.3702290076335878
2277,0.4051724137931034,0.4230769230769231,0.28921568627450983,0.2653061224489796,0.23737373737373738,0.3702290076335878
2278,0.4051724137931034,0.4230769230769231,0.28921568627450983,0.2653061224489796,0.23737373737373738,0.3702290076335878
2279,0.4051724137931034,0.4230769230769231,0.28780487804878047,0.2639593908629442,0.23618090452261306,0.3702290076335878
2280,0.4051724137931034,0.4230769230769231,0.28640776699029125,0.26262626262626265,0.235,0.3702290076335878
2281,0.4051724137931034,0.4230769230769231,0.28502415458937197,0.26262626262626265,0.235,0.3702290076335878
2282,0.4051724137931034,0.4230769230769231,0.28502415458937197,0.26262626262626265,0.235,0.3702290076335878
2283,0.4051724137931034,0.4230769230769231,0.28502415458937197,0.26262626262626265,0.235,0.3688212927756654
2284,0.4051724137931034,0.4230769230769231,0.28502415458937197,0.26262626262626265,0.235,0.3688212927756654
2285,0.4051724137931034,0.4230769230769231,0.28502415458937197,0.26262626262626265,0.235,0.3688212927756654
2286,0.4051724137931034,0.4230769230769231,0.28502415458937197,0.26262626262626265,0.235,0.3712121212121212
2287,0.4051724137931034,0.4230769230769231,0.28502415458937197,0.2613065326633166,0.23383084577114427,0.3712121212121212
2288,0.4051724137931034,0.4230769230769231,0.28502415458937197,0.2613065326633166,0.23383084577114427,0.3712121212121212
2289,0.4051724137931034,0.4230769230769231,0.28502415458937197,0.2613065326633166,0.23383084577114427,0.3712121212121212
2290,0.4051724137931034,0.4230769230769231,0.28502415458937197,0.2613065326633166,0.23383084577114427,0.3712121212121212
2291,0.4051724137931034,0.4230769230769231,0.28502415458937197,0.2613065326633166,0.23383084577114427,0.3712121212121212
2292,0.4051724137931034,0.4230769230769231,0.28502415458937197,0.2613065326633166,0.23383084577114427,0.36981132075471695
2293,0.4051724137931034,0.4230769230769231,0.28502415458937197,0.2613065326633166,0.23383084577114427,0.36981132075471695
2294,0.4034334763948498,0.42160278745644597,0.28502415458937197,0.2613065326633166,0.23383084577114427,0.36981132075471695
2295,0.4034334763948498,0.42160278745644597,0.28502415458937197,0.2613065326633166,0.23383084577114427,0.36981132075471695
2296,0.4034334763948498,0.42160278745644597,0.28502415458937197,0.2613065326633166,0.23383084577114427,0.36981132075471695
2297,0.4034334763948498,0.42160278745644597,0.28502415458937197,0.2613065326633166,0.23383084577114427,0.36981132075471695
2298,0.4034334763948498,0.42160278745644597,0.28502415458937197,0.2613065326633166,0.23383084577114427,0.36981132075471695
2299,0.4034334763948498,0.42160278745644597,0.28502415458937197,0.2613065326633166,0.23383084577114427,0.3684210526315789
2300,0.4034334763948498,0.42160278745644597,0.28502415458937197,0.2613065326633166,0.23383084577114427,0.3684210526315789
2301,0.4034334763948498,0.42160278745644597,0.28365384615384615,0.2613065326633166,0.23383084577114427,0.3684210526315789
2302,0.4034334763948498,0.42160278745644597,0.28365384615384615,0.2613065326633166,0.23383084577114427,0.3684210526315789
2303,0.4034334763948498,0.42160278745644597,0.28365384615384615,0.265,0.23383084577114427,0.3684210526315789
2304,0.4034334763948498,0.42160278745644597,0.28365384615384615,0.265,0.23383084577114427,0.3684210526315789
2305,0.4034334763948498,0.42160278745644597,0.28365384615384615,0.265,0.23383084577114427,0.3684210526315789
2306,0.4034334763948498,0.42160278745644597,0.28365384615384615,0.265,0.23383084577114427,0.3684210526315789
2307,0.4034334763948498,0.42160278745644597,0.28365384615384615,0.265,0.23383084577114427,0.3684210526315789
2308,0.4034334763948498,0.42160278745644597,0.28708133971291866,0.265,0.23383084577114427,0.3684210526315789
2309,0.4034334763948498,0.42160278745644597,0.28708133971291866,0.265,0.23383084577114427,0.3684210526315789
2310,0.4034334763948498,0.42160278745644597,0.28708133971291866,0.265,0.23383084577114427,0.3684210526315789
2311,0.4034334763948498,0.42160278745644597,0.28708133971291866,0.265,0.23383084577114427,0.3707865168539326
2312,0.4034334763948498,0.42160278745644597,0.28708133971291866,0.265,0.23383084577114427,0.3707865168539326
2313,0.4034334763948498,0.4236111111111111,0.2904761904761905,0.265,0.23383084577114427,0.3707865168539326
2314,0.4034334763948498,0.4236111111111111,0.2904761904761905,0.265,0.23383084577114427,0.3707865168539326
2315,0.4034334763948498,0.4236111111111111,0.2904761904761905,0.265,0.23383084577114427,0.3707865168539326
2316,0.4034334763948498,0.4236111111111111,0.2904761904761905,0.265,0.23383084577114427,0.3694029850746269
2317,0.4034334763948498,0.4236111111111111,0.2890995260663507,0.263681592039801,0.23267326732673269,0.3694029850746269
2318,0.4017094017094017,0.42214532871972316,0.28773584905660377,0.263681592039801,0.23267326732673269,0.3694029850746269
2319,0.4017094017094017,0.42214532871972316,0.28773584905660377,0.263681592039801,0.23267326732673269,0.3694029850746269
2320,0.4017094017094017,0.4206896551724138,0.28773584905660377,0.263681592039801,0.23267326732673269,0.3694029850746269
2321,0.4017094017094017,0.41924398625429554,0.28773584905660377,0.263681592039801,0.23267326732673269,0.3694029850746269
2322,0.4017094017094017,0.41924398625429554,0.28773584905660377,0.263681592039801,0.23267326732673269,0.3694029850746269
2323,0.4017094017094017,0.41924398625429554,0.28773584905660377,0.263681592039801,0.23267326732673269,0.3694029850746269
2324,0.4017094017094017,0.41924398625429554,0.28773584905660377,0.263681592039801,0.23267326732673269,0.3694029850746269
2325,0.4017094017094017,0.41924398625429554,0.2863849765258216,0.263681592039801,0.23267326732673269,0.3694029850746269
2326,0.4,0.4178082191780822,0.2850467289719626,0.263681592039801,0.23267326732673269,0.3694029850746269
2327,0.4,0.4178082191780822,0.2850467289719626,0.263681592039801,0.23267326732673269,0.3694029850746269
2328,0.4,0.4178082191780822,0.2850467289719626,0.263681592039801,0.23267326732673269,0.3694029850746269
2329,0.4,0.4178082191780822,0.2850467289719626,0.263681592039801,0.23267326732673269,0.3694029850746269
2330,0.4,0.4178082191780822,0.2850467289719626,0.263681592039801,0.23267326732673269,0.3694029850746269
2331,0.4,0.4178082191780822,0.2850467289719626,0.263681592039801,0.23267326732673269,0.3694029850746269
2332,0.4,0.4178082191780822,0.2850467289719626,0.263681592039801,0.23267326732673269,0.3694029850746269
2333,0.4,0.4178082191780822,0.2850467289719626,0.263681592039801,0.23267326732673269,0.3694029850746269
2334,0.4,0.4178082191780822,0.2837209302325581,0.263681592039801,0.23267326732673269,0.3694029850746269
2335,0.4,0.4178082191780822,0.2824074074074074,0.2623762376237624,0.2315270935960591,0.3694029850746269
2336,0.4,0.4178082191780822,0.2824074074074074,0.2623762376237624,0.2315270935960591,0.3694029850746269
2337,0.4,0.4178082191780822,0.2824074074074074,0.2623762376237624,0.2315270935960591,0.3694029850746269
2338,0.4,0.4178082191780822,0.2824074074074074,0.2623762376237624,0.2315270935960591,0.3694029850746269
2339,0.4,0.4178082191780822,0.2857142857142857,0.2623762376237624,0.2315270935960591,0.3694029850746269
2340,0.3983050847457627,0.41638225255972694,0.2857142857142857,0.2623762376237624,0.2315270935960591,0.3694029850746269
2341,0.39662447257383965,0.41638225255972694,0.2857142857142857,0.26108374384236455,0.23039215686274508,0.3694029850746269
2342,0.39662447257383965,0.41638225255972694,0.28440366972477066,0.25980392156862747,0.22926829268292684,0.3694029850746269
2343,0.3949579831932773,0.41496598639455784,0.2831050228310502,0.25980392156862747,0.22815533980582525,0.3694029850746269
2344,0.3949579831932773,0.41496598639455784,0.2831050228310502,0.25980392156862747,0.22815533980582525,0.3694029850746269
2345,0.3949579831932773,0.41496598639455784,0.2831050228310502,0.25980392156862747,0.22815533980582525,0.3694029850746269
2346,0.3949579831932773,0.41496598639455784,0.2831050228310502,0.25980392156862747,0.22815533980582525,0.3694029850746269
2347,0.3949579831932773,0.41496598639455784,0.2831050228310502,0.25980392156862747,0.22815533980582525,0.3694029850746269
2348,0.3949579831932773,0.41496598639455784,0.2831050228310502,0.25980392156862747,0.22815533980582525,0.3694029850746269
2349,0.3949579831932773,0.41496598639455784,0.2818181818181818,0.25980392156862747,0.22815533980582525,0.3694029850746269
2350,0.3949579831932773,0.41496598639455784,0.2818181818181818,0.25980392156862747,0.22815533980582525,0.3694029850746269
2351,0.3949579831932773,0.41496598639455784,0.2818181818181818,0.25853658536585367,0.22815533980582525,0.3680297397769517
2352,0.3949579831932773,0.41496598639455784,0.2818181818181818,0.25853658536585367,0.22815533980582525,0.3680297397769517
2353,0.3949579831932773,0.41496598639455784,0.2818181818181818,0.25853658536585367,0.22815533980582525,0.3680297397769517
2354,0.3949579831932773,0.41496598639455784,0.2818181818181818,0.25853658536585367,0.22815533980582525,0.3680297397769517
2355,0.39748953974895396,0.41694915254237286,0.2818181818181818,0.25853658536585367,0.22815533980582525,0.3680297397769517
2356,0.39748953974895396,0.41694915254237286,0.28054298642533937,0.25853658536585367,0.22815533980582525,0.3680297397769517
2357,0.39748953974895396,0.41694915254237286,0.28054298642533937,0.25853658536585367,0.22815533980582525,0.3680297397769517
2358,0.39748953974895396,0.41694915254237286,0.28054298642533937,0.25853658536585367,0.22815533980582525,0.3680297397769517
2359,0.39748953974895396,0.41694915254237286,0.28054298642533937,0.25853658536585367,0.22815533980582525,0.3680297397769517
2360,0.39748953974895396,0.41694915254237286,0.28054298642533937,0.25853658536585367,0.22815533980582525,0.3680297397769517
2361,0.4,0.4189189189189189,0.28054298642533937,0.25853658536585367,0.22815533980582525,0.3680297397769517
2362,0.4,0.4189189189189189,0.27927927927927926,0.25728155339805825,0.22705314009661837,0.3680297397769517
2363,0.4,0.4189189189189189,0.27927927927927926,0.25728155339805825,0.22705314009661837,0.3680297397769517
2364,0.4,0.4189189189189189,0.27927927927927926,0.25728155339805825,0.22705314009661837,0.3680297397769517
2365,0.4,0.4189189189189189,0.27927927927927926,0.2560386473429952,0.22596153846153846,0.3680297397769517
2366,0.4,0.4189189189189189,0.27927927927927926,0.2560386473429952,0.22596153846153846,0.3680297397769517
2367,0.4,0.4189189189189189,0.27927927927927926,0.2560386473429952,0.22596153846153846,0.3680297397769517
2368,0.4,0.4189189189189189,0.27927927927927926,0.2560386473429952,0.22596153846153846,0.3680297397769517
2369,0.4,0.4189189189189189,0.27927927927927926,0.2560386473429952,0.22596153846153846,0.3680297397769517
2370,0.4,0.4189189189189189,0.27927927927927926,0.2560386473429952,0.22596153846153846,0.36666666666666664
2371,0.4,0.4189189189189189,0.2825112107623318,0.2560386473429952,0.22596153846153846,0.36666666666666664
2372,0.4,0.4189189189189189,0.2825112107623318,0.2560386473429952,0.22596153846153846,0.36666666666666664
2373,0.4,0.4189189189189189,0.2825112107623318,0.2560386473429952,0.22596153846153846,0.36666666666666664
2374,0.4,0.4189189189189189,0.2825112107623318,0.2560386473429952,0.22596153846153846,0.36666666666666664
2375,0.4,0.4189189189189189,0.2825112107623318,0.2560386473429952,0.22596153846153846,0.36666666666666664
2376,0.4,0.4189189189189189,0.2825112107623318,0.2560386473429952,0.22596153846153846,0.36666666666666664
2377,0.4,0.4189189189189189,0.2825112107623318,0.2560386473429952,0.22596153846153846,0.36666666666666664
2378,0.4,0.4208754208754209,0.2825112107623318,0.2560386473429952,0.22596153846153846,0.36666666666666664
2379,0.4,0.4208754208754209,0.2857142857142857,0.2560386473429952,0.22596153846153846,0.36900369003690037
2380,0.4,0.4208754208754209,0.2857142857142857,0.2560386473429952,0.22596153846153846,0.36900369003690037
2381,0.4,0.4208754208754209,0.28444444444444444,0.2560386473429952,0.22596153846153846,0.36900369003690037
2382,0.4,0.4208754208754209,0.28444444444444444,0.2560386473429952,0.22596153846153846,0.36764705882352944
2383,0.3983402489626556,0.4208754208754209,0.28444444444444444,0.2560386473429952,0.22596153846153846,0.36764705882352944
2384,0.3983402489626556,0.4208754208754209,0.28444444444444444,0.2560386473429952,0.22596153846153846,0.36764705882352944
2385,0.3983402489626556,0.41946308724832215,0.28444444444444444,0.2560386473429952,0.22596153846153846,0.36764705882352944
2386,0.3983402489626556,0.41946308724832215,0.2831858407079646,0.2560386473429952,0.22596153846153846,0.36764705882352944
2387,0.3983402489626556,0.41946308724832215,0.2831858407079646,0.2560386473429952,0.22596153846153846,0.36764705882352944
2388,0.3983402489626556,0.41946308724832215,0.2831858407079646,0.2560386473429952,0.22596153846153846,0.36764705882352944
2389,0.3983402489626556,0.41946308724832215,0.2831858407079646,0.2560386473429952,0.22596153846153846,0.3663003663003663
2390,0.3983402489626556,0.41946308724832215,0.2831858407079646,0.2560386473429952,0.22596153846153846,0.3663003663003663
2391,0.3983402489626556,0.41946308724832215,0.2831858407079646,0.2560386473429952,0.22596153846153846,0.3663003663003663
2392,0.40082644628099173,0.4214046822742475,0.2831858407079646,0.2560386473429952,0.22596153846153846,0.3663003663003663
2393,0.40082644628099173,0.4214046822742475,0.2831858407079646,0.2560386473429952,0.22596153846153846,0.3663003663003663
2394,0.40082644628099173,0.4214046822742475,0.28634361233480177,0.2560386473429952,0.22596153846153846,0.3663003663003663
2395,0.40082644628099173,0.4214046822742475,0.28634361233480177,0.2560386473429952,0.22596153846153846,0.3663003663003663
2396,0.3991769547325103,0.4214046822742475,0.28634361233480177,0.2560386473429952,0.22596153846153846,0.3663003663003663
2397,0.3991769547325103,0.4214046822742475,0.28634361233480177,0.2560386473429952,0.22596153846153846,0.3663003663003663
2398,0.3975409836065574,0.42,0.28634361233480177,0.2560386473429952,0.22596153846153846,0.3663003663003663
2399,0.3975409836065574,0.42,0.28634361233480177,0.2560386473429952,0.22596153846153846,0.3686131386861314
2400,0.3975409836065574,0.42,0.28634361233480177,0.2560386473429952,0.22596153846153846,0.3686131386861314
2401,0.3975409836065574,0.4186046511627907,0.2850877192982456,0.2560386473429952,0.22596153846153846,0.3686131386861314
2402,0.3975409836065574,0.4186046511627907,0.2850877192982456,0.2560386473429952,0.22596153846153846,0.3686131386861314
2403,0.3975409836065574,0.4186046511627907,0.2850877192982456,0.2548076923076923,0.22488038277511962,0.3686131386861314
2404,0.3975409836065574,0.4186046511627907,0.2850877192982456,0.2548076923076923,0.22488038277511962,0.36727272727272725
2405,0.39591836734693875,0.4186046511627907,0.2850877192982456,0.2548076923076923,0.22488038277511962,0.36727272727272725
2406,0.39591836734693875,0.4186046511627907,0.2850877192982456,0.2548076923076923,0.22488038277511962,0.36727272727272725
2407,0.3943089430894309,0.4186046511627907,0.2850877192982456,0.2548076923076923,0.22488038277511962,0.36727272727272725
2408,0.3943089430894309,0.4186046511627907,0.2850877192982456,0.2548076923076923,0.22488038277511962,0.36727272727272725
2409,0.3943089430894309,0.4186046511627907,0.2850877192982456,0.2548076923076923,0.22488038277511962,0.3695652173913043
2410,0.3943089430894309,0.4186046511627907,0.2850877192982456,0.2548076923076923,0.22488038277511962,0.3695652173913043
2411,0.3943089430894309,0.4186046511627907,0.2850877192982456,0.2548076923076923,0.22488038277511962,0.3695652173913043
2412,0.3943089430894309,0.4186046511627907,0.2850877192982456,0.2548076923076923,0.22488038277511962,0.36823104693140796
2413,0.3943089430894309,0.4186046511627907,0.2850877192982456,0.2548076923076923,0.22488038277511962,0.36823104693140796
2414,0.3943089430894309,0.4186046511627907,0.2850877192982456,0.2548076923076923,0.22488038277511962,0.36823104693140796
2415,0.3943089430894309,0.4186046511627907,0.2850877192982456,0.2548076923076923,0.22488038277511962,0.36823104693140796
2416,0.3943089430894309,0.4186046511627907,0.2850877192982456,0.2548076923076923,0.22488038277511962,0.36823104693140796
2417,0.3943089430894309,0.4186046511627907,0.2850877192982456,0.2548076923076923,0.22488038277511962,0.36823104693140796
2418,0.3943089430894309,0.4186046511627907,0.2850877192982456,0.2548076923076923,0.22488038277511962,0.36823104693140796
2419,0.3967611336032389,0.4186046511627907,0.2850877192982456,0.2548076923076923,0.22488038277511962,0.36823104693140796
2420,0.3967611336032389,0.4186046511627907,0.2850877192982456,0.2583732057416268,0.22857142857142856,0.37050359712230213
2421,0.3951612903225806,0.41721854304635764,0.2850877192982456,0.2583732057416268,0.22857142857142856,0.37050359712230213
2422,0.3951612903225806,0.41914191419141916,0.28820960698689957,0.2583732057416268,0.22857142857142856,0.37050359712230213
2423,0.39357429718875503,0.41914191419141916,0.28820960698689957,0.2583732057416268,0.22857142857142856,0.37050359712230213
2424,0.396,0.42105263157894735,0.28820960698689957,0.2583732057416268,0.22857142857142856,0.37050359712230213
2425,0.396,0.42105263157894735,0.28695652173913044,0.2571428571428571,0.22748815165876776,0.37050359712230213
2426,0.396,0.42105263157894735,0.28695652173913044,0.2559241706161137,0.22748815165876776,0.37050359712230213
2427,0.396,0.42105263157894735,0.28695652173913044,0.2559241706161137,0.22641509433962265,0.37050359712230213
2428,0.398406374501992,0.42105263157894735,0.28695652173913044,0.25943396226415094,0.2300469483568075,0.37050359712230213
2429,0.398406374501992,0.42105263157894735,0.28695652173913044,0.25943396226415094,0.2300469483568075,0.37050359712230213
2430,0.398406374501992,0.42295081967213116,0.28695652173913044,0.25943396226415094,0.2300469483568075,0.37050359712230213
2431,0.398406374501992,0.42295081967213116,0.28695652173913044,0.25821596244131456,0.22897196261682243,0.37050359712230213
2432,0.398406374501992,0.42295081967213116,0.28695652173913044,0.25821596244131456,0.22897196261682243,0.37050359712230213
2433,0.398406374501992,0.42295081967213116,0.28695652173913044,0.25821596244131456,0.22897196261682243,0.37050359712230213
2434,0.398406374501992,0.42295081967213116,0.28695652173913044,0.25821596244131456,0.22897196261682243,0.37050359712230213
2435,0.398406374501992,0.42295081967213116,0.2857142857142857,0.25821596244131456,0.22897196261682243,0.37050359712230213
2436,0.398406374501992,0.42295081967213116,0.2857142857142857,0.25821596244131456,0.22897196261682243,0.37050359712230213
2437,0.398406374501992,0.42295081967213116,0.2857142857142857,0.25821596244131456,0.22897196261682243,0.37050359712230213
2438,0.398406374501992,0.42295081967213116,0.2857142857142857,0.25821596244131456,0.22897196261682243,0.37050359712230213
2439,0.398406374501992,0.42295081967213116,0.2857142857142857,0.25821596244131456,0.22897196261682243,0.3727598566308244
2440,0.398406374501992,0.42295081967213116,0.28448275862068967,0.2570093457943925,0.22790697674418606,0.37142857142857144
2441,0.398406374501992,0.42295081967213116,0.28448275862068967,0.2570093457943925,0.22790697674418606,0.37142857142857144
2442,0.398406374501992,0.42295081967213116,0.28448275862068967,0.2570093457943925,0.22790697674418606,0.37142857142857144
2443,0.398406374501992,0.42295081967213116,0.28448275862068967,0.2558139534883721,0.22685185185185186,0.37142857142857144
2444,0.398406374501992,0.42295081967213116,0.2832618025751073,0.25462962962962965,0.22580645161290322,0.37142857142857144
2445,0.398406374501992,0.42295081967213116,0.2832618025751073,0.25462962962962965,0.22580645161290322,0.37142857142857144
2446,0.398406374501992,0.42295081967213116,0.2832618025751073,0.25462962962962965,0.22580645161290322,0.37142857142857144
2447,0.398406374501992,0.42295081967213116,0.28205128205128205,0.25462962962962965,0.22580645161290322,0.3701067615658363
2448,0.398406374501992,0.42295081967213116,0.28205128205128205,0.25462962962962965,0.22580645161290322,0.3701067615658363
2449,0.398406374501992,0.42295081967213116,0.28205128205128205,0.25462962962962965,0.22580645161290322,0.3701067615658363
2450,0.3968253968253968,0.4215686274509804,0.28205128205128205,0.25462962962962965,0.22580645161290322,0.3701067615658363
2451,0.3968253968253968,0.4201954397394137,0.28205128205128205,0.25462962962962965,0.22580645161290322,0.3701067615658363
2452,0.3968253968253968,0.4201954397394137,0.28205128205128205,0.25462962962962965,0.22580645161290322,0.3701067615658363
2453,0.3968253968253968,0.4201954397394137,0.28205128205128205,0.25462962962962965,0.22580645161290322,0.3701067615658363
2454,0.3968253968253968,0.4201954397394137,0.28205128205128205,0.25462962962962965,0.22580645161290322,0.3701067615658363
2455,0.3968253968253968,0.41883116883116883,0.28205128205128205,0.25462962962962965,0.22580645161290322,0.3701067615658363
2456,0.3968253968253968,0.41883116883116883,0.28205128205128205,0.25462962962962965,0.22580645161290322,0.36879432624113473
2457,0.3968253968253968,0.41883116883116883,0.28205128205128205,0.25462962962962965,0.22580645161290322,0.36879432624113473
2458,0.3968253968253968,0.41883116883116883,0.28205128205128205,0.25462962962962965,0.22580645161290322,0.36879432624113473
2459,0.3968253968253968,0.41883116883116883,0.28205128205128205,0.25462962962962965,0.22580645161290322,0.36879432624113473
2460,0.3968253968253968,0.41883116883116883,0.28205128205128205,0.2534562211981567,0.22477064220183487,0.3674911660777385
2461,0.3968253968253968,0.41883116883116883,0.28205128205128205,0.2534562211981567,0.2237442922374429,0.3674911660777385
2462,0.3968253968253968,0.41883116883116883,0.28205128205128205,0.25229357798165136,0.2237442922374429,0.3674911660777385
2463,0.3968253968253968,0.41883116883116883,0.28205128205128205,0.25229357798165136,0.2237442922374429,0.3674911660777385
2464,0.3968253968253968,0.41883116883116883,0.28205128205128205,0.25229357798165136,0.2237442922374429,0.3674911660777385
2465,0.3968253968253968,0.41883116883116883,0.28205128205128205,0.25229357798165136,0.2237442922374429,0.3674911660777385
2466,0.3968253968253968,0.41883116883116883,0.28205128205128205,0.25229357798165136,0.2237442922374429,0.3674911660777385
2467,0.3968253968253968,0.41883116883116883,0.28205128205128205,0.25229357798165136,0.2237442922374429,0.3674911660777385
2468,0.3968253968253968,0.41883116883116883,0.28205128205128205,0.25229357798165136,0.2237442922374429,0.3674911660777385
2469,0.3968253968253968,0.41883116883116883,0.28205128205128205,0.25229357798165136,0.2237442922374429,0.3674911660777385
2470,0.3952569169960474,0.41883116883116883,0.28205128205128205,0.25229357798165136,0.2237442922374429,0.36619718309859156
2471,0.3952569169960474,0.41883116883116883,0.28205128205128205,0.25229357798165136,0.2237442922374429,0.3649122807017544
2472,0.3952569169960474,0.41883116883116883,0.28205128205128205,0.25229357798165136,0.2237442922374429,0.3649122807017544
2473,0.3952569169960474,0.41883116883116883,0.2851063829787234,0.25229357798165136,0.2237442922374429,0.36713286713286714
2474,0.39763779527559057,0.41883116883116883,0.2851063829787234,0.25229357798165136,0.2237442922374429,0.36713286713286714
2475,0.39763779527559057,0.41883116883116883,0.288135593220339,0.25229357798165136,0.2237442922374429,0.36713286713286714
2476,0.39763779527559057,0.41883116883116883,0.288135593220339,0.2557077625570776,0.2237442922374429,0.36713286713286714
2477,0.39763779527559057,0.41883116883116883,0.288135593220339,0.2557077625570776,0.2237442922374429,0.36713286713286714
2478,0.39763779527559057,0.41883116883116883,0.288135593220339,0.2557077625570776,0.2237442922374429,0.36713286713286714
2479,0.39763779527559057,0.41883116883116883,0.288135593220339,0.2557077625570776,0.2237442922374429,0.36713286713286714
2480,0.39763779527559057,0.41883116883116883,0.288135593220339,0.2557077625570776,0.2237442922374429,0.36713286713286714
2481,0.39763779527559057,0.41883116883116883,0.288135593220339,0.2557077625570776,0.22272727272727272,0.36713286713286714
2482,0.39763779527559057,0.41883116883116883,0.2869198312236287,0.2557077625570776,0.22171945701357465,0.36713286713286714
2483,0.39763779527559057,0.41883116883116883,0.2869198312236287,0.2557077625570776,0.22171945701357465,0.36713286713286714
2484,0.39763779527559057,0.41883116883116883,0.2869198312236287,0.2557077625570776,0.22171945701357465,0.36713286713286714
2485,0.396078431372549,0.4174757281553398,0.2869198312236287,0.2557077625570776,0.22171945701357465,0.36713286713286714
2486,0.396078431372549,0.4174757281553398,0.2869198312236287,0.2590909090909091,0.22171945701357465,0.36713286713286714
2487,0.396078431372549,0.4174757281553398,0.2869198312236287,0.2590909090909091,0.22171945701357465,0.36713286713286714
2488,0.396078431372549,0.41935483870967744,0.2869198312236287,0.2590909090909091,0.22171945701357465,0.36713286713286714
2489,0.396078431372549,0.41935483870967744,0.2869198312236287,0.2590909090909091,0.22171945701357465,0.36713286713286714
2490,0.396078431372549,0.41935483870967744,0.2869198312236287,0.2590909090909091,0.22171945701357465,0.36713286713286714
2491,0.396078431372549,0.41935483870967744,0.2869198312236287,0.26244343891402716,0.22171945701357465,0.36713286713286714
2492,0.396078431372549,0.41935483870967744,0.2869198312236287,0.26244343891402716,0.22171945701357465,0.36585365853658536
2493,0.396078431372549,0.41935483870967744,0.2869198312236287,0.26244343891402716,0.22171945701357465,0.36585365853658536
2494,0.396078431372549,0.41935483870967744,0.2869198312236287,0.26244343891402716,0.22171945701357465,0.36585365853658536
2495,0.3984375,0.41935483870967744,0.2869198312236287,0.26244343891402716,0.22171945701357465,0.36585365853658536
2496,0.3984375,0.41935483870967744,0.2869198312236287,0.26244343891402716,0.22171945701357465,0.36585365853658536
2497,0.3984375,0.41935483870967744,0.2869198312236287,0.26244343891402716,0.22171945701357465,0.36585365853658536
2498,0.3984375,0.4180064308681672,0.2869198312236287,0.26244343891402716,0.22171945701357465,0.36585365853658536
2499,0.3984375,0.4180064308681672,0.2869198312236287,0.26244343891402716,0.22171945701357465,0.36585365853658536
2500,0.3984375,0.4180064308681672,0.2869198312236287,0.26244343891402716,0.22171945701357465,0.36585365853658536
2501,0.3984375,0.4180064308681672,0.2869198312236287,0.26244343891402716,0.22171945701357465,0.3645833333333333
2502,0.3968871595330739,0.4166666666666667,0.2869198312236287,0.26244343891402716,0.22171945701357465,0.3645833333333333
2503,0.3968871595330739,0.4166666666666667,0.2869198312236287,0.26244343891402716,0.22171945701357465,0.3645833333333333
2504,0.3968871595330739,0.4166666666666667,0.2869198312236287,0.26244343891402716,0.22171945701357465,0.3645833333333333
2505,0.3968871595330739,0.4166666666666667,0.2869198312236287,0.26244343891402716,0.22171945701357465,0.3645833333333333
2506,0.3968871595330739,0.4166666666666667,0.2869198312236287,0.26244343891402716,0.22171945701357465,0.3645833333333333
2507,0.3968871595330739,0.4166666666666667,0.2869198312236287,0.26126126126126126,0.22171945701357465,0.3645833333333333
2508,0.3968871595330739,0.4166666666666667,0.2869198312236287,0.2600896860986547,0.22171945701357465,0.3645833333333333
2509,0.3968871595330739,0.4166666666666667,0.2869198312236287,0.2600896860986547,0.22171945701357465,0.3645833333333333
2510,0.3968871595330739,0.41533546325878595,0.2869198312236287,0.2600896860986547,0.22171945701357465,0.3633217993079585
2511,0.3968871595330739,0.4171974522292994,0.2869198312236287,0.2600896860986547,0.22171945701357465,0.3633217993079585
2512,0.3968871595330739,0.4171974522292994,0.2869198312236287,0.2600896860986547,0.22171945701357465,0.3633217993079585
2513,0.3968871595330739,0.4171974522292994,0.2869198312236287,0.2600896860986547,0.22171945701357465,0.3633217993079585
2514,0.3968871595330739,0.4171974522292994,0.2869198312236287,0.2600896860986547,0.22171945701357465,0.3620689655172414
2515,0.3968871595330739,0.4171974522292994,0.2869198312236287,0.2600896860986547,0.22171945701357465,0.3620689655172414
2516,0.3968871595330739,0.41904761904761906,0.2869198312236287,0.2600896860986547,0.22171945701357465,0.3620689655172414
2517,0.3968871595330739,0.41904761904761906,0.2869198312236287,0.2600896860986547,0.22171945701357465,0.3620689655172414
2518,0.3968871595330739,0.41904761904761906,0.2869198312236287,0.2600896860986547,0.22171945701357465,0.36082474226804123
2519,0.3968871595330739,0.41904761904761906,0.2869198312236287,0.25892857142857145,0.22171945701357465,0.36082474226804123
2520,0.3968871595330739,0.41904761904761906,0.2869198312236287,0.25892857142857145,0.22171945701357465,0.36082474226804123
2521,0.3968871595330739,0.41904761904761906,0.2869198312236287,0.25892857142857145,0.22171945701357465,0.36082474226804123
2522,0.3968871595330739,0.41904761904761906,0.2869198312236287,0.25892857142857145,0.22171945701357465,0.36082474226804123
2523,0.3968871595330739,0.41904761904761906,0.2869198312236287,0.25892857142857145,0.22072072072072071,0.36082474226804123
2524,0.3968871595330739,0.41904761904761906,0.2869198312236287,0.2577777777777778,0.22072072072072071,0.36082474226804123
2525,0.3968871595330739,0.41904761904761906,0.2857142857142857,0.2577777777777778,0.22072072072072071,0.36082474226804123
2526,0.3968871595330739,0.41904761904761906,0.2857142857142857,0.2577777777777778,0.22072072072072071,0.36082474226804123
2527,0.3968871595330739,0.41904761904761906,0.2857142857142857,0.2577777777777778,0.21973094170403587,0.36082474226804123
2528,0.3968871595330739,0.41904761904761906,0.2857142857142857,0.2577777777777778,0.21973094170403587,0.36082474226804123
2529,0.3968871595330739,0.41904761904761906,0.2857142857142857,0.25663716814159293,0.21973094170403587,0.36082474226804123
2530,0.3968871595330739,0.41904761904761906,0.2857142857142857,0.25663716814159293,0.21973094170403587,0.3595890410958904
2531,0.3968871595330739,0.41904761904761906,0.2857142857142857,0.25663716814159293,0.21973094170403587,0.3595890410958904
2532,0.3968871595330739,0.41904761904761906,0.2857142857142857,0.25663716814159293,0.21973094170403587,0.3595890410958904
2533,0.3968871595330739,0.41904761904761906,0.2857142857142857,0.25663716814159293,0.21973094170403587,0.3595890410958904
2534,0.3968871595330739,0.41904761904761906,0.2857142857142857,0.25663716814159293,0.21973094170403587,0.3595890410958904
2535,0.3968871595330739,0.41904761904761906,0.2857142857142857,0.25663716814159293,0.21973094170403587,0.36177474402730375
2536,0.3968871595330739,0.41904761904761906,0.2857142857142857,0.25663716814159293,0.21973094170403587,0.36177474402730375
2537,0.3968871595330739,0.41904761904761906,0.28451882845188287,0.25663716814159293,0.21973094170403587,0.36177474402730375
2538,0.3968871595330739,0.4177215189873418,0.28451882845188287,0.25663716814159293,0.21973094170403587,0.36177474402730375
2539,0.3968871595330739,0.4177215189873418,0.2833333333333333,0.2555066079295154,0.21875,0.36177474402730375
2540,0.3968871595330739,0.4177215189873418,0.2833333333333333,0.2543859649122807,0.21875,0.36177474402730375
2541,0.3968871595330739,0.4177215189873418,0.2833333333333333,0.2543859649122807,0.21875,0.36177474402730375
2542,0.3968871595330739,0.416403785488959,0.2833333333333333,0.2543859649122807,0.21875,0.36177474402730375
2543,0.3968871595330739,0.416403785488959,0.2833333333333333,0.2543859649122807,0.21875,0.36177474402730375
2544,0.3968871595330739,0.416403785488959,0.2833333333333333,0.2543859649122807,0.21875,0.36177474402730375
2545,0.3968871595330739,0.416403785488959,0.2833333333333333,0.2543859649122807,0.21777777777777776,0.36177474402730375
2546,0.3968871595330739,0.416403785488959,0.2833333333333333,0.2543859649122807,0.22123893805309736,0.36177474402730375
2547,0.3968871595330739,0.416403785488959,0.2833333333333333,0.2543859649122807,0.22123893805309736,0.36054421768707484
2548,0.3968871595330739,0.416403785488959,0.2833333333333333,0.2576419213973799,0.22123893805309736,0.36054421768707484
2549,0.3968871595330739,0.416403785488959,0.2833333333333333,0.2576419213973799,0.22123893805309736,0.36054421768707484
2550,0.3968871595330739,0.416403785488959,0.2833333333333333,0.2576419213973799,0.22123893805309736,0.36054421768707484
2551,0.3953488372093023,0.416403785488959,0.2833333333333333,0.2576419213973799,0.22026431718061673,0.3593220338983051
2552,0.3953488372093023,0.416403785488959,0.2833333333333333,0.2576419213973799,0.22026431718061673,0.3593220338983051
2553,0.3953488372093023,0.416403785488959,0.2833333333333333,0.2576419213973799,0.22026431718061673,0.3593220338983051
2554,0.39768339768339767,0.41823899371069184,0.2833333333333333,0.2576419213973799,0.22026431718061673,0.3593220338983051
2555,0.39768339768339767,0.41823899371069184,0.2833333333333333,0.2608695652173913,0.22026431718061673,0.3593220338983051
2556,0.39768339768339767,0.41823899371069184,0.2833333333333333,0.2608695652173913,0.22026431718061673,0.3593220338983051
2557,0.39768339768339767,0.41823899371069184,0.2833333333333333,0.2608695652173913,0.22026431718061673,0.3593220338983051
2558,0.39768339768339767,0.41823899371069184,0.2833333333333333,0.26406926406926406,0.22026431718061673,0.3593220338983051
2559,0.39768339768339767,0.41823899371069184,0.2821576763485477,0.2629310344827586,0.22026431718061673,0.3593220338983051
2560,0.39768339768339767,0.41823899371069184,0.2821576763485477,0.2629310344827586,0.22026431718061673,0.3593220338983051
2561,0.39768339768339767,0.4169278996865204,0.2821576763485477,0.2629310344827586,0.22026431718061673,0.3593220338983051
2562,0.39768339768339767,0.4169278996865204,0.2821576763485477,0.2629310344827586,0.21929824561403508,0.3593220338983051
2563,0.39768339768339767,0.4169278996865204,0.2821576763485477,0.26180257510729615,0.21929824561403508,0.3593220338983051
2564,0.39768339768339767,0.4169278996865204,0.2821576763485477,0.2606837606837607,0.21929824561403508,0.3593220338983051
2565,0.39768339768339767,0.4169278996865204,0.2821576763485477,0.2606837606837607,0.21929824561403508,0.3593220338983051
2566,0.39768339768339767,0.4169278996865204,0.2821576763485477,0.2606837606837607,0.21929824561403508,0.3593220338983051
2567,0.39768339768339767,0.4169278996865204,0.28512396694214875,0.2606837606837607,0.22270742358078602,0.3593220338983051
2568,0.39768339768339767,0.4169278996865204,0.28512396694214875,0.2606837606837607,0.2217391304347826,0.3593220338983051
2569,0.39768339768339767,0.4169278996865204,0.28512396694214875,0.2606837606837607,0.2217391304347826,0.3593220338983051
2570,0.39768339768339767,0.4169278996865204,0.28512396694214875,0.2606837606837607,0.2217391304347826,0.3593220338983051
2571,0.39768339768339767,0.4169278996865204,0.28512396694214875,0.2606837606837607,0.2217391304347826,0.3593220338983051
2572,0.39768339768339767,0.4169278996865204,0.28512396694214875,0.26382978723404255,0.2217391304347826,0.3614864864864865
2573,0.39768339768339767,0.4169278996865204,0.28512396694214875,0.26382978723404255,0.2217391304347826,0.3614864864864865
2574,0.39768339768339767,0.4169278996865204,0.28512396694214875,0.26382978723404255,0.2217391304347826,0.3614864864864865
2575,0.39768339768339767,0.4169278996865204,0.28512396694214875,0.26382978723404255,0.2217391304347826,0.3614864864864865
2576,0.39768339768339767,0.4169278996865204,0.28512396694214875,0.2627118644067797,0.2217391304347826,0.3614864864864865
2577,0.39768339768339767,0.4169278996865204,0.28512396694214875,0.2627118644067797,0.2217391304347826,0.3614864864864865
2578,0.39768339768339767,0.4169278996865204,0.28512396694214875,0.2627118644067797,0.2217391304347826,0.3614864864864865
2579,0.39768339768339767,0.4169278996865204,0.28512396694214875,0.2627118644067797,0.2217391304347826,0.3614864864864865
2580,0.39768339768339767,0.4169278996865204,0.28512396694214875,0.2627118644067797,0.2217391304347826,0.3602693602693603
2581,0.39768339768339767,0.4169278996865204,0.28512396694214875,0.2616033755274262,0.2217391304347826,0.3602693602693603
2582,0.39768339768339767,0.4169278996865204,0.28512396694214875,0.2616033755274262,0.2217391304347826,0.3602693602693603
2583,0.39768339768339767,0.4169278996865204,0.28512396694214875,0.2616033755274262,0.2217391304347826,0.3602693602693603
2584,0.39768339768339767,0.4169278996865204,0.28512396694214875,0.2616033755274262,0.2217391304347826,0.3602693602693603
2585,0.39768339768339767,0.4169278996865204,0.28512396694214875,0.2616033755274262,0.2217391304347826,0.3602693602693603
2586,0.39768339768339767,0.4169278996865204,0.28512396694214875,0.2616033755274262,0.2217391304347826,0.3602693602693603
2587,0.39768339768339767,0.4169278996865204,0.28512396694214875,0.2616033755274262,0.2217391304347826,0.3602693602693603
2588,0.39768339768339767,0.4169278996865204,0.28512396694214875,0.2616033755274262,0.2217391304347826,0.3602693602693603
2589,0.39768339768339767,0.4169278996865204,0.28512396694214875,0.2616033755274262,0.2217391304347826,0.3602693602693603
2590,0.39768339768339767,0.4169278996865204,0.28512396694214875,0.2616033755274262,0.2217391304347826,0.3602693602693603
2591,0.39768339768339767,0.4169278996865204,0.28512396694214875,0.2616033755274262,0.2217391304347826,0.3602693602693603
2592,0.39768339768339767,0.4169278996865204,0.28512396694214875,0.2616033755274262,0.2217391304347826,0.3602693602693603
2593,0.39768339768339767,0.4169278996865204,0.28512396694214875,0.2616033755274262,0.2217391304347826,0.3624161073825503
2594,0.39768339768339767,0.4169278996865204,0.28512396694214875,0.2616033755274262,0.2217391304347826,0.3624161073825503
2595,0.39768339768339767,0.4169278996865204,0.28512396694214875,0.2616033755274262,0.2217391304347826,0.3624161073825503
2596,0.39768339768339767,0.4169278996865204,0.28512396694214875,0.2616033755274262,0.2217391304347826,0.3624161073825503
2597,0.39768339768339767,0.4169278996865204,0.28512396694214875,0.2616033755274262,0.2217391304347826,0.3624161073825503
2598,0.39768339768339767,0.4169278996865204,0.28512396694214875,0.2616033755274262,0.2217391304347826,0.3612040133779264
2599,0.39768339768339767,0.4169278996865204,0.2839506172839506,0.2605042016806723,0.2217391304347826,0.3612040133779264
2600,0.39768339768339767,0.4169278996865204,0.2839506172839506,0.2605042016806723,0.2217391304347826,0.36
2601,0.39768339768339767,0.4169278996865204,0.2839506172839506,0.2605042016806723,0.2217391304347826,0.36
2602,0.39615384615384613,0.4169278996865204,0.2839506172839506,0.2605042016806723,0.2217391304347826,0.36
2603,0.39615384615384613,0.4169278996865204,0.2839506172839506,0.2605042016806723,0.2217391304347826,0.36
2604,0.39615384615384613,0.4169278996865204,0.2839506172839506,0.2605042016806723,0.2217391304347826,0.36
2605,0.3946360153256705,0.415625,0.2839506172839506,0.2605042016806723,0.2217391304347826,0.36
2606,0.3946360153256705,0.415625,0.2839506172839506,0.2605042016806723,0.2217391304347826,0.36212624584717606
2607,0.3946360153256705,0.415625,0.2839506172839506,0.2605042016806723,0.2217391304347826,0.36212624584717606
2608,0.3946360153256705,0.4143302180685358,0.2839506172839506,0.2605042016806723,0.2217391304347826,0.36212624584717606
2609,0.3946360153256705,0.4143302180685358,0.2839506172839506,0.2605042016806723,0.22077922077922077,0.36212624584717606
2610,0.3931297709923664,0.41304347826086957,0.2839506172839506,0.2594142259414226,0.21982758620689655,0.36212624584717606
2611,0.3931297709923664,0.41304347826086957,0.2839506172839506,0.2625,0.21982758620689655,0.36212624584717606
2612,0.3931297709923664,0.41304347826086957,0.28688524590163933,0.2625,0.22317596566523606,0.36212624584717606
2613,0.3931297709923664,0.41304347826086957,0.28688524590163933,0.2625,0.22317596566523606,0.36212624584717606
2614,0.3931297709923664,0.41304347826086957,0.28688524590163933,0.2625,0.22317596566523606,0.36212624584717606
2615,0.3931297709923664,0.4148606811145511,0.2897959183673469,0.26556016597510373,0.22317596566523606,0.36423841059602646
2616,0.3931297709923664,0.4148606811145511,0.2886178861788618,0.2644628099173554,0.22317596566523606,0.36423841059602646
2617,0.3931297709923664,0.4148606811145511,0.2886178861788618,0.2644628099173554,0.22317596566523606,0.36423841059602646
2618,0.3931297709923664,0.4148606811145511,0.2886178861788618,0.2644628099173554,0.22317596566523606,0.36423841059602646
2619,0.3931297709923664,0.4148606811145511,0.2874493927125506,0.2644628099173554,0.22317596566523606,0.36423841059602646
2620,0.3931297709923664,0.4148606811145511,0.2874493927125506,0.2644628099173554,0.22317596566523606,0.36303630363036304
2621,0.3931297709923664,0.41358024691358025,0.2874493927125506,0.2644628099173554,0.22317596566523606,0.36303630363036304
2622,0.3931297709923664,0.41358024691358025,0.2874493927125506,0.2644628099173554,0.22317596566523606,0.36303630363036304
2623,0.3931297709923664,0.41358024691358025,0.2874493927125506,0.2644628099173554,0.22317596566523606,0.3618421052631579
2624,0.3931297709923664,0.4153846153846154,0.2874493927125506,0.2644628099173554,0.2264957264957265,0.3618421052631579
2625,0.3931297709923664,0.4153846153846154,0.2862903225806452,0.2644628099173554,0.225531914893617,0.3618421052631579
2626,0.3931297709923664,0.4153846153846154,0.2862903225806452,0.2644628099173554,0.225531914893617,0.3618421052631579
2627,0.3931297709923664,0.4153846153846154,0.2862903225806452,0.26337448559670784,0.225531914893617,0.3618421052631579
2628,0.3931297709923664,0.4153846153846154,0.2862903225806452,0.26229508196721313,0.225531914893617,0.3618421052631579
2629,0.3931297709923664,0.4153846153846154,0.2862903225806452,0.26229508196721313,0.225531914893617,0.3618421052631579
2630,0.3931297709923664,0.4153846153846154,0.2862903225806452,0.26229508196721313,0.225531914893617,0.3618421052631579
2631,0.3931297709923664,0.4153846153846154,0.2862903225806452,0.26229508196721313,0.225531914893617,0.3618421052631579
2632,0.3931297709923664,0.4153846153846154,0.2862903225806452,0.2612244897959184,0.225531914893617,0.3618421052631579
2633,0.3931297709923664,0.41411042944785276,0.2862903225806452,0.2612244897959184,0.225531914893617,0.3618421052631579
2634,0.3931297709923664,0.41411042944785276,0.285140562248996,0.2612244897959184,0.225531914893617,0.3618421052631579
2635,0.3931297709923664,0.41411042944785276,0.285140562248996,0.2612244897959184,0.225531914893617,0.3618421052631579
2636,0.3931297709923664,0.41411042944785276,0.285140562248996,0.2612244897959184,0.225531914893617,0.3618421052631579
2637,0.3931297709923664,0.41411042944785276,0.285140562248996,0.2612244897959184,0.225531914893617,0.3618421052631579
2638,0.3916349809885932,0.41411042944785276,0.284,0.2612244897959184,0.225531914893617,0.36065573770491804
2639,0.3916349809885932,0.41411042944785276,0.284,0.2612244897959184,0.225531914893617,0.36065573770491804
2640,0.3916349809885932,0.41411042944785276,0.2868525896414343,0.26422764227642276,0.225531914893617,0.36065573770491804
2641,0.3916349809885932,0.41411042944785276,0.2868525896414343,0.26422764227642276,0.225531914893617,0.36065573770491804
2642,0.3916349809885932,0.41411042944785276,0.2868525896414343,0.26422764227642276,0.225531914893617,0.36065573770491804
2643,0.3916349809885932,0.41411042944785276,0.2868525896414343,0.26422764227642276,0.225531914893617,0.36065573770491804
2644,0.3916349809885932,0.41411042944785276,0.2868525896414343,0.26720647773279355,0.225531914893617,0.36065573770491804
2645,0.3916349809885932,0.41411042944785276,0.2868525896414343,0.26720647773279355,0.225531914893617,0.36065573770491804
2646,0.3916349809885932,0.41411042944785276,0.2868525896414343,0.26720647773279355,0.225531914893617,0.36065573770491804
2647,0.3916349809885932,0.41411042944785276,0.2868525896414343,0.26720647773279355,0.225531914893617,0.36065573770491804
2648,0.3939393939393939,0.41590214067278286,0.2868525896414343,0.26720647773279355,0.2288135593220339,0.36065573770491804
2649,0.3939393939393939,0.4176829268292683,0.2868525896414343,0.26720647773279355,0.2288135593220339,0.36065573770491804
2650,0.3939393939393939,0.4176829268292683,0.2868525896414343,0.26720647773279355,0.2288135593220339,0.36065573770491804
2651,0.3939393939393939,0.4176829268292683,0.2868525896414343,0.26720647773279355,0.2288135593220339,0.36065573770491804
2652,0.3939393939393939,0.4176829268292683,0.2868525896414343,0.2661290322580645,0.2288135593220339,0.36065573770491804
2653,0.3939393939393939,0.41641337386018235,0.2868525896414343,0.2661290322580645,0.2288135593220339,0.36065573770491804
2654,0.3939393939393939,0.41641337386018235,0.2868525896414343,0.2661290322580645,0.2288135593220339,0.36065573770491804
2655,0.3939393939393939,0.41641337386018235,0.2868525896414343,0.2661290322580645,0.2288135593220339,0.36065573770491804
2656,0.3939393939393939,0.41641337386018235,0.2868525896414343,0.2661290322580645,0.2288135593220339,0.35947712418300654
2657,0.39245283018867927,0.41515151515151516,0.2857142857142857,0.2661290322580645,0.2288135593220339,0.35947712418300654
2658,0.39245283018867927,0.41515151515151516,0.2857142857142857,0.2661290322580645,0.2288135593220339,0.35947712418300654
2659,0.39245283018867927,0.41515151515151516,0.2845849802371542,0.26506024096385544,0.2288135593220339,0.35947712418300654
2660,0.39245283018867927,0.41515151515151516,0.2845849802371542,0.26506024096385544,0.2288135593220339,0.35947712418300654
2661,0.39245283018867927,0.41515151515151516,0.2874015748031496,0.26506024096385544,0.2288135593220339,0.36156351791530944
2662,0.39245283018867927,0.41515151515151516,0.2874015748031496,0.26506024096385544,0.2288135593220339,0.36156351791530944
2663,0.39245283018867927,0.41515151515151516,0.2874015748031496,0.26506024096385544,0.2288135593220339,0.36156351791530944
2664,0.39245283018867927,0.41515151515151516,0.2874015748031496,0.26506024096385544,0.22784810126582278,0.36156351791530944
2665,0.39245283018867927,0.41515151515151516,0.2874015748031496,0.264,0.22784810126582278,0.36156351791530944
2666,0.39245283018867927,0.41515151515151516,0.2874015748031496,0.26294820717131473,0.22784810126582278,0.36156351791530944
2667,0.39245283018867927,0.41515151515151516,0.2874015748031496,0.2619047619047619,0.22784810126582278,0.36156351791530944
2668,0.39245283018867927,0.41515151515151516,0.2874015748031496,0.2619047619047619,0.22784810126582278,0.36156351791530944
2669,0.39245283018867927,0.41515151515151516,0.2874015748031496,0.2619047619047619,0.22784810126582278,0.36156351791530944
2670,0.39245283018867927,0.41515151515151516,0.2874015748031496,0.2619047619047619,0.22784810126582278,0.36156351791530944
2671,0.39245283018867927,0.41515151515151516,0.2874015748031496,0.2619047619047619,0.22784810126582278,0.36156351791530944
2672,0.39245283018867927,0.41515151515151516,0.2874015748031496,0.2619047619047619,0.22784810126582278,0.36156351791530944
2673,0.39245283018867927,0.41515151515151516,0.2874015748031496,0.2619047619047619,0.22784810126582278,0.36156351791530944
2674,0.39245283018867927,0.41515151515151516,0.2874015748031496,0.2619047619047619,0.22784810126582278,0.36156351791530944
2675,0.39245283018867927,0.4169184290030212,0.2874015748031496,0.2619047619047619,0.22784810126582278,0.36363636363636365
2676,0.39245283018867927,0.41566265060240964,0.28627450980392155,0.2619047619047619,0.22784810126582278,0.36363636363636365
2677,0.39245283018867927,0.41566265060240964,0.28515625,0.2619047619047619,0.22784810126582278,0.36363636363636365
2678,0.39245283018867927,0.41566265060240964,0.28515625,0.2619047619047619,0.22784810126582278,0.36245954692556637
2679,0.39245283018867927,0.41566265060240964,0.28515625,0.2619047619047619,0.22784810126582278,0.36245954692556637
2680,0.39245283018867927,0.41566265060240964,0.2840466926070039,0.2619047619047619,0.22784810126582278,0.36245954692556637
2681,0.39245283018867927,0.41566265060240964,0.2840466926070039,0.2619047619047619,0.22784810126582278,0.36245954692556637
2682,0.39245283018867927,0.41566265060240964,0.2840466926070039,0.2619047619047619,0.22784810126582278,0.36245954692556637
2683,0.39245283018867927,0.41566265060240964,0.2840466926070039,0.2619047619047619,0.22784810126582278,0.36245954692556637
2684,0.39245283018867927,0.41566265060240964,0.2840466926070039,0.2619047619047619,0.22784810126582278,0.36245954692556637
2685,0.39245283018867927,0.4174174174174174,0.2868217054263566,0.2619047619047619,0.22784810126582278,0.36245954692556637
2686,0.39245283018867927,0.4174174174174174,0.2857142857142857,0.2619047619047619,0.22784810126582278,0.36245954692556637
2687,0.39245283018867927,0.4174174174174174,0.2857142857142857,0.2619047619047619,0.22784810126582278,0.36245954692556637
2688,0.39245283018867927,0.4174174174174174,0.2857142857142857,0.2619047619047619,0.22784810126582278,0.36245954692556637
2689,0.39245283018867927,0.4174174174174174,0.2857142857142857,0.2608695652173913,0.226890756302521,0.36245954692556637
2690,0.39245283018867927,0.4174174174174174,0.2846153846153846,0.25984251968503935,0.226890756302521,0.36129032258064514
2691,0.39245283018867927,0.4174174174174174,0.2846153846153846,0.2627450980392157,0.226890756302521,0.36129032258064514
2692,0.39245283018867927,0.4174174174174174,0.2846153846153846,0.2627450980392157,0.226890756302521,0.36129032258064514
2693,0.39245283018867927,0.4174174174174174,0.2846153846153846,0.2627450980392157,0.226890756302521,0.36129032258064514
2694,0.39097744360902253,0.4174174174174174,0.2846153846153846,0.2627450980392157,0.226890756302521,0.36129032258064514
2695,0.3895131086142322,0.4174174174174174,0.2846153846153846,0.2627450980392157,0.226890756302521,0.36129032258064514
2696,0.3880597014925373,0.4174174174174174,0.2835249042145594,0.2627450980392157,0.22594142259414227,0.36129032258064514
2697,0.3880597014925373,0.4174174174174174,0.2835249042145594,0.2627450980392157,0.22594142259414227,0.36012861736334406
2698,0.3880597014925373,0.4174174174174174,0.2835249042145594,0.2627450980392157,0.22594142259414227,0.36012861736334406
2699,0.3880597014925373,0.41916167664670656,0.2835249042145594,0.2627450980392157,0.22594142259414227,0.36012861736334406
2700,0.3880597014925373,0.41916167664670656,0.2835249042145594,0.265625,0.22594142259414227,0.36012861736334406
2701,0.3880597014925373,0.41916167664670656,0.2835249042145594,0.265625,0.22594142259414227,0.36217948717948717
2702,0.38661710037174724,0.417910447761194,0.2835249042145594,0.265625,0.225,0.36217948717948717
2703,0.38661710037174724,0.417910447761194,0.2835249042145594,0.265625,0.225,0.36217948717948717
2704,0.3888888888888889,0.417910447761194,0.2862595419847328,0.265625,0.225,0.36217948717948717
2705,0.3888888888888889,0.417910447761194,0.2862595419847328,0.265625,0.225,0.36217948717948717
2706,0.3888888888888889,0.417910447761194,0.2862595419847328,0.265625,0.225,0.36217948717948717
2707,0.3888888888888889,0.417910447761194,0.2862595419847328,0.265625,0.225,0.36217948717948717
2708,0.3888888888888889,0.417910447761194,0.2862595419847328,0.265625,0.225,0.36217948717948717
2709,0.3874538745387454,0.4166666666666667,0.2862595419847328,0.265625,0.225,0.36217948717948717
2710,0.3874538745387454,0.41543026706231456,0.2862595419847328,0.26459143968871596,0.225,0.36217948717948717
2711,0.3874538745387454,0.41543026706231456,0.2862595419847328,0.26744186046511625,0.225,0.36217948717948717
2712,0.3874538745387454,0.41543026706231456,0.2862595419847328,0.26744186046511625,0.225,0.36217948717948717
2713,0.3874538745387454,0.41543026706231456,0.2862595419847328,0.26744186046511625,0.225,0.36217948717948717
2714,0.3874538745387454,0.41543026706231456,0.2862595419847328,0.26744186046511625,0.225,0.36217948717948717
2715,0.3874538745387454,0.41543026706231456,0.2862595419847328,0.26744186046511625,0.225,0.36217948717948717
2716,0.3874538745387454,0.41543026706231456,0.2862595419847328,0.26744186046511625,0.225,0.36217948717948717
2717,0.3874538745387454,0.41543026706231456,0.2862595419847328,0.26744186046511625,0.225,0.36217948717948717
2718,0.3874538745387454,0.41543026706231456,0.2862595419847328,0.26744186046511625,0.22406639004149378,0.36217948717948717
2719,0.3860294117647059,0.41420118343195267,0.2862595419847328,0.26744186046511625,0.2231404958677686,0.36217948717948717
2720,0.3860294117647059,0.41420118343195267,0.2862595419847328,0.26744186046511625,0.2231404958677686,0.36217948717948717
2721,0.3860294117647059,0.41420118343195267,0.2862595419847328,0.26744186046511625,0.2231404958677686,0.36217948717948717
2722,0.3860294117647059,0.41420118343195267,0.2862595419847328,0.26744186046511625,0.2231404958677686,0.36217948717948717
2723,0.3860294117647059,0.41420118343195267,0.2862595419847328,0.2702702702702703,0.2231404958677686,0.36217948717948717
2724,0.38461538461538464,0.41297935103244837,0.2862595419847328,0.2702702702702703,0.2231404958677686,0.36217948717948717
2725,0.38461538461538464,0.41297935103244837,0.2862595419847328,0.2702702702702703,0.2231404958677686,0.36217948717948717
2726,0.38321167883211676,0.4117647058823529,0.28517110266159695,0.2702702702702703,0.2231404958677686,0.3610223642172524
2727,0.38321167883211676,0.4117647058823529,0.28517110266159695,0.2702702702702703,0.2231404958677686,0.3610223642172524
2728,0.38321167883211676,0.4117647058823529,0.28517110266159695,0.2702702702702703,0.2231404958677686,0.3610223642172524
2729,0.38321167883211676,0.4117647058823529,0.28517110266159695,0.2692307692307692,0.2231404958677686,0.3610223642172524
2730,0.38321167883211676,0.4117647058823529,0.28517110266159695,0.2692307692307692,0.2231404958677686,0.3610223642172524
2731,0.38321167883211676,0.4117647058823529,0.2878787878787879,0.2692307692307692,0.2231404958677686,0.3610223642172524
2732,0.38321167883211676,0.4117647058823529,0.2878787878787879,0.2692307692307692,0.22633744855967078,0.3610223642172524
2733,0.38321167883211676,0.4117647058823529,0.2878787878787879,0.2692307692307692,0.22633744855967078,0.3610223642172524
2734,0.38321167883211676,0.4117647058823529,0.2878787878787879,0.2692307692307692,0.22633744855967078,0.3610223642172524
2735,0.38181818181818183,0.4117647058823529,0.2878787878787879,0.2692307692307692,0.22633744855967078,0.35987261146496813
2736,0.38181818181818183,0.4117647058823529,0.2878787878787879,0.2692307692307692,0.22540983606557377,0.35987261146496813
2737,0.38181818181818183,0.4117647058823529,0.2878787878787879,0.2692307692307692,0.22448979591836735,0.35987261146496813
2738,0.38181818181818183,0.4117647058823529,0.2878787878787879,0.2692307692307692,0.22764227642276422,0.35987261146496813
2739,0.38181818181818183,0.4117647058823529,0.2878787878787879,0.2692307692307692,0.22764227642276422,0.35987261146496813
2740,0.38181818181818183,0.4117647058823529,0.2878787878787879,0.2720306513409962,0.22764227642276422,0.35987261146496813
2741,0.38181818181818183,0.4117647058823529,0.29056603773584905,0.2748091603053435,0.22764227642276422,0.35987261146496813
2742,0.38181818181818183,0.4117647058823529,0.29056603773584905,0.2748091603053435,0.22764227642276422,0.35987261146496813
2743,0.38181818181818183,0.4117647058823529,0.29056603773584905,0.2748091603053435,0.22764227642276422,0.3619047619047619
2744,0.38181818181818183,0.4117647058823529,0.29056603773584905,0.2748091603053435,0.22764227642276422,0.3619047619047619
2745,0.38181818181818183,0.4117647058823529,0.29056603773584905,0.2748091603053435,0.22764227642276422,0.3619047619047619
2746,0.38181818181818183,0.4117647058823529,0.29056603773584905,0.2748091603053435,0.22764227642276422,0.3619047619047619
2747,0.38181818181818183,0.4117647058823529,0.29056603773584905,0.2748091603053435,0.22672064777327935,0.3619047619047619
2748,0.38181818181818183,0.4117647058823529,0.29056603773584905,0.2748091603053435,0.22672064777327935,0.3619047619047619
2749,0.38181818181818183,0.4117647058823529,0.29056603773584905,0.2748091603053435,0.22672064777327935,0.36075949367088606
2750,0.38181818181818183,0.4117647058823529,0.29056603773584905,0.2748091603053435,0.22672064777327935,0.36075949367088606
2751,0.38181818181818183,0.4117647058823529,0.29056603773584905,0.2748091603053435,0.22672064777327935,0.36075949367088606
2752,0.38181818181818183,0.4117647058823529,0.29056603773584905,0.2748091603053435,0.22672064777327935,0.36075949367088606
2753,0.38181818181818183,0.4117647058823529,0.2894736842105263,0.2737642585551331,0.22672064777327935,0.35962145110410093
2754,0.38181818181818183,0.4117647058823529,0.2894736842105263,0.2737642585551331,0.22672064777327935,0.35962145110410093
2755,0.38181818181818183,0.4117647058823529,0.2894736842105263,0.2737642585551331,0.22672064777327935,0.35962145110410093
2756,0.38405797101449274,0.4117647058823529,0.29213483146067415,0.2737642585551331,0.22983870967741934,0.35962145110410093
2757,0.38405797101449274,0.4117647058823529,0.29213483146067415,0.2737642585551331,0.22983870967741934,0.35962145110410093
2758,0.38405797101449274,0.4117647058823529,0.29213483146067415,0.2737642585551331,0.22983870967741934,0.35962145110410093
2759,0.38405797101449274,0.4117647058823529,0.29213483146067415,0.2737642585551331,0.22983870967741934,0.36163522012578614
2760,0.38405797101449274,0.4117647058823529,0.29213483146067415,0.2737642585551331,0.22983870967741934,0.36163522012578614
2761,0.38405797101449274,0.4117647058823529,0.2947761194029851,0.2765151515151515,0.22983870967741934,0.36163522012578614
2762,0.38405797101449274,0.4117647058823529,0.2947761194029851,0.2765151515151515,0.22983870967741934,0.36163522012578614
2763,0.38405797101449274,0.4117647058823529,0.2947761194029851,0.2765151515151515,0.22983870967741934,0.36163522012578614
2764,0.38405797101449274,0.4117647058823529,0.2936802973977695,0.2765151515151515,0.22983870967741934,0.36163522012578614
2765,0.38405797101449274,0.4117647058823529,0.2936802973977695,0.27547169811320754,0.22983870967741934,0.36163522012578614
2766,0.38267148014440433,0.4117647058823529,0.29259259259259257,0.27547169811320754,0.22983870967741934,0.36163522012578614
2767,0.38267148014440433,0.4117647058823529,0.29259259259259257,0.27547169811320754,0.22983870967741934,0.36163522012578614
2768,0.38267148014440433,0.4117647058823529,0.2915129151291513,0.27547169811320754,0.2289156626506024,0.36163522012578614
2769,0.38267148014440433,0.4117647058823529,0.2915129151291513,0.27547169811320754,0.2289156626506024,0.36163522012578614
2770,0.38267148014440433,0.4117647058823529,0.2915129151291513,0.2781954887218045,0.2289156626506024,0.36363636363636365
2771,0.38267148014440433,0.4117647058823529,0.2915129151291513,0.2781954887218045,0.2289156626506024,0.36363636363636365
2772,0.38267148014440433,0.4117647058823529,0.2915129151291513,0.2781954887218045,0.2289156626506024,0.36363636363636365
2773,0.38267148014440433,0.4117647058823529,0.2915129151291513,0.2781954887218045,0.2289156626506024,0.36363636363636365
2774,0.381294964028777,0.41055718475073316,0.29044117647058826,0.2781954887218045,0.228,0.36363636363636365
2775,0.381294964028777,0.41055718475073316,0.29044117647058826,0.2781954887218045,0.228,0.36363636363636365
2776,0.381294964028777,0.41055718475073316,0.29044117647058826,0.2781954887218045,0.228,0.36363636363636365
2777,0.381294964028777,0.41055718475073316,0.29044117647058826,0.2781954887218045,0.228,0.365625
2778,0.381294964028777,0.41055718475073316,0.29044117647058826,0.2781954887218045,0.228,0.365625
2779,0.381294964028777,0.41055718475073316,0.2893772893772894,0.2781954887218045,0.22709163346613545,0.365625
2780,0.381294964028777,0.41055718475073316,0.2893772893772894,0.2781954887218045,0.2261904761904762,0.3644859813084112
2781,0.381294964028777,0.41055718475073316,0.2893772893772894,0.2808988764044944,0.2261904761904762,0.3644859813084112
2782,0.381294964028777,0.41055718475073316,0.2893772893772894,0.2808988764044944,0.2261904761904762,0.36335403726708076
2783,0.381294964028777,0.41055718475073316,0.2893772893772894,0.2808988764044944,0.2261904761904762,0.3622291021671827
2784,0.381294964028777,0.41055718475073316,0.2893772893772894,0.2808988764044944,0.2261904761904762,0.3622291021671827
2785,0.381294964028777,0.41055718475073316,0.291970802919708,0.2808988764044944,0.2261904761904762,0.3622291021671827
2786,0.381294964028777,0.41055718475073316,0.291970802919708,0.2808988764044944,0.2261904761904762,0.3622291021671827
2787,0.381294964028777,0.41055718475073316,0.291970802919708,0.2808988764044944,0.2261904761904762,0.3622291021671827
2788,0.381294964028777,0.41055718475073316,0.291970802919708,0.2798507462686567,0.2261904761904762,0.3622291021671827
2789,0.381294964028777,0.41055718475073316,0.291970802919708,0.2798507462686567,0.2261904761904762,0.3622291021671827
2790,0.381294964028777,0.41055718475073316,0.291970802919708,0.2788104089219331,0.2261904761904762,0.3622291021671827
2791,0.3835125448028674,0.41228070175438597,0.291970802919708,0.2788104089219331,0.2261904761904762,0.3622291021671827
2792,0.3835125448028674,0.41228070175438597,0.291970802919708,0.2788104089219331,0.2261904761904762,0.3622291021671827
2793,0.3835125448028674,0.41228070175438597,0.291970802919708,0.2814814814814815,0.2261904761904762,0.3622291021671827
2794,0.3835125448028674,0.41228070175438597,0.291970802919708,0.28044280442804426,0.2261904761904762,0.3622291021671827
2795,0.3835125448028674,0.41228070175438597,0.291970802919708,0.28308823529411764,0.2261904761904762,0.3622291021671827
2796,0.3835125448028674,0.41228070175438597,0.291970802919708,0.28205128205128205,0.2261904761904762,0.3622291021671827
2797,0.3835125448028674,0.41228070175438597,0.291970802919708,0.28205128205128205,0.2261904761904762,0.3622291021671827
2798,0.3835125448028674,0.41228070175438597,0.291970802919708,0.28205128205128205,0.2261904761904762,0.3622291021671827
2799,0.3835125448028674,0.4110787172011662,0.291970802919708,0.28205128205128205,0.2261904761904762,0.3622291021671827
2800,0.3835125448028674,0.4110787172011662,0.291970802919708,0.28205128205128205,0.2261904761904762,0.3622291021671827
2801,0.3835125448028674,0.4110787172011662,0.291970802919708,0.28205128205128205,0.2261904761904762,0.3622291021671827
2802,0.3835125448028674,0.4110787172011662,0.291970802919708,0.28205128205128205,0.22924901185770752,0.3622291021671827
2803,0.3835125448028674,0.4110787172011662,0.291970802919708,0.28205128205128205,0.22924901185770752,0.3622291021671827
2804,0.3821428571428571,0.4110787172011662,0.291970802919708,0.28205128205128205,0.22924901185770752,0.3622291021671827
2805,0.3821428571428571,0.4110787172011662,0.291970802919708,0.2846715328467153,0.22924901185770752,0.3622291021671827
2806,0.3821428571428571,0.4110787172011662,0.291970802919708,0.2846715328467153,0.22924901185770752,0.3622291021671827
2807,0.3821428571428571,0.4110787172011662,0.291970802919708,0.2846715328467153,0.22924901185770752,0.3622291021671827
2808,0.3821428571428571,0.4110787172011662,0.291970802919708,0.2846715328467153,0.22924901185770752,0.3622291021671827
2809,0.3821428571428571,0.4110787172011662,0.291970802919708,0.2846715328467153,0.22924901185770752,0.3622291021671827
2810,0.3807829181494662,0.4110787172011662,0.291970802919708,0.2846715328467153,0.22924901185770752,0.3622291021671827
2811,0.3807829181494662,0.4127906976744186,0.291970802919708,0.2846715328467153,0.22924901185770752,0.3622291021671827
2812,0.3829787234042553,0.4127906976744186,0.291970802919708,0.2846715328467153,0.22924901185770752,0.36419753086419754
2813,0.3829787234042553,0.4127906976744186,0.291970802919708,0.2846715328467153,0.2283464566929134,0.36419753086419754
2814,0.3829787234042553,0.4127906976744186,0.291970802919708,0.2846715328467153,0.2283464566929134,0.36419753086419754
2815,0.3829787234042553,0.4127906976744186,0.29454545454545455,0.2846715328467153,0.23137254901960785,0.36419753086419754
2816,0.38162544169611307,0.4127906976744186,0.29347826086956524,0.2846715328467153,0.23046875,0.36419753086419754
2817,0.38162544169611307,0.4127906976744186,0.29347826086956524,0.2846715328467153,0.23046875,0.36419753086419754
2818,0.38162544169611307,0.4127906976744186,0.29347826086956524,0.2846715328467153,0.23046875,0.36419753086419754
2819,0.38162544169611307,0.4127906976744186,0.29347826086956524,0.2846715328467153,0.23046875,0.36419753086419754
2820,0.38162544169611307,0.4127906976744186,0.29347826086956524,0.28363636363636363,0.23046875,0.36419753086419754
2821,0.38162544169611307,0.4127906976744186,0.29347826086956524,0.28363636363636363,0.23046875,0.3630769230769231
2822,0.38162544169611307,0.4127906976744186,0.29347826086956524,0.28363636363636363,0.23046875,0.3630769230769231
2823,0.38162544169611307,0.4127906976744186,0.29347826086956524,0.28363636363636363,0.23046875,0.3630769230769231
2824,0.38162544169611307,0.4127906976744186,0.29347826086956524,0.28363636363636363,0.23046875,0.36503067484662577
2825,0.38162544169611307,0.4127906976744186,0.29347826086956524,0.28363636363636363,0.23046875,0.36503067484662577
2826,0.38162544169611307,0.4127906976744186,0.296028880866426,0.28363636363636363,0.23046875,0.36503067484662577
2827,0.38028169014084506,0.4127906976744186,0.296028880866426,0.28363636363636363,0.23046875,0.36503067484662577
2828,0.38028169014084506,0.4127906976744186,0.296028880866426,0.28363636363636363,0.23046875,0.36503067484662577
2829,0.38028169014084506,0.4127906976744186,0.296028880866426,0.2826086956521739,0.23046875,0.36503067484662577
2830,0.38028169014084506,0.4127906976744186,0.296028880866426,0.2826086956521739,0.23046875,0.36503067484662577
2831,0.38028169014084506,0.4127906976744186,0.296028880866426,0.2826086956521739,0.23046875,0.363914373088685
2832,0.38028169014084506,0.4127906976744186,0.296028880866426,0.2826086956521739,0.23046875,0.363914373088685
2833,0.38028169014084506,0.4127906976744186,0.296028880866426,0.2826086956521739,0.23046875,0.363914373088685
2834,0.38028169014084506,0.4127906976744186,0.296028880866426,0.2826086956521739,0.23046875,0.363914373088685
2835,0.38028169014084506,0.4127906976744186,0.296028880866426,0.2851985559566787,0.23046875,0.363914373088685
2836,0.38028169014084506,0.4127906976744186,0.296028880866426,0.2841726618705036,0.23046875,0.363914373088685
2837,0.38028169014084506,0.4127906976744186,0.296028880866426,0.2841726618705036,0.23046875,0.363914373088685
2838,0.38028169014084506,0.4127906976744186,0.296028880866426,0.2841726618705036,0.23046875,0.363914373088685
2839,0.38028169014084506,0.4127906976744186,0.296028880866426,0.2841726618705036,0.22957198443579765,0.363914373088685
2840,0.38028169014084506,0.4127906976744186,0.296028880866426,0.2841726618705036,0.22957198443579765,0.363914373088685
2841,0.38028169014084506,0.4127906976744186,0.29856115107913667,0.2841726618705036,0.22957198443579765,0.363914373088685
2842,0.37894736842105264,0.4115942028985507,0.29856115107913667,0.2841726618705036,0.22957198443579765,0.3628048780487805
2843,0.37894736842105264,0.41040462427745666,0.29856115107913667,0.2841726618705036,0.22957198443579765,0.3628048780487805
2844,0.37894736842105264,0.41040462427745666,0.3010752688172043,0.2841726618705036,0.23255813953488372,0.3628048780487805
2845,0.37894736842105264,0.41040462427745666,0.3010752688172043,0.2841726618705036,0.23255813953488372,0.3628048780487805
2846,0.37894736842105264,0.41040462427745666,0.3010752688172043,0.2841726618705036,0.23255813953488372,0.3628048780487805
2847,0.37894736842105264,0.41040462427745666,0.3010752688172043,0.2867383512544803,0.23255813953488372,0.3628048780487805
2848,0.37894736842105264,0.41040462427745666,0.3010752688172043,0.2892857142857143,0.23255813953488372,0.3628048780487805
2849,0.37894736842105264,0.41040462427745666,0.3010752688172043,0.2892857142857143,0.23255813953488372,0.3628048780487805
2850,0.37894736842105264,0.41040462427745666,0.3010752688172043,0.2892857142857143,0.23255813953488372,0.3628048780487805
2851,0.37894736842105264,0.41040462427745666,0.3010752688172043,0.2892857142857143,0.23255813953488372,0.3628048780487805
2852,0.37894736842105264,0.41040462427745666,0.3010752688172043,0.2892857142857143,0.23255813953488372,0.3628048780487805
2853,0.37894736842105264,0.41040462427745666,0.3,0.2892857142857143,0.23255813953488372,0.3628048780487805
2854,0.37894736842105264,0.41040462427745666,0.3,0.2892857142857143,0.23255813953488372,0.3628048780487805
2855,0.37894736842105264,0.41040462427745666,0.3,0.2892857142857143,0.23255813953488372,0.364741641337386
2856,0.37894736842105264,0.41040462427745666,0.3,0.2892857142857143,0.23255813953488372,0.36666666666666664
2857,0.37894736842105264,0.41040462427745666,0.3,0.2918149466192171,0.23255813953488372,0.36666666666666664
2858,0.37894736842105264,0.41040462427745666,0.302491103202847,0.29432624113475175,0.23255813953488372,0.3685800604229607
2859,0.37894736842105264,0.41040462427745666,0.302491103202847,0.29328621908127206,0.23255813953488372,0.3685800604229607
2860,0.37894736842105264,0.41040462427745666,0.302491103202847,0.29328621908127206,0.23255813953488372,0.3685800604229607
2861,0.3811188811188811,0.41040462427745666,0.302491103202847,0.29328621908127206,0.23255813953488372,0.3685800604229607
2862,0.3811188811188811,0.4092219020172911,0.302491103202847,0.29328621908127206,0.23166023166023167,0.3685800604229607
2863,0.3811188811188811,0.4092219020172911,0.302491103202847,0.29328621908127206,0.23076923076923078,0.3685800604229607
2864,0.3811188811188811,0.4092219020172911,0.302491103202847,0.29577464788732394,0.23076923076923078,0.3685800604229607
2865,0.3811188811188811,0.4109195402298851,0.302491103202847,0.2982456140350877,0.23076923076923078,0.3685800604229607
2866,0.3811188811188811,0.41260744985673353,0.3049645390070922,0.3006993006993007,0.23076923076923078,0.3685800604229607
2867,0.3811188811188811,0.41260744985673353,0.3049645390070922,0.29965156794425085,0.23076923076923078,0.3685800604229607
2868,0.3811188811188811,0.41260744985673353,0.3049645390070922,0.29965156794425085,0.23076923076923078,0.3674698795180723
2869,0.3811188811188811,0.41260744985673353,0.3049645390070922,0.29965156794425085,0.23076923076923078,0.3663663663663664
2870,0.3811188811188811,0.41260744985673353,0.3049645390070922,0.29965156794425085,0.23076923076923078,0.3663663663663664
2871,0.3811188811188811,0.41260744985673353,0.3049645390070922,0.29965156794425085,0.23076923076923078,0.3663663663663664
2872,0.3811188811188811,0.41260744985673353,0.3049645390070922,0.29965156794425085,0.23076923076923078,0.3663663663663664
2873,0.3832752613240418,0.41260744985673353,0.3049645390070922,0.29965156794425085,0.23076923076923078,0.3663663663663664
2874,0.3832752613240418,0.41260744985673353,0.3049645390070922,0.29965156794425085,0.22988505747126436,0.3663663663663664
2875,0.3832752613240418,0.41260744985673353,0.3049645390070922,0.29965156794425085,0.22988505747126436,0.3663663663663664
2876,0.3832752613240418,0.41260744985673353,0.30742049469964666,0.3020833333333333,0.22988505747126436,0.36826347305389223
2877,0.3832752613240418,0.41260744985673353,0.30742049469964666,0.30103806228373703,0.22988505747126436,0.36826347305389223
2878,0.3832752613240418,0.41260744985673353,0.30633802816901406,0.30103806228373703,0.22900763358778625,0.36826347305389223
2879,0.3832752613240418,0.41260744985673353,0.30633802816901406,0.30103806228373703,0.22900763358778625,0.36826347305389223
2880,0.3819444444444444,0.4114285714285714,0.30633802816901406,0.30103806228373703,0.22900763358778625,0.36826347305389223
2881,0.3819444444444444,0.4114285714285714,0.30633802816901406,0.30103806228373703,0.22900763358778625,0.36826347305389223
2882,0.3819444444444444,0.4114285714285714,0.30633802816901406,0.30103806228373703,0.22900763358778625,0.36826347305389223
2883,0.3819444444444444,0.4114285714285714,0.30526315789473685,0.30103806228373703,0.22813688212927757,0.36826347305389223
2884,0.3819444444444444,0.4114285714285714,0.30526315789473685,0.3,0.22813688212927757,0.36826347305389223
2885,0.3819444444444444,0.4114285714285714,0.30526315789473685,0.3,0.22813688212927757,0.36826347305389223
2886,0.3819444444444444,0.4114285714285714,0.30526315789473685,0.3,0.22813688212927757,0.36826347305389223
2887,0.3819444444444444,0.4114285714285714,0.30526315789473685,0.3,0.22813688212927757,0.36826347305389223
2888,0.3819444444444444,0.4114285714285714,0.3041958041958042,0.3,0.22727272727272727,0.36826347305389223
2889,0.3819444444444444,0.4114285714285714,0.3041958041958042,0.3,0.22641509433962265,0.36826347305389223
2890,0.3819444444444444,0.4114285714285714,0.30313588850174217,0.3,0.22556390977443608,0.36826347305389223
2891,0.3819444444444444,0.4114285714285714,0.30313588850174217,0.3,0.2247191011235955,0.36826347305389223
2892,0.3819444444444444,0.4131054131054131,0.30313588850174217,0.3,0.2247191011235955,0.36826347305389223
2893,0.3819444444444444,0.4131054131054131,0.3055555555555556,0.3,0.2247191011235955,0.36826347305389223
2894,0.3819444444444444,0.4131054131054131,0.3079584775086505,0.3024054982817869,0.2247191011235955,0.36826347305389223
2895,0.3819444444444444,0.4131054131054131,0.3079584775086505,0.3013698630136986,0.2247191011235955,0.36826347305389223
2896,0.3819444444444444,0.4131054131054131,0.3079584775086505,0.3013698630136986,0.2247191011235955,0.36826347305389223
2897,0.3819444444444444,0.4131054131054131,0.3079584775086505,0.3013698630136986,0.2247191011235955,0.36826347305389223
2898,0.3819444444444444,0.4131054131054131,0.3079584775086505,0.3013698630136986,0.2247191011235955,0.36826347305389223
2899,0.3819444444444444,0.4131054131054131,0.3079584775086505,0.3003412969283277,0.2247191011235955,0.36826347305389223
2900,0.3819444444444444,0.4131054131054131,0.3079584775086505,0.3003412969283277,0.2247191011235955,0.36826347305389223
2901,0.3806228373702422,0.4119318181818182,0.3079584775086505,0.3003412969283277,0.2247191011235955,0.36826347305389223
2902,0.3793103448275862,0.41076487252124644,0.30689655172413793,0.3003412969283277,0.2247191011235955,0.36826347305389223
2903,0.3793103448275862,0.41076487252124644,0.30689655172413793,0.3003412969283277,0.2247191011235955,0.36826347305389223
2904,0.3793103448275862,0.41076487252124644,0.30689655172413793,0.3003412969283277,0.2247191011235955,0.36826347305389223
2905,0.3793103448275862,0.41076487252124644,0.30689655172413793,0.3003412969283277,0.22388059701492538,0.36826347305389223
2906,0.3793103448275862,0.41076487252124644,0.30689655172413793,0.3003412969283277,0.22388059701492538,0.36716417910447763
2907,0.3793103448275862,0.41076487252124644,0.30689655172413793,0.3003412969283277,0.22388059701492538,0.36716417910447763
2908,0.3793103448275862,0.41076487252124644,0.30689655172413793,0.30272108843537415,0.22388059701492538,0.36716417910447763
2909,0.3793103448275862,0.41076487252124644,0.30689655172413793,0.3016949152542373,0.22388059701492538,0.36716417910447763
2910,0.3793103448275862,0.41076487252124644,0.30689655172413793,0.3016949152542373,0.22388059701492538,0.36716417910447763
2911,0.3793103448275862,0.41076487252124644,0.30689655172413793,0.3016949152542373,0.22388059701492538,0.36716417910447763
2912,0.3793103448275862,0.41076487252124644,0.30689655172413793,0.3016949152542373,0.22388059701492538,0.36716417910447763
2913,0.3793103448275862,0.41076487252124644,0.30689655172413793,0.3016949152542373,0.22388059701492538,0.36716417910447763
2914,0.3793103448275862,0.41076487252124644,0.30689655172413793,0.3016949152542373,0.22388059701492538,0.36716417910447763
2915,0.3793103448275862,0.41076487252124644,0.30689655172413793,0.3016949152542373,0.22388059701492538,0.36716417910447763
2916,0.3793103448275862,0.41076487252124644,0.30689655172413793,0.3016949152542373,0.22388059701492538,0.36716417910447763
2917,0.3793103448275862,0.41076487252124644,0.30689655172413793,0.3016949152542373,0.22388059701492538,0.36716417910447763
2918,0.3793103448275862,0.41076487252124644,0.30689655172413793,0.3016949152542373,0.22304832713754646,0.36716417910447763
2919,0.37800687285223367,0.4096045197740113,0.30584192439862545,0.3016949152542373,0.2222222222222222,0.36716417910447763
2920,0.37800687285223367,0.4096045197740113,0.30584192439862545,0.3016949152542373,0.2222222222222222,0.36716417910447763
2921,0.37800687285223367,0.4096045197740113,0.30584192439862545,0.30067567567567566,0.2222222222222222,0.36716417910447763
2922,0.3767123287671233,0.4084507042253521,0.30584192439862545,0.30067567567567566,0.2222222222222222,0.36716417910447763
2923,0.3767123287671233,0.4084507042253521,0.30584192439862545,0.30067567567567566,0.22140221402214022,0.36716417910447763
2924,0.3767123287671233,0.4084507042253521,0.30584192439862545,0.30067567567567566,0.22140221402214022,0.36607142857142855
2925,0.3767123287671233,0.4084507042253521,0.30584192439862545,0.30067567567567566,0.22140221402214022,0.36607142857142855
2926,0.3767123287671233,0.4084507042253521,0.30584192439862545,0.30303030303030304,0.22140221402214022,0.36607142857142855
2927,0.3767123287671233,0.4084507042253521,0.30584192439862545,0.3053691275167785,0.22140221402214022,0.36607142857142855
2928,0.3767123287671233,0.4084507042253521,0.30584192439862545,0.3053691275167785,0.22140221402214022,0.36607142857142855
2929,0.3767123287671233,0.4084507042253521,0.30584192439862545,0.3053691275167785,0.22140221402214022,0.36607142857142855
2930,0.3767123287671233,0.40730337078651685,0.30584192439862545,0.3053691275167785,0.22140221402214022,0.36607142857142855
2931,0.3767123287671233,0.40730337078651685,0.30584192439862545,0.3053691275167785,0.22140221402214022,0.36607142857142855
2932,0.37542662116040953,0.4061624649859944,0.30584192439862545,0.3053691275167785,0.22140221402214022,0.3649851632047478
2933,0.37542662116040953,0.4061624649859944,0.30584192439862545,0.3053691275167785,0.22426470588235295,0.3649851632047478
2934,0.37542662116040953,0.4061624649859944,0.30584192439862545,0.3076923076923077,0.22426470588235295,0.3649851632047478
2935,0.37542662116040953,0.4061624649859944,0.3082191780821918,0.31,0.22426470588235295,0.3649851632047478
2936,0.37542662116040953,0.4061624649859944,0.3082191780821918,0.31,0.22426470588235295,0.3649851632047478
2937,0.37542662116040953,0.4061624649859944,0.3082191780821918,0.31,0.2271062271062271,0.3649851632047478
2938,0.37542662116040953,0.4061624649859944,0.3082191780821918,0.3089700996677741,0.2271062271062271,0.3649851632047478
2939,0.37542662116040953,0.4061624649859944,0.3082191780821918,0.31125827814569534,0.2271062271062271,0.3649851632047478
2940,0.37542662116040953,0.40782122905027934,0.310580204778157,0.31353135313531355,0.2271062271062271,0.3668639053254438
2941,0.37542662116040953,0.40947075208913647,0.3129251700680272,0.31353135313531355,0.2271062271062271,0.3668639053254438
2942,0.37542662116040953,0.40947075208913647,0.31186440677966104,0.3125,0.2271062271062271,0.3668639053254438
2943,0.37542662116040953,0.40947075208913647,0.31186440677966104,0.31475409836065577,0.2271062271062271,0.3668639053254438
2944,0.37542662116040953,0.40947075208913647,0.31186440677966104,0.3137254901960784,0.2271062271062271,0.3668639053254438
2945,0.37542662116040953,0.40947075208913647,0.31186440677966104,0.3137254901960784,0.2271062271062271,0.3668639053254438
2946,0.37542662116040953,0.40947075208913647,0.31186440677966104,0.3137254901960784,0.2271062271062271,0.3668639053254438
2947,0.37542662116040953,0.40947075208913647,0.31186440677966104,0.3137254901960784,0.2271062271062271,0.3668639053254438
2948,0.37542662116040953,0.40947075208913647,0.31186440677966104,0.3137254901960784,0.2271062271062271,0.3668639053254438
2949,0.37542662116040953,0.40947075208913647,0.31186440677966104,0.3137254901960784,0.2271062271062271,0.3668639053254438
2950,0.3741496598639456,0.4083333333333333,0.31186440677966104,0.3137254901960784,0.2271062271062271,0.3668639053254438
2951,0.3741496598639456,0.4099722991689751,0.31186440677966104,0.3137254901960784,0.2271062271062271,0.3668639053254438
2952,0.3741496598639456,0.4099722991689751,0.31186440677966104,0.3137254901960784,0.2271062271062271,0.3668639053254438
2953,0.3741496598639456,0.4099722991689751,0.31186440677966104,0.3137254901960784,0.22627737226277372,0.3668639053254438
2954,0.3741496598639456,0.4099722991689751,0.3141891891891892,0.3137254901960784,0.2290909090909091,0.3687315634218289
2955,0.3741496598639456,0.4099722991689751,0.3141891891891892,0.3137254901960784,0.2290909090909091,0.3687315634218289
2956,0.3741496598639456,0.4099722991689751,0.3141891891891892,0.31596091205211724,0.2290909090909091,0.3687315634218289
2957,0.3741496598639456,0.4099722991689751,0.3141891891891892,0.3181818181818182,0.2290909090909091,0.3687315634218289
2958,0.3741496598639456,0.4099722991689751,0.3141891891891892,0.3181818181818182,0.2290909090909091,0.3687315634218289
2959,0.3741496598639456,0.4116022099447514,0.3141891891891892,0.3181818181818182,0.2290909090909091,0.3687315634218289
2960,0.3728813559322034,0.4116022099447514,0.3141891891891892,0.3181818181818182,0.22826086956521738,0.3687315634218289
2961,0.3728813559322034,0.4116022099447514,0.3141891891891892,0.3181818181818182,0.23104693140794225,0.3687315634218289
2962,0.3728813559322034,0.41046831955922863,0.3141891891891892,0.3181818181818182,0.23104693140794225,0.3687315634218289
2963,0.3728813559322034,0.40934065934065933,0.3141891891891892,0.3181818181818182,0.23104693140794225,0.3687315634218289
2964,0.3728813559322034,0.40934065934065933,0.3141891891891892,0.3181818181818182,0.23104693140794225,0.3687315634218289
2965,0.375,0.410958904109589,0.3141891891891892,0.3181818181818182,0.23104693140794225,0.3687315634218289
2966,0.375,0.410958904109589,0.3141891891891892,0.32038834951456313,0.23104693140794225,0.3687315634218289
2967,0.375,0.410958904109589,0.3141891891891892,0.32038834951456313,0.23104693140794225,0.3687315634218289
2968,0.375,0.410958904109589,0.3141891891891892,0.32038834951456313,0.23104693140794225,0.3687315634218289
2969,0.375,0.412568306010929,0.3141891891891892,0.32038834951456313,0.23104693140794225,0.3687315634218289
2970,0.3771043771043771,0.4141689373297003,0.3141891891891892,0.32038834951456313,0.23104693140794225,0.3687315634218289
2971,0.37919463087248323,0.4141689373297003,0.3164983164983165,0.32038834951456313,0.23104693140794225,0.3687315634218289
2972,0.37919463087248323,0.4141689373297003,0.3164983164983165,0.32038834951456313,0.23104693140794225,0.37058823529411766
2973,0.37919463087248323,0.4141689373297003,0.3164983164983165,0.32038834951456313,0.23104693140794225,0.36950146627565983
2974,0.37919463087248323,0.4141689373297003,0.3164983164983165,0.32038834951456313,0.23104693140794225,0.36950146627565983
2975,0.37919463087248323,0.4141689373297003,0.3187919463087248,0.3225806451612903,0.23104693140794225,0.36950146627565983
2976,0.37919463087248323,0.4141689373297003,0.3187919463087248,0.3225806451612903,0.23104693140794225,0.36950146627565983
2977,0.37919463087248323,0.4141689373297003,0.3187919463087248,0.3225806451612903,0.23104693140794225,0.36950146627565983
2978,0.37919463087248323,0.4141689373297003,0.3187919463087248,0.3225806451612903,0.2302158273381295,0.3684210526315789
2979,0.37919463087248323,0.4141689373297003,0.3177257525083612,0.3225806451612903,0.22939068100358423,0.3684210526315789
2980,0.37919463087248323,0.4141689373297003,0.3177257525083612,0.3225806451612903,0.22939068100358423,0.3684210526315789
2981,0.3779264214046823,0.41304347826086957,0.3177257525083612,0.3225806451612903,0.22857142857142856,0.3684210526315789
2982,0.3779264214046823,0.41304347826086957,0.3177257525083612,0.3225806451612903,0.22857142857142856,0.3673469387755102
2983,0.3779264214046823,0.41304347826086957,0.32,0.3247588424437299,0.22857142857142856,0.3673469387755102
2984,0.3779264214046823,0.41304347826086957,0.3222591362126246,0.3247588424437299,0.22857142857142856,0.3673469387755102
2985,0.3779264214046823,0.41192411924119243,0.3211920529801324,0.3247588424437299,0.22857142857142856,0.3673469387755102
2986,0.3779264214046823,0.41192411924119243,0.3211920529801324,0.3247588424437299,0.22857142857142856,0.3673469387755102
2987,0.3779264214046823,0.41192411924119243,0.3211920529801324,0.3247588424437299,0.22857142857142856,0.3673469387755102
2988,0.37666666666666665,0.41081081081081083,0.3211920529801324,0.3247588424437299,0.22857142857142856,0.3673469387755102
2989,0.37666666666666665,0.41081081081081083,0.3211920529801324,0.3247588424437299,0.22857142857142856,0.36627906976744184
2990,0.37666666666666665,0.41081081081081083,0.3211920529801324,0.3247588424437299,0.22857142857142856,0.36627906976744184
2991,0.37666666666666665,0.41081081081081083,0.3211920529801324,0.3247588424437299,0.2277580071174377,0.36627906976744184
2992,0.37666666666666665,0.41081081081081083,0.3211920529801324,0.3247588424437299,0.22695035460992907,0.36627906976744184
2993,0.37666666666666665,0.41081081081081083,0.3211920529801324,0.3247588424437299,0.22695035460992907,0.36627906976744184
2994,0.37666666666666665,0.41081081081081083,0.3201320132013201,0.32371794871794873,0.22695035460992907,0.36627906976744184
2995,0.37666666666666665,0.41081081081081083,0.3201320132013201,0.3226837060702875,0.22695035460992907,0.3652173913043478
2996,0.3787375415282392,0.4123989218328841,0.3201320132013201,0.3226837060702875,0.22695035460992907,0.3652173913043478
2997,0.3787375415282392,0.4123989218328841,0.3201320132013201,0.3226837060702875,0.22695035460992907,0.3652173913043478
2998,0.3787375415282392,0.4112903225806452,0.3201320132013201,0.321656050955414,0.22695035460992907,0.3652173913043478
2999,0.3787375415282392,0.4112903225806452,0.3201320132013201,0.321656050955414,0.22695035460992907,0.3652173913043478
3000,0.3787375415282392,0.4112903225806452,0.3190789473684211,0.321656050955414,0.22614840989399293,0.3652173913043478
3001,0.3787375415282392,0.4112903225806452,0.3190789473684211,0.321656050955414,0.22614840989399293,0.36416184971098264
3002,0.3787375415282392,0.4112903225806452,0.3190789473684211,0.32063492063492066,0.22614840989399293,0.36416184971098264
3003,0.3787375415282392,0.4112903225806452,0.3190789473684211,0.32063492063492066,0.22614840989399293,0.36416184971098264
3004,0.3787375415282392,0.4112903225806452,0.3190789473684211,0.32063492063492066,0.22614840989399293,0.36416184971098264
3005,0.3787375415282392,0.4112903225806452,0.3190789473684211,0.3227848101265823,0.22614840989399293,0.36416184971098264
3006,0.3787375415282392,0.4112903225806452,0.32131147540983607,0.3249211356466877,0.22614840989399293,0.36416184971098264
3007,0.3787375415282392,0.4112903225806452,0.32131147540983607,0.3270440251572327,0.22614840989399293,0.36416184971098264
3008,0.3787375415282392,0.4112903225806452,0.32131147540983607,0.3270440251572327,0.22614840989399293,0.36416184971098264
3009,0.3787375415282392,0.4112903225806452,0.32131147540983607,0.3270440251572327,0.22614840989399293,0.36416184971098264
3010,0.3787375415282392,0.4112903225806452,0.32131147540983607,0.3270440251572327,0.22614840989399293,0.36416184971098264
3011,0.3787375415282392,0.4112903225806452,0.32131147540983607,0.3270440251572327,0.22614840989399293,0.3631123919308357
3012,0.3787375415282392,0.4112903225806452,0.32131147540983607,0.3270440251572327,0.22614840989399293,0.3631123919308357
3013,0.38079470198675497,0.4128686327077748,0.32131147540983607,0.3270440251572327,0.22614840989399293,0.3631123919308357
3014,0.38079470198675497,0.4128686327077748,0.32131147540983607,0.3270440251572327,0.22614840989399293,0.3631123919308357
