event,linucb,lin_ts,thompson,eps_greedy,best_fixed,random
0,,,,0.0,0.0,
1,,,0.0,0.0,0.0,
2,,,0.0,0.0,0.0,
3,,,0.5,0.3333333333333333,0.3333333333333333,
4,,,0.5,0.3333333333333333,0.25,
5,,,0.5,0.3333333333333333,0.25,
6,,,0.5,0.5,0.4,
7,,,0.5,0.6,0.5,1.0
8,,,0.5,0.6666666666666666,0.5714285714285714,1.0
9,,,0.5,0.6666666666666666,0.5714285714285714,1.0
10,,,0.5,0.6666666666666666,0.5714285714285714,1.0
11,,,0.5,0.7142857142857143,0.625,1.0
12,,,0.5,0.7142857142857143,0.625,1.0
13,,,0.5,0.7142857142857143,0.625,1.0
14,,,0.5,0.7142857142857143,0.625,1.0
15,,,0.5,0.7142857142857143,0.625,0.5
16,,,0.5,0.7142857142857143,0.625,0.5
17,,,0.3333333333333333,0.625,0.5555555555555556,0.5
18,,,0.3333333333333333,0.625,0.5555555555555556,0.5
19,,,0.3333333333333333,0.6666666666666666,0.6,0.5
20,,,0.3333333333333333,0.6666666666666666,0.6,0.5
21,,,0.3333333333333333,0.6666666666666666,0.6,0.5
22,,,0.3333333333333333,0.6,0.5454545454545454,0.5
23,,,0.3333333333333333,0.6,0.5454545454545454,0.5
24,,,0.3333333333333333,0.6,0.5454545454545454,0.5
25,,0.0,0.25,0.6,0.5,0.5
26,,0.0,0.25,0.6,0.5,0.5
27,,0.0,0.25,0.5454545454545454,0.46153846153846156,0.5
28,,0.0,0.25,0.5,0.42857142857142855,0.5
29,,0.0,0.25,0.5,0.42857142857142855,0.5
30,,0.0,0.2,0.46153846153846156,0.4,0.5
31,,0.0,0.2,0.46153846153846156,0.4,0.5
32,,0.0,0.2,0.46153846153846156,0.4375,0.5
33,,0.0,0.2,0.42857142857142855,0.4117647058823529,0.5
34,,0.0,0.2,0.42857142857142855,0.4117647058823529,0.5
35,,0.0,0.2,0.4,0.3888888888888889,0.5
36,,0.0,0.2,0.4375,0.42105263157894735,0.5
37,,0.0,0.2,0.4375,0.42105263157894735,0.5
38,,0.0,0.2,0.4375,0.42105263157894735,0.5
39,,0.0,0.2,0.4117647058823529,0.4,0.5
40,,0.0,0.2,0.4117647058823529,0.4,0.5
41,,0.0,0.2,0.4117647058823529,0.38095238095238093,0.5
42,,0.0,0.2,0.4117647058823529,0.38095238095238093,0.5
43,,0.0,0.2,0.4117647058823529,0.38095238095238093,0.5
44,,0.0,0.2,0.4117647058823529,0.38095238095238093,0.5
45,,0.0,0.2,0.4117647058823529,0.38095238095238093,0.5
46,,0.0,0.2,0.4444444444444444,0.4090909090909091,0.5
47,,0.0,0.3333333333333333,0.47368421052631576,0.43478260869565216,0.5
48,,0.0,0.3333333333333333,0.45,0.4166666666666667,0.3333333333333333
49,,0.0,0.3333333333333333,0.45,0.4166666666666667,0.5
50,,0.0,0.3333333333333333,0.42857142857142855,0.4,0.5
51,,0.0,0.3333333333333333,0.45454545454545453,0.4230769230769231,0.5
52,,0.0,0.3333333333333333,0.4782608695652174,0.4444444444444444,0.5
53,,0.0,0.3333333333333333,0.4782608695652174,0.4444444444444444,0.4
54,,0.0,0.3333333333333333,0.4782608695652174,0.4444444444444444,0.4
55,,0.0,0.3333333333333333,0.4782608695652174,0.4444444444444444,0.4
56,,0.0,0.3333333333333333,0.4782608695652174,0.4444444444444444,0.4
57,,0.0,0.2857142857142857,0.4583333333333333,0.42857142857142855,0.4
58,,0.0,0.2857142857142857,0.48,0.4482758620689655,0.4
59,,0.0,0.2857142857142857,0.5,0.4666666666666667,0.5
60,,0.0,0.2857142857142857,0.5,0.4666666666666667,0.5
61,,0.0,0.2857142857142857,0.5185185185185185,0.4838709677419355,0.5
62,,0.0,0.25,0.5,0.46875,0.5
63,,0.0,0.25,0.5,0.46875,0.5
64,,0.0,0.25,0.5,0.46875,0.5
65,,0.0,0.25,0.5172413793103449,0.48484848484848486,0.5
66,,0.0,0.25,0.5333333333333333,0.5,0.5
67,,0.5,0.25,0.5483870967741935,0.5142857142857142,0.5
68,,0.5,0.25,0.5483870967741935,0.5142857142857142,0.5
69,,0.5,0.25,0.5483870967741935,0.5142857142857142,0.5
70,,0.5,0.25,0.5483870967741935,0.5142857142857142,0.5
71,,0.5,0.25,0.5625,0.5277777777777778,0.5
72,,0.5,0.25,0.5625,0.5277777777777778,0.5714285714285714
73,,0.5,0.25,0.5757575757575758,0.5405405405405406,0.5714285714285714
74,,0.5,0.25,0.5757575757575758,0.5405405405405406,0.5714285714285714
75,,0.5,0.25,0.5757575757575758,0.5405405405405406,0.5714285714285714
76,,0.5,0.25,0.5882352941176471,0.5526315789473685,0.5714285714285714
77,,0.5,0.25,0.5882352941176471,0.5526315789473685,0.5714285714285714
78,,0.5,0.25,0.5882352941176471,0.5641025641025641,0.5714285714285714
79,,0.5,0.25,0.5882352941176471,0.5641025641025641,0.5714285714285714
80,,0.5,0.25,0.6,0.575,0.5714285714285714
81,,0.5,0.25,0.6111111111111112,0.5853658536585366,0.5714285714285714
82,,0.5,0.25,0.6111111111111112,0.5853658536585366,0.5714285714285714
83,,0.5,0.25,0.6111111111111112,0.5853658536585366,0.5714285714285714
84,,0.5,0.25,0.6111111111111112,0.5853658536585366,0.5714285714285714
85,,0.5,0.25,0.6216216216216216,0.5952380952380952,0.625
86,,0.3333333333333333,0.25,0.6052631578947368,0.5813953488372093,0.625
87,,0.3333333333333333,0.25,0.6153846153846154,0.5909090909090909,0.625
88,,0.3333333333333333,0.25,0.6153846153846154,0.5909090909090909,0.625
89,,0.3333333333333333,0.25,0.6153846153846154,0.5909090909090909,0.625
90,,0.3333333333333333,0.25,0.6153846153846154,0.5909090909090909,0.625
91,,0.3333333333333333,0.25,0.6,0.5777777777777777,0.625
92,,0.3333333333333333,0.3333333333333333,0.6,0.5777777777777777,0.625
93,,0.3333333333333333,0.3333333333333333,0.6,0.5777777777777777,0.625
94,,0.3333333333333333,0.3333333333333333,0.6097560975609756,0.5869565217391305,0.625
95,,0.3333333333333333,0.3333333333333333,0.6097560975609756,0.5869565217391305,0.625
96,,0.3333333333333333,0.3,0.5952380952380952,0.574468085106383,0.625
97,,0.3333333333333333,0.3,0.5952380952380952,0.574468085106383,0.625
98,,0.3333333333333333,0.3,0.6046511627906976,0.5833333333333334,0.625
99,,0.3333333333333333,0.2727272727272727,0.5909090909090909,0.5714285714285714,0.625
100,,0.3333333333333333,0.2727272727272727,0.5777777777777777,0.56,0.625
101,,0.3333333333333333,0.2727272727272727,0.5869565217391305,0.5686274509803921,0.625
102,,0.3333333333333333,0.2727272727272727,0.5957446808510638,0.5769230769230769,0.625
103,,0.3333333333333333,0.3333333333333333,0.6041666666666666,0.5849056603773585,0.625
104,,0.3333333333333333,0.3333333333333333,0.6122448979591837,0.5925925925925926,0.625
105,,0.3333333333333333,0.3333333333333333,0.62,0.6,0.625
106,,0.3333333333333333,0.3333333333333333,0.62,0.6,0.6666666666666666
107,,0.3333333333333333,0.38461538461538464,0.6274509803921569,0.6071428571428571,0.6666666666666666
108,,0.3333333333333333,0.38461538461538464,0.6274509803921569,0.6071428571428571,0.6666666666666666
109,,0.3333333333333333,0.38461538461538464,0.6346153846153846,0.6140350877192983,0.7
110,,0.3333333333333333,0.38461538461538464,0.6415094339622641,0.6206896551724138,0.7
111,,0.3333333333333333,0.38461538461538464,0.6415094339622641,0.6206896551724138,0.6363636363636364
112,,0.3333333333333333,0.42857142857142855,0.6481481481481481,0.6271186440677966,0.6363636363636364
113,,0.3333333333333333,0.42857142857142855,0.6481481481481481,0.6271186440677966,0.6363636363636364
114,,0.3333333333333333,0.42857142857142855,0.6545454545454545,0.6333333333333333,0.6363636363636364
115,,0.25,0.42857142857142855,0.6545454545454545,0.6333333333333333,0.6363636363636364
116,,0.25,0.42857142857142855,0.6545454545454545,0.6333333333333333,0.6363636363636364
117,,0.25,0.42857142857142855,0.6545454545454545,0.6333333333333333,0.6363636363636364
118,,0.25,0.42857142857142855,0.6607142857142857,0.639344262295082,0.6363636363636364
119,,0.25,0.42857142857142855,0.6666666666666666,0.6451612903225806,0.6363636363636364
120,,0.25,0.42857142857142855,0.6666666666666666,0.6451612903225806,0.6363636363636364
121,,0.25,0.42857142857142855,0.6666666666666666,0.6451612903225806,0.6363636363636364
122,,0.25,0.4666666666666667,0.6724137931034483,0.6507936507936508,0.6363636363636364
123,,0.25,0.4666666666666667,0.6724137931034483,0.6507936507936508,0.6363636363636364
124,,0.25,0.4666666666666667,0.6779661016949152,0.65625,0.6363636363636364
125,,0.25,0.4375,0.6779661016949152,0.65625,0.6363636363636364
126,,0.25,0.4375,0.6779661016949152,0.65625,0.6363636363636364
127,,0.25,0.4375,0.6779661016949152,0.65625,0.6363636363636364
128,,0.25,0.4375,0.6833333333333333,0.6615384615384615,0.6363636363636364
129,,0.25,0.4375,0.6833333333333333,0.6615384615384615,0.6363636363636364
130,,0.25,0.47058823529411764,0.6885245901639344,0.6666666666666666,0.6363636363636364
131,,0.25,0.47058823529411764,0.6885245901639344,0.6666666666666666,0.6363636363636364
132,,0.25,0.47058823529411764,0.6885245901639344,0.6666666666666666,0.6363636363636364
133,,0.25,0.47058823529411764,0.6935483870967742,0.6716417910447762,0.6363636363636364
134,,0.25,0.47058823529411764,0.6984126984126984,0.6764705882352942,0.6363636363636364
135,,0.25,0.47058823529411764,0.6984126984126984,0.6764705882352942,0.6363636363636364
136,,0.25,0.47058823529411764,0.703125,0.6811594202898551,0.6363636363636364
137,,0.25,0.47058823529411764,0.703125,0.6811594202898551,0.6363636363636364
138,,0.25,0.47058823529411764,0.703125,0.6811594202898551,0.6363636363636364
139,,0.25,0.47058823529411764,0.7076923076923077,0.6857142857142857,0.6363636363636364
140,,0.25,0.47058823529411764,0.696969696969697,0.676056338028169,0.6363636363636364
141,,0.25,0.47058823529411764,0.7014925373134329,0.6805555555555556,0.6363636363636364
142,,0.25,0.47058823529411764,0.7014925373134329,0.6805555555555556,0.6363636363636364
143,,0.25,0.47058823529411764,0.7014925373134329,0.6805555555555556,0.6363636363636364
144,,0.25,0.47058823529411764,0.7014925373134329,0.6805555555555556,0.6363636363636364
145,,0.25,0.47058823529411764,0.7014925373134329,0.6805555555555556,0.6363636363636364
146,,0.25,0.47058823529411764,0.7014925373134329,0.6712328767123288,0.6363636363636364
147,,0.25,0.47058823529411764,0.6911764705882353,0.6621621621621622,0.6363636363636364
148,,0.25,0.47058823529411764,0.6911764705882353,0.6621621621621622,0.6363636363636364
149,,0.25,0.47058823529411764,0.6911764705882353,0.6621621621621622,0.6363636363636364
150,,0.25,0.47058823529411764,0.6956521739130435,0.6666666666666666,0.6363636363636364
151,,0.25,0.47058823529411764,0.6956521739130435,0.6666666666666666,0.6363636363636364
152,,0.25,0.47058823529411764,0.7,0.6710526315789473,0.6363636363636364
153,,0.2,0.47058823529411764,0.7,0.6710526315789473,0.6363636363636364
154,,0.2,0.47058823529411764,0.7,0.6710526315789473,0.6363636363636364
155,,0.2,0.47058823529411764,0.7,0.6710526315789473,0.6363636363636364
156,,0.2,0.47058823529411764,0.7,0.6710526315789473,0.6363636363636364
157,,0.2,0.47058823529411764,0.7,0.6710526315789473,0.6363636363636364
158,,0.3333333333333333,0.47058823529411764,0.704225352112676,0.6753246753246753,0.6363636363636364
159,,0.3333333333333333,0.47058823529411764,0.7083333333333334,0.6794871794871795,0.6363636363636364
160,,0.3333333333333333,0.47058823529411764,0.7083333333333334,0.6794871794871795,0.6363636363636364
161,,0.3333333333333333,0.47058823529411764,0.7083333333333334,0.6794871794871795,0.6363636363636364
162,,0.3333333333333333,0.47058823529411764,0.7123287671232876,0.6835443037974683,0.6363636363636364
163,,0.3333333333333333,0.47058823529411764,0.7123287671232876,0.6835443037974683,0.6363636363636364
164,,0.3333333333333333,0.47058823529411764,0.7162162162162162,0.6875,0.6363636363636364
165,,0.3333333333333333,0.47058823529411764,0.72,0.691358024691358,0.6363636363636364
166,,0.3333333333333333,0.47058823529411764,0.72,0.691358024691358,0.6363636363636364
167,,0.3333333333333333,0.47058823529411764,0.72,0.691358024691358,0.6363636363636364
168,,0.3333333333333333,0.47058823529411764,0.72,0.691358024691358,0.6363636363636364
169,,0.3333333333333333,0.47058823529411764,0.72,0.691358024691358,0.6363636363636364
170,,0.2857142857142857,0.47058823529411764,0.72,0.691358024691358,0.6363636363636364
171,,0.2857142857142857,0.47058823529411764,0.72,0.691358024691358,0.6363636363636364
172,,0.2857142857142857,0.47058823529411764,0.7236842105263158,0.6951219512195121,0.6363636363636364
173,,0.2857142857142857,0.47058823529411764,0.7236842105263158,0.6951219512195121,0.6363636363636364
174,,0.2857142857142857,0.47058823529411764,0.7272727272727273,0.6951219512195121,0.6363636363636364
175,,0.2857142857142857,0.47058823529411764,0.7272727272727273,0.6951219512195121,0.6666666666666666
176,,0.2857142857142857,0.47058823529411764,0.7272727272727273,0.6951219512195121,0.6666666666666666
177,,0.2857142857142857,0.47058823529411764,0.7272727272727273,0.6951219512195121,0.6666666666666666
178,,0.2857142857142857,0.47058823529411764,0.7272727272727273,0.6951219512195121,0.6666666666666666
179,,0.2857142857142857,0.47058823529411764,0.7272727272727273,0.6951219512195121,0.6666666666666666
180,,0.2857142857142857,0.47058823529411764,0.7272727272727273,0.6951219512195121,0.6666666666666666
181,,0.2857142857142857,0.47058823529411764,0.7307692307692307,0.6987951807228916,0.6666666666666666
182,,0.2857142857142857,0.47058823529411764,0.7307692307692307,0.6987951807228916,0.6153846153846154
183,,0.2857142857142857,0.47058823529411764,0.7307692307692307,0.6987951807228916,0.6153846153846154
184,,0.2857142857142857,0.47058823529411764,0.7307692307692307,0.6987951807228916,0.6153846153846154
185,,0.2857142857142857,0.47058823529411764,0.7307692307692307,0.6987951807228916,0.6153846153846154
186,,0.2857142857142857,0.47058823529411764,0.7307692307692307,0.6987951807228916,0.6153846153846154
187,,0.2857142857142857,0.47058823529411764,0.7307692307692307,0.6987951807228916,0.6153846153846154
188,,0.2857142857142857,0.47058823529411764,0.7307692307692307,0.6987951807228916,0.6153846153846154
189,,0.2857142857142857,0.47058823529411764,0.7307692307692307,0.6987951807228916,0.6153846153846154
190,,0.2857142857142857,0.47058823529411764,0.7307692307692307,0.6987951807228916,0.6153846153846154
191,,0.2857142857142857,0.47058823529411764,0.7307692307692307,0.6987951807228916,0.6153846153846154
192,,0.2857142857142857,0.47058823529411764,0.7307692307692307,0.6987951807228916,0.6153846153846154
193,,0.25,0.47058823529411764,0.7307692307692307,0.6987951807228916,0.6153846153846154
194,,0.25,0.47058823529411764,0.7307692307692307,0.6987951807228916,0.6153846153846154
195,,0.25,0.47058823529411764,0.7307692307692307,0.6987951807228916,0.6153846153846154
196,,0.25,0.5,0.7341772151898734,0.7023809523809523,0.6153846153846154
197,,0.25,0.47368421052631576,0.725,0.6941176470588235,0.6153846153846154
198,,0.25,0.47368421052631576,0.725,0.6941176470588235,0.6153846153846154
199,,0.25,0.47368421052631576,0.725,0.6941176470588235,0.6153846153846154
200,,0.25,0.47368421052631576,0.725,0.6941176470588235,0.6153846153846154
201,,0.25,0.47368421052631576,0.725,0.6941176470588235,0.6153846153846154
202,,0.25,0.47368421052631576,0.725,0.6941176470588235,0.5714285714285714
203,,0.25,0.47368421052631576,0.725,0.6941176470588235,0.5714285714285714
204,,0.25,0.47368421052631576,0.725,0.6941176470588235,0.6
205,,0.25,0.47368421052631576,0.725,0.6941176470588235,0.6
206,,0.25,0.47368421052631576,0.7283950617283951,0.6976744186046512,0.6
207,,0.25,0.47368421052631576,0.7283950617283951,0.6976744186046512,0.6
208,,0.25,0.47368421052631576,0.7317073170731707,0.7011494252873564,0.6
209,,0.25,0.47368421052631576,0.7317073170731707,0.7011494252873564,0.6
210,,0.25,0.47368421052631576,0.7317073170731707,0.7011494252873564,0.6
211,,0.25,0.47368421052631576,0.7317073170731707,0.7011494252873564,0.6
212,,0.25,0.47368421052631576,0.7317073170731707,0.7011494252873564,0.6
213,,0.25,0.45,0.7317073170731707,0.6931818181818182,0.6
214,,0.25,0.45,0.7317073170731707,0.6931818181818182,0.6
215,,0.2222222222222222,0.45,0.7317073170731707,0.6931818181818182,0.6
216,,0.2222222222222222,0.45,0.7349397590361446,0.6966292134831461,0.6
217,,0.2222222222222222,0.45,0.7349397590361446,0.6966292134831461,0.6
218,,0.2222222222222222,0.45,0.7349397590361446,0.6966292134831461,0.6
219,,0.2222222222222222,0.45,0.7349397590361446,0.6966292134831461,0.6
220,,0.2222222222222222,0.45,0.7261904761904762,0.6888888888888889,0.6
221,,0.2222222222222222,0.45,0.7261904761904762,0.6888888888888889,0.6
222,,0.2222222222222222,0.45,0.7261904761904762,0.6888888888888889,0.6
223,,0.2222222222222222,0.45,0.7294117647058823,0.6923076923076923,0.6
224,,0.2222222222222222,0.45,0.7294117647058823,0.6923076923076923,0.6
225,,0.2222222222222222,0.45,0.7325581395348837,0.6956521739130435,0.6
226,,0.2222222222222222,0.47619047619047616,0.735632183908046,0.6989247311827957,0.6
227,,0.2222222222222222,0.47619047619047616,0.735632183908046,0.6989247311827957,0.6
228,,0.2222222222222222,0.47619047619047616,0.735632183908046,0.6989247311827957,0.6
229,,0.2222222222222222,0.47619047619047616,0.735632183908046,0.6989247311827957,0.6
230,,0.2222222222222222,0.47619047619047616,0.735632183908046,0.6989247311827957,0.5625
231,,0.2222222222222222,0.47619047619047616,0.7386363636363636,0.7021276595744681,0.5625
232,,0.2222222222222222,0.47619047619047616,0.7303370786516854,0.6947368421052632,0.5625
233,,0.2222222222222222,0.47619047619047616,0.7303370786516854,0.6947368421052632,0.5625
234,,0.2222222222222222,0.47619047619047616,0.7333333333333333,0.6979166666666666,0.5625
235,,0.2222222222222222,0.47619047619047616,0.7333333333333333,0.6979166666666666,0.5625
236,,0.2222222222222222,0.47619047619047616,0.7333333333333333,0.6907216494845361,0.5625
237,,0.2222222222222222,0.47619047619047616,0.7333333333333333,0.6907216494845361,0.5625
238,,0.2222222222222222,0.47619047619047616,0.7333333333333333,0.6907216494845361,0.5625
239,,0.2222222222222222,0.47619047619047616,0.7333333333333333,0.6907216494845361,0.5625
240,,0.2222222222222222,0.47619047619047616,0.7333333333333333,0.6907216494845361,0.5625
241,,0.2222222222222222,0.47619047619047616,0.7333333333333333,0.6907216494845361,0.5625
242,,0.2222222222222222,0.47619047619047616,0.7252747252747253,0.6836734693877551,0.5625
243,,0.2222222222222222,0.47619047619047616,0.717391304347826,0.6767676767676768,0.5625
244,,0.2222222222222222,0.47619047619047616,0.717391304347826,0.6767676767676768,0.5625
245,,0.2222222222222222,0.47619047619047616,0.717391304347826,0.6767676767676768,0.5625
246,,0.2222222222222222,0.47619047619047616,0.717391304347826,0.6767676767676768,0.5625
247,,0.2222222222222222,0.47619047619047616,0.717391304347826,0.6767676767676768,0.5625
248,,0.2222222222222222,0.47619047619047616,0.7204301075268817,0.68,0.5625
249,,0.2222222222222222,0.47619047619047616,0.7127659574468085,0.6732673267326733,0.5625
250,,0.2222222222222222,0.47619047619047616,0.7127659574468085,0.6732673267326733,0.5625
251,,0.2222222222222222,0.47619047619047616,0.7127659574468085,0.6732673267326733,0.5625
252,,0.2222222222222222,0.47619047619047616,0.7127659574468085,0.6732673267326733,0.5625
253,,0.2222222222222222,0.47619047619047616,0.7127659574468085,0.6764705882352942,0.5625
254,,0.2222222222222222,0.47619047619047616,0.7127659574468085,0.6764705882352942,0.5625
255,,0.2222222222222222,0.47619047619047616,0.7157894736842105,0.6796116504854369,0.5625
256,,0.2222222222222222,0.47619047619047616,0.7157894736842105,0.6796116504854369,0.5625
257,,0.2222222222222222,0.47619047619047616,0.7083333333333334,0.6730769230769231,0.5625
258,,0.2222222222222222,0.47619047619047616,0.7083333333333334,0.6730769230769231,0.5625
259,,0.2222222222222222,0.47619047619047616,0.7083333333333334,0.6730769230769231,0.5625
260,,0.2222222222222222,0.47619047619047616,0.7083333333333334,0.6730769230769231,0.5882352941176471
261,,0.2222222222222222,0.45454545454545453,0.7010309278350515,0.6666666666666666,0.5882352941176471
262,,0.2222222222222222,0.45454545454545453,0.7010309278350515,0.6666666666666666,0.5882352941176471
263,,0.2222222222222222,0.43478260869565216,0.6938775510204082,0.660377358490566,0.5882352941176471
264,,0.2222222222222222,0.43478260869565216,0.6938775510204082,0.6542056074766355,0.5882352941176471
265,,0.2222222222222222,0.43478260869565216,0.6938775510204082,0.6542056074766355,0.5882352941176471
266,,0.2222222222222222,0.43478260869565216,0.6868686868686869,0.6481481481481481,0.5882352941176471
267,,0.2222222222222222,0.43478260869565216,0.6868686868686869,0.6481481481481481,0.5882352941176471
268,,0.2222222222222222,0.4166666666666667,0.68,0.6422018348623854,0.5882352941176471
269,,0.2222222222222222,0.4166666666666667,0.68,0.6422018348623854,0.5882352941176471
270,,0.2222222222222222,0.4166666666666667,0.68,0.6422018348623854,0.5882352941176471
271,,0.2222222222222222,0.4166666666666667,0.6831683168316832,0.6454545454545455,0.5882352941176471
272,,0.2222222222222222,0.4166666666666667,0.6831683168316832,0.6454545454545455,0.5882352941176471
273,,0.2222222222222222,0.4166666666666667,0.6831683168316832,0.6454545454545455,0.5882352941176471
274,,0.2222222222222222,0.4166666666666667,0.6831683168316832,0.6454545454545455,0.5882352941176471
275,,0.2222222222222222,0.4166666666666667,0.6831683168316832,0.6454545454545455,0.5882352941176471
276,,0.2222222222222222,0.4166666666666667,0.6831683168316832,0.6454545454545455,0.5882352941176471
277,,0.2222222222222222,0.4166666666666667,0.6831683168316832,0.6454545454545455,0.5882352941176471
278,,0.2222222222222222,0.4166666666666667,0.6831683168316832,0.6454545454545455,0.5882352941176471
279,,0.2222222222222222,0.4166666666666667,0.6862745098039216,0.6486486486486487,0.5882352941176471
280,,0.2222222222222222,0.4166666666666667,0.6796116504854369,0.6428571428571429,0.5882352941176471
281,,0.2222222222222222,0.4166666666666667,0.6796116504854369,0.6428571428571429,0.5882352941176471
282,,0.2222222222222222,0.4166666666666667,0.6796116504854369,0.6428571428571429,0.5882352941176471
283,,0.2222222222222222,0.4166666666666667,0.6826923076923077,0.6460176991150443,0.5882352941176471
284,,0.2222222222222222,0.4166666666666667,0.6826923076923077,0.6460176991150443,0.5882352941176471
285,,0.2222222222222222,0.4166666666666667,0.6761904761904762,0.6403508771929824,0.5882352941176471
286,,0.2222222222222222,0.4166666666666667,0.6761904761904762,0.6403508771929824,0.5882352941176471
287,,0.2222222222222222,0.4166666666666667,0.6761904761904762,0.6403508771929824,0.5882352941176471
288,,0.2222222222222222,0.4166666666666667,0.6761904761904762,0.6403508771929824,0.5882352941176471
289,,0.3,0.4166666666666667,0.6792452830188679,0.6434782608695652,0.5882352941176471
290,,0.3,0.4166666666666667,0.6792452830188679,0.6434782608695652,0.6111111111111112
291,,0.3,0.4166666666666667,0.6792452830188679,0.6434782608695652,0.6111111111111112
292,,0.3,0.4166666666666667,0.6822429906542056,0.646551724137931,0.6111111111111112
293,,0.3,0.4166666666666667,0.6822429906542056,0.646551724137931,0.6111111111111112
294,,0.3,0.4166666666666667,0.6822429906542056,0.646551724137931,0.6111111111111112
295,,0.3,0.4166666666666667,0.6822429906542056,0.646551724137931,0.6111111111111112
296,,0.3,0.4,0.6822429906542056,0.646551724137931,0.6111111111111112
297,,0.3,0.4,0.6851851851851852,0.6495726495726496,0.6111111111111112
298,,0.3,0.4,0.6788990825688074,0.6440677966101694,0.6111111111111112
299,,0.3,0.4,0.6727272727272727,0.6386554621848739,0.6111111111111112
300,,0.3,0.4,0.6666666666666666,0.6333333333333333,0.6111111111111112
301,,0.3,0.4,0.6696428571428571,0.6363636363636364,0.6111111111111112
302,,0.3,0.4,0.6637168141592921,0.6311475409836066,0.6111111111111112
303,,0.3,0.4,0.6637168141592921,0.6311475409836066,0.6111111111111112
304,,0.3,0.4230769230769231,0.6637168141592921,0.6311475409836066,0.6111111111111112
305,,0.3,0.4230769230769231,0.6637168141592921,0.6311475409836066,0.6111111111111112
306,,0.3,0.4230769230769231,0.6578947368421053,0.6260162601626016,0.6111111111111112
307,,0.3,0.4230769230769231,0.6578947368421053,0.6260162601626016,0.6111111111111112
308,,0.3,0.4230769230769231,0.6578947368421053,0.6260162601626016,0.6111111111111112
309,,0.3,0.4230769230769231,0.6578947368421053,0.6260162601626016,0.6111111111111112
310,,0.3,0.4230769230769231,0.6578947368421053,0.6260162601626016,0.6111111111111112
311,,0.3,0.4074074074074074,0.6578947368421053,0.6260162601626016,0.6111111111111112
312,,0.3,0.4074074074074074,0.6608695652173913,0.6290322580645161,0.6111111111111112
313,,0.3,0.4074074074074074,0.6608695652173913,0.6290322580645161,0.6111111111111112
314,,0.3,0.4074074074074074,0.6608695652173913,0.6290322580645161,0.5789473684210527
315,,0.3,0.4074074074074074,0.6608695652173913,0.6290322580645161,0.5789473684210527
316,,0.3,0.4074074074074074,0.6637931034482759,0.632,0.5789473684210527
317,,0.3,0.42857142857142855,0.6666666666666666,0.6349206349206349,0.5789473684210527
318,,0.3,0.42857142857142855,0.6666666666666666,0.6349206349206349,0.55
319,,0.3,0.42857142857142855,0.6666666666666666,0.6349206349206349,0.55
320,,0.3,0.42857142857142855,0.6666666666666666,0.6349206349206349,0.55
321,,0.3,0.42857142857142855,0.6666666666666666,0.6349206349206349,0.55
322,,0.3,0.42857142857142855,0.6694915254237288,0.6377952755905512,0.55
323,,0.3,0.42857142857142855,0.6694915254237288,0.6377952755905512,0.5238095238095238
324,,0.2727272727272727,0.42857142857142855,0.6638655462184874,0.6328125,0.5238095238095238
325,,0.2727272727272727,0.42857142857142855,0.6638655462184874,0.6328125,0.5238095238095238
326,,0.2727272727272727,0.42857142857142855,0.6638655462184874,0.6328125,0.5238095238095238
327,,0.2727272727272727,0.42857142857142855,0.6638655462184874,0.6328125,0.5238095238095238
328,,0.2727272727272727,0.42857142857142855,0.6638655462184874,0.6328125,0.5238095238095238
329,,0.2727272727272727,0.42857142857142855,0.6638655462184874,0.6328125,0.5238095238095238
330,,0.2727272727272727,0.42857142857142855,0.6638655462184874,0.6328125,0.5238095238095238
331,,0.2727272727272727,0.4482758620689655,0.6638655462184874,0.6356589147286822,0.5238095238095238
332,,0.2727272727272727,0.4482758620689655,0.6638655462184874,0.6356589147286822,0.5238095238095238
333,,0.2727272727272727,0.4482758620689655,0.6638655462184874,0.6356589147286822,0.5238095238095238
334,,0.2727272727272727,0.4482758620689655,0.6638655462184874,0.6356589147286822,0.5238095238095238
335,,0.2727272727272727,0.4666666666666667,0.6666666666666666,0.6384615384615384,0.5238095238095238
336,,0.2727272727272727,0.4666666666666667,0.6611570247933884,0.6335877862595419,0.5238095238095238
337,,0.2727272727272727,0.4666666666666667,0.6611570247933884,0.6335877862595419,0.5238095238095238
338,,0.2727272727272727,0.4666666666666667,0.6611570247933884,0.6335877862595419,0.5238095238095238
339,,0.2727272727272727,0.4666666666666667,0.6639344262295082,0.6363636363636364,0.5238095238095238
340,,0.2727272727272727,0.4666666666666667,0.6639344262295082,0.6363636363636364,0.5238095238095238
341,,0.2727272727272727,0.4666666666666667,0.6639344262295082,0.6363636363636364,0.5238095238095238
342,,0.2727272727272727,0.4666666666666667,0.6639344262295082,0.6363636363636364,0.5238095238095238
343,,0.2727272727272727,0.4666666666666667,0.6585365853658537,0.631578947368421,0.5238095238095238
344,,0.2727272727272727,0.4666666666666667,0.6585365853658537,0.631578947368421,0.5238095238095238
345,,0.2727272727272727,0.4666666666666667,0.6585365853658537,0.631578947368421,0.5238095238095238
346,,0.2727272727272727,0.4666666666666667,0.6532258064516129,0.6268656716417911,0.5238095238095238
347,,0.2727272727272727,0.4666666666666667,0.6532258064516129,0.6268656716417911,0.5238095238095238
348,,0.2727272727272727,0.4666666666666667,0.6532258064516129,0.6268656716417911,0.5238095238095238
349,,0.2727272727272727,0.4666666666666667,0.6532258064516129,0.6268656716417911,0.5238095238095238
350,,0.2727272727272727,0.4666666666666667,0.656,0.6296296296296297,0.5238095238095238
351,,0.2727272727272727,0.4666666666666667,0.6587301587301587,0.6323529411764706,0.5238095238095238
352,,0.2727272727272727,0.4666666666666667,0.6535433070866141,0.6277372262773723,0.5238095238095238
353,,0.2727272727272727,0.4666666666666667,0.6535433070866141,0.6277372262773723,0.5238095238095238
354,,0.2727272727272727,0.4666666666666667,0.65625,0.6304347826086957,0.5238095238095238
355,,0.2727272727272727,0.4666666666666667,0.65625,0.6304347826086957,0.5238095238095238
356,,0.2727272727272727,0.4666666666666667,0.65625,0.6304347826086957,0.5238095238095238
357,,0.2727272727272727,0.4666666666666667,0.65625,0.6304347826086957,0.5238095238095238
358,,0.2727272727272727,0.4666666666666667,0.6511627906976745,0.6258992805755396,0.5238095238095238
359,,0.2727272727272727,0.4666666666666667,0.6511627906976745,0.6258992805755396,0.5238095238095238
360,,0.25,0.4666666666666667,0.6461538461538462,0.6214285714285714,0.5238095238095238
361,,0.25,0.4666666666666667,0.6461538461538462,0.6214285714285714,0.5238095238095238
362,,0.25,0.4666666666666667,0.6461538461538462,0.6214285714285714,0.5238095238095238
363,,0.25,0.4666666666666667,0.6461538461538462,0.6214285714285714,0.5238095238095238
364,,0.25,0.4666666666666667,0.648854961832061,0.624113475177305,0.5238095238095238
365,,0.25,0.4666666666666667,0.6515151515151515,0.6267605633802817,0.5238095238095238
366,,0.25,0.4666666666666667,0.6515151515151515,0.6267605633802817,0.5238095238095238
367,,0.25,0.4666666666666667,0.6515151515151515,0.6267605633802817,0.5238095238095238
368,,0.25,0.4666666666666667,0.6466165413533834,0.6223776223776224,0.5238095238095238
369,,0.25,0.4666666666666667,0.6466165413533834,0.6223776223776224,0.5238095238095238
370,,0.25,0.4666666666666667,0.6466165413533834,0.6223776223776224,0.5238095238095238
371,,0.25,0.4838709677419355,0.6492537313432836,0.625,0.5238095238095238
372,,0.25,0.4838709677419355,0.6492537313432836,0.625,0.5238095238095238
373,,0.25,0.4838709677419355,0.6492537313432836,0.625,0.5238095238095238
374,,0.25,0.4838709677419355,0.6492537313432836,0.625,0.5238095238095238
375,,0.25,0.4838709677419355,0.6492537313432836,0.625,0.5238095238095238
376,,0.25,0.4838709677419355,0.6492537313432836,0.625,0.5238095238095238
377,,0.25,0.4838709677419355,0.6492537313432836,0.625,0.5238095238095238
378,,0.25,0.4838709677419355,0.6492537313432836,0.625,0.5238095238095238
379,,0.25,0.4838709677419355,0.6444444444444445,0.6206896551724138,0.5238095238095238
380,,0.25,0.4838709677419355,0.6444444444444445,0.6206896551724138,0.5238095238095238
381,,0.25,0.46875,0.6397058823529411,0.6164383561643836,0.5238095238095238
382,,0.25,0.46875,0.6397058823529411,0.6164383561643836,0.5238095238095238
383,,0.25,0.46875,0.6397058823529411,0.6164383561643836,0.5238095238095238
384,,0.25,0.46875,0.6397058823529411,0.6164383561643836,0.5238095238095238
385,,0.25,0.46875,0.6397058823529411,0.6164383561643836,0.5238095238095238
386,,0.25,0.46875,0.6423357664233577,0.6190476190476191,0.5238095238095238
387,,0.25,0.46875,0.644927536231884,0.6216216216216216,0.5238095238095238
388,,0.25,0.46875,0.644927536231884,0.6216216216216216,0.5238095238095238
389,,0.25,0.46875,0.644927536231884,0.6216216216216216,0.5238095238095238
390,,0.25,0.46875,0.644927536231884,0.6216216216216216,0.5238095238095238
391,,0.25,0.46875,0.6402877697841727,0.6174496644295302,0.5238095238095238
392,,0.25,0.46875,0.6402877697841727,0.6174496644295302,0.5454545454545454
393,,0.25,0.46875,0.6402877697841727,0.6174496644295302,0.5217391304347826
394,,0.25,0.46875,0.6402877697841727,0.62,0.5416666666666666
395,,0.25,0.46875,0.6402877697841727,0.62,0.5416666666666666
396,,0.25,0.46875,0.6428571428571429,0.6225165562913907,0.5416666666666666
397,,0.25,0.46875,0.6428571428571429,0.6225165562913907,0.5416666666666666
398,,0.25,0.46875,0.6428571428571429,0.6225165562913907,0.5416666666666666
399,,0.25,0.46875,0.6453900709219859,0.625,0.5416666666666666
400,,0.25,0.46875,0.6453900709219859,0.625,0.5416666666666666
401,,0.25,0.46875,0.6408450704225352,0.625,0.5416666666666666
402,,0.25,0.46875,0.6408450704225352,0.625,0.5416666666666666
403,,0.25,0.46875,0.6408450704225352,0.625,0.5416666666666666
404,,0.25,0.46875,0.6408450704225352,0.625,0.5416666666666666
405,,0.25,0.46875,0.6408450704225352,0.625,0.5416666666666666
406,,0.25,0.46875,0.6363636363636364,0.6209150326797386,0.5416666666666666
407,,0.25,0.46875,0.6388888888888888,0.6233766233766234,0.5416666666666666
408,,0.25,0.46875,0.6388888888888888,0.6233766233766234,0.5416666666666666
409,,0.3076923076923077,0.46875,0.6388888888888888,0.6233766233766234,0.5416666666666666
410,,0.3076923076923077,0.46875,0.6388888888888888,0.6233766233766234,0.5416666666666666
411,,0.3076923076923077,0.46875,0.6388888888888888,0.6233766233766234,0.5416666666666666
412,,0.3076923076923077,0.45454545454545453,0.6344827586206897,0.6193548387096774,0.5416666666666666
413,,0.3076923076923077,0.45454545454545453,0.6344827586206897,0.6193548387096774,0.5416666666666666
414,,0.3076923076923077,0.45454545454545453,0.6344827586206897,0.6193548387096774,0.5416666666666666
415,,0.3076923076923077,0.45454545454545453,0.6344827586206897,0.6193548387096774,0.5416666666666666
416,,0.35714285714285715,0.47058823529411764,0.636986301369863,0.6217948717948718,0.5416666666666666
417,,0.35714285714285715,0.47058823529411764,0.636986301369863,0.6217948717948718,0.5416666666666666
418,,0.35714285714285715,0.47058823529411764,0.6394557823129252,0.6242038216560509,0.5416666666666666
419,,0.35714285714285715,0.47058823529411764,0.6394557823129252,0.6242038216560509,0.5416666666666666
420,,0.35714285714285715,0.47058823529411764,0.6394557823129252,0.6242038216560509,0.5416666666666666
421,,0.35714285714285715,0.47058823529411764,0.6394557823129252,0.6242038216560509,0.5416666666666666
422,,0.35714285714285715,0.47058823529411764,0.6394557823129252,0.6242038216560509,0.5416666666666666
423,,0.35714285714285715,0.47058823529411764,0.6418918918918919,0.6265822784810127,0.5416666666666666
424,,0.35714285714285715,0.47058823529411764,0.6418918918918919,0.6265822784810127,0.5416666666666666
425,,0.35714285714285715,0.47058823529411764,0.6418918918918919,0.6265822784810127,0.5416666666666666
426,,0.35714285714285715,0.47058823529411764,0.6418918918918919,0.6265822784810127,0.5416666666666666
427,,0.35714285714285715,0.47058823529411764,0.6418918918918919,0.6265822784810127,0.5416666666666666
428,,0.35714285714285715,0.47058823529411764,0.6418918918918919,0.6265822784810127,0.5416666666666666
429,,0.35714285714285715,0.47058823529411764,0.6375838926174496,0.6226415094339622,0.52
430,,0.35714285714285715,0.47058823529411764,0.6375838926174496,0.6226415094339622,0.52
431,,0.35714285714285715,0.47058823529411764,0.6375838926174496,0.6226415094339622,0.52
432,,0.35714285714285715,0.47058823529411764,0.6375838926174496,0.6226415094339622,0.52
433,,0.35714285714285715,0.47058823529411764,0.6375838926174496,0.6226415094339622,0.52
434,,0.35714285714285715,0.47058823529411764,0.6375838926174496,0.6226415094339622,0.52
435,,0.35714285714285715,0.47058823529411764,0.6375838926174496,0.6226415094339622,0.52
436,,0.35714285714285715,0.47058823529411764,0.6375838926174496,0.6226415094339622,0.5
437,,0.35714285714285715,0.47058823529411764,0.6375838926174496,0.6226415094339622,0.5
438,,0.35714285714285715,0.47058823529411764,0.6375838926174496,0.6226415094339622,0.5
439,,0.35714285714285715,0.47058823529411764,0.64,0.625,0.5
440,,0.35714285714285715,0.47058823529411764,0.64,0.625,0.5
441,,0.35714285714285715,0.47058823529411764,0.64,0.625,0.5
442,,0.35714285714285715,0.47058823529411764,0.64,0.625,0.5
443,,0.35714285714285715,0.47058823529411764,0.64,0.625,0.48148148148148145
444,,0.35714285714285715,0.47058823529411764,0.64,0.625,0.48148148148148145
445,,0.35714285714285715,0.47058823529411764,0.6357615894039735,0.6211180124223602,0.48148148148148145
446,,0.35714285714285715,0.47058823529411764,0.6357615894039735,0.6211180124223602,0.48148148148148145
447,,0.35714285714285715,0.47058823529411764,0.6357615894039735,0.6211180124223602,0.48148148148148145
448,,0.35714285714285715,0.47058823529411764,0.6357615894039735,0.6211180124223602,0.48148148148148145
449,,0.35714285714285715,0.47058823529411764,0.6357615894039735,0.6211180124223602,0.48148148148148145
450,,0.35714285714285715,0.47058823529411764,0.6357615894039735,0.6211180124223602,0.48148148148148145
451,,0.35714285714285715,0.47058823529411764,0.6357615894039735,0.6211180124223602,0.48148148148148145
452,,0.35714285714285715,0.45714285714285713,0.631578947368421,0.6172839506172839,0.48148148148148145
453,,0.35714285714285715,0.45714285714285713,0.6274509803921569,0.6134969325153374,0.48148148148148145
454,,0.35714285714285715,0.4722222222222222,0.6274509803921569,0.6134969325153374,0.48148148148148145
455,,0.35714285714285715,0.4722222222222222,0.6274509803921569,0.6097560975609756,0.48148148148148145
456,,0.35714285714285715,0.4722222222222222,0.6274509803921569,0.6097560975609756,0.48148148148148145
457,,0.35714285714285715,0.4722222222222222,0.6274509803921569,0.6097560975609756,0.4642857142857143
458,,0.35714285714285715,0.4722222222222222,0.6233766233766234,0.6060606060606061,0.4642857142857143
459,,0.35714285714285715,0.4722222222222222,0.6193548387096774,0.6024096385542169,0.4642857142857143
460,,0.35714285714285715,0.4722222222222222,0.6217948717948718,0.6047904191616766,0.4642857142857143
461,,0.35714285714285715,0.4722222222222222,0.6178343949044586,0.6011904761904762,0.4642857142857143
462,,0.35714285714285715,0.4722222222222222,0.6178343949044586,0.6011904761904762,0.4642857142857143
463,,0.3333333333333333,0.4594594594594595,0.6139240506329114,0.5976331360946746,0.4642857142857143
464,,0.3333333333333333,0.4594594594594595,0.6139240506329114,0.5976331360946746,0.4642857142857143
465,,0.3333333333333333,0.4594594594594595,0.6139240506329114,0.5941176470588235,0.4642857142857143
466,,0.3333333333333333,0.4594594594594595,0.6139240506329114,0.5941176470588235,0.4642857142857143
467,,0.3333333333333333,0.4594594594594595,0.6139240506329114,0.5941176470588235,0.4642857142857143
468,,0.3333333333333333,0.4594594594594595,0.6139240506329114,0.5941176470588235,0.4642857142857143
469,,0.3333333333333333,0.4594594594594595,0.610062893081761,0.5906432748538012,0.4642857142857143
470,,0.3333333333333333,0.4594594594594595,0.610062893081761,0.5906432748538012,0.4642857142857143
471,,0.3333333333333333,0.4594594594594595,0.610062893081761,0.5906432748538012,0.4642857142857143
472,,0.3333333333333333,0.4594594594594595,0.610062893081761,0.5906432748538012,0.4642857142857143
473,,0.3333333333333333,0.4594594594594595,0.610062893081761,0.5906432748538012,0.4642857142857143
474,,0.3333333333333333,0.4594594594594595,0.610062893081761,0.5906432748538012,0.4642857142857143
475,,0.3333333333333333,0.4594594594594595,0.60625,0.5872093023255814,0.4642857142857143
476,,0.3333333333333333,0.4594594594594595,0.60625,0.5872093023255814,0.4642857142857143
477,,0.3333333333333333,0.4594594594594595,0.60625,0.5872093023255814,0.4642857142857143
478,,0.3333333333333333,0.4594594594594595,0.60625,0.5872093023255814,0.4642857142857143
479,,0.3333333333333333,0.4594594594594595,0.60625,0.5872093023255814,0.4642857142857143
480,,0.3333333333333333,0.4594594594594595,0.60625,0.5872093023255814,0.4642857142857143
481,,0.3333333333333333,0.4594594594594595,0.60625,0.5872093023255814,0.4642857142857143
482,,0.3333333333333333,0.4594594594594595,0.60625,0.5872093023255814,0.4642857142857143
483,,0.3333333333333333,0.47368421052631576,0.60625,0.5895953757225434,0.4642857142857143
484,,0.3333333333333333,0.47368421052631576,0.60625,0.5895953757225434,0.4642857142857143
485,,0.3333333333333333,0.47368421052631576,0.60625,0.5895953757225434,0.4482758620689655
486,,0.3333333333333333,0.47368421052631576,0.60625,0.5895953757225434,0.4482758620689655
487,,0.3333333333333333,0.47368421052631576,0.60625,0.5895953757225434,0.4482758620689655
488,,0.3333333333333333,0.47368421052631576,0.60625,0.5895953757225434,0.4482758620689655
489,,0.3333333333333333,0.47368421052631576,0.60625,0.5895953757225434,0.4482758620689655
490,,0.3333333333333333,0.48717948717948717,0.6086956521739131,0.5919540229885057,0.4482758620689655
491,,0.3333333333333333,0.48717948717948717,0.6086956521739131,0.5919540229885057,0.4482758620689655
492,,0.3333333333333333,0.48717948717948717,0.6086956521739131,0.5919540229885057,0.4482758620689655
493,,0.3333333333333333,0.48717948717948717,0.6086956521739131,0.5919540229885057,0.4482758620689655
494,,0.3333333333333333,0.48717948717948717,0.6086956521739131,0.5919540229885057,0.43333333333333335
495,,0.3333333333333333,0.48717948717948717,0.6049382716049383,0.5885714285714285,0.43333333333333335
496,,0.3333333333333333,0.48717948717948717,0.6073619631901841,0.5909090909090909,0.43333333333333335
497,,0.3333333333333333,0.48717948717948717,0.6073619631901841,0.5909090909090909,0.43333333333333335
498,,0.3333333333333333,0.48717948717948717,0.6073619631901841,0.5909090909090909,0.43333333333333335
499,,0.3333333333333333,0.48717948717948717,0.6097560975609756,0.5932203389830508,0.43333333333333335
500,,0.3333333333333333,0.48717948717948717,0.6097560975609756,0.5932203389830508,0.43333333333333335
501,,0.3333333333333333,0.48717948717948717,0.6097560975609756,0.5932203389830508,0.43333333333333335
502,,0.3333333333333333,0.48717948717948717,0.6097560975609756,0.5932203389830508,0.43333333333333335
503,,0.3333333333333333,0.48717948717948717,0.6097560975609756,0.5932203389830508,0.43333333333333335
504,,0.3333333333333333,0.48717948717948717,0.6097560975609756,0.5932203389830508,0.43333333333333335
505,,0.3333333333333333,0.48717948717948717,0.6060606060606061,0.5898876404494382,0.43333333333333335
506,,0.3333333333333333,0.48717948717948717,0.6024096385542169,0.5865921787709497,0.43333333333333335
507,,0.3333333333333333,0.48717948717948717,0.6024096385542169,0.5865921787709497,0.43333333333333335
508,,0.3333333333333333,0.48717948717948717,0.5988023952095808,0.5833333333333334,0.43333333333333335
509,,0.3333333333333333,0.48717948717948717,0.5988023952095808,0.5833333333333334,0.43333333333333335
510,,0.3333333333333333,0.48717948717948717,0.5988023952095808,0.5833333333333334,0.43333333333333335
511,,0.3333333333333333,0.48717948717948717,0.5988023952095808,0.5833333333333334,0.43333333333333335
512,,0.3333333333333333,0.48717948717948717,0.5988023952095808,0.5833333333333334,0.43333333333333335
513,,0.3333333333333333,0.48717948717948717,0.5988023952095808,0.5833333333333334,0.43333333333333335
514,,0.3333333333333333,0.48717948717948717,0.6011904761904762,0.585635359116022,0.43333333333333335
515,,0.3333333333333333,0.475,0.5976331360946746,0.5824175824175825,0.43333333333333335
516,,0.3333333333333333,0.475,0.5941176470588235,0.5792349726775956,0.43333333333333335
517,,0.3333333333333333,0.475,0.5941176470588235,0.5792349726775956,0.43333333333333335
518,,0.3333333333333333,0.475,0.5941176470588235,0.5792349726775956,0.43333333333333335
519,,0.3333333333333333,0.475,0.5941176470588235,0.5792349726775956,0.43333333333333335
520,,0.3333333333333333,0.475,0.5941176470588235,0.5792349726775956,0.43333333333333335
521,,0.3333333333333333,0.475,0.5941176470588235,0.5792349726775956,0.43333333333333335
522,,0.3333333333333333,0.475,0.5906432748538012,0.5760869565217391,0.43333333333333335
523,,0.3333333333333333,0.475,0.5906432748538012,0.5760869565217391,0.43333333333333335
524,,0.3333333333333333,0.475,0.5906432748538012,0.5760869565217391,0.43333333333333335
525,,0.3333333333333333,0.475,0.5906432748538012,0.5760869565217391,0.43333333333333335
526,,0.3333333333333333,0.475,0.5906432748538012,0.5760869565217391,0.43333333333333335
527,,0.3333333333333333,0.475,0.5906432748538012,0.5760869565217391,0.43333333333333335
528,,0.3333333333333333,0.475,0.5930232558139535,0.5783783783783784,0.43333333333333335
529,,0.3333333333333333,0.475,0.5930232558139535,0.5783783783783784,0.43333333333333335
530,,0.3333333333333333,0.475,0.5953757225433526,0.5806451612903226,0.43333333333333335
531,,0.3333333333333333,0.475,0.5953757225433526,0.5806451612903226,0.43333333333333335
532,,0.3333333333333333,0.475,0.5919540229885057,0.5775401069518716,0.43333333333333335
533,,0.3333333333333333,0.475,0.5919540229885057,0.5775401069518716,0.43333333333333335
534,,0.3333333333333333,0.475,0.5919540229885057,0.5775401069518716,0.43333333333333335
535,,0.3333333333333333,0.475,0.5885714285714285,0.574468085106383,0.43333333333333335
536,,0.3333333333333333,0.475,0.5852272727272727,0.5714285714285714,0.43333333333333335
537,,0.3333333333333333,0.475,0.5852272727272727,0.5714285714285714,0.43333333333333335
538,,0.3333333333333333,0.4634146341463415,0.5819209039548022,0.5684210526315789,0.43333333333333335
539,,0.3333333333333333,0.4634146341463415,0.5819209039548022,0.5684210526315789,0.43333333333333335
540,,0.3333333333333333,0.4634146341463415,0.5819209039548022,0.5684210526315789,0.43333333333333335
541,,0.3333333333333333,0.4634146341463415,0.5819209039548022,0.5684210526315789,0.43333333333333335
542,,0.3333333333333333,0.4634146341463415,0.5819209039548022,0.5684210526315789,0.43333333333333335
543,,0.3333333333333333,0.4634146341463415,0.5819209039548022,0.5684210526315789,0.43333333333333335
544,,0.3333333333333333,0.4634146341463415,0.5819209039548022,0.5684210526315789,0.43333333333333335
545,,0.3333333333333333,0.4634146341463415,0.5786516853932584,0.5654450261780105,0.43333333333333335
546,,0.3333333333333333,0.4634146341463415,0.5786516853932584,0.5654450261780105,0.43333333333333335
547,,0.3333333333333333,0.4634146341463415,0.5786516853932584,0.5677083333333334,0.43333333333333335
548,,0.3333333333333333,0.4634146341463415,0.5786516853932584,0.5677083333333334,0.43333333333333335
549,,0.3333333333333333,0.4634146341463415,0.5786516853932584,0.5677083333333334,0.43333333333333335
550,,0.3333333333333333,0.4634146341463415,0.5786516853932584,0.5677083333333334,0.43333333333333335
551,,0.3333333333333333,0.4634146341463415,0.5786516853932584,0.5677083333333334,0.43333333333333335
552,,0.3333333333333333,0.4634146341463415,0.5786516853932584,0.5677083333333334,0.43333333333333335
553,,0.3333333333333333,0.4634146341463415,0.5810055865921788,0.5699481865284974,0.43333333333333335
554,,0.3333333333333333,0.4634146341463415,0.5810055865921788,0.5699481865284974,0.43333333333333335
555,,0.3333333333333333,0.4634146341463415,0.5810055865921788,0.5699481865284974,0.43333333333333335
556,,0.3333333333333333,0.4634146341463415,0.5833333333333334,0.5721649484536082,0.43333333333333335
557,,0.3333333333333333,0.4634146341463415,0.5833333333333334,0.5721649484536082,0.43333333333333335
558,,0.3333333333333333,0.4634146341463415,0.5833333333333334,0.5721649484536082,0.43333333333333335
559,,0.3333333333333333,0.4634146341463415,0.5833333333333334,0.5721649484536082,0.43333333333333335
560,,0.3333333333333333,0.4634146341463415,0.5833333333333334,0.5721649484536082,0.43333333333333335
561,,0.3333333333333333,0.4634146341463415,0.585635359116022,0.5743589743589743,0.43333333333333335
562,,0.3333333333333333,0.4634146341463415,0.585635359116022,0.5743589743589743,0.43333333333333335
563,,0.3333333333333333,0.4634146341463415,0.585635359116022,0.5743589743589743,0.43333333333333335
564,,0.3333333333333333,0.4634146341463415,0.585635359116022,0.5743589743589743,0.43333333333333335
565,,0.3333333333333333,0.4523809523809524,0.5824175824175825,0.5714285714285714,0.43333333333333335
566,,0.3333333333333333,0.4523809523809524,0.5824175824175825,0.5714285714285714,0.43333333333333335
567,,0.3333333333333333,0.4523809523809524,0.5824175824175825,0.5714285714285714,0.43333333333333335
568,,0.3333333333333333,0.4523809523809524,0.5824175824175825,0.5714285714285714,0.43333333333333335
569,,0.3333333333333333,0.4523809523809524,0.5792349726775956,0.5685279187817259,0.43333333333333335
570,,0.3333333333333333,0.4523809523809524,0.5792349726775956,0.5685279187817259,0.43333333333333335
571,,0.3333333333333333,0.4523809523809524,0.5792349726775956,0.5685279187817259,0.43333333333333335
572,,0.3333333333333333,0.4523809523809524,0.5792349726775956,0.5685279187817259,0.43333333333333335
573,,0.3333333333333333,0.4523809523809524,0.5792349726775956,0.5685279187817259,0.43333333333333335
574,,0.3333333333333333,0.4523809523809524,0.5792349726775956,0.5685279187817259,0.43333333333333335
575,,0.3333333333333333,0.4523809523809524,0.5792349726775956,0.5685279187817259,0.43333333333333335
576,,0.3333333333333333,0.4418604651162791,0.5760869565217391,0.5656565656565656,0.43333333333333335
577,,0.3333333333333333,0.4418604651162791,0.5783783783783784,0.5678391959798995,0.43333333333333335
578,,0.3333333333333333,0.4418604651162791,0.5752688172043011,0.565,0.43333333333333335
579,,0.3333333333333333,0.4418604651162791,0.5752688172043011,0.565,0.43333333333333335
580,,0.3333333333333333,0.4418604651162791,0.5752688172043011,0.565,0.43333333333333335
581,,0.3333333333333333,0.4418604651162791,0.5752688172043011,0.565,0.43333333333333335
582,,0.3333333333333333,0.4418604651162791,0.5752688172043011,0.565,0.43333333333333335
583,,0.3333333333333333,0.4418604651162791,0.5721925133689839,0.5621890547263682,0.43333333333333335
584,,0.3333333333333333,0.4418604651162791,0.5721925133689839,0.5621890547263682,0.43333333333333335
585,,0.3333333333333333,0.4418604651162791,0.5721925133689839,0.5621890547263682,0.43333333333333335
586,,0.3333333333333333,0.4418604651162791,0.5721925133689839,0.5621890547263682,0.43333333333333335
587,,0.3333333333333333,0.4418604651162791,0.5721925133689839,0.5621890547263682,0.43333333333333335
588,,0.3333333333333333,0.4418604651162791,0.5721925133689839,0.5621890547263682,0.43333333333333335
589,,0.3125,0.4418604651162791,0.5691489361702128,0.5594059405940595,0.43333333333333335
590,,0.3125,0.4418604651162791,0.5691489361702128,0.5594059405940595,0.43333333333333335
591,,0.3125,0.45454545454545453,0.5691489361702128,0.5594059405940595,0.43333333333333335
592,,0.3125,0.45454545454545453,0.5691489361702128,0.5594059405940595,0.45161290322580644
593,,0.3125,0.45454545454545453,0.5691489361702128,0.5594059405940595,0.45161290322580644
594,,0.3125,0.45454545454545453,0.5691489361702128,0.5594059405940595,0.45161290322580644
595,,0.3125,0.45454545454545453,0.5691489361702128,0.5594059405940595,0.45161290322580644
596,,0.3125,0.45454545454545453,0.5691489361702128,0.5594059405940595,0.45161290322580644
597,,0.3125,0.45454545454545453,0.5691489361702128,0.5594059405940595,0.45161290322580644
598,,0.3125,0.45454545454545453,0.5714285714285714,0.5615763546798029,0.45161290322580644
599,,0.3125,0.45454545454545453,0.5714285714285714,0.5615763546798029,0.45161290322580644
600,,0.3125,0.45454545454545453,0.5714285714285714,0.5615763546798029,0.45161290322580644
601,,0.3125,0.45454545454545453,0.5714285714285714,0.5615763546798029,0.45161290322580644
602,,0.3125,0.45454545454545453,0.5714285714285714,0.5615763546798029,0.45161290322580644
603,,0.3125,0.45454545454545453,0.5714285714285714,0.5615763546798029,0.45161290322580644
604,,0.3125,0.45454545454545453,0.5714285714285714,0.5615763546798029,0.45161290322580644
605,,0.3125,0.45454545454545453,0.5714285714285714,0.5615763546798029,0.45161290322580644
606,,0.3125,0.45454545454545453,0.5714285714285714,0.5615763546798029,0.45161290322580644
607,,0.3125,0.45454545454545453,0.5714285714285714,0.5615763546798029,0.45161290322580644
608,,0.3125,0.45454545454545453,0.5684210526315789,0.5588235294117647,0.45161290322580644
609,,0.3125,0.45454545454545453,0.5654450261780105,0.5560975609756098,0.45161290322580644
610,,0.3125,0.45454545454545453,0.5654450261780105,0.5560975609756098,0.45161290322580644
611,,0.3125,0.45454545454545453,0.5654450261780105,0.5560975609756098,0.45161290322580644
612,,0.3125,0.45454545454545453,0.5654450261780105,0.5560975609756098,0.4375
613,,0.3125,0.45454545454545453,0.5654450261780105,0.5560975609756098,0.4375
614,,0.3125,0.45454545454545453,0.5625,0.5533980582524272,0.42424242424242425
615,,0.3125,0.45454545454545453,0.5625,0.5533980582524272,0.42424242424242425
616,,0.3125,0.45454545454545453,0.5625,0.5533980582524272,0.42424242424242425
617,,0.3125,0.45454545454545453,0.5647668393782384,0.5555555555555556,0.42424242424242425
618,,0.3125,0.45454545454545453,0.5647668393782384,0.5555555555555556,0.42424242424242425
619,,0.3125,0.45454545454545453,0.5647668393782384,0.5555555555555556,0.42424242424242425
620,,0.3125,0.45454545454545453,0.5647668393782384,0.5555555555555556,0.42424242424242425
621,,0.29411764705882354,0.45454545454545453,0.5647668393782384,0.5528846153846154,0.42424242424242425
622,,0.29411764705882354,0.45454545454545453,0.5647668393782384,0.5528846153846154,0.42424242424242425
623,,0.29411764705882354,0.45454545454545453,0.5647668393782384,0.5528846153846154,0.42424242424242425
624,,0.29411764705882354,0.45454545454545453,0.5647668393782384,0.5528846153846154,0.42424242424242425
625,,0.29411764705882354,0.45454545454545453,0.5647668393782384,0.5528846153846154,0.42424242424242425
626,,0.2777777777777778,0.45454545454545453,0.5647668393782384,0.5528846153846154,0.42424242424242425
627,,0.2777777777777778,0.45454545454545453,0.5647668393782384,0.5528846153846154,0.42424242424242425
628,,0.2777777777777778,0.45454545454545453,0.5618556701030928,0.5502392344497608,0.42424242424242425
629,,0.2777777777777778,0.45454545454545453,0.5618556701030928,0.5502392344497608,0.42424242424242425
630,,0.2777777777777778,0.45454545454545453,0.5618556701030928,0.5502392344497608,0.42424242424242425
631,,0.2777777777777778,0.45454545454545453,0.5618556701030928,0.5502392344497608,0.42424242424242425
632,,0.2777777777777778,0.45454545454545453,0.5618556701030928,0.5502392344497608,0.42424242424242425
633,,0.2777777777777778,0.45454545454545453,0.5618556701030928,0.5502392344497608,0.42424242424242425
634,,0.2777777777777778,0.45454545454545453,0.5618556701030928,0.5502392344497608,0.42424242424242425
635,,0.2777777777777778,0.45454545454545453,0.5641025641025641,0.5523809523809524,0.4411764705882353
636,,0.2777777777777778,0.45454545454545453,0.5641025641025641,0.5523809523809524,0.4411764705882353
637,,0.2777777777777778,0.45454545454545453,0.5641025641025641,0.5523809523809524,0.4411764705882353
638,,0.2777777777777778,0.45454545454545453,0.5641025641025641,0.5523809523809524,0.4411764705882353
639,,0.2777777777777778,0.4444444444444444,0.5612244897959183,0.5497630331753555,0.4411764705882353
640,,0.2777777777777778,0.4444444444444444,0.5583756345177665,0.5471698113207547,0.42857142857142855
641,,0.2777777777777778,0.4444444444444444,0.5583756345177665,0.5471698113207547,0.42857142857142855
642,,0.2777777777777778,0.45652173913043476,0.5583756345177665,0.5471698113207547,0.42857142857142855
643,,0.2777777777777778,0.45652173913043476,0.5583756345177665,0.5471698113207547,0.42857142857142855
644,,0.2777777777777778,0.45652173913043476,0.5606060606060606,0.5492957746478874,0.42857142857142855
645,,0.2777777777777778,0.45652173913043476,0.5606060606060606,0.5492957746478874,0.42857142857142855
646,,0.2631578947368421,0.45652173913043476,0.5606060606060606,0.5492957746478874,0.42857142857142855
647,,0.2631578947368421,0.45652173913043476,0.5606060606060606,0.5492957746478874,0.42857142857142855
648,,0.2631578947368421,0.45652173913043476,0.5606060606060606,0.5492957746478874,0.42857142857142855
649,,0.2631578947368421,0.45652173913043476,0.5606060606060606,0.5492957746478874,0.42857142857142855
650,,0.2631578947368421,0.45652173913043476,0.5606060606060606,0.5492957746478874,0.4444444444444444
651,,0.2631578947368421,0.45652173913043476,0.5606060606060606,0.5492957746478874,0.4444444444444444
652,,0.2631578947368421,0.45652173913043476,0.5606060606060606,0.5492957746478874,0.4444444444444444
653,,0.2631578947368421,0.45652173913043476,0.5606060606060606,0.5492957746478874,0.4444444444444444
654,,0.2631578947368421,0.45652173913043476,0.5606060606060606,0.5492957746478874,0.4444444444444444
655,,0.2631578947368421,0.45652173913043476,0.5606060606060606,0.5492957746478874,0.4444444444444444
656,,0.2631578947368421,0.45652173913043476,0.5606060606060606,0.5492957746478874,0.4444444444444444
657,,0.2631578947368421,0.45652173913043476,0.5628140703517588,0.5514018691588785,0.4444444444444444
658,,0.25,0.45652173913043476,0.56,0.5488372093023256,0.4444444444444444
659,,0.25,0.45652173913043476,0.56,0.5488372093023256,0.4444444444444444
660,,0.25,0.45652173913043476,0.56,0.5488372093023256,0.4444444444444444
661,,0.25,0.45652173913043476,0.56,0.5488372093023256,0.4444444444444444
662,,0.25,0.45652173913043476,0.56,0.5488372093023256,0.4444444444444444
663,,0.25,0.45652173913043476,0.56,0.5488372093023256,0.4444444444444444
664,,0.25,0.46808510638297873,0.5621890547263682,0.5509259259259259,0.4444444444444444
665,,0.25,0.46808510638297873,0.5621890547263682,0.5509259259259259,0.4444444444444444
666,,0.25,0.46808510638297873,0.5621890547263682,0.5509259259259259,0.4444444444444444
667,,0.25,0.46808510638297873,0.5621890547263682,0.5509259259259259,0.4444444444444444
668,,0.25,0.46808510638297873,0.5621890547263682,0.5509259259259259,0.4444444444444444
669,,0.25,0.46808510638297873,0.5621890547263682,0.5509259259259259,0.4444444444444444
670,,0.25,0.46808510638297873,0.5621890547263682,0.5509259259259259,0.4444444444444444
671,,0.25,0.46808510638297873,0.5621890547263682,0.5509259259259259,0.4444444444444444
672,,0.25,0.46808510638297873,0.5621890547263682,0.5509259259259259,0.4444444444444444
673,,0.25,0.46808510638297873,0.5621890547263682,0.5509259259259259,0.4444444444444444
674,,0.25,0.46808510638297873,0.5621890547263682,0.5509259259259259,0.4444444444444444
675,,0.25,0.46808510638297873,0.5621890547263682,0.5509259259259259,0.4444444444444444
676,,0.25,0.46808510638297873,0.5621890547263682,0.5509259259259259,0.4444444444444444
677,,0.25,0.46808510638297873,0.5621890547263682,0.5509259259259259,0.4444444444444444
678,,0.25,0.46808510638297873,0.5621890547263682,0.5509259259259259,0.4444444444444444
679,,0.25,0.46808510638297873,0.5621890547263682,0.5509259259259259,0.4444444444444444
680,,0.25,0.46808510638297873,0.5621890547263682,0.5509259259259259,0.4444444444444444
681,,0.25,0.46808510638297873,0.5621890547263682,0.5509259259259259,0.4444444444444444
682,,0.25,0.4791666666666667,0.5643564356435643,0.5529953917050692,0.4444444444444444
683,,0.25,0.4791666666666667,0.5643564356435643,0.5504587155963303,0.4444444444444444
684,,0.25,0.4791666666666667,0.5643564356435643,0.5504587155963303,0.4444444444444444
685,,0.25,0.4791666666666667,0.5643564356435643,0.5504587155963303,0.4444444444444444
686,,0.25,0.4791666666666667,0.5643564356435643,0.5504587155963303,0.4444444444444444
687,,0.25,0.4791666666666667,0.5643564356435643,0.5504587155963303,0.4444444444444444
688,,0.25,0.4791666666666667,0.5643564356435643,0.5504587155963303,0.4444444444444444
689,,0.25,0.4791666666666667,0.5615763546798029,0.547945205479452,0.4444444444444444
690,,0.25,0.4791666666666667,0.5615763546798029,0.547945205479452,0.4444444444444444
691,,0.25,0.4791666666666667,0.5615763546798029,0.547945205479452,0.43243243243243246
692,,0.25,0.4791666666666667,0.5588235294117647,0.5454545454545454,0.43243243243243246
693,,0.25,0.4791666666666667,0.5588235294117647,0.5454545454545454,0.43243243243243246
694,,0.25,0.4791666666666667,0.5588235294117647,0.5454545454545454,0.43243243243243246
695,,0.25,0.4791666666666667,0.5588235294117647,0.5454545454545454,0.4473684210526316
696,,0.25,0.4791666666666667,0.5588235294117647,0.5454545454545454,0.4473684210526316
697,,0.25,0.4791666666666667,0.5609756097560976,0.5475113122171946,0.4473684210526316
698,,0.25,0.4791666666666667,0.5609756097560976,0.5475113122171946,0.4473684210526316
699,,0.25,0.4791666666666667,0.5609756097560976,0.5475113122171946,0.4473684210526316
700,,0.25,0.4897959183673469,0.5631067961165048,0.5495495495495496,0.4473684210526316
701,,0.25,0.4897959183673469,0.5631067961165048,0.5495495495495496,0.4473684210526316
702,,0.25,0.4897959183673469,0.5631067961165048,0.5495495495495496,0.4473684210526316
703,,0.25,0.4897959183673469,0.5631067961165048,0.5495495495495496,0.4473684210526316
704,,0.25,0.4897959183673469,0.5631067961165048,0.5495495495495496,0.4473684210526316
705,,0.25,0.4897959183673469,0.5631067961165048,0.5495495495495496,0.4473684210526316
706,,0.25,0.4897959183673469,0.5631067961165048,0.5495495495495496,0.4473684210526316
707,,0.25,0.4897959183673469,0.5652173913043478,0.5515695067264574,0.4473684210526316
708,,0.25,0.4897959183673469,0.5673076923076923,0.5535714285714286,0.4473684210526316
709,,0.25,0.48,0.5645933014354066,0.5511111111111111,0.4473684210526316
710,,0.25,0.48,0.5619047619047619,0.5486725663716814,0.4358974358974359
711,,0.25,0.48,0.5619047619047619,0.5486725663716814,0.4358974358974359
712,,0.25,0.48,0.5619047619047619,0.5486725663716814,0.4358974358974359
713,,0.25,0.48,0.5619047619047619,0.5486725663716814,0.4358974358974359
714,,0.25,0.48,0.5619047619047619,0.5486725663716814,0.4358974358974359
715,,0.2857142857142857,0.48,0.5619047619047619,0.5486725663716814,0.4358974358974359
716,,0.2857142857142857,0.48,0.5619047619047619,0.5486725663716814,0.4358974358974359
717,,0.2857142857142857,0.48,0.5619047619047619,0.5486725663716814,0.4358974358974359
718,,0.2857142857142857,0.48,0.5619047619047619,0.5486725663716814,0.4358974358974359
719,,0.2857142857142857,0.48,0.5619047619047619,0.5486725663716814,0.4358974358974359
720,,0.2857142857142857,0.48,0.5619047619047619,0.5486725663716814,0.4358974358974359
721,,0.2857142857142857,0.48,0.5639810426540285,0.5506607929515418,0.4358974358974359
722,,0.2857142857142857,0.48,0.5660377358490566,0.5526315789473685,0.4358974358974359
723,,0.2857142857142857,0.48,0.5660377358490566,0.5526315789473685,0.4358974358974359
724,,0.2857142857142857,0.48,0.5660377358490566,0.5526315789473685,0.4358974358974359
725,,0.2857142857142857,0.48,0.568075117370892,0.5545851528384279,0.4358974358974359
726,,0.2857142857142857,0.48,0.5700934579439252,0.5565217391304348,0.45
727,,0.2857142857142857,0.48,0.5700934579439252,0.5565217391304348,0.45
728,,0.2857142857142857,0.48,0.5700934579439252,0.5565217391304348,0.45
729,,0.2857142857142857,0.48,0.5700934579439252,0.5541125541125541,0.45
730,,0.2857142857142857,0.48,0.5700934579439252,0.5541125541125541,0.45
731,,0.2857142857142857,0.48,0.5720930232558139,0.5560344827586207,0.45
732,,0.2857142857142857,0.48,0.5720930232558139,0.5560344827586207,0.45
733,,0.2857142857142857,0.48,0.5740740740740741,0.5579399141630901,0.45
734,,0.2857142857142857,0.48,0.5740740740740741,0.5579399141630901,0.45
735,,0.2857142857142857,0.48,0.5740740740740741,0.5579399141630901,0.45
736,,0.2857142857142857,0.48,0.5740740740740741,0.5579399141630901,0.45
737,,0.2857142857142857,0.48,0.5740740740740741,0.5579399141630901,0.45
738,,0.2857142857142857,0.49019607843137253,0.576036866359447,0.5598290598290598,0.45
739,,0.2857142857142857,0.49019607843137253,0.576036866359447,0.5598290598290598,0.45
740,,0.2857142857142857,0.49019607843137253,0.576036866359447,0.5598290598290598,0.45
741,,0.2857142857142857,0.49019607843137253,0.576036866359447,0.5598290598290598,0.45
742,,0.2857142857142857,0.49019607843137253,0.576036866359447,0.5598290598290598,0.45
743,,0.2857142857142857,0.49019607843137253,0.576036866359447,0.5598290598290598,0.45
744,,0.2857142857142857,0.49019607843137253,0.576036866359447,0.5598290598290598,0.45
745,,0.2857142857142857,0.49019607843137253,0.576036866359447,0.5598290598290598,0.45
746,,0.2857142857142857,0.49019607843137253,0.576036866359447,0.5598290598290598,0.45
747,,0.2857142857142857,0.49019607843137253,0.576036866359447,0.5598290598290598,0.45
748,,0.2857142857142857,0.49019607843137253,0.576036866359447,0.5598290598290598,0.45
749,,0.2857142857142857,0.49019607843137253,0.576036866359447,0.5598290598290598,0.45
750,,0.2857142857142857,0.4807692307692308,0.576036866359447,0.5598290598290598,0.45
751,,0.2857142857142857,0.4807692307692308,0.576036866359447,0.5598290598290598,0.45
752,,0.2857142857142857,0.4807692307692308,0.573394495412844,0.5574468085106383,0.45
753,,0.2857142857142857,0.4807692307692308,0.573394495412844,0.5574468085106383,0.45
754,,0.2857142857142857,0.4807692307692308,0.573394495412844,0.5574468085106383,0.45
755,,0.2857142857142857,0.4807692307692308,0.573394495412844,0.5574468085106383,0.45
756,,0.2857142857142857,0.4807692307692308,0.573394495412844,0.5574468085106383,0.45
757,,0.2857142857142857,0.4807692307692308,0.573394495412844,0.5574468085106383,0.45
758,,0.2857142857142857,0.4807692307692308,0.573394495412844,0.5574468085106383,0.45
759,,0.2857142857142857,0.4807692307692308,0.5707762557077626,0.5550847457627118,0.45
760,,0.2857142857142857,0.4807692307692308,0.5707762557077626,0.5550847457627118,0.45
761,,0.2857142857142857,0.4807692307692308,0.5707762557077626,0.5550847457627118,0.45
762,,0.2857142857142857,0.4807692307692308,0.5681818181818182,0.5527426160337553,0.45
763,,0.2857142857142857,0.4807692307692308,0.5701357466063348,0.5546218487394958,0.45
764,,0.2857142857142857,0.4807692307692308,0.5701357466063348,0.5546218487394958,0.45
765,,0.2857142857142857,0.4807692307692308,0.5701357466063348,0.5546218487394958,0.45
766,,0.2857142857142857,0.4807692307692308,0.5701357466063348,0.5546218487394958,0.45
767,,0.2857142857142857,0.4807692307692308,0.5701357466063348,0.5546218487394958,0.45
768,,0.2857142857142857,0.4807692307692308,0.5701357466063348,0.5546218487394958,0.45
769,,0.2857142857142857,0.4807692307692308,0.5701357466063348,0.5546218487394958,0.45
770,,0.2857142857142857,0.4807692307692308,0.5701357466063348,0.5546218487394958,0.45
771,,0.2857142857142857,0.4807692307692308,0.5701357466063348,0.5546218487394958,0.45
772,,0.2857142857142857,0.4807692307692308,0.5701357466063348,0.5546218487394958,0.45
773,,0.2857142857142857,0.4807692307692308,0.5701357466063348,0.5546218487394958,0.45
774,,0.2857142857142857,0.4807692307692308,0.5701357466063348,0.5546218487394958,0.45
775,,0.2857142857142857,0.4807692307692308,0.5701357466063348,0.5546218487394958,0.45
776,,0.2857142857142857,0.4807692307692308,0.5701357466063348,0.5546218487394958,0.45
777,,0.2857142857142857,0.4807692307692308,0.5701357466063348,0.5546218487394958,0.45
778,,0.2857142857142857,0.4807692307692308,0.5701357466063348,0.5546218487394958,0.45
779,,0.2857142857142857,0.4807692307692308,0.5701357466063348,0.5546218487394958,0.45
780,,0.2857142857142857,0.4807692307692308,0.5701357466063348,0.5546218487394958,0.45
781,,0.2857142857142857,0.4807692307692308,0.5701357466063348,0.5546218487394958,0.45
782,,0.2857142857142857,0.4807692307692308,0.5701357466063348,0.5546218487394958,0.45
783,,0.2857142857142857,0.4807692307692308,0.5720720720720721,0.5564853556485355,0.45
784,,0.2857142857142857,0.4807692307692308,0.5720720720720721,0.5564853556485355,0.45
785,,0.2857142857142857,0.4807692307692308,0.5720720720720721,0.5564853556485355,0.45
786,,0.2857142857142857,0.4807692307692308,0.5720720720720721,0.5564853556485355,0.45
787,,0.2857142857142857,0.4807692307692308,0.5720720720720721,0.5564853556485355,0.45
788,,0.3181818181818182,0.4807692307692308,0.5739910313901345,0.5583333333333333,0.45
789,,0.3181818181818182,0.4807692307692308,0.5739910313901345,0.5583333333333333,0.45
790,,0.3181818181818182,0.4807692307692308,0.5739910313901345,0.5583333333333333,0.45
791,,0.3181818181818182,0.4807692307692308,0.5739910313901345,0.5583333333333333,0.45
792,,0.3181818181818182,0.4807692307692308,0.5739910313901345,0.5583333333333333,0.45
793,,0.3181818181818182,0.4807692307692308,0.5739910313901345,0.5583333333333333,0.45
794,,0.30434782608695654,0.4807692307692308,0.5714285714285714,0.5560165975103735,0.45
795,,0.30434782608695654,0.4807692307692308,0.5714285714285714,0.5560165975103735,0.45
796,,0.30434782608695654,0.4807692307692308,0.5714285714285714,0.5560165975103735,0.45
797,,0.30434782608695654,0.4807692307692308,0.5714285714285714,0.5560165975103735,0.43902439024390244
798,,0.30434782608695654,0.4807692307692308,0.5714285714285714,0.5560165975103735,0.43902439024390244
799,,0.30434782608695654,0.4807692307692308,0.5714285714285714,0.5560165975103735,0.43902439024390244
800,,0.30434782608695654,0.4807692307692308,0.5714285714285714,0.5560165975103735,0.43902439024390244
801,,0.30434782608695654,0.4807692307692308,0.5714285714285714,0.5560165975103735,0.43902439024390244
802,,0.30434782608695654,0.4807692307692308,0.5714285714285714,0.5560165975103735,0.43902439024390244
803,,0.30434782608695654,0.4807692307692308,0.5733333333333334,0.5578512396694215,0.43902439024390244
804,,0.30434782608695654,0.4807692307692308,0.5733333333333334,0.5578512396694215,0.43902439024390244
805,,0.30434782608695654,0.4807692307692308,0.5733333333333334,0.5578512396694215,0.43902439024390244
806,,0.30434782608695654,0.4807692307692308,0.5733333333333334,0.5578512396694215,0.43902439024390244
807,,0.30434782608695654,0.4807692307692308,0.5733333333333334,0.5578512396694215,0.43902439024390244
808,,0.30434782608695654,0.4807692307692308,0.5733333333333334,0.5578512396694215,0.43902439024390244
809,,0.30434782608695654,0.4807692307692308,0.5733333333333334,0.5578512396694215,0.43902439024390244
810,,0.30434782608695654,0.4807692307692308,0.5733333333333334,0.5578512396694215,0.43902439024390244
811,,0.30434782608695654,0.4807692307692308,0.5733333333333334,0.5578512396694215,0.43902439024390244
812,,0.30434782608695654,0.4807692307692308,0.5752212389380531,0.5596707818930041,0.4523809523809524
813,,0.30434782608695654,0.49056603773584906,0.5770925110132159,0.5614754098360656,0.4523809523809524
814,,0.2916666666666667,0.49056603773584906,0.5745614035087719,0.5591836734693878,0.4523809523809524
815,,0.2916666666666667,0.49056603773584906,0.5745614035087719,0.5591836734693878,0.4523809523809524
816,,0.2916666666666667,0.49056603773584906,0.5745614035087719,0.5591836734693878,0.4523809523809524
817,,0.2916666666666667,0.49056603773584906,0.5745614035087719,0.5591836734693878,0.4523809523809524
818,,0.2916666666666667,0.49056603773584906,0.5745614035087719,0.5591836734693878,0.4523809523809524
819,,0.2916666666666667,0.49056603773584906,0.5745614035087719,0.5591836734693878,0.4523809523809524
820,,0.2916666666666667,0.49056603773584906,0.5745614035087719,0.5591836734693878,0.4523809523809524
821,,0.2916666666666667,0.49056603773584906,0.5745614035087719,0.5591836734693878,0.4523809523809524
822,,0.2916666666666667,0.49056603773584906,0.5745614035087719,0.5591836734693878,0.4523809523809524
823,,0.2916666666666667,0.49056603773584906,0.5764192139737991,0.5609756097560976,0.4523809523809524
824,,0.2916666666666667,0.49056603773584906,0.5764192139737991,0.5609756097560976,0.4523809523809524
825,,0.2916666666666667,0.49056603773584906,0.5764192139737991,0.5609756097560976,0.4523809523809524
826,,0.2916666666666667,0.49056603773584906,0.5764192139737991,0.5609756097560976,0.4523809523809524
827,,0.2916666666666667,0.49056603773584906,0.5764192139737991,0.5609756097560976,0.4523809523809524
828,,0.2916666666666667,0.49056603773584906,0.5764192139737991,0.5609756097560976,0.4523809523809524
829,,0.2916666666666667,0.49056603773584906,0.5764192139737991,0.5609756097560976,0.4523809523809524
830,,0.2916666666666667,0.49056603773584906,0.5764192139737991,0.5609756097560976,0.4523809523809524
831,,0.2916666666666667,0.49056603773584906,0.5764192139737991,0.5587044534412956,0.4523809523809524
832,,0.2916666666666667,0.49056603773584906,0.5764192139737991,0.5587044534412956,0.4418604651162791
833,,0.2916666666666667,0.49056603773584906,0.5739130434782609,0.5564516129032258,0.4418604651162791
834,,0.2916666666666667,0.49056603773584906,0.5739130434782609,0.5564516129032258,0.4418604651162791
835,,0.2916666666666667,0.49056603773584906,0.5739130434782609,0.5564516129032258,0.4418604651162791
836,,0.2916666666666667,0.49056603773584906,0.5739130434782609,0.5564516129032258,0.4418604651162791
837,,0.2916666666666667,0.49056603773584906,0.5739130434782609,0.5564516129032258,0.4418604651162791
838,,0.2916666666666667,0.49056603773584906,0.5739130434782609,0.5564516129032258,0.4418604651162791
839,,0.2916666666666667,0.49056603773584906,0.5739130434782609,0.5564516129032258,0.4418604651162791
840,,0.2916666666666667,0.49056603773584906,0.5739130434782609,0.5564516129032258,0.4418604651162791
841,,0.2916666666666667,0.49056603773584906,0.5739130434782609,0.5564516129032258,0.4418604651162791
842,,0.2916666666666667,0.49056603773584906,0.5739130434782609,0.5564516129032258,0.4418604651162791
843,,0.2916666666666667,0.49056603773584906,0.5714285714285714,0.5542168674698795,0.4418604651162791
844,,0.2916666666666667,0.49056603773584906,0.5714285714285714,0.5542168674698795,0.4418604651162791
845,,0.2916666666666667,0.49056603773584906,0.5714285714285714,0.5542168674698795,0.4418604651162791
846,,0.32,0.5,0.5732758620689655,0.556,0.4418604651162791
847,,0.32,0.5,0.5732758620689655,0.556,0.4418604651162791
848,,0.32,0.5,0.575107296137339,0.5577689243027888,0.4418604651162791
849,,0.32,0.5,0.5726495726495726,0.5555555555555556,0.4418604651162791
850,,0.32,0.5,0.5702127659574469,0.5533596837944664,0.4418604651162791
851,,0.32,0.5,0.5677966101694916,0.5511811023622047,0.4418604651162791
852,,0.32,0.5,0.5677966101694916,0.5511811023622047,0.4418604651162791
853,,0.32,0.5,0.5677966101694916,0.5511811023622047,0.4418604651162791
854,,0.32,0.5,0.5677966101694916,0.5511811023622047,0.4418604651162791
855,,0.32,0.5,0.5677966101694916,0.5511811023622047,0.4418604651162791
856,,0.32,0.5,0.5654008438818565,0.5490196078431373,0.4418604651162791
857,,0.32,0.4909090909090909,0.5654008438818565,0.5490196078431373,0.4418604651162791
858,,0.32,0.4909090909090909,0.5630252100840336,0.546875,0.4318181818181818
859,,0.32,0.4909090909090909,0.5630252100840336,0.546875,0.4318181818181818
860,,0.32,0.4909090909090909,0.5630252100840336,0.546875,0.4318181818181818
861,,0.32,0.4909090909090909,0.5630252100840336,0.546875,0.4318181818181818
862,,0.32,0.4909090909090909,0.5630252100840336,0.546875,0.4318181818181818
863,,0.32,0.4909090909090909,0.5630252100840336,0.546875,0.4318181818181818
864,,0.32,0.4909090909090909,0.5630252100840336,0.546875,0.4318181818181818
865,,0.32,0.4909090909090909,0.5606694560669456,0.5447470817120622,0.4222222222222222
866,,0.32,0.4909090909090909,0.5606694560669456,0.5447470817120622,0.4222222222222222
867,,0.34615384615384615,0.4909090909090909,0.5606694560669456,0.5447470817120622,0.4222222222222222
868,,0.34615384615384615,0.4909090909090909,0.5606694560669456,0.5447470817120622,0.4222222222222222
869,,0.34615384615384615,0.4909090909090909,0.5606694560669456,0.5447470817120622,0.4222222222222222
870,,0.34615384615384615,0.4909090909090909,0.5583333333333333,0.5426356589147286,0.4222222222222222
871,,0.34615384615384615,0.4909090909090909,0.5583333333333333,0.5426356589147286,0.4222222222222222
872,,0.34615384615384615,0.4909090909090909,0.5583333333333333,0.5426356589147286,0.4222222222222222
873,,0.34615384615384615,0.4909090909090909,0.5583333333333333,0.5426356589147286,0.4222222222222222
874,,0.3333333333333333,0.4909090909090909,0.5583333333333333,0.5426356589147286,0.4222222222222222
875,,0.3333333333333333,0.4909090909090909,0.5583333333333333,0.5426356589147286,0.4222222222222222
876,,0.3333333333333333,0.4909090909090909,0.5583333333333333,0.5426356589147286,0.4222222222222222
877,,0.3333333333333333,0.4909090909090909,0.5583333333333333,0.5426356589147286,0.4222222222222222
878,,0.3333333333333333,0.4909090909090909,0.5583333333333333,0.5426356589147286,0.4222222222222222
879,,0.3333333333333333,0.4909090909090909,0.5583333333333333,0.5426356589147286,0.4222222222222222
880,,0.3333333333333333,0.4909090909090909,0.5583333333333333,0.5426356589147286,0.4222222222222222
881,,0.3333333333333333,0.4909090909090909,0.5583333333333333,0.5426356589147286,0.4222222222222222
882,,0.3333333333333333,0.4909090909090909,0.5583333333333333,0.5426356589147286,0.4222222222222222
883,,0.3333333333333333,0.4909090909090909,0.5583333333333333,0.5426356589147286,0.4222222222222222
884,,0.3333333333333333,0.4909090909090909,0.5601659751037344,0.5444015444015444,0.4222222222222222
885,,0.3333333333333333,0.4909090909090909,0.5601659751037344,0.5444015444015444,0.4222222222222222
886,,0.3333333333333333,0.4909090909090909,0.5619834710743802,0.5461538461538461,0.4222222222222222
887,,0.3333333333333333,0.4909090909090909,0.5619834710743802,0.5461538461538461,0.4222222222222222
888,,0.3333333333333333,0.4909090909090909,0.5619834710743802,0.5461538461538461,0.4222222222222222
889,,0.3333333333333333,0.4909090909090909,0.5619834710743802,0.5461538461538461,0.4222222222222222
890,,0.3333333333333333,0.4909090909090909,0.5619834710743802,0.5461538461538461,0.4222222222222222
891,,0.3333333333333333,0.4909090909090909,0.5619834710743802,0.5461538461538461,0.4222222222222222
892,,0.3333333333333333,0.4909090909090909,0.5619834710743802,0.5461538461538461,0.4222222222222222
893,,0.3333333333333333,0.4909090909090909,0.5619834710743802,0.5461538461538461,0.4222222222222222
894,,0.3333333333333333,0.4909090909090909,0.5619834710743802,0.5461538461538461,0.4222222222222222
895,,0.3333333333333333,0.4909090909090909,0.5619834710743802,0.5461538461538461,0.4222222222222222
896,,0.3333333333333333,0.4909090909090909,0.5619834710743802,0.5461538461538461,0.4222222222222222
897,,0.3333333333333333,0.4909090909090909,0.5596707818930041,0.5440613026819924,0.4222222222222222
898,,0.3333333333333333,0.4909090909090909,0.5596707818930041,0.5440613026819924,0.4222222222222222
899,,0.3333333333333333,0.4909090909090909,0.5596707818930041,0.5440613026819924,0.4222222222222222
900,,0.3333333333333333,0.4909090909090909,0.5596707818930041,0.5440613026819924,0.4222222222222222
901,,0.3333333333333333,0.4909090909090909,0.5596707818930041,0.5440613026819924,0.4222222222222222
902,,0.3333333333333333,0.5,0.5596707818930041,0.5440613026819924,0.4222222222222222
903,,0.3333333333333333,0.5,0.5596707818930041,0.5440613026819924,0.4222222222222222
904,,0.3333333333333333,0.5,0.5596707818930041,0.5440613026819924,0.4222222222222222
905,,0.3333333333333333,0.5,0.5596707818930041,0.5440613026819924,0.4222222222222222
906,,0.3333333333333333,0.5,0.5596707818930041,0.5419847328244275,0.4222222222222222
907,,0.3333333333333333,0.5,0.5596707818930041,0.5419847328244275,0.43478260869565216
908,,0.3333333333333333,0.5,0.5596707818930041,0.5419847328244275,0.44680851063829785
909,,0.35714285714285715,0.5,0.5596707818930041,0.5419847328244275,0.44680851063829785
910,,0.35714285714285715,0.5,0.5596707818930041,0.5419847328244275,0.44680851063829785
911,,0.35714285714285715,0.5,0.5596707818930041,0.5419847328244275,0.44680851063829785
912,,0.35714285714285715,0.5,0.5596707818930041,0.5399239543726235,0.44680851063829785
913,,0.35714285714285715,0.5,0.5596707818930041,0.5399239543726235,0.44680851063829785
914,,0.35714285714285715,0.5,0.5596707818930041,0.5399239543726235,0.44680851063829785
915,,0.35714285714285715,0.5,0.5596707818930041,0.5399239543726235,0.44680851063829785
916,,0.35714285714285715,0.5,0.5596707818930041,0.5399239543726235,0.44680851063829785
917,,0.35714285714285715,0.5,0.5573770491803278,0.5378787878787878,0.44680851063829785
918,,0.35714285714285715,0.5,0.5573770491803278,0.5378787878787878,0.44680851063829785
919,,0.35714285714285715,0.5,0.5573770491803278,0.5378787878787878,0.44680851063829785
920,,0.35714285714285715,0.5,0.5573770491803278,0.5378787878787878,0.44680851063829785
921,,0.35714285714285715,0.5,0.5591836734693878,0.539622641509434,0.44680851063829785
922,,0.35714285714285715,0.5,0.5591836734693878,0.539622641509434,0.4583333333333333
923,,0.35714285714285715,0.5,0.5591836734693878,0.539622641509434,0.4583333333333333
924,,0.35714285714285715,0.5,0.5591836734693878,0.539622641509434,0.4583333333333333
925,,0.35714285714285715,0.5,0.5591836734693878,0.539622641509434,0.4583333333333333
926,,0.35714285714285715,0.5,0.5591836734693878,0.539622641509434,0.4583333333333333
927,,0.35714285714285715,0.5,0.5591836734693878,0.539622641509434,0.4583333333333333
928,,0.35714285714285715,0.5,0.5591836734693878,0.539622641509434,0.4583333333333333
929,,0.35714285714285715,0.5,0.5591836734693878,0.539622641509434,0.4583333333333333
930,,0.35714285714285715,0.5,0.5609756097560976,0.5413533834586466,0.4583333333333333
931,,0.35714285714285715,0.5,0.5609756097560976,0.5413533834586466,0.4583333333333333
932,,0.35714285714285715,0.5,0.5609756097560976,0.5413533834586466,0.4583333333333333
933,,0.35714285714285715,0.5,0.5609756097560976,0.5413533834586466,0.4583333333333333
934,,0.35714285714285715,0.5,0.5609756097560976,0.5413533834586466,0.4583333333333333
935,,0.35714285714285715,0.5,0.5609756097560976,0.5413533834586466,0.4583333333333333
936,,0.35714285714285715,0.5,0.5609756097560976,0.5413533834586466,0.4583333333333333
937,,0.35714285714285715,0.5,0.5609756097560976,0.5413533834586466,0.4583333333333333
938,,0.35714285714285715,0.5,0.5609756097560976,0.5413533834586466,0.4583333333333333
939,,0.35714285714285715,0.5,0.5609756097560976,0.5413533834586466,0.4583333333333333
940,,0.35714285714285715,0.5,0.5609756097560976,0.5413533834586466,0.4583333333333333
941,,0.35714285714285715,0.5,0.5609756097560976,0.5413533834586466,0.4583333333333333
942,,0.35714285714285715,0.5,0.5609756097560976,0.5413533834586466,0.4489795918367347
943,,0.35714285714285715,0.5,0.5609756097560976,0.5413533834586466,0.4489795918367347
944,,0.35714285714285715,0.5,0.5609756097560976,0.5413533834586466,0.46
945,,0.35714285714285715,0.5,0.5609756097560976,0.5413533834586466,0.45098039215686275
946,,0.35714285714285715,0.5087719298245614,0.5609756097560976,0.5413533834586466,0.45098039215686275
947,,0.35714285714285715,0.5172413793103449,0.562753036437247,0.5430711610486891,0.45098039215686275
948,,0.35714285714285715,0.5172413793103449,0.562753036437247,0.5430711610486891,0.45098039215686275
949,,0.35714285714285715,0.5172413793103449,0.562753036437247,0.5430711610486891,0.4423076923076923
950,,0.35714285714285715,0.5172413793103449,0.562753036437247,0.5430711610486891,0.4423076923076923
951,,0.35714285714285715,0.5172413793103449,0.562753036437247,0.5430711610486891,0.4528301886792453
952,,0.35714285714285715,0.5172413793103449,0.5645161290322581,0.5447761194029851,0.4528301886792453
953,,0.35714285714285715,0.5172413793103449,0.5645161290322581,0.5447761194029851,0.4528301886792453
954,,0.35714285714285715,0.5172413793103449,0.5645161290322581,0.5447761194029851,0.4528301886792453
955,,0.35714285714285715,0.5172413793103449,0.5645161290322581,0.5447761194029851,0.46296296296296297
956,,0.35714285714285715,0.5172413793103449,0.5645161290322581,0.5447761194029851,0.46296296296296297
957,,0.35714285714285715,0.5172413793103449,0.5645161290322581,0.5447761194029851,0.46296296296296297
958,,0.35714285714285715,0.5172413793103449,0.5645161290322581,0.5427509293680297,0.46296296296296297
959,,0.35714285714285715,0.5172413793103449,0.5645161290322581,0.5427509293680297,0.46296296296296297
960,,0.35714285714285715,0.5172413793103449,0.5645161290322581,0.5427509293680297,0.46296296296296297
961,,0.35714285714285715,0.5172413793103449,0.5645161290322581,0.5427509293680297,0.46296296296296297
962,,0.35714285714285715,0.5172413793103449,0.5645161290322581,0.5427509293680297,0.46296296296296297
963,,0.35714285714285715,0.5172413793103449,0.5645161290322581,0.5427509293680297,0.46296296296296297
964,,0.35714285714285715,0.5172413793103449,0.5622489959839357,0.5427509293680297,0.46296296296296297
965,,0.35714285714285715,0.5172413793103449,0.5622489959839357,0.5427509293680297,0.45454545454545453
966,,0.35714285714285715,0.5172413793103449,0.5622489959839357,0.5427509293680297,0.45454545454545453
967,,0.35714285714285715,0.5172413793103449,0.56,0.5407407407407407,0.45454545454545453
968,,0.35714285714285715,0.5172413793103449,0.56,0.5407407407407407,0.45454545454545453
969,,0.35714285714285715,0.5172413793103449,0.56,0.5407407407407407,0.45454545454545453
970,,0.35714285714285715,0.5172413793103449,0.56,0.5407407407407407,0.45454545454545453
971,,0.35714285714285715,0.5172413793103449,0.56,0.5407407407407407,0.45454545454545453
972,,0.35714285714285715,0.5172413793103449,0.56,0.5407407407407407,0.44642857142857145
973,,0.3793103448275862,0.5172413793103449,0.56,0.5424354243542435,0.44642857142857145
974,,0.36666666666666664,0.5172413793103449,0.56,0.5424354243542435,0.44642857142857145
975,,0.36666666666666664,0.5172413793103449,0.56,0.5424354243542435,0.45614035087719296
976,,0.3548387096774194,0.5172413793103449,0.5577689243027888,0.5404411764705882,0.45614035087719296
977,,0.3548387096774194,0.5172413793103449,0.5577689243027888,0.5404411764705882,0.45614035087719296
978,,0.3548387096774194,0.5172413793103449,0.5577689243027888,0.5404411764705882,0.45614035087719296
979,,0.3548387096774194,0.5172413793103449,0.5577689243027888,0.5404411764705882,0.45614035087719296
980,,0.3548387096774194,0.5172413793103449,0.5577689243027888,0.5404411764705882,0.45614035087719296
981,,0.3548387096774194,0.5172413793103449,0.5595238095238095,0.5421245421245421,0.46551724137931033
982,,0.3548387096774194,0.5172413793103449,0.5595238095238095,0.5421245421245421,0.46551724137931033
983,,0.3548387096774194,0.5172413793103449,0.5595238095238095,0.5421245421245421,0.46551724137931033
984,,0.3548387096774194,0.5172413793103449,0.5595238095238095,0.5421245421245421,0.46551724137931033
985,,0.3548387096774194,0.5172413793103449,0.5595238095238095,0.5421245421245421,0.46551724137931033
986,,0.3548387096774194,0.5172413793103449,0.5595238095238095,0.5421245421245421,0.46551724137931033
987,,0.3548387096774194,0.5172413793103449,0.5595238095238095,0.5421245421245421,0.46551724137931033
988,,0.3548387096774194,0.5172413793103449,0.5595238095238095,0.5421245421245421,0.46551724137931033
989,,0.3548387096774194,0.5172413793103449,0.5595238095238095,0.5421245421245421,0.46551724137931033
990,,0.3548387096774194,0.5172413793103449,0.5612648221343873,0.5437956204379562,0.46551724137931033
991,,0.3548387096774194,0.5172413793103449,0.5612648221343873,0.5437956204379562,0.46551724137931033
992,,0.3548387096774194,0.5172413793103449,0.5612648221343873,0.5437956204379562,0.46551724137931033
993,,0.3548387096774194,0.5172413793103449,0.5590551181102362,0.5418181818181819,0.46551724137931033
994,,0.3548387096774194,0.5172413793103449,0.5590551181102362,0.5418181818181819,0.46551724137931033
995,,0.3548387096774194,0.5172413793103449,0.5590551181102362,0.5418181818181819,0.46551724137931033
996,,0.3548387096774194,0.5172413793103449,0.5590551181102362,0.5418181818181819,0.46551724137931033
997,,0.3548387096774194,0.5172413793103449,0.5590551181102362,0.5418181818181819,0.4576271186440678
998,,0.3548387096774194,0.5172413793103449,0.5590551181102362,0.5418181818181819,0.4576271186440678
999,,0.3548387096774194,0.5172413793103449,0.5590551181102362,0.5418181818181819,0.4576271186440678
1000,,0.3548387096774194,0.5172413793103449,0.5590551181102362,0.5418181818181819,0.45
1001,,0.3548387096774194,0.5172413793103449,0.5590551181102362,0.5418181818181819,0.45
1002,,0.3548387096774194,0.5172413793103449,0.5590551181102362,0.5418181818181819,0.45901639344262296
1003,,0.3548387096774194,0.5172413793103449,0.5590551181102362,0.5418181818181819,0.45901639344262296
1004,,0.3548387096774194,0.5172413793103449,0.5590551181102362,0.5418181818181819,0.45901639344262296
1005,,0.3548387096774194,0.5172413793103449,0.5590551181102362,0.5418181818181819,0.45901639344262296
1006,,0.3548387096774194,0.5172413793103449,0.5590551181102362,0.5418181818181819,0.45901639344262296
1007,,0.3548387096774194,0.5172413793103449,0.5590551181102362,0.5418181818181819,0.45901639344262296
1008,,0.3548387096774194,0.5254237288135594,0.5607843137254902,0.5434782608695652,0.45901639344262296
1009,,0.3548387096774194,0.5333333333333333,0.5607843137254902,0.5434782608695652,0.45901639344262296
1010,,0.3548387096774194,0.5333333333333333,0.5607843137254902,0.5434782608695652,0.45161290322580644
1011,,0.3548387096774194,0.5333333333333333,0.5607843137254902,0.5434782608695652,0.45161290322580644
1012,,0.3548387096774194,0.5333333333333333,0.5607843137254902,0.5434782608695652,0.45161290322580644
1013,,0.3548387096774194,0.5333333333333333,0.5607843137254902,0.5434782608695652,0.45161290322580644
1014,,0.3548387096774194,0.5333333333333333,0.5607843137254902,0.5434782608695652,0.45161290322580644
1015,,0.3548387096774194,0.5333333333333333,0.5607843137254902,0.5434782608695652,0.45161290322580644
1016,,0.3548387096774194,0.5333333333333333,0.5607843137254902,0.5434782608695652,0.45161290322580644
1017,,0.3548387096774194,0.5409836065573771,0.5607843137254902,0.5434782608695652,0.45161290322580644
1018,,0.3548387096774194,0.5483870967741935,0.5625,0.5451263537906137,0.45161290322580644
1019,,0.375,0.5483870967741935,0.5625,0.5451263537906137,0.45161290322580644
1020,,0.375,0.5483870967741935,0.5625,0.5451263537906137,0.45161290322580644
1021,,0.36363636363636365,0.5483870967741935,0.5603112840466926,0.5431654676258992,0.45161290322580644
1022,,0.36363636363636365,0.5483870967741935,0.5603112840466926,0.5431654676258992,0.45161290322580644
1023,,0.36363636363636365,0.5483870967741935,0.562015503875969,0.5448028673835126,0.45161290322580644
1024,,0.36363636363636365,0.5483870967741935,0.562015503875969,0.5448028673835126,0.4444444444444444
1025,,0.36363636363636365,0.5483870967741935,0.562015503875969,0.5448028673835126,0.453125
1026,,0.36363636363636365,0.5483870967741935,0.562015503875969,0.5448028673835126,0.453125
1027,,0.36363636363636365,0.5483870967741935,0.5637065637065637,0.5464285714285714,0.453125
1028,,0.36363636363636365,0.5483870967741935,0.5637065637065637,0.5464285714285714,0.453125
1029,,0.36363636363636365,0.5483870967741935,0.5637065637065637,0.5464285714285714,0.453125
1030,,0.36363636363636365,0.5483870967741935,0.5637065637065637,0.5464285714285714,0.453125
1031,,0.36363636363636365,0.5483870967741935,0.5637065637065637,0.5464285714285714,0.453125
1032,,0.36363636363636365,0.5483870967741935,0.5637065637065637,0.5464285714285714,0.453125
1033,,0.36363636363636365,0.5483870967741935,0.5637065637065637,0.5464285714285714,0.453125
1034,,0.36363636363636365,0.5483870967741935,0.5637065637065637,0.5464285714285714,0.453125
1035,,0.36363636363636365,0.5483870967741935,0.5637065637065637,0.5480427046263345,0.453125
1036,,0.36363636363636365,0.5483870967741935,0.5637065637065637,0.5460992907801419,0.453125
1037,,0.36363636363636365,0.5396825396825397,0.5637065637065637,0.5460992907801419,0.453125
1038,,0.36363636363636365,0.5396825396825397,0.5637065637065637,0.5460992907801419,0.453125
1039,,0.36363636363636365,0.5396825396825397,0.5615384615384615,0.5441696113074205,0.453125
1040,,0.36363636363636365,0.5396825396825397,0.5615384615384615,0.5441696113074205,0.453125
1041,,0.36363636363636365,0.5396825396825397,0.5615384615384615,0.5441696113074205,0.453125
1042,,0.36363636363636365,0.5396825396825397,0.5615384615384615,0.5441696113074205,0.453125
1043,,0.36363636363636365,0.5396825396825397,0.5615384615384615,0.5441696113074205,0.453125
1044,,0.36363636363636365,0.5396825396825397,0.5615384615384615,0.5441696113074205,0.453125
1045,,0.36363636363636365,0.5396825396825397,0.5615384615384615,0.5441696113074205,0.453125
1046,,0.36363636363636365,0.5396825396825397,0.5615384615384615,0.5441696113074205,0.453125
1047,,0.36363636363636365,0.5396825396825397,0.5632183908045977,0.545774647887324,0.453125
1048,,0.36363636363636365,0.5396825396825397,0.5632183908045977,0.545774647887324,0.453125
1049,,0.36363636363636365,0.5396825396825397,0.5632183908045977,0.545774647887324,0.453125
1050,,0.36363636363636365,0.5396825396825397,0.5632183908045977,0.545774647887324,0.453125
1051,,0.36363636363636365,0.53125,0.5632183908045977,0.545774647887324,0.453125
1052,,0.36363636363636365,0.53125,0.5632183908045977,0.545774647887324,0.453125
1053,,0.36363636363636365,0.5230769230769231,0.5610687022900763,0.543859649122807,0.453125
1054,,0.36363636363636365,0.5151515151515151,0.55893536121673,0.541958041958042,0.453125
1055,,0.36363636363636365,0.5151515151515151,0.55893536121673,0.541958041958042,0.453125
1056,,0.38235294117647056,0.5151515151515151,0.5606060606060606,0.5435540069686411,0.453125
1057,,0.38235294117647056,0.5151515151515151,0.5606060606060606,0.5435540069686411,0.453125
1058,,0.38235294117647056,0.5151515151515151,0.5606060606060606,0.5435540069686411,0.453125
1059,,0.38235294117647056,0.5223880597014925,0.5622641509433962,0.5451388888888888,0.453125
1060,,0.38235294117647056,0.5223880597014925,0.5622641509433962,0.5451388888888888,0.453125
1061,,0.38235294117647056,0.5223880597014925,0.5622641509433962,0.5451388888888888,0.453125
1062,,0.38235294117647056,0.5223880597014925,0.5622641509433962,0.5451388888888888,0.453125
1063,,0.38235294117647056,0.5223880597014925,0.5622641509433962,0.5451388888888888,0.453125
1064,,0.38235294117647056,0.5223880597014925,0.5622641509433962,0.5451388888888888,0.453125
1065,,0.38235294117647056,0.5223880597014925,0.5639097744360902,0.5467128027681661,0.453125
1066,,0.38235294117647056,0.5223880597014925,0.5639097744360902,0.5467128027681661,0.453125
1067,,0.38235294117647056,0.5223880597014925,0.5639097744360902,0.5467128027681661,0.453125
1068,,0.38235294117647056,0.5223880597014925,0.5639097744360902,0.5467128027681661,0.4461538461538462
1069,,0.38235294117647056,0.5223880597014925,0.5617977528089888,0.5467128027681661,0.4461538461538462
1070,,0.38235294117647056,0.5223880597014925,0.5617977528089888,0.5467128027681661,0.4461538461538462
1071,,0.38235294117647056,0.5223880597014925,0.5617977528089888,0.5467128027681661,0.4461538461538462
1072,,0.37142857142857144,0.5223880597014925,0.5617977528089888,0.5467128027681661,0.4461538461538462
1073,,0.37142857142857144,0.5223880597014925,0.5617977528089888,0.5467128027681661,0.4461538461538462
1074,,0.3888888888888889,0.5223880597014925,0.5634328358208955,0.5482758620689655,0.4461538461538462
1075,,0.3888888888888889,0.5223880597014925,0.5634328358208955,0.5463917525773195,0.4461538461538462
1076,,0.3888888888888889,0.5223880597014925,0.5634328358208955,0.5463917525773195,0.4461538461538462
1077,,0.3888888888888889,0.5223880597014925,0.5634328358208955,0.5463917525773195,0.4461538461538462
1078,,0.3888888888888889,0.5223880597014925,0.5634328358208955,0.5463917525773195,0.4461538461538462
1079,,0.3888888888888889,0.5223880597014925,0.5634328358208955,0.5463917525773195,0.4461538461538462
1080,,0.3888888888888889,0.5223880597014925,0.5634328358208955,0.5463917525773195,0.4461538461538462
1081,,0.3888888888888889,0.5223880597014925,0.5650557620817844,0.547945205479452,0.4461538461538462
1082,,0.3888888888888889,0.5223880597014925,0.5650557620817844,0.547945205479452,0.4461538461538462
1083,,0.3888888888888889,0.5223880597014925,0.5666666666666667,0.5494880546075085,0.4461538461538462
1084,,0.3888888888888889,0.5223880597014925,0.5645756457564576,0.5476190476190477,0.4461538461538462
1085,,0.3888888888888889,0.5223880597014925,0.5645756457564576,0.5476190476190477,0.4461538461538462
1086,,0.3888888888888889,0.5223880597014925,0.5661764705882353,0.5491525423728814,0.4461538461538462
1087,,0.3888888888888889,0.5223880597014925,0.5641025641025641,0.5472972972972973,0.4461538461538462
1088,,0.3888888888888889,0.5223880597014925,0.5620437956204379,0.5454545454545454,0.4461538461538462
1089,,0.3888888888888889,0.5223880597014925,0.5620437956204379,0.5454545454545454,0.4461538461538462
1090,,0.3888888888888889,0.5223880597014925,0.5620437956204379,0.5454545454545454,0.4461538461538462
1091,,0.3888888888888889,0.5223880597014925,0.5620437956204379,0.5454545454545454,0.4461538461538462
1092,,0.3888888888888889,0.5294117647058824,0.5620437956204379,0.5454545454545454,0.4461538461538462
1093,,0.3888888888888889,0.5294117647058824,0.5620437956204379,0.5454545454545454,0.4461538461538462
1094,,0.3888888888888889,0.5294117647058824,0.5620437956204379,0.5454545454545454,0.4461538461538462
1095,,0.3888888888888889,0.5294117647058824,0.56,0.5436241610738255,0.4461538461538462
1096,,0.3888888888888889,0.5294117647058824,0.56,0.5436241610738255,0.4461538461538462
1097,,0.3888888888888889,0.5294117647058824,0.56,0.5436241610738255,0.4461538461538462
1098,,0.3888888888888889,0.5294117647058824,0.56,0.5436241610738255,0.4461538461538462
1099,,0.3888888888888889,0.5294117647058824,0.5615942028985508,0.5451505016722408,0.4461538461538462
1100,,0.3888888888888889,0.5294117647058824,0.5615942028985508,0.5451505016722408,0.4461538461538462
1101,,0.3888888888888889,0.5294117647058824,0.5615942028985508,0.5451505016722408,0.4461538461538462
1102,,0.3888888888888889,0.5294117647058824,0.5615942028985508,0.5451505016722408,0.4461538461538462
1103,,0.3888888888888889,0.5294117647058824,0.5615942028985508,0.5451505016722408,0.4461538461538462
1104,,0.3888888888888889,0.5294117647058824,0.5615942028985508,0.5451505016722408,0.4461538461538462
1105,,0.3888888888888889,0.5294117647058824,0.5631768953068592,0.5466666666666666,0.4461538461538462
1106,,0.3888888888888889,0.5294117647058824,0.5631768953068592,0.5466666666666666,0.4461538461538462
1107,,0.3888888888888889,0.5294117647058824,0.5631768953068592,0.5466666666666666,0.4461538461538462
1108,,0.3888888888888889,0.5294117647058824,0.5631768953068592,0.5466666666666666,0.4461538461538462
1109,,0.3888888888888889,0.5294117647058824,0.5631768953068592,0.5466666666666666,0.4461538461538462
1110,,0.3888888888888889,0.5294117647058824,0.564748201438849,0.5481727574750831,0.4461538461538462
1111,,0.3888888888888889,0.5294117647058824,0.564748201438849,0.5481727574750831,0.4461538461538462
1112,,0.3888888888888889,0.5294117647058824,0.564748201438849,0.5481727574750831,0.4461538461538462
1113,,0.3888888888888889,0.5294117647058824,0.5627240143369175,0.5463576158940397,0.4461538461538462
1114,,0.3888888888888889,0.5294117647058824,0.5627240143369175,0.5463576158940397,0.4461538461538462
1115,,0.3888888888888889,0.5294117647058824,0.5627240143369175,0.5463576158940397,0.4461538461538462
1116,,0.3888888888888889,0.5294117647058824,0.5627240143369175,0.5463576158940397,0.4461538461538462
1117,,0.3888888888888889,0.5294117647058824,0.5627240143369175,0.5463576158940397,0.4461538461538462
1118,,0.3888888888888889,0.5294117647058824,0.5627240143369175,0.5463576158940397,0.4461538461538462
1119,,0.3888888888888889,0.5294117647058824,0.5627240143369175,0.5463576158940397,0.4461538461538462
1120,,0.3888888888888889,0.5294117647058824,0.5627240143369175,0.5463576158940397,0.4461538461538462
1121,,0.3888888888888889,0.5294117647058824,0.5627240143369175,0.5463576158940397,0.4461538461538462
1122,,0.3888888888888889,0.5294117647058824,0.5627240143369175,0.5463576158940397,0.4461538461538462
1123,,0.3888888888888889,0.5294117647058824,0.5627240143369175,0.5463576158940397,0.4461538461538462
1124,,0.3888888888888889,0.5294117647058824,0.5627240143369175,0.5463576158940397,0.4461538461538462
1125,,0.3888888888888889,0.5294117647058824,0.5627240143369175,0.5463576158940397,0.4461538461538462
1126,,0.3888888888888889,0.5294117647058824,0.5627240143369175,0.5463576158940397,0.4461538461538462
1127,,0.3888888888888889,0.5294117647058824,0.5642857142857143,0.5463576158940397,0.4461538461538462
1128,,0.3888888888888889,0.5294117647058824,0.5642857142857143,0.5463576158940397,0.4393939393939394
1129,,0.3888888888888889,0.5294117647058824,0.5642857142857143,0.5463576158940397,0.4393939393939394
1130,,0.3888888888888889,0.5294117647058824,0.5642857142857143,0.5463576158940397,0.4393939393939394
1131,,0.3888888888888889,0.5294117647058824,0.5642857142857143,0.5463576158940397,0.4393939393939394
1132,,0.3888888888888889,0.5294117647058824,0.5658362989323843,0.5478547854785478,0.4393939393939394
1133,,0.3888888888888889,0.5294117647058824,0.5658362989323843,0.5478547854785478,0.4393939393939394
1134,,0.3888888888888889,0.5294117647058824,0.5658362989323843,0.5478547854785478,0.4393939393939394
1135,,0.3888888888888889,0.5294117647058824,0.5638297872340425,0.5460526315789473,0.4393939393939394
1136,,0.3888888888888889,0.5294117647058824,0.5638297872340425,0.5460526315789473,0.4393939393939394
1137,,0.3888888888888889,0.5294117647058824,0.5653710247349824,0.5475409836065573,0.4393939393939394
1138,,0.3888888888888889,0.5294117647058824,0.5653710247349824,0.5475409836065573,0.4393939393939394
1139,,0.3888888888888889,0.5362318840579711,0.5669014084507042,0.5490196078431373,0.4393939393939394
1140,,0.3888888888888889,0.5362318840579711,0.5669014084507042,0.5490196078431373,0.4393939393939394
1141,,0.3888888888888889,0.5362318840579711,0.5669014084507042,0.5490196078431373,0.4393939393939394
1142,,0.3888888888888889,0.5362318840579711,0.5649122807017544,0.5472312703583062,0.4393939393939394
1143,,0.3888888888888889,0.5362318840579711,0.5649122807017544,0.5472312703583062,0.4393939393939394
1144,,0.3888888888888889,0.5362318840579711,0.5664335664335665,0.5487012987012987,0.4393939393939394
1145,,0.3888888888888889,0.5362318840579711,0.5664335664335665,0.5487012987012987,0.4393939393939394
1146,,0.3888888888888889,0.5362318840579711,0.5664335664335665,0.5487012987012987,0.4393939393939394
1147,,0.3888888888888889,0.5362318840579711,0.5664335664335665,0.5487012987012987,0.4393939393939394
1148,,0.3888888888888889,0.5362318840579711,0.5664335664335665,0.5487012987012987,0.4393939393939394
1149,,0.3888888888888889,0.5362318840579711,0.5664335664335665,0.5487012987012987,0.4393939393939394
1150,,0.3888888888888889,0.5362318840579711,0.5664335664335665,0.5487012987012987,0.4393939393939394
1151,,0.3888888888888889,0.5362318840579711,0.5664335664335665,0.5487012987012987,0.4393939393939394
1152,,0.3888888888888889,0.5362318840579711,0.5644599303135889,0.5469255663430421,0.4393939393939394
1153,,0.3888888888888889,0.5362318840579711,0.5644599303135889,0.5469255663430421,0.4393939393939394
1154,,0.3888888888888889,0.5362318840579711,0.5644599303135889,0.5469255663430421,0.4393939393939394
1155,,0.3888888888888889,0.5362318840579711,0.5644599303135889,0.5469255663430421,0.43283582089552236
1156,,0.3888888888888889,0.5362318840579711,0.5644599303135889,0.5469255663430421,0.43283582089552236
1157,,0.3888888888888889,0.5362318840579711,0.5644599303135889,0.5469255663430421,0.43283582089552236
1158,,0.3888888888888889,0.5362318840579711,0.5644599303135889,0.5469255663430421,0.4264705882352941
1159,,0.3888888888888889,0.5362318840579711,0.5644599303135889,0.5469255663430421,0.4264705882352941
1160,,0.3888888888888889,0.5362318840579711,0.5644599303135889,0.5469255663430421,0.4264705882352941
1161,,0.3888888888888889,0.5362318840579711,0.5644599303135889,0.5469255663430421,0.4264705882352941
1162,,0.3888888888888889,0.5362318840579711,0.5644599303135889,0.5469255663430421,0.4264705882352941
1163,,0.3888888888888889,0.5362318840579711,0.5659722222222222,0.5483870967741935,0.4264705882352941
1164,,0.3888888888888889,0.5362318840579711,0.5640138408304498,0.5466237942122186,0.4264705882352941
1165,,0.3888888888888889,0.5362318840579711,0.5640138408304498,0.5466237942122186,0.4264705882352941
1166,,0.3888888888888889,0.5362318840579711,0.5640138408304498,0.5466237942122186,0.4264705882352941
1167,,0.3888888888888889,0.5362318840579711,0.5640138408304498,0.5466237942122186,0.4264705882352941
1168,,0.3888888888888889,0.5362318840579711,0.5640138408304498,0.5466237942122186,0.4264705882352941
1169,,0.3888888888888889,0.5362318840579711,0.5640138408304498,0.5466237942122186,0.4264705882352941
1170,,0.3888888888888889,0.5285714285714286,0.5640138408304498,0.5466237942122186,0.4264705882352941
1171,,0.3888888888888889,0.5285714285714286,0.5640138408304498,0.5466237942122186,0.4264705882352941
1172,,0.3888888888888889,0.5285714285714286,0.5640138408304498,0.5448717948717948,0.4264705882352941
1173,,0.3888888888888889,0.5285714285714286,0.5640138408304498,0.5448717948717948,0.4264705882352941
1174,,0.3888888888888889,0.5285714285714286,0.5655172413793104,0.5463258785942492,0.4264705882352941
1175,,0.3888888888888889,0.5285714285714286,0.5655172413793104,0.5463258785942492,0.4264705882352941
1176,,0.3888888888888889,0.5285714285714286,0.5655172413793104,0.5463258785942492,0.4264705882352941
1177,,0.3888888888888889,0.5352112676056338,0.5670103092783505,0.5477707006369427,0.4264705882352941
1178,,0.3888888888888889,0.5352112676056338,0.5670103092783505,0.5477707006369427,0.4264705882352941
1179,,0.3888888888888889,0.5352112676056338,0.5670103092783505,0.5477707006369427,0.4264705882352941
1180,,0.3888888888888889,0.5352112676056338,0.5670103092783505,0.5477707006369427,0.4264705882352941
1181,,0.3888888888888889,0.5352112676056338,0.5670103092783505,0.5477707006369427,0.4264705882352941
1182,,0.3888888888888889,0.5352112676056338,0.5670103092783505,0.5477707006369427,0.4264705882352941
1183,,0.3888888888888889,0.5352112676056338,0.5670103092783505,0.5477707006369427,0.4264705882352941
1184,,0.3888888888888889,0.5352112676056338,0.5670103092783505,0.5477707006369427,0.4264705882352941
1185,,0.3888888888888889,0.5352112676056338,0.5670103092783505,0.5477707006369427,0.4264705882352941
1186,,0.3888888888888889,0.5352112676056338,0.565068493150685,0.546031746031746,0.4264705882352941
1187,,0.3888888888888889,0.5416666666666666,0.565068493150685,0.546031746031746,0.4264705882352941
1188,,0.3888888888888889,0.5416666666666666,0.565068493150685,0.546031746031746,0.42028985507246375
1189,,0.3888888888888889,0.5416666666666666,0.565068493150685,0.546031746031746,0.42028985507246375
1190,,0.3888888888888889,0.5416666666666666,0.565068493150685,0.546031746031746,0.42028985507246375
1191,,0.3888888888888889,0.5342465753424658,0.565068493150685,0.546031746031746,0.42028985507246375
1192,,0.3888888888888889,0.5342465753424658,0.565068493150685,0.546031746031746,0.42028985507246375
1193,,0.40540540540540543,0.5342465753424658,0.565068493150685,0.546031746031746,0.42028985507246375
1194,,0.40540540540540543,0.5342465753424658,0.565068493150685,0.546031746031746,0.42028985507246375
1195,,0.40540540540540543,0.5342465753424658,0.565068493150685,0.546031746031746,0.42028985507246375
1196,,0.42105263157894735,0.5342465753424658,0.565068493150685,0.546031746031746,0.42028985507246375
1197,,0.42105263157894735,0.5342465753424658,0.565068493150685,0.546031746031746,0.42028985507246375
1198,,0.42105263157894735,0.5342465753424658,0.565068493150685,0.546031746031746,0.42028985507246375
1199,,0.42105263157894735,0.5342465753424658,0.565068493150685,0.546031746031746,0.42028985507246375
1200,,0.42105263157894735,0.5342465753424658,0.565068493150685,0.546031746031746,0.42028985507246375
1201,,0.42105263157894735,0.5342465753424658,0.5631399317406144,0.5443037974683544,0.42028985507246375
1202,,0.42105263157894735,0.5342465753424658,0.5631399317406144,0.5443037974683544,0.42028985507246375
1203,,0.42105263157894735,0.5342465753424658,0.5631399317406144,0.5457413249211357,0.42028985507246375
1204,,0.42105263157894735,0.5342465753424658,0.5631399317406144,0.5457413249211357,0.42857142857142855
1205,,0.42105263157894735,0.5342465753424658,0.5631399317406144,0.5457413249211357,0.42857142857142855
1206,,0.42105263157894735,0.5342465753424658,0.5631399317406144,0.5457413249211357,0.42857142857142855
1207,,0.42105263157894735,0.5342465753424658,0.5631399317406144,0.5457413249211357,0.42857142857142855
1208,,0.42105263157894735,0.5342465753424658,0.5631399317406144,0.5457413249211357,0.42857142857142855
1209,,0.42105263157894735,0.5342465753424658,0.5631399317406144,0.5457413249211357,0.42857142857142855
1210,,0.42105263157894735,0.5342465753424658,0.5631399317406144,0.5457413249211357,0.42857142857142855
1211,,0.42105263157894735,0.5342465753424658,0.5631399317406144,0.5457413249211357,0.42857142857142855
1212,,0.42105263157894735,0.5342465753424658,0.5631399317406144,0.5457413249211357,0.42857142857142855
1213,,0.42105263157894735,0.5342465753424658,0.5631399317406144,0.5457413249211357,0.42857142857142855
1214,,0.42105263157894735,0.5342465753424658,0.5631399317406144,0.5457413249211357,0.42857142857142855
1215,,0.42105263157894735,0.5342465753424658,0.5631399317406144,0.5457413249211357,0.42857142857142855
1216,,0.42105263157894735,0.5342465753424658,0.5631399317406144,0.5457413249211357,0.42857142857142855
1217,,0.42105263157894735,0.5342465753424658,0.5631399317406144,0.5457413249211357,0.42857142857142855
1218,,0.42105263157894735,0.5342465753424658,0.5631399317406144,0.5457413249211357,0.42857142857142855
1219,,0.42105263157894735,0.5342465753424658,0.5631399317406144,0.5457413249211357,0.42857142857142855
1220,,0.42105263157894735,0.5342465753424658,0.5631399317406144,0.5457413249211357,0.42857142857142855
1221,,0.42105263157894735,0.5342465753424658,0.5631399317406144,0.5457413249211357,0.42857142857142855
1222,,0.42105263157894735,0.5342465753424658,0.564625850340136,0.5471698113207547,0.42857142857142855
1223,,0.42105263157894735,0.5342465753424658,0.564625850340136,0.5471698113207547,0.42857142857142855
1224,,0.42105263157894735,0.5342465753424658,0.564625850340136,0.5471698113207547,0.42857142857142855
1225,,0.42105263157894735,0.5342465753424658,0.564625850340136,0.5471698113207547,0.42857142857142855
1226,,0.42105263157894735,0.5342465753424658,0.564625850340136,0.5471698113207547,0.42857142857142855
1227,,0.42105263157894735,0.5342465753424658,0.5661016949152542,0.54858934169279,0.42857142857142855
1228,,0.42105263157894735,0.5342465753424658,0.5661016949152542,0.54858934169279,0.42857142857142855
1229,,0.42105263157894735,0.5342465753424658,0.5661016949152542,0.54858934169279,0.42857142857142855
1230,,0.42105263157894735,0.5342465753424658,0.5661016949152542,0.54858934169279,0.42857142857142855
1231,,0.42105263157894735,0.5342465753424658,0.5661016949152542,0.54858934169279,0.42857142857142855
1232,,0.42105263157894735,0.5342465753424658,0.5661016949152542,0.54858934169279,0.42857142857142855
1233,,0.42105263157894735,0.5342465753424658,0.5661016949152542,0.54858934169279,0.42857142857142855
1234,,0.42105263157894735,0.5342465753424658,0.5661016949152542,0.54858934169279,0.42857142857142855
1235,,0.42105263157894735,0.5342465753424658,0.5661016949152542,0.54858934169279,0.42857142857142855
1236,,0.42105263157894735,0.5342465753424658,0.5661016949152542,0.54858934169279,0.42857142857142855
1237,,0.42105263157894735,0.5342465753424658,0.5661016949152542,0.54858934169279,0.42857142857142855
1238,,0.42105263157894735,0.5342465753424658,0.5661016949152542,0.54858934169279,0.42857142857142855
1239,,0.42105263157894735,0.5342465753424658,0.5661016949152542,0.54858934169279,0.42857142857142855
1240,,0.42105263157894735,0.5342465753424658,0.5661016949152542,0.54858934169279,0.42857142857142855
1241,,0.42105263157894735,0.5342465753424658,0.5661016949152542,0.54858934169279,0.42857142857142855
1242,,0.42105263157894735,0.5342465753424658,0.5661016949152542,0.54858934169279,0.42857142857142855
1243,,0.42105263157894735,0.5342465753424658,0.5661016949152542,0.54858934169279,0.42857142857142855
1244,,0.42105263157894735,0.5342465753424658,0.5661016949152542,0.54858934169279,0.42857142857142855
1245,,0.42105263157894735,0.5342465753424658,0.5661016949152542,0.54858934169279,0.42857142857142855
1246,,0.42105263157894735,0.5342465753424658,0.5661016949152542,0.54858934169279,0.42857142857142855
1247,,0.42105263157894735,0.5342465753424658,0.5661016949152542,0.54858934169279,0.42857142857142855
1248,,0.42105263157894735,0.5342465753424658,0.5661016949152542,0.54858934169279,0.42857142857142855
1249,,0.42105263157894735,0.5342465753424658,0.5661016949152542,0.54858934169279,0.42857142857142855
1250,,0.42105263157894735,0.5342465753424658,0.5661016949152542,0.54858934169279,0.42857142857142855
1251,,0.42105263157894735,0.5342465753424658,0.5661016949152542,0.54858934169279,0.42857142857142855
1252,,0.42105263157894735,0.5342465753424658,0.5661016949152542,0.54858934169279,0.42857142857142855
1253,,0.42105263157894735,0.5342465753424658,0.5661016949152542,0.54858934169279,0.42857142857142855
1254,,0.41025641025641024,0.5342465753424658,0.5661016949152542,0.54858934169279,0.42857142857142855
1255,,0.41025641025641024,0.5342465753424658,0.5661016949152542,0.54858934169279,0.42857142857142855
1256,,0.41025641025641024,0.5342465753424658,0.5661016949152542,0.54858934169279,0.42857142857142855
1257,,0.41025641025641024,0.5342465753424658,0.5661016949152542,0.54858934169279,0.42857142857142855
1258,,0.41025641025641024,0.5342465753424658,0.5661016949152542,0.54858934169279,0.42857142857142855
1259,,0.41025641025641024,0.5342465753424658,0.5661016949152542,0.54858934169279,0.42857142857142855
1260,,0.41025641025641024,0.5342465753424658,0.5661016949152542,0.546875,0.42857142857142855
1261,,0.41025641025641024,0.5342465753424658,0.5661016949152542,0.546875,0.42857142857142855
1262,,0.41025641025641024,0.5342465753424658,0.5661016949152542,0.546875,0.42857142857142855
1263,,0.41025641025641024,0.5342465753424658,0.5661016949152542,0.546875,0.42857142857142855
1264,,0.41025641025641024,0.5342465753424658,0.5661016949152542,0.546875,0.42857142857142855
1265,,0.41025641025641024,0.5342465753424658,0.5641891891891891,0.5451713395638629,0.42857142857142855
1266,,0.41025641025641024,0.5342465753424658,0.5656565656565656,0.546583850931677,0.42857142857142855
1267,,0.41025641025641024,0.5342465753424658,0.5656565656565656,0.546583850931677,0.43661971830985913
1268,,0.41025641025641024,0.5405405405405406,0.5656565656565656,0.546583850931677,0.43661971830985913
1269,,0.41025641025641024,0.5405405405405406,0.5656565656565656,0.546583850931677,0.43661971830985913
1270,,0.41025641025641024,0.5405405405405406,0.5656565656565656,0.546583850931677,0.43661971830985913
1271,,0.41025641025641024,0.5405405405405406,0.5656565656565656,0.546583850931677,0.43661971830985913
1272,,0.41025641025641024,0.5405405405405406,0.5656565656565656,0.546583850931677,0.43661971830985913
1273,,0.41025641025641024,0.5405405405405406,0.5656565656565656,0.546583850931677,0.43661971830985913
1274,,0.41025641025641024,0.5405405405405406,0.5656565656565656,0.546583850931677,0.43661971830985913
1275,,0.41025641025641024,0.5405405405405406,0.5656565656565656,0.546583850931677,0.43661971830985913
1276,,0.41025641025641024,0.5405405405405406,0.5656565656565656,0.546583850931677,0.4444444444444444
1277,,0.41025641025641024,0.5405405405405406,0.5656565656565656,0.546583850931677,0.4444444444444444
1278,,0.425,0.5405405405405406,0.5656565656565656,0.546583850931677,0.4444444444444444
1279,,0.425,0.5405405405405406,0.5656565656565656,0.546583850931677,0.4444444444444444
1280,,0.425,0.5405405405405406,0.5656565656565656,0.546583850931677,0.4444444444444444
1281,,0.425,0.5405405405405406,0.5656565656565656,0.546583850931677,0.4444444444444444
1282,,0.425,0.5405405405405406,0.5656565656565656,0.546583850931677,0.4444444444444444
1283,,0.425,0.5405405405405406,0.5656565656565656,0.546583850931677,0.4444444444444444
1284,,0.425,0.5405405405405406,0.5656565656565656,0.546583850931677,0.4444444444444444
1285,,0.425,0.5405405405405406,0.5656565656565656,0.5479876160990712,0.4444444444444444
1286,,0.425,0.5405405405405406,0.5656565656565656,0.5479876160990712,0.4444444444444444
1287,,0.425,0.5405405405405406,0.5656565656565656,0.5479876160990712,0.4444444444444444
1288,,0.425,0.5405405405405406,0.5656565656565656,0.5479876160990712,0.4444444444444444
1289,,0.425,0.5405405405405406,0.5656565656565656,0.5479876160990712,0.4444444444444444
1290,,0.425,0.5405405405405406,0.5656565656565656,0.5479876160990712,0.4444444444444444
1291,,0.425,0.5405405405405406,0.5656565656565656,0.5479876160990712,0.4444444444444444
1292,,0.425,0.5405405405405406,0.5656565656565656,0.5479876160990712,0.4444444444444444
1293,,0.425,0.5405405405405406,0.5671140939597316,0.5493827160493827,0.4444444444444444
1294,,0.425,0.5405405405405406,0.5671140939597316,0.5493827160493827,0.4444444444444444
1295,,0.425,0.5405405405405406,0.568561872909699,0.5507692307692308,0.4444444444444444
1296,,0.425,0.5405405405405406,0.568561872909699,0.5507692307692308,0.4444444444444444
1297,,0.425,0.5405405405405406,0.568561872909699,0.5507692307692308,0.4444444444444444
1298,,0.425,0.5466666666666666,0.568561872909699,0.5507692307692308,0.4444444444444444
1299,,0.425,0.5466666666666666,0.568561872909699,0.5507692307692308,0.4444444444444444
1300,,0.425,0.5466666666666666,0.568561872909699,0.5507692307692308,0.4444444444444444
1301,,0.425,0.5466666666666666,0.57,0.5521472392638037,0.4444444444444444
1302,,0.425,0.5466666666666666,0.57,0.5521472392638037,0.4444444444444444
1303,,0.425,0.5466666666666666,0.57,0.5521472392638037,0.4444444444444444
1304,,0.43902439024390244,0.5466666666666666,0.5714285714285714,0.5535168195718655,0.4444444444444444
1305,,0.43902439024390244,0.5466666666666666,0.5714285714285714,0.5535168195718655,0.4444444444444444
1306,,0.43902439024390244,0.5466666666666666,0.5714285714285714,0.5535168195718655,0.4444444444444444
1307,,0.43902439024390244,0.5466666666666666,0.5714285714285714,0.5535168195718655,0.4444444444444444
1308,,0.43902439024390244,0.5394736842105263,0.5714285714285714,0.5535168195718655,0.4444444444444444
1309,,0.43902439024390244,0.5394736842105263,0.5714285714285714,0.5535168195718655,0.4444444444444444
1310,,0.43902439024390244,0.5394736842105263,0.5714285714285714,0.5535168195718655,0.4444444444444444
1311,,0.43902439024390244,0.5394736842105263,0.5714285714285714,0.5535168195718655,0.4444444444444444
1312,,0.43902439024390244,0.5394736842105263,0.5714285714285714,0.5535168195718655,0.4444444444444444
1313,,0.43902439024390244,0.5394736842105263,0.5714285714285714,0.5535168195718655,0.4444444444444444
1314,,0.43902439024390244,0.5394736842105263,0.5714285714285714,0.5535168195718655,0.4444444444444444
1315,,0.43902439024390244,0.5394736842105263,0.5714285714285714,0.5535168195718655,0.4444444444444444
1316,,0.43902439024390244,0.5394736842105263,0.5695364238410596,0.551829268292683,0.4383561643835616
1317,,0.43902439024390244,0.5394736842105263,0.5695364238410596,0.551829268292683,0.4383561643835616
1318,,0.43902439024390244,0.5394736842105263,0.5695364238410596,0.551829268292683,0.4383561643835616
1319,,0.43902439024390244,0.5394736842105263,0.5695364238410596,0.551829268292683,0.4383561643835616
1320,,0.43902439024390244,0.5394736842105263,0.5695364238410596,0.551829268292683,0.4383561643835616
1321,,0.43902439024390244,0.5394736842105263,0.5695364238410596,0.551829268292683,0.4383561643835616
1322,,0.43902439024390244,0.5394736842105263,0.5695364238410596,0.551829268292683,0.4383561643835616
1323,,0.43902439024390244,0.5394736842105263,0.5695364238410596,0.551829268292683,0.4383561643835616
1324,,0.43902439024390244,0.5394736842105263,0.5695364238410596,0.551829268292683,0.4383561643835616
1325,,0.43902439024390244,0.5394736842105263,0.5695364238410596,0.551829268292683,0.4383561643835616
1326,,0.43902439024390244,0.5394736842105263,0.5695364238410596,0.551829268292683,0.4383561643835616
1327,,0.43902439024390244,0.5394736842105263,0.5695364238410596,0.551829268292683,0.4383561643835616
1328,,0.43902439024390244,0.5394736842105263,0.5676567656765676,0.551829268292683,0.4383561643835616
1329,,0.43902439024390244,0.5394736842105263,0.5676567656765676,0.551829268292683,0.4383561643835616
1330,,0.43902439024390244,0.5394736842105263,0.569078947368421,0.5531914893617021,0.4383561643835616
1331,,0.43902439024390244,0.5394736842105263,0.569078947368421,0.5545454545454546,0.44594594594594594
1332,,0.43902439024390244,0.5394736842105263,0.569078947368421,0.5545454545454546,0.44594594594594594
1333,,0.43902439024390244,0.5394736842105263,0.569078947368421,0.5545454545454546,0.44
1334,,0.43902439024390244,0.5394736842105263,0.569078947368421,0.5545454545454546,0.44
1335,,0.43902439024390244,0.5394736842105263,0.569078947368421,0.5545454545454546,0.44
1336,,0.43902439024390244,0.5394736842105263,0.569078947368421,0.5558912386706949,0.44
1337,,0.43902439024390244,0.5394736842105263,0.569078947368421,0.5558912386706949,0.44
1338,,0.43902439024390244,0.5394736842105263,0.569078947368421,0.5558912386706949,0.44
1339,,0.43902439024390244,0.5394736842105263,0.569078947368421,0.5558912386706949,0.44
1340,,0.43902439024390244,0.5394736842105263,0.569078947368421,0.5558912386706949,0.44
1341,,0.43902439024390244,0.5454545454545454,0.5704918032786885,0.5572289156626506,0.44
1342,,0.43902439024390244,0.5454545454545454,0.5718954248366013,0.5585585585585585,0.44
1343,,0.43902439024390244,0.5454545454545454,0.5718954248366013,0.5585585585585585,0.44
1344,,0.43902439024390244,0.5454545454545454,0.5718954248366013,0.5585585585585585,0.44
1345,,0.43902439024390244,0.5454545454545454,0.5718954248366013,0.5585585585585585,0.44
1346,,0.43902439024390244,0.5454545454545454,0.5718954248366013,0.5585585585585585,0.44
1347,,0.43902439024390244,0.5454545454545454,0.5718954248366013,0.5585585585585585,0.44
1348,,0.43902439024390244,0.5454545454545454,0.5732899022801303,0.5598802395209581,0.44
1349,,0.43902439024390244,0.5454545454545454,0.5732899022801303,0.5598802395209581,0.44
1350,,0.43902439024390244,0.5454545454545454,0.5732899022801303,0.5598802395209581,0.44
1351,,0.43902439024390244,0.5454545454545454,0.5732899022801303,0.5598802395209581,0.44
1352,,0.43902439024390244,0.5454545454545454,0.5732899022801303,0.5598802395209581,0.44
1353,,0.43902439024390244,0.5454545454545454,0.5746753246753247,0.5611940298507463,0.44
1354,,0.43902439024390244,0.5454545454545454,0.5746753246753247,0.5611940298507463,0.44
1355,,0.43902439024390244,0.5454545454545454,0.5760517799352751,0.5625,0.44
1356,,0.43902439024390244,0.5454545454545454,0.5760517799352751,0.5625,0.44
1357,,0.43902439024390244,0.5454545454545454,0.5760517799352751,0.5625,0.44
1358,,0.43902439024390244,0.5454545454545454,0.5760517799352751,0.5625,0.44
1359,,0.43902439024390244,0.5454545454545454,0.5774193548387097,0.5637982195845698,0.44
1360,,0.43902439024390244,0.5454545454545454,0.5774193548387097,0.5637982195845698,0.44
1361,,0.43902439024390244,0.5454545454545454,0.5774193548387097,0.5637982195845698,0.44
1362,,0.43902439024390244,0.5454545454545454,0.5774193548387097,0.5637982195845698,0.44
1363,,0.43902439024390244,0.5454545454545454,0.5787781350482315,0.5650887573964497,0.44
1364,,0.43902439024390244,0.5454545454545454,0.5787781350482315,0.5650887573964497,0.44
1365,,0.42857142857142855,0.5454545454545454,0.5787781350482315,0.5650887573964497,0.44
1366,,0.42857142857142855,0.5454545454545454,0.5787781350482315,0.5650887573964497,0.44
1367,,0.42857142857142855,0.5454545454545454,0.5787781350482315,0.5650887573964497,0.44
1368,,0.42857142857142855,0.5454545454545454,0.5769230769230769,0.5634218289085545,0.44
1369,,0.42857142857142855,0.5454545454545454,0.5769230769230769,0.5634218289085545,0.44
1370,,0.4186046511627907,0.5454545454545454,0.5769230769230769,0.5634218289085545,0.44
1371,,0.4186046511627907,0.5454545454545454,0.5782747603833865,0.5647058823529412,0.44
1372,,0.4186046511627907,0.5512820512820513,0.5796178343949044,0.5659824046920822,0.44
1373,,0.4186046511627907,0.5512820512820513,0.5796178343949044,0.5659824046920822,0.44
1374,,0.4186046511627907,0.5512820512820513,0.5796178343949044,0.564327485380117,0.44
1375,,0.4186046511627907,0.5512820512820513,0.5796178343949044,0.564327485380117,0.44
1376,,0.4186046511627907,0.5512820512820513,0.5796178343949044,0.564327485380117,0.44
1377,,0.4186046511627907,0.5512820512820513,0.5796178343949044,0.564327485380117,0.44
1378,,0.4186046511627907,0.5512820512820513,0.5796178343949044,0.564327485380117,0.44
1379,,0.4186046511627907,0.5512820512820513,0.5796178343949044,0.564327485380117,0.44
1380,,0.4186046511627907,0.5512820512820513,0.5796178343949044,0.564327485380117,0.44
1381,,0.4186046511627907,0.5512820512820513,0.5796178343949044,0.564327485380117,0.44
1382,,0.4186046511627907,0.5512820512820513,0.5796178343949044,0.564327485380117,0.44
1383,,0.4186046511627907,0.5512820512820513,0.5796178343949044,0.564327485380117,0.44
1384,,0.4186046511627907,0.5512820512820513,0.5796178343949044,0.564327485380117,0.44
1385,,0.4186046511627907,0.5512820512820513,0.580952380952381,0.565597667638484,0.44
1386,,0.4186046511627907,0.5512820512820513,0.580952380952381,0.565597667638484,0.44
1387,,0.4186046511627907,0.5512820512820513,0.580952380952381,0.565597667638484,0.44
1388,,0.4186046511627907,0.5512820512820513,0.580952380952381,0.565597667638484,0.44
1389,,0.4186046511627907,0.5512820512820513,0.5791139240506329,0.563953488372093,0.44
1390,,0.4186046511627907,0.5512820512820513,0.5791139240506329,0.563953488372093,0.4342105263157895
1391,,0.4186046511627907,0.5512820512820513,0.5791139240506329,0.563953488372093,0.4342105263157895
1392,,0.4186046511627907,0.5512820512820513,0.5791139240506329,0.563953488372093,0.4342105263157895
1393,,0.4186046511627907,0.5512820512820513,0.5791139240506329,0.563953488372093,0.4342105263157895
1394,,0.4186046511627907,0.5569620253164557,0.580441640378549,0.5652173913043478,0.4342105263157895
1395,,0.4186046511627907,0.5569620253164557,0.580441640378549,0.5652173913043478,0.4342105263157895
1396,,0.4186046511627907,0.5569620253164557,0.5786163522012578,0.5635838150289018,0.4342105263157895
1397,,0.4186046511627907,0.5569620253164557,0.5786163522012578,0.5635838150289018,0.4342105263157895
1398,,0.4186046511627907,0.5569620253164557,0.5786163522012578,0.5635838150289018,0.4342105263157895
1399,,0.4186046511627907,0.5569620253164557,0.5786163522012578,0.5635838150289018,0.4342105263157895
1400,,0.4186046511627907,0.5569620253164557,0.5786163522012578,0.5635838150289018,0.4342105263157895
1401,,0.4186046511627907,0.5569620253164557,0.5786163522012578,0.5635838150289018,0.4342105263157895
1402,,0.4186046511627907,0.5569620253164557,0.5786163522012578,0.5635838150289018,0.4342105263157895
1403,,0.4186046511627907,0.5569620253164557,0.5786163522012578,0.5635838150289018,0.4342105263157895
1404,,0.4090909090909091,0.5569620253164557,0.5768025078369906,0.5619596541786743,0.4342105263157895
1405,,0.4090909090909091,0.5569620253164557,0.5768025078369906,0.5619596541786743,0.4342105263157895
1406,,0.4090909090909091,0.5569620253164557,0.578125,0.5632183908045977,0.4342105263157895
1407,,0.4090909090909091,0.5569620253164557,0.578125,0.5632183908045977,0.4342105263157895
1408,,0.4090909090909091,0.5569620253164557,0.578125,0.5632183908045977,0.4342105263157895
1409,,0.4090909090909091,0.5569620253164557,0.578125,0.5632183908045977,0.4342105263157895
1410,,0.4090909090909091,0.55,0.5763239875389408,0.5616045845272206,0.4342105263157895
1411,,0.4090909090909091,0.55,0.5763239875389408,0.5616045845272206,0.4342105263157895
1412,,0.4090909090909091,0.55,0.5763239875389408,0.5616045845272206,0.4342105263157895
1413,,0.4090909090909091,0.55,0.5763239875389408,0.5616045845272206,0.4342105263157895
1414,,0.4090909090909091,0.55,0.5745341614906833,0.56,0.4342105263157895
1415,,0.4090909090909091,0.55,0.5745341614906833,0.56,0.44155844155844154
1416,,0.4,0.55,0.5745341614906833,0.56,0.44155844155844154
1417,,0.4,0.55,0.5745341614906833,0.56,0.44155844155844154
1418,,0.4,0.55,0.5745341614906833,0.56,0.44155844155844154
1419,,0.4,0.55,0.5758513931888545,0.5612535612535613,0.44155844155844154
1420,,0.4,0.55,0.5758513931888545,0.5612535612535613,0.44155844155844154
1421,,0.4,0.5432098765432098,0.5740740740740741,0.5596590909090909,0.44155844155844154
1422,,0.4,0.5432098765432098,0.5740740740740741,0.5596590909090909,0.44155844155844154
1423,,0.4,0.5432098765432098,0.5740740740740741,0.5596590909090909,0.44155844155844154
1424,,0.4,0.5432098765432098,0.5740740740740741,0.5596590909090909,0.4358974358974359
1425,,0.4,0.5432098765432098,0.5740740740740741,0.5596590909090909,0.4358974358974359
1426,,0.4,0.5432098765432098,0.5740740740740741,0.5596590909090909,0.4358974358974359
1427,,0.391304347826087,0.5432098765432098,0.5723076923076923,0.5580736543909348,0.4358974358974359
1428,,0.391304347826087,0.5432098765432098,0.5723076923076923,0.5580736543909348,0.4358974358974359
1429,,0.391304347826087,0.5432098765432098,0.5705521472392638,0.5580736543909348,0.43037974683544306
1430,,0.391304347826087,0.5432098765432098,0.5718654434250765,0.559322033898305,0.43037974683544306
1431,,0.391304347826087,0.5432098765432098,0.5718654434250765,0.559322033898305,0.43037974683544306
1432,,0.391304347826087,0.5432098765432098,0.5718654434250765,0.559322033898305,0.43037974683544306
1433,,0.391304347826087,0.5432098765432098,0.5718654434250765,0.559322033898305,0.4375
1434,,0.391304347826087,0.5432098765432098,0.5718654434250765,0.559322033898305,0.4375
1435,,0.391304347826087,0.5432098765432098,0.5718654434250765,0.559322033898305,0.4375
1436,,0.391304347826087,0.5432098765432098,0.5718654434250765,0.559322033898305,0.4375
1437,,0.391304347826087,0.5432098765432098,0.5718654434250765,0.559322033898305,0.4375
1438,,0.391304347826087,0.5432098765432098,0.5718654434250765,0.559322033898305,0.4375
1439,,0.391304347826087,0.5432098765432098,0.5718654434250765,0.559322033898305,0.4375
1440,,0.391304347826087,0.5365853658536586,0.5701219512195121,0.5577464788732395,0.4375
1441,,0.391304347826087,0.5365853658536586,0.5701219512195121,0.5577464788732395,0.4375
1442,,0.391304347826087,0.5365853658536586,0.5701219512195121,0.5577464788732395,0.4375
1443,,0.391304347826087,0.5365853658536586,0.5701219512195121,0.5577464788732395,0.4375
1444,,0.391304347826087,0.5365853658536586,0.5701219512195121,0.5577464788732395,0.4375
1445,,0.391304347826087,0.5365853658536586,0.5701219512195121,0.5577464788732395,0.4375
1446,,0.391304347826087,0.5365853658536586,0.5701219512195121,0.5577464788732395,0.4375
1447,,0.391304347826087,0.5365853658536586,0.5701219512195121,0.5577464788732395,0.4375
1448,,0.391304347826087,0.5365853658536586,0.5701219512195121,0.5577464788732395,0.4375
1449,,0.391304347826087,0.5365853658536586,0.5701219512195121,0.5577464788732395,0.4375
1450,,0.391304347826087,0.5365853658536586,0.5701219512195121,0.5577464788732395,0.4375
1451,,0.391304347826087,0.5365853658536586,0.5701219512195121,0.5577464788732395,0.4375
1452,,0.391304347826087,0.5365853658536586,0.5701219512195121,0.5577464788732395,0.4375
1453,,0.391304347826087,0.5365853658536586,0.5701219512195121,0.5577464788732395,0.4375
1454,,0.391304347826087,0.5365853658536586,0.5701219512195121,0.5577464788732395,0.4375
1455,,0.391304347826087,0.5365853658536586,0.5701219512195121,0.5577464788732395,0.4375
1456,,0.391304347826087,0.5365853658536586,0.5701219512195121,0.5577464788732395,0.4375
1457,,0.391304347826087,0.5365853658536586,0.5701219512195121,0.5577464788732395,0.4375
1458,,0.391304347826087,0.5365853658536586,0.5701219512195121,0.5577464788732395,0.4375
1459,,0.391304347826087,0.5365853658536586,0.5701219512195121,0.5577464788732395,0.4375
1460,,0.40425531914893614,0.5365853658536586,0.5701219512195121,0.5577464788732395,0.4375
1461,,0.40425531914893614,0.5365853658536586,0.5701219512195121,0.5577464788732395,0.4375
1462,,0.40425531914893614,0.5365853658536586,0.5701219512195121,0.5577464788732395,0.4375
1463,,0.40425531914893614,0.5365853658536586,0.5701219512195121,0.5577464788732395,0.4375
1464,,0.40425531914893614,0.5365853658536586,0.5701219512195121,0.5577464788732395,0.4375
1465,,0.3958333333333333,0.5365853658536586,0.5701219512195121,0.5577464788732395,0.4375
1466,,0.3958333333333333,0.5365853658536586,0.5701219512195121,0.5577464788732395,0.4375
1467,,0.3958333333333333,0.5365853658536586,0.5683890577507599,0.5561797752808989,0.4375
1468,,0.3877551020408163,0.5365853658536586,0.5683890577507599,0.5561797752808989,0.4375
1469,,0.3877551020408163,0.5365853658536586,0.5683890577507599,0.5561797752808989,0.4375
1470,,0.3877551020408163,0.5365853658536586,0.5683890577507599,0.5561797752808989,0.4375
1471,,0.3877551020408163,0.5365853658536586,0.5683890577507599,0.5561797752808989,0.4375
1472,,0.3877551020408163,0.5365853658536586,0.5683890577507599,0.5561797752808989,0.4375
1473,,0.3877551020408163,0.5365853658536586,0.5683890577507599,0.5561797752808989,0.4375
1474,,0.3877551020408163,0.5365853658536586,0.5683890577507599,0.5561797752808989,0.4375
1475,,0.3877551020408163,0.5365853658536586,0.5683890577507599,0.5561797752808989,0.4444444444444444
1476,,0.3877551020408163,0.5365853658536586,0.5683890577507599,0.5561797752808989,0.4444444444444444
1477,,0.3877551020408163,0.5365853658536586,0.5683890577507599,0.5546218487394958,0.4444444444444444
1478,,0.3877551020408163,0.5421686746987951,0.5696969696969697,0.5558659217877095,0.4444444444444444
1479,,0.3877551020408163,0.5421686746987951,0.5696969696969697,0.5558659217877095,0.4444444444444444
1480,,0.3877551020408163,0.5357142857142857,0.56797583081571,0.5543175487465181,0.4444444444444444
1481,,0.3877551020408163,0.5357142857142857,0.56797583081571,0.5543175487465181,0.4444444444444444
1482,,0.3877551020408163,0.5357142857142857,0.56797583081571,0.5543175487465181,0.4444444444444444
1483,,0.3877551020408163,0.5357142857142857,0.56797583081571,0.5543175487465181,0.4444444444444444
1484,,0.3877551020408163,0.5357142857142857,0.56797583081571,0.5543175487465181,0.4444444444444444
1485,,0.3877551020408163,0.5357142857142857,0.56797583081571,0.5527777777777778,0.4444444444444444
1486,,0.3877551020408163,0.5357142857142857,0.56797583081571,0.5527777777777778,0.4444444444444444
1487,,0.3877551020408163,0.5357142857142857,0.56797583081571,0.5527777777777778,0.4444444444444444
1488,,0.3877551020408163,0.5357142857142857,0.56797583081571,0.5527777777777778,0.4444444444444444
1489,,0.3877551020408163,0.5357142857142857,0.56797583081571,0.5527777777777778,0.4444444444444444
1490,,0.3877551020408163,0.5357142857142857,0.5692771084337349,0.554016620498615,0.4444444444444444
1491,,0.3877551020408163,0.5357142857142857,0.5692771084337349,0.554016620498615,0.4444444444444444
1492,,0.3877551020408163,0.5357142857142857,0.5692771084337349,0.554016620498615,0.4444444444444444
1493,,0.3877551020408163,0.5357142857142857,0.5692771084337349,0.554016620498615,0.4444444444444444
1494,,0.3877551020408163,0.5357142857142857,0.5692771084337349,0.5524861878453039,0.4444444444444444
1495,,0.3877551020408163,0.5357142857142857,0.5692771084337349,0.5524861878453039,0.4444444444444444
1496,,0.3877551020408163,0.5357142857142857,0.5692771084337349,0.5524861878453039,0.4444444444444444
1497,,0.3877551020408163,0.5357142857142857,0.5692771084337349,0.5524861878453039,0.43902439024390244
1498,,0.3877551020408163,0.5357142857142857,0.5692771084337349,0.5524861878453039,0.43902439024390244
1499,,0.3877551020408163,0.5357142857142857,0.5692771084337349,0.5524861878453039,0.43902439024390244
1500,,0.3877551020408163,0.5357142857142857,0.5692771084337349,0.5524861878453039,0.43902439024390244
1501,,0.3877551020408163,0.5357142857142857,0.5692771084337349,0.5524861878453039,0.4457831325301205
1502,,0.3877551020408163,0.5357142857142857,0.5692771084337349,0.5524861878453039,0.4457831325301205
1503,,0.3877551020408163,0.5357142857142857,0.5692771084337349,0.5524861878453039,0.4457831325301205
1504,,0.3877551020408163,0.5294117647058824,0.5692771084337349,0.5524861878453039,0.4457831325301205
1505,,0.3877551020408163,0.5294117647058824,0.5692771084337349,0.5524861878453039,0.4523809523809524
1506,,0.3877551020408163,0.5294117647058824,0.5692771084337349,0.5524861878453039,0.4523809523809524
1507,,0.3877551020408163,0.5294117647058824,0.5692771084337349,0.5524861878453039,0.4470588235294118
1508,,0.3877551020408163,0.5294117647058824,0.5692771084337349,0.5524861878453039,0.4470588235294118
1509,,0.3877551020408163,0.5294117647058824,0.5692771084337349,0.5524861878453039,0.4470588235294118
1510,,0.3877551020408163,0.5294117647058824,0.5705705705705706,0.5537190082644629,0.4470588235294118
1511,,0.3877551020408163,0.5294117647058824,0.5705705705705706,0.5537190082644629,0.4418604651162791
1512,,0.3877551020408163,0.5294117647058824,0.5705705705705706,0.5537190082644629,0.4418604651162791
1513,,0.3877551020408163,0.5294117647058824,0.5705705705705706,0.5537190082644629,0.4418604651162791
1514,,0.3877551020408163,0.5294117647058824,0.5705705705705706,0.5537190082644629,0.4418604651162791
1515,,0.3877551020408163,0.5294117647058824,0.5705705705705706,0.5537190082644629,0.4418604651162791
1516,,0.3877551020408163,0.5294117647058824,0.5705705705705706,0.5537190082644629,0.4418604651162791
1517,,0.3877551020408163,0.5294117647058824,0.5705705705705706,0.5537190082644629,0.4418604651162791
1518,,0.3877551020408163,0.5294117647058824,0.5705705705705706,0.5537190082644629,0.4418604651162791
1519,,0.3877551020408163,0.5232558139534884,0.5688622754491018,0.5521978021978022,0.4418604651162791
1520,,0.3877551020408163,0.5232558139534884,0.5688622754491018,0.5521978021978022,0.4418604651162791
1521,,0.3877551020408163,0.5232558139534884,0.5688622754491018,0.5521978021978022,0.4418604651162791
1522,,0.3877551020408163,0.5232558139534884,0.5701492537313433,0.5534246575342465,0.4418604651162791
1523,,0.3877551020408163,0.5232558139534884,0.5714285714285714,0.5546448087431693,0.4418604651162791
1524,,0.3877551020408163,0.5232558139534884,0.5714285714285714,0.5546448087431693,0.4418604651162791
1525,,0.3877551020408163,0.5232558139534884,0.5714285714285714,0.5546448087431693,0.4418604651162791
1526,,0.3877551020408163,0.5232558139534884,0.5714285714285714,0.5546448087431693,0.4418604651162791
1527,,0.3877551020408163,0.5232558139534884,0.5714285714285714,0.5546448087431693,0.4418604651162791
1528,,0.3877551020408163,0.5232558139534884,0.5714285714285714,0.5546448087431693,0.4418604651162791
1529,,0.3877551020408163,0.5232558139534884,0.56973293768546,0.553133514986376,0.4418604651162791
1530,,0.3877551020408163,0.5232558139534884,0.56973293768546,0.553133514986376,0.4418604651162791
1531,,0.3877551020408163,0.5232558139534884,0.56973293768546,0.553133514986376,0.4418604651162791
1532,,0.3877551020408163,0.5232558139534884,0.5710059171597633,0.5543478260869565,0.4418604651162791
1533,,0.3877551020408163,0.5232558139534884,0.5722713864306784,0.5555555555555556,0.4418604651162791
1534,,0.3877551020408163,0.5232558139534884,0.5722713864306784,0.5555555555555556,0.4418604651162791
1535,,0.3877551020408163,0.5232558139534884,0.5722713864306784,0.5555555555555556,0.4418604651162791
1536,,0.4,0.5232558139534884,0.5735294117647058,0.5567567567567567,0.4418604651162791
1537,,0.4,0.5232558139534884,0.5735294117647058,0.5567567567567567,0.4418604651162791
1538,,0.4,0.5232558139534884,0.5735294117647058,0.5567567567567567,0.4418604651162791
1539,,0.4,0.5232558139534884,0.5735294117647058,0.5567567567567567,0.4418604651162791
1540,,0.4,0.5232558139534884,0.5735294117647058,0.5567567567567567,0.4418604651162791
1541,,0.4,0.5232558139534884,0.5735294117647058,0.5567567567567567,0.4418604651162791
1542,,0.4,0.5232558139534884,0.5735294117647058,0.5567567567567567,0.4418604651162791
1543,,0.4,0.5232558139534884,0.5735294117647058,0.5567567567567567,0.4418604651162791
1544,,0.4,0.5232558139534884,0.5718475073313783,0.555256064690027,0.4418604651162791
1545,,0.4,0.5232558139534884,0.5718475073313783,0.555256064690027,0.4367816091954023
1546,,0.4,0.5232558139534884,0.5718475073313783,0.555256064690027,0.4367816091954023
1547,,0.4,0.5232558139534884,0.5718475073313783,0.555256064690027,0.4367816091954023
1548,,0.4,0.5232558139534884,0.5718475073313783,0.555256064690027,0.4367816091954023
1549,,0.4,0.5232558139534884,0.5718475073313783,0.555256064690027,0.4367816091954023
1550,,0.4,0.5232558139534884,0.5718475073313783,0.555256064690027,0.4367816091954023
1551,,0.4,0.5232558139534884,0.5701754385964912,0.553763440860215,0.4367816091954023
1552,,0.4,0.5232558139534884,0.5701754385964912,0.553763440860215,0.4367816091954023
1553,,0.4,0.5232558139534884,0.5701754385964912,0.553763440860215,0.4367816091954023
1554,,0.4,0.5232558139534884,0.5701754385964912,0.553763440860215,0.4367816091954023
1555,,0.4,0.5232558139534884,0.5701754385964912,0.553763440860215,0.4367816091954023
1556,,0.4,0.5232558139534884,0.5701754385964912,0.553763440860215,0.4367816091954023
1557,,0.4,0.5232558139534884,0.5701754385964912,0.553763440860215,0.4367816091954023
1558,,0.4,0.5232558139534884,0.5701754385964912,0.553763440860215,0.4367816091954023
1559,,0.4,0.5232558139534884,0.5701754385964912,0.553763440860215,0.4367816091954023
1560,,0.4,0.5232558139534884,0.5701754385964912,0.553763440860215,0.4367816091954023
1561,,0.4,0.5232558139534884,0.5701754385964912,0.553763440860215,0.4367816091954023
1562,,0.4,0.5232558139534884,0.5701754385964912,0.553763440860215,0.4367816091954023
1563,,0.4,0.5232558139534884,0.5701754385964912,0.553763440860215,0.4367816091954023
1564,,0.4,0.5232558139534884,0.5701754385964912,0.553763440860215,0.4367816091954023
1565,,0.4,0.5232558139534884,0.5701754385964912,0.553763440860215,0.4367816091954023
1566,,0.39215686274509803,0.5232558139534884,0.5701754385964912,0.553763440860215,0.4367816091954023
1567,,0.39215686274509803,0.5232558139534884,0.5701754385964912,0.553763440860215,0.4367816091954023
1568,,0.39215686274509803,0.5232558139534884,0.5701754385964912,0.553763440860215,0.4367816091954023
1569,,0.39215686274509803,0.5232558139534884,0.5701754385964912,0.553763440860215,0.4367816091954023
1570,,0.39215686274509803,0.5232558139534884,0.5701754385964912,0.553763440860215,0.4367816091954023
1571,,0.39215686274509803,0.5232558139534884,0.5701754385964912,0.553763440860215,0.4367816091954023
1572,,0.39215686274509803,0.5232558139534884,0.5701754385964912,0.553763440860215,0.4367816091954023
1573,,0.39215686274509803,0.5232558139534884,0.5701754385964912,0.553763440860215,0.4367816091954023
1574,,0.39215686274509803,0.5232558139534884,0.5701754385964912,0.553763440860215,0.4367816091954023
1575,,0.39215686274509803,0.5232558139534884,0.5701754385964912,0.553763440860215,0.4367816091954023
1576,,0.39215686274509803,0.5232558139534884,0.5701754385964912,0.553763440860215,0.4367816091954023
1577,,0.39215686274509803,0.5232558139534884,0.5701754385964912,0.553763440860215,0.4367816091954023
1578,,0.39215686274509803,0.5287356321839081,0.5714285714285714,0.5549597855227882,0.4367816091954023
1579,,0.39215686274509803,0.5287356321839081,0.5726744186046512,0.5561497326203209,0.4367816091954023
1580,,0.39215686274509803,0.5287356321839081,0.5726744186046512,0.5561497326203209,0.4367816091954023
1581,,0.39215686274509803,0.5287356321839081,0.5726744186046512,0.5561497326203209,0.4367816091954023
1582,,0.39215686274509803,0.5287356321839081,0.5726744186046512,0.5561497326203209,0.4367816091954023
1583,,0.39215686274509803,0.5287356321839081,0.5726744186046512,0.5561497326203209,0.4367816091954023
1584,,0.39215686274509803,0.5287356321839081,0.5726744186046512,0.5561497326203209,0.4367816091954023
1585,,0.39215686274509803,0.5287356321839081,0.5726744186046512,0.5561497326203209,0.4367816091954023
1586,,0.39215686274509803,0.5287356321839081,0.5726744186046512,0.5561497326203209,0.4367816091954023
1587,,0.39215686274509803,0.5287356321839081,0.5726744186046512,0.5561497326203209,0.4367816091954023
1588,,0.39215686274509803,0.5287356321839081,0.5726744186046512,0.5561497326203209,0.4367816091954023
1589,,0.39215686274509803,0.5227272727272727,0.5710144927536231,0.5546666666666666,0.4367816091954023
1590,,0.39215686274509803,0.5227272727272727,0.5710144927536231,0.5546666666666666,0.4367816091954023
1591,,0.39215686274509803,0.5227272727272727,0.5710144927536231,0.5546666666666666,0.4367816091954023
1592,,0.39215686274509803,0.5227272727272727,0.5710144927536231,0.5546666666666666,0.4367816091954023
1593,,0.39215686274509803,0.5227272727272727,0.5710144927536231,0.5546666666666666,0.4367816091954023
1594,,0.39215686274509803,0.5227272727272727,0.5710144927536231,0.5546666666666666,0.4367816091954023
1595,,0.39215686274509803,0.5227272727272727,0.5710144927536231,0.5546666666666666,0.4367816091954023
1596,,0.39215686274509803,0.5227272727272727,0.5710144927536231,0.5546666666666666,0.4367816091954023
1597,,0.39215686274509803,0.5168539325842697,0.569364161849711,0.5531914893617021,0.4367816091954023
1598,,0.39215686274509803,0.5168539325842697,0.569364161849711,0.5531914893617021,0.4367816091954023
1599,,0.39215686274509803,0.5168539325842697,0.569364161849711,0.5531914893617021,0.4367816091954023
1600,,0.39215686274509803,0.5168539325842697,0.569364161849711,0.5531914893617021,0.4367816091954023
1601,,0.39215686274509803,0.5168539325842697,0.569364161849711,0.5531914893617021,0.4431818181818182
1602,,0.39215686274509803,0.5168539325842697,0.569364161849711,0.5531914893617021,0.4431818181818182
1603,,0.38461538461538464,0.5111111111111111,0.5677233429394812,0.5517241379310345,0.4431818181818182
1604,,0.38461538461538464,0.5111111111111111,0.5677233429394812,0.5517241379310345,0.4431818181818182
1605,,0.38461538461538464,0.5111111111111111,0.5677233429394812,0.5517241379310345,0.4431818181818182
1606,,0.38461538461538464,0.5111111111111111,0.5677233429394812,0.5517241379310345,0.4431818181818182
1607,,0.38461538461538464,0.5111111111111111,0.5677233429394812,0.5517241379310345,0.4431818181818182
1608,,0.38461538461538464,0.5111111111111111,0.5677233429394812,0.5502645502645502,0.4431818181818182
1609,,0.38461538461538464,0.5111111111111111,0.5677233429394812,0.5502645502645502,0.4431818181818182
1610,,0.38461538461538464,0.5111111111111111,0.5677233429394812,0.5502645502645502,0.4431818181818182
1611,,0.38461538461538464,0.5111111111111111,0.5677233429394812,0.5502645502645502,0.4431818181818182
1612,,0.38461538461538464,0.5111111111111111,0.5677233429394812,0.5502645502645502,0.4431818181818182
1613,,0.38461538461538464,0.5111111111111111,0.5677233429394812,0.5502645502645502,0.4431818181818182
1614,,0.38461538461538464,0.5111111111111111,0.5660919540229885,0.5488126649076517,0.4431818181818182
1615,,0.38461538461538464,0.5111111111111111,0.5660919540229885,0.5488126649076517,0.4431818181818182
1616,,0.38461538461538464,0.5111111111111111,0.5660919540229885,0.5488126649076517,0.4431818181818182
1617,,0.38461538461538464,0.5111111111111111,0.5660919540229885,0.5488126649076517,0.4431818181818182
1618,,0.38461538461538464,0.5111111111111111,0.5660919540229885,0.5488126649076517,0.43820224719101125
1619,,0.38461538461538464,0.5111111111111111,0.5660919540229885,0.5488126649076517,0.43820224719101125
1620,,0.38461538461538464,0.5111111111111111,0.5660919540229885,0.5488126649076517,0.43820224719101125
1621,,0.38461538461538464,0.5111111111111111,0.5660919540229885,0.5488126649076517,0.43820224719101125
1622,,0.38461538461538464,0.5111111111111111,0.5673352435530086,0.55,0.43820224719101125
1623,,0.38461538461538464,0.5111111111111111,0.5673352435530086,0.55,0.43820224719101125
1624,,0.38461538461538464,0.5111111111111111,0.5685714285714286,0.5511811023622047,0.43820224719101125
1625,,0.38461538461538464,0.5111111111111111,0.5685714285714286,0.5511811023622047,0.43820224719101125
1626,,0.38461538461538464,0.5164835164835165,0.5698005698005698,0.5523560209424084,0.43820224719101125
1627,,0.38461538461538464,0.5164835164835165,0.5698005698005698,0.5523560209424084,0.43820224719101125
1628,,0.38461538461538464,0.5164835164835165,0.5698005698005698,0.5523560209424084,0.43820224719101125
1629,,0.38461538461538464,0.5164835164835165,0.5698005698005698,0.5523560209424084,0.43820224719101125
1630,,0.38461538461538464,0.5164835164835165,0.5698005698005698,0.5523560209424084,0.43820224719101125
1631,,0.38461538461538464,0.5164835164835165,0.5698005698005698,0.5523560209424084,0.43820224719101125
1632,,0.38461538461538464,0.5164835164835165,0.5698005698005698,0.5523560209424084,0.43820224719101125
1633,,0.38461538461538464,0.5164835164835165,0.5698005698005698,0.5523560209424084,0.43820224719101125
1634,,0.38461538461538464,0.5164835164835165,0.5698005698005698,0.5523560209424084,0.43820224719101125
1635,,0.38461538461538464,0.5164835164835165,0.5698005698005698,0.5523560209424084,0.43820224719101125
1636,,0.38461538461538464,0.5164835164835165,0.5698005698005698,0.5523560209424084,0.43820224719101125
1637,,0.38461538461538464,0.5164835164835165,0.5698005698005698,0.5523560209424084,0.43820224719101125
1638,,0.38461538461538464,0.5164835164835165,0.5698005698005698,0.5523560209424084,0.43820224719101125
1639,,0.38461538461538464,0.5164835164835165,0.5698005698005698,0.5523560209424084,0.43820224719101125
1640,,0.38461538461538464,0.5164835164835165,0.5698005698005698,0.5523560209424084,0.43820224719101125
1641,,0.37735849056603776,0.5164835164835165,0.5698005698005698,0.5523560209424084,0.43820224719101125
1642,,0.37735849056603776,0.5164835164835165,0.5698005698005698,0.5523560209424084,0.43820224719101125
1643,,0.37735849056603776,0.5164835164835165,0.5698005698005698,0.5523560209424084,0.43820224719101125
1644,,0.37735849056603776,0.5164835164835165,0.5698005698005698,0.5523560209424084,0.43820224719101125
1645,,0.37735849056603776,0.5164835164835165,0.5698005698005698,0.5523560209424084,0.43820224719101125
1646,,0.37735849056603776,0.5164835164835165,0.5710227272727273,0.5535248041775457,0.43820224719101125
1647,,0.37735849056603776,0.5164835164835165,0.5710227272727273,0.5535248041775457,0.43820224719101125
1648,,0.37735849056603776,0.5164835164835165,0.5722379603399433,0.5546875,0.43820224719101125
1649,,0.37735849056603776,0.5164835164835165,0.5722379603399433,0.5546875,0.43820224719101125
1650,,0.37735849056603776,0.5164835164835165,0.5734463276836158,0.5558441558441558,0.43820224719101125
1651,,0.37735849056603776,0.5164835164835165,0.5734463276836158,0.5558441558441558,0.43820224719101125
1652,,0.37735849056603776,0.5164835164835165,0.5734463276836158,0.5558441558441558,0.43820224719101125
1653,,0.37735849056603776,0.5164835164835165,0.5734463276836158,0.5558441558441558,0.43820224719101125
1654,,0.37735849056603776,0.5164835164835165,0.5734463276836158,0.5558441558441558,0.43820224719101125
1655,,0.37735849056603776,0.5164835164835165,0.5734463276836158,0.5558441558441558,0.43820224719101125
1656,,0.3888888888888889,0.5164835164835165,0.5734463276836158,0.5558441558441558,0.43820224719101125
1657,,0.3888888888888889,0.5164835164835165,0.5734463276836158,0.5558441558441558,0.43820224719101125
1658,,0.3888888888888889,0.5164835164835165,0.5734463276836158,0.5558441558441558,0.43820224719101125
1659,,0.3888888888888889,0.5164835164835165,0.571830985915493,0.5544041450777202,0.43820224719101125
1660,,0.3888888888888889,0.5164835164835165,0.571830985915493,0.5544041450777202,0.43820224719101125
1661,,0.3888888888888889,0.5164835164835165,0.571830985915493,0.5544041450777202,0.43820224719101125
1662,,0.3888888888888889,0.5164835164835165,0.571830985915493,0.5544041450777202,0.43820224719101125
1663,,0.38181818181818183,0.5164835164835165,0.571830985915493,0.5544041450777202,0.43820224719101125
1664,,0.38181818181818183,0.5164835164835165,0.571830985915493,0.5544041450777202,0.43820224719101125
1665,,0.38181818181818183,0.5164835164835165,0.571830985915493,0.5544041450777202,0.43820224719101125
1666,,0.38181818181818183,0.5164835164835165,0.571830985915493,0.5544041450777202,0.43820224719101125
1667,,0.38181818181818183,0.5164835164835165,0.571830985915493,0.5544041450777202,0.43820224719101125
1668,,0.38181818181818183,0.5164835164835165,0.571830985915493,0.5544041450777202,0.43820224719101125
1669,,0.38181818181818183,0.5164835164835165,0.571830985915493,0.5544041450777202,0.43820224719101125
1670,,0.38181818181818183,0.5164835164835165,0.571830985915493,0.5544041450777202,0.43820224719101125
1671,,0.38181818181818183,0.5164835164835165,0.571830985915493,0.5544041450777202,0.43820224719101125
1672,,0.38181818181818183,0.5164835164835165,0.571830985915493,0.5544041450777202,0.43820224719101125
1673,,0.38181818181818183,0.5164835164835165,0.571830985915493,0.5544041450777202,0.43820224719101125
1674,,0.38181818181818183,0.5164835164835165,0.571830985915493,0.5544041450777202,0.43820224719101125
1675,,0.38181818181818183,0.5164835164835165,0.571830985915493,0.5544041450777202,0.43820224719101125
1676,,0.38181818181818183,0.5164835164835165,0.571830985915493,0.5544041450777202,0.43820224719101125
1677,,0.38181818181818183,0.5164835164835165,0.571830985915493,0.5544041450777202,0.43820224719101125
1678,,0.38181818181818183,0.5164835164835165,0.571830985915493,0.5544041450777202,0.43333333333333335
1679,,0.38181818181818183,0.5164835164835165,0.5702247191011236,0.5529715762273901,0.43333333333333335
1680,,0.38181818181818183,0.5217391304347826,0.5714285714285714,0.5541237113402062,0.43333333333333335
1681,,0.38181818181818183,0.5217391304347826,0.5714285714285714,0.5541237113402062,0.43333333333333335
1682,,0.38181818181818183,0.5217391304347826,0.5726256983240223,0.5552699228791774,0.43333333333333335
1683,,0.38181818181818183,0.5217391304347826,0.5726256983240223,0.5552699228791774,0.43333333333333335
1684,,0.38181818181818183,0.5217391304347826,0.5726256983240223,0.5552699228791774,0.43333333333333335
1685,,0.38181818181818183,0.5217391304347826,0.5726256983240223,0.5552699228791774,0.43333333333333335
1686,,0.38181818181818183,0.5217391304347826,0.5726256983240223,0.5552699228791774,0.43333333333333335
1687,,0.38181818181818183,0.5217391304347826,0.5726256983240223,0.5552699228791774,0.43333333333333335
1688,,0.38181818181818183,0.5217391304347826,0.5726256983240223,0.5552699228791774,0.43333333333333335
1689,,0.38181818181818183,0.5217391304347826,0.5726256983240223,0.5552699228791774,0.43333333333333335
1690,,0.38181818181818183,0.5217391304347826,0.5726256983240223,0.5552699228791774,0.43333333333333335
1691,,0.38181818181818183,0.5217391304347826,0.5726256983240223,0.5552699228791774,0.43333333333333335
1692,,0.38181818181818183,0.5217391304347826,0.5726256983240223,0.5552699228791774,0.43333333333333335
1693,,0.38181818181818183,0.5217391304347826,0.5726256983240223,0.5552699228791774,0.43333333333333335
1694,,0.38181818181818183,0.5217391304347826,0.5726256983240223,0.5552699228791774,0.43333333333333335
1695,,0.38181818181818183,0.5217391304347826,0.5726256983240223,0.5552699228791774,0.43333333333333335
1696,,0.38181818181818183,0.5217391304347826,0.5726256983240223,0.5552699228791774,0.43333333333333335
1697,,0.38181818181818183,0.5217391304347826,0.5726256983240223,0.5552699228791774,0.43333333333333335
1698,,0.38181818181818183,0.5217391304347826,0.5726256983240223,0.5552699228791774,0.43333333333333335
1699,,0.38181818181818183,0.5217391304347826,0.5726256983240223,0.5552699228791774,0.43333333333333335
1700,,0.38181818181818183,0.5217391304347826,0.5726256983240223,0.5552699228791774,0.43333333333333335
1701,,0.38181818181818183,0.5217391304347826,0.5726256983240223,0.5552699228791774,0.43333333333333335
1702,,0.38181818181818183,0.5217391304347826,0.5710306406685237,0.5538461538461539,0.42857142857142855
1703,,0.38181818181818183,0.5217391304347826,0.5710306406685237,0.5538461538461539,0.42857142857142855
1704,,0.38181818181818183,0.5217391304347826,0.5710306406685237,0.5538461538461539,0.42857142857142855
1705,,0.38181818181818183,0.5217391304347826,0.5710306406685237,0.5538461538461539,0.42857142857142855
1706,,0.38181818181818183,0.5217391304347826,0.5710306406685237,0.5538461538461539,0.42857142857142855
1707,,0.38181818181818183,0.5217391304347826,0.5710306406685237,0.5538461538461539,0.42857142857142855
1708,,0.38181818181818183,0.5217391304347826,0.5710306406685237,0.5538461538461539,0.43478260869565216
1709,,0.38181818181818183,0.5217391304347826,0.5710306406685237,0.5538461538461539,0.43478260869565216
1710,,0.38181818181818183,0.5217391304347826,0.5710306406685237,0.5538461538461539,0.43478260869565216
1711,,0.38181818181818183,0.5217391304347826,0.5710306406685237,0.5538461538461539,0.43478260869565216
1712,,0.38181818181818183,0.5217391304347826,0.5710306406685237,0.5538461538461539,0.43478260869565216
1713,,0.38181818181818183,0.5217391304347826,0.5710306406685237,0.5538461538461539,0.43478260869565216
1714,,0.38181818181818183,0.5217391304347826,0.5710306406685237,0.5538461538461539,0.43478260869565216
1715,,0.38181818181818183,0.5217391304347826,0.5710306406685237,0.5538461538461539,0.43478260869565216
1716,,0.38181818181818183,0.5217391304347826,0.5710306406685237,0.5538461538461539,0.43478260869565216
1717,,0.38181818181818183,0.5217391304347826,0.5710306406685237,0.5538461538461539,0.43478260869565216
1718,,0.38181818181818183,0.5217391304347826,0.5710306406685237,0.5538461538461539,0.43478260869565216
1719,,0.38181818181818183,0.5217391304347826,0.5710306406685237,0.5538461538461539,0.43478260869565216
1720,,0.38181818181818183,0.5217391304347826,0.5710306406685237,0.5538461538461539,0.43478260869565216
1721,,0.38181818181818183,0.5217391304347826,0.5710306406685237,0.5538461538461539,0.43478260869565216
1722,,0.38181818181818183,0.5217391304347826,0.5710306406685237,0.5538461538461539,0.43478260869565216
1723,,0.38181818181818183,0.5217391304347826,0.5722222222222222,0.5549872122762148,0.43478260869565216
1724,,0.38181818181818183,0.5217391304347826,0.5722222222222222,0.5549872122762148,0.43478260869565216
1725,,0.38181818181818183,0.5217391304347826,0.5722222222222222,0.5549872122762148,0.43478260869565216
1726,,0.38181818181818183,0.5217391304347826,0.5722222222222222,0.5549872122762148,0.43478260869565216
1727,,0.38181818181818183,0.5217391304347826,0.5722222222222222,0.5549872122762148,0.43010752688172044
1728,,0.38181818181818183,0.5217391304347826,0.5722222222222222,0.5549872122762148,0.43010752688172044
1729,,0.375,0.5217391304347826,0.5706371191135734,0.5535714285714286,0.43010752688172044
1730,,0.375,0.5217391304347826,0.5706371191135734,0.5535714285714286,0.43010752688172044
1731,,0.375,0.5217391304347826,0.5706371191135734,0.5535714285714286,0.43010752688172044
1732,,0.3684210526315789,0.5217391304347826,0.5706371191135734,0.5535714285714286,0.43010752688172044
1733,,0.3684210526315789,0.5217391304347826,0.5706371191135734,0.5535714285714286,0.43010752688172044
1734,,0.3684210526315789,0.5217391304347826,0.5706371191135734,0.5535714285714286,0.43010752688172044
1735,,0.3684210526315789,0.5217391304347826,0.5706371191135734,0.5535714285714286,0.43010752688172044
1736,,0.3684210526315789,0.5161290322580645,0.5706371191135734,0.5535714285714286,0.43010752688172044
1737,,0.3684210526315789,0.5161290322580645,0.5706371191135734,0.5535714285714286,0.43010752688172044
1738,,0.3684210526315789,0.5161290322580645,0.5706371191135734,0.5535714285714286,0.43010752688172044
1739,,0.3684210526315789,0.5161290322580645,0.5706371191135734,0.5535714285714286,0.43010752688172044
1740,,0.3684210526315789,0.5161290322580645,0.5706371191135734,0.5535714285714286,0.43010752688172044
1741,,0.3684210526315789,0.5161290322580645,0.5706371191135734,0.5535714285714286,0.43010752688172044
1742,,0.3684210526315789,0.5161290322580645,0.5706371191135734,0.5535714285714286,0.43010752688172044
1743,,0.3684210526315789,0.5161290322580645,0.5706371191135734,0.5535714285714286,0.43010752688172044
1744,,0.3684210526315789,0.5161290322580645,0.5706371191135734,0.5535714285714286,0.43010752688172044
1745,,0.3684210526315789,0.5212765957446809,0.5718232044198895,0.55470737913486,0.43010752688172044
1746,,0.3684210526315789,0.5212765957446809,0.5718232044198895,0.55470737913486,0.43010752688172044
1747,,0.3684210526315789,0.5212765957446809,0.5718232044198895,0.55470737913486,0.43010752688172044
1748,,0.3684210526315789,0.5212765957446809,0.5718232044198895,0.55470737913486,0.43010752688172044
1749,,0.3684210526315789,0.5212765957446809,0.5718232044198895,0.55470737913486,0.43010752688172044
1750,,0.3684210526315789,0.5212765957446809,0.5718232044198895,0.55470737913486,0.43010752688172044
1751,,0.3684210526315789,0.5212765957446809,0.5718232044198895,0.55470737913486,0.43010752688172044
1752,,0.3684210526315789,0.5212765957446809,0.5718232044198895,0.55470737913486,0.43010752688172044
1753,,0.3684210526315789,0.5212765957446809,0.5730027548209367,0.55470737913486,0.43010752688172044
1754,,0.3684210526315789,0.5212765957446809,0.5730027548209367,0.55470737913486,0.43010752688172044
1755,,0.3684210526315789,0.5212765957446809,0.5730027548209367,0.55470737913486,0.43010752688172044
1756,,0.3684210526315789,0.5212765957446809,0.5730027548209367,0.55470737913486,0.43010752688172044
1757,,0.3684210526315789,0.5212765957446809,0.5730027548209367,0.55470737913486,0.43010752688172044
1758,,0.3684210526315789,0.5212765957446809,0.5730027548209367,0.55470737913486,0.43010752688172044
1759,,0.3684210526315789,0.5212765957446809,0.5730027548209367,0.55470737913486,0.43617021276595747
1760,,0.3684210526315789,0.5212765957446809,0.5730027548209367,0.55470737913486,0.43617021276595747
1761,,0.3684210526315789,0.5212765957446809,0.5714285714285714,0.5532994923857868,0.43617021276595747
1762,,0.3684210526315789,0.5212765957446809,0.5714285714285714,0.5532994923857868,0.43617021276595747
1763,,0.3684210526315789,0.5157894736842106,0.5698630136986301,0.5518987341772152,0.43617021276595747
1764,,0.3684210526315789,0.5157894736842106,0.5698630136986301,0.5518987341772152,0.43617021276595747
1765,,0.3684210526315789,0.5157894736842106,0.5698630136986301,0.5518987341772152,0.43617021276595747
1766,,0.3684210526315789,0.5157894736842106,0.5698630136986301,0.5518987341772152,0.43617021276595747
1767,,0.3684210526315789,0.5157894736842106,0.5698630136986301,0.5518987341772152,0.43617021276595747
1768,,0.3620689655172414,0.5157894736842106,0.5698630136986301,0.5518987341772152,0.43617021276595747
1769,,0.3620689655172414,0.5157894736842106,0.5698630136986301,0.5518987341772152,0.43617021276595747
1770,,0.3620689655172414,0.5157894736842106,0.5698630136986301,0.5518987341772152,0.43617021276595747
1771,,0.3620689655172414,0.5157894736842106,0.5698630136986301,0.5518987341772152,0.43617021276595747
1772,,0.3620689655172414,0.5157894736842106,0.5698630136986301,0.5518987341772152,0.43617021276595747
1773,,0.3620689655172414,0.5157894736842106,0.5698630136986301,0.5518987341772152,0.43617021276595747
1774,,0.3620689655172414,0.5157894736842106,0.5698630136986301,0.5518987341772152,0.43617021276595747
1775,,0.3620689655172414,0.5157894736842106,0.5698630136986301,0.5518987341772152,0.43617021276595747
1776,,0.3620689655172414,0.5157894736842106,0.5698630136986301,0.5518987341772152,0.43617021276595747
1777,,0.3620689655172414,0.5157894736842106,0.5698630136986301,0.5518987341772152,0.43617021276595747
1778,,0.3620689655172414,0.5157894736842106,0.5698630136986301,0.5518987341772152,0.43617021276595747
1779,,0.3620689655172414,0.5157894736842106,0.5698630136986301,0.5518987341772152,0.43617021276595747
1780,,0.3620689655172414,0.5157894736842106,0.5698630136986301,0.5518987341772152,0.43617021276595747
1781,,0.3620689655172414,0.5157894736842106,0.5710382513661202,0.553030303030303,0.43617021276595747
1782,,0.3620689655172414,0.5157894736842106,0.5710382513661202,0.553030303030303,0.43617021276595747
1783,,0.3620689655172414,0.5157894736842106,0.5710382513661202,0.553030303030303,0.43617021276595747
1784,,0.3620689655172414,0.5157894736842106,0.5710382513661202,0.553030303030303,0.43617021276595747
1785,,0.3620689655172414,0.5157894736842106,0.5710382513661202,0.553030303030303,0.43617021276595747
1786,,0.3620689655172414,0.5157894736842106,0.5710382513661202,0.553030303030303,0.43617021276595747
1787,,0.3620689655172414,0.5157894736842106,0.5710382513661202,0.553030303030303,0.43617021276595747
1788,,0.3620689655172414,0.5157894736842106,0.5710382513661202,0.553030303030303,0.4421052631578947
1789,,0.3620689655172414,0.5157894736842106,0.5710382513661202,0.553030303030303,0.4421052631578947
1790,,0.3620689655172414,0.5157894736842106,0.5710382513661202,0.553030303030303,0.4421052631578947
1791,,0.3620689655172414,0.5157894736842106,0.5710382513661202,0.553030303030303,0.4421052631578947
1792,,0.3620689655172414,0.5157894736842106,0.5710382513661202,0.553030303030303,0.4421052631578947
1793,,0.3728813559322034,0.5208333333333334,0.5710382513661202,0.553030303030303,0.4421052631578947
1794,,0.3728813559322034,0.5208333333333334,0.5710382513661202,0.553030303030303,0.4421052631578947
1795,,0.3728813559322034,0.5208333333333334,0.5710382513661202,0.553030303030303,0.4421052631578947
1796,,0.3728813559322034,0.5208333333333334,0.5710382513661202,0.553030303030303,0.4421052631578947
1797,,0.3728813559322034,0.5208333333333334,0.5694822888283378,0.5516372795969773,0.4421052631578947
1798,,0.3728813559322034,0.5208333333333334,0.5694822888283378,0.5516372795969773,0.4421052631578947
1799,,0.3728813559322034,0.5208333333333334,0.5694822888283378,0.5516372795969773,0.4421052631578947
1800,,0.3728813559322034,0.5208333333333334,0.5694822888283378,0.5516372795969773,0.4421052631578947
1801,,0.3728813559322034,0.5208333333333334,0.5694822888283378,0.5516372795969773,0.4421052631578947
1802,,0.3728813559322034,0.5208333333333334,0.5694822888283378,0.5516372795969773,0.4421052631578947
1803,,0.3728813559322034,0.5208333333333334,0.5679347826086957,0.550251256281407,0.4421052631578947
1804,,0.3728813559322034,0.5208333333333334,0.5679347826086957,0.550251256281407,0.4421052631578947
1805,,0.3728813559322034,0.5208333333333334,0.5679347826086957,0.550251256281407,0.4421052631578947
1806,,0.3728813559322034,0.5208333333333334,0.5679347826086957,0.550251256281407,0.4421052631578947
1807,,0.3728813559322034,0.5208333333333334,0.5679347826086957,0.550251256281407,0.4421052631578947
1808,,0.3728813559322034,0.5208333333333334,0.5679347826086957,0.550251256281407,0.4421052631578947
1809,,0.3728813559322034,0.5208333333333334,0.5663956639566395,0.5488721804511278,0.4421052631578947
1810,,0.3728813559322034,0.5208333333333334,0.5663956639566395,0.5488721804511278,0.4421052631578947
1811,,0.36666666666666664,0.5208333333333334,0.5648648648648649,0.5475,0.4421052631578947
1812,,0.36666666666666664,0.5208333333333334,0.5648648648648649,0.5475,0.4421052631578947
1813,,0.36666666666666664,0.5208333333333334,0.5633423180592992,0.5461346633416458,0.4421052631578947
1814,,0.36666666666666664,0.5208333333333334,0.5633423180592992,0.5461346633416458,0.4421052631578947
1815,,0.36666666666666664,0.5208333333333334,0.5633423180592992,0.5461346633416458,0.4421052631578947
1816,,0.36666666666666664,0.5208333333333334,0.5633423180592992,0.5461346633416458,0.4421052631578947
1817,,0.36666666666666664,0.5208333333333334,0.5618279569892473,0.5447761194029851,0.4421052631578947
1818,,0.36666666666666664,0.5208333333333334,0.5618279569892473,0.5447761194029851,0.4421052631578947
1819,,0.36666666666666664,0.5208333333333334,0.5618279569892473,0.5447761194029851,0.4421052631578947
1820,,0.36666666666666664,0.5208333333333334,0.5618279569892473,0.5447761194029851,0.4421052631578947
1821,,0.36666666666666664,0.5208333333333334,0.5618279569892473,0.5447761194029851,0.4421052631578947
1822,,0.36666666666666664,0.5208333333333334,0.5618279569892473,0.5447761194029851,0.4421052631578947
1823,,0.36666666666666664,0.5208333333333334,0.5603217158176944,0.543424317617866,0.4421052631578947
1824,,0.36666666666666664,0.5208333333333334,0.5603217158176944,0.543424317617866,0.4421052631578947
1825,,0.36666666666666664,0.5208333333333334,0.5603217158176944,0.543424317617866,0.4421052631578947
1826,,0.36666666666666664,0.5208333333333334,0.5588235294117647,0.5420792079207921,0.4421052631578947
1827,,0.36666666666666664,0.5208333333333334,0.5588235294117647,0.5420792079207921,0.4421052631578947
1828,,0.36666666666666664,0.5208333333333334,0.56,0.5420792079207921,0.4421052631578947
1829,,0.36666666666666664,0.5208333333333334,0.56,0.5420792079207921,0.4421052631578947
1830,,0.36666666666666664,0.5208333333333334,0.5585106382978723,0.5407407407407407,0.4421052631578947
1831,,0.36666666666666664,0.5208333333333334,0.5585106382978723,0.5407407407407407,0.4421052631578947
1832,,0.36666666666666664,0.5208333333333334,0.5570291777188329,0.5394088669950738,0.4421052631578947
1833,,0.36666666666666664,0.5208333333333334,0.5570291777188329,0.538083538083538,0.4421052631578947
1834,,0.36666666666666664,0.5208333333333334,0.5570291777188329,0.538083538083538,0.4421052631578947
1835,,0.36666666666666664,0.5208333333333334,0.5555555555555556,0.5367647058823529,0.4421052631578947
1836,,0.36666666666666664,0.5208333333333334,0.554089709762533,0.5354523227383863,0.4421052631578947
1837,,0.36666666666666664,0.5208333333333334,0.554089709762533,0.5354523227383863,0.4421052631578947
1838,,0.36666666666666664,0.5208333333333334,0.554089709762533,0.5354523227383863,0.4375
1839,,0.36666666666666664,0.5208333333333334,0.554089709762533,0.5354523227383863,0.4375
1840,,0.36666666666666664,0.5208333333333334,0.5552631578947368,0.5354523227383863,0.4375
1841,,0.36666666666666664,0.5257731958762887,0.5564304461942258,0.5365853658536586,0.4375
1842,,0.36666666666666664,0.5257731958762887,0.5564304461942258,0.5365853658536586,0.4375
1843,,0.36666666666666664,0.5257731958762887,0.5564304461942258,0.5365853658536586,0.4375
1844,,0.36666666666666664,0.5257731958762887,0.5564304461942258,0.5365853658536586,0.4375
1845,,0.36666666666666664,0.5257731958762887,0.5549738219895288,0.5352798053527981,0.4375
1846,,0.36666666666666664,0.5257731958762887,0.5549738219895288,0.5352798053527981,0.4375
1847,,0.36666666666666664,0.5257731958762887,0.556135770234987,0.5364077669902912,0.4375
1848,,0.36666666666666664,0.5257731958762887,0.556135770234987,0.5364077669902912,0.4375
1849,,0.36666666666666664,0.5257731958762887,0.556135770234987,0.5364077669902912,0.4375
1850,,0.36666666666666664,0.5257731958762887,0.556135770234987,0.5364077669902912,0.4375
1851,,0.36666666666666664,0.5257731958762887,0.556135770234987,0.5364077669902912,0.4375
1852,,0.36666666666666664,0.5257731958762887,0.556135770234987,0.5364077669902912,0.4375
1853,,0.36666666666666664,0.5204081632653061,0.556135770234987,0.5351089588377724,0.4375
1854,,0.36666666666666664,0.5204081632653061,0.5572916666666666,0.5362318840579711,0.4375
1855,,0.36666666666666664,0.5204081632653061,0.5572916666666666,0.5362318840579711,0.4375
1856,,0.36666666666666664,0.5204081632653061,0.5572916666666666,0.5362318840579711,0.4375
1857,,0.36666666666666664,0.5204081632653061,0.5572916666666666,0.5362318840579711,0.4375
1858,,0.36666666666666664,0.5204081632653061,0.5558441558441558,0.5349397590361445,0.4375
1859,,0.36666666666666664,0.5204081632653061,0.5558441558441558,0.5349397590361445,0.4329896907216495
1860,,0.36666666666666664,0.5204081632653061,0.5558441558441558,0.5349397590361445,0.4329896907216495
1861,,0.36666666666666664,0.5204081632653061,0.5558441558441558,0.5349397590361445,0.4329896907216495
1862,,0.36666666666666664,0.5204081632653061,0.5558441558441558,0.5349397590361445,0.4329896907216495
1863,,0.36666666666666664,0.5204081632653061,0.5558441558441558,0.5349397590361445,0.4329896907216495
1864,,0.36666666666666664,0.5204081632653061,0.5558441558441558,0.5349397590361445,0.4329896907216495
1865,,0.36065573770491804,0.5151515151515151,0.5544041450777202,0.5336538461538461,0.4329896907216495
1866,,0.3548387096774194,0.5151515151515151,0.5544041450777202,0.5336538461538461,0.4329896907216495
1867,,0.3548387096774194,0.5151515151515151,0.5544041450777202,0.5336538461538461,0.4329896907216495
1868,,0.3548387096774194,0.51,0.5529715762273901,0.5323741007194245,0.4329896907216495
1869,,0.3548387096774194,0.51,0.5529715762273901,0.5323741007194245,0.4329896907216495
1870,,0.3548387096774194,0.51,0.5529715762273901,0.5323741007194245,0.4329896907216495
1871,,0.3548387096774194,0.51,0.5515463917525774,0.5311004784688995,0.4329896907216495
1872,,0.3548387096774194,0.51,0.5515463917525774,0.5311004784688995,0.4329896907216495
1873,,0.3548387096774194,0.51,0.5515463917525774,0.5311004784688995,0.4329896907216495
1874,,0.3492063492063492,0.51,0.5501285347043702,0.5298329355608592,0.4329896907216495
1875,,0.3492063492063492,0.51,0.5501285347043702,0.5298329355608592,0.4329896907216495
1876,,0.3492063492063492,0.51,0.5487179487179488,0.5285714285714286,0.4329896907216495
1877,,0.3492063492063492,0.51,0.5487179487179488,0.5285714285714286,0.4329896907216495
1878,,0.3492063492063492,0.51,0.5487179487179488,0.5285714285714286,0.4329896907216495
1879,,0.3492063492063492,0.51,0.5487179487179488,0.5285714285714286,0.4329896907216495
1880,,0.3492063492063492,0.51,0.5487179487179488,0.5285714285714286,0.4329896907216495
1881,,0.3492063492063492,0.51,0.5473145780051151,0.5273159144893111,0.4329896907216495
1882,,0.3492063492063492,0.51,0.5473145780051151,0.5273159144893111,0.4329896907216495
1883,,0.3492063492063492,0.51,0.548469387755102,0.5284360189573459,0.4329896907216495
1884,,0.3492063492063492,0.51,0.548469387755102,0.5284360189573459,0.4329896907216495
1885,,0.3492063492063492,0.51,0.549618320610687,0.5295508274231678,0.4329896907216495
1886,,0.3492063492063492,0.5148514851485149,0.549618320610687,0.5295508274231678,0.4329896907216495
1887,,0.3492063492063492,0.5148514851485149,0.549618320610687,0.5295508274231678,0.4329896907216495
1888,,0.3492063492063492,0.5148514851485149,0.549618320610687,0.5295508274231678,0.4329896907216495
1889,,0.3492063492063492,0.5148514851485149,0.549618320610687,0.5295508274231678,0.4329896907216495
1890,,0.34375,0.5148514851485149,0.549618320610687,0.5295508274231678,0.4329896907216495
1891,,0.34375,0.5148514851485149,0.549618320610687,0.5295508274231678,0.4329896907216495
1892,,0.34375,0.5148514851485149,0.5482233502538071,0.5283018867924528,0.4329896907216495
1893,,0.34375,0.5148514851485149,0.5482233502538071,0.5283018867924528,0.4329896907216495
1894,,0.34375,0.5148514851485149,0.5482233502538071,0.5283018867924528,0.4329896907216495
1895,,0.34375,0.5148514851485149,0.5482233502538071,0.5283018867924528,0.4329896907216495
1896,,0.34375,0.5148514851485149,0.5482233502538071,0.5283018867924528,0.42857142857142855
1897,,0.34375,0.5148514851485149,0.5482233502538071,0.5283018867924528,0.42857142857142855
1898,,0.34375,0.5098039215686274,0.5468354430379747,0.5270588235294118,0.42857142857142855
1899,,0.34375,0.5098039215686274,0.5454545454545454,0.5258215962441315,0.42857142857142855
1900,,0.35384615384615387,0.5098039215686274,0.5454545454545454,0.5258215962441315,0.42857142857142855
1901,,0.35384615384615387,0.5098039215686274,0.5454545454545454,0.5258215962441315,0.42857142857142855
1902,,0.35384615384615387,0.5098039215686274,0.5440806045340051,0.5245901639344263,0.42424242424242425
1903,,0.35384615384615387,0.5098039215686274,0.5440806045340051,0.5245901639344263,0.42424242424242425
1904,,0.35384615384615387,0.5098039215686274,0.5440806045340051,0.5245901639344263,0.42424242424242425
1905,,0.35384615384615387,0.5145631067961165,0.5440806045340051,0.5245901639344263,0.42424242424242425
1906,,0.35384615384615387,0.5145631067961165,0.5440806045340051,0.5245901639344263,0.42424242424242425
1907,,0.35384615384615387,0.5145631067961165,0.5440806045340051,0.5245901639344263,0.42424242424242425
1908,,0.35384615384615387,0.5145631067961165,0.542713567839196,0.5233644859813084,0.42424242424242425
1909,,0.35384615384615387,0.5145631067961165,0.542713567839196,0.5233644859813084,0.42424242424242425
1910,,0.35384615384615387,0.5145631067961165,0.542713567839196,0.5233644859813084,0.42424242424242425
1911,,0.35384615384615387,0.5145631067961165,0.542713567839196,0.5233644859813084,0.42424242424242425
1912,,0.36363636363636365,0.5145631067961165,0.542713567839196,0.5233644859813084,0.42424242424242425
1913,,0.36363636363636365,0.5145631067961165,0.542713567839196,0.5233644859813084,0.42424242424242425
1914,,0.36363636363636365,0.5145631067961165,0.543859649122807,0.5244755244755245,0.42424242424242425
1915,,0.36363636363636365,0.5096153846153846,0.5425,0.5232558139534884,0.42424242424242425
1916,,0.36363636363636365,0.5096153846153846,0.5411471321695761,0.5220417633410673,0.42424242424242425
1917,,0.36363636363636365,0.5096153846153846,0.5411471321695761,0.5208333333333334,0.42424242424242425
1918,,0.36363636363636365,0.5096153846153846,0.5398009950248757,0.5196304849884527,0.42424242424242425
1919,,0.36363636363636365,0.5096153846153846,0.5398009950248757,0.5196304849884527,0.42424242424242425
1920,,0.3582089552238806,0.5096153846153846,0.5384615384615384,0.5184331797235023,0.42424242424242425
1921,,0.3582089552238806,0.5096153846153846,0.5384615384615384,0.5184331797235023,0.42424242424242425
1922,,0.3582089552238806,0.5096153846153846,0.5384615384615384,0.5184331797235023,0.43
1923,,0.3582089552238806,0.5096153846153846,0.5384615384615384,0.5184331797235023,0.43
1924,,0.3582089552238806,0.5096153846153846,0.5384615384615384,0.5184331797235023,0.43
1925,,0.3582089552238806,0.5096153846153846,0.5384615384615384,0.5184331797235023,0.43
1926,,0.3582089552238806,0.5096153846153846,0.5371287128712872,0.5172413793103449,0.43
1927,,0.3582089552238806,0.5096153846153846,0.5371287128712872,0.5172413793103449,0.43
1928,,0.3582089552238806,0.5096153846153846,0.5358024691358024,0.5160550458715596,0.43
1929,,0.3582089552238806,0.5047619047619047,0.5358024691358024,0.5148741418764302,0.43
1930,,0.3582089552238806,0.5047619047619047,0.5358024691358024,0.5159817351598174,0.43
1931,,0.3582089552238806,0.5047619047619047,0.5358024691358024,0.5159817351598174,0.43
1932,,0.3582089552238806,0.5047619047619047,0.5358024691358024,0.5159817351598174,0.43
1933,,0.3582089552238806,0.5047619047619047,0.5358024691358024,0.5159817351598174,0.43
1934,,0.3582089552238806,0.5047619047619047,0.5358024691358024,0.5159817351598174,0.43
1935,,0.3582089552238806,0.5047619047619047,0.5358024691358024,0.5148063781321185,0.43
1936,,0.3582089552238806,0.5047619047619047,0.5358024691358024,0.5148063781321185,0.43
1937,,0.3582089552238806,0.5047619047619047,0.5358024691358024,0.5148063781321185,0.43
1938,,0.3582089552238806,0.5047619047619047,0.5369458128078818,0.5159090909090909,0.43
1939,,0.3582089552238806,0.5047619047619047,0.5369458128078818,0.5159090909090909,0.43
1940,,0.3582089552238806,0.5047619047619047,0.5369458128078818,0.5159090909090909,0.43
1941,,0.3582089552238806,0.5047619047619047,0.5369458128078818,0.5159090909090909,0.43
1942,,0.3582089552238806,0.5047619047619047,0.5369458128078818,0.5159090909090909,0.43
1943,,0.3582089552238806,0.5047619047619047,0.5369458128078818,0.5159090909090909,0.43
1944,,0.3582089552238806,0.5047619047619047,0.5369458128078818,0.5159090909090909,0.43
1945,,0.3582089552238806,0.5047619047619047,0.5369458128078818,0.5159090909090909,0.43
1946,,0.3582089552238806,0.5047619047619047,0.5369458128078818,0.5159090909090909,0.43
1947,,0.3582089552238806,0.5047619047619047,0.5369458128078818,0.5159090909090909,0.43
1948,,0.3582089552238806,0.5047619047619047,0.5369458128078818,0.5159090909090909,0.43
1949,,0.3582089552238806,0.5047619047619047,0.5369458128078818,0.5159090909090909,0.43
1950,,0.3582089552238806,0.5047619047619047,0.5369458128078818,0.5159090909090909,0.43
1951,,0.3582089552238806,0.5047619047619047,0.5369458128078818,0.5159090909090909,0.42574257425742573
1952,,0.3582089552238806,0.5047619047619047,0.5369458128078818,0.5159090909090909,0.42574257425742573
1953,,0.3582089552238806,0.5047619047619047,0.5369458128078818,0.5159090909090909,0.42574257425742573
1954,,0.3582089552238806,0.5047619047619047,0.5369458128078818,0.5159090909090909,0.42574257425742573
1955,,0.3582089552238806,0.5047619047619047,0.5369458128078818,0.5159090909090909,0.42574257425742573
1956,,0.35294117647058826,0.5047619047619047,0.5356265356265356,0.5147392290249433,0.42574257425742573
1957,,0.35294117647058826,0.5047619047619047,0.5356265356265356,0.5147392290249433,0.42574257425742573
1958,,0.35294117647058826,0.5,0.5356265356265356,0.5147392290249433,0.42574257425742573
1959,,0.35294117647058826,0.5,0.5356265356265356,0.5147392290249433,0.42574257425742573
1960,,0.35294117647058826,0.5,0.5356265356265356,0.5147392290249433,0.42574257425742573
1961,,0.34782608695652173,0.5,0.5356265356265356,0.5147392290249433,0.42574257425742573
1962,,0.35714285714285715,0.5,0.5367647058823529,0.5158371040723982,0.42574257425742573
1963,,0.35714285714285715,0.5,0.5367647058823529,0.5158371040723982,0.42574257425742573
1964,,0.35714285714285715,0.5,0.5367647058823529,0.5158371040723982,0.42574257425742573
1965,,0.35714285714285715,0.5,0.5367647058823529,0.5158371040723982,0.42574257425742573
1966,,0.35714285714285715,0.5,0.5367647058823529,0.5158371040723982,0.42574257425742573
1967,,0.35714285714285715,0.5,0.5367647058823529,0.5158371040723982,0.42574257425742573
1968,,0.35714285714285715,0.5,0.5367647058823529,0.5158371040723982,0.42574257425742573
1969,,0.35714285714285715,0.5,0.5367647058823529,0.5158371040723982,0.42574257425742573
1970,,0.35714285714285715,0.5,0.5367647058823529,0.5158371040723982,0.4215686274509804
1971,,0.35714285714285715,0.5,0.5367647058823529,0.5158371040723982,0.4215686274509804
1972,,0.35714285714285715,0.5,0.5367647058823529,0.5158371040723982,0.4215686274509804
1973,,0.35714285714285715,0.5,0.5367647058823529,0.5158371040723982,0.4215686274509804
1974,,0.35714285714285715,0.5,0.5367647058823529,0.5158371040723982,0.4215686274509804
1975,,0.35714285714285715,0.5,0.5367647058823529,0.5158371040723982,0.4215686274509804
1976,,0.35714285714285715,0.5,0.5367647058823529,0.5158371040723982,0.4215686274509804
1977,,0.35714285714285715,0.5,0.5354523227383863,0.5158371040723982,0.4215686274509804
1978,,0.352112676056338,0.5,0.5341463414634147,0.5146726862302483,0.4215686274509804
1979,,0.352112676056338,0.5,0.5341463414634147,0.5146726862302483,0.4215686274509804
1980,,0.352112676056338,0.5,0.5341463414634147,0.5146726862302483,0.4215686274509804
1981,,0.352112676056338,0.5,0.5341463414634147,0.5146726862302483,0.4215686274509804
1982,,0.352112676056338,0.5,0.5341463414634147,0.5146726862302483,0.4215686274509804
1983,,0.352112676056338,0.5,0.5341463414634147,0.5146726862302483,0.4215686274509804
1984,,0.352112676056338,0.5,0.5352798053527981,0.5157657657657657,0.4215686274509804
1985,,0.352112676056338,0.5,0.5339805825242718,0.5146067415730337,0.4215686274509804
1986,,0.352112676056338,0.5,0.5339805825242718,0.5146067415730337,0.4215686274509804
1987,,0.352112676056338,0.5,0.5339805825242718,0.5146067415730337,0.4215686274509804
1988,,0.352112676056338,0.5,0.5339805825242718,0.5146067415730337,0.4215686274509804
1989,,0.352112676056338,0.5,0.5339805825242718,0.5146067415730337,0.4215686274509804
1990,,0.352112676056338,0.5,0.5339805825242718,0.5146067415730337,0.4215686274509804
1991,,0.352112676056338,0.5,0.5339805825242718,0.5146067415730337,0.4215686274509804
1992,,0.352112676056338,0.5,0.5339805825242718,0.5146067415730337,0.42718446601941745
1993,,0.352112676056338,0.5,0.5339805825242718,0.5146067415730337,0.42718446601941745
1994,,0.352112676056338,0.5,0.5351089588377724,0.515695067264574,0.42718446601941745
1995,,0.352112676056338,0.5,0.5351089588377724,0.515695067264574,0.42718446601941745
1996,,0.352112676056338,0.5,0.5351089588377724,0.515695067264574,0.42718446601941745
1997,,0.352112676056338,0.5,0.5351089588377724,0.515695067264574,0.42718446601941745
1998,,0.352112676056338,0.5,0.5351089588377724,0.515695067264574,0.42718446601941745
1999,,0.352112676056338,0.5,0.5351089588377724,0.515695067264574,0.42718446601941745
2000,,0.352112676056338,0.5,0.5351089588377724,0.515695067264574,0.42718446601941745
2001,,0.352112676056338,0.5,0.5351089588377724,0.515695067264574,0.42718446601941745
2002,,0.352112676056338,0.5,0.5351089588377724,0.515695067264574,0.42718446601941745
2003,,0.352112676056338,0.5,0.5351089588377724,0.515695067264574,0.42718446601941745
2004,,0.352112676056338,0.5,0.5351089588377724,0.515695067264574,0.42718446601941745
2005,,0.3611111111111111,0.5,0.5351089588377724,0.515695067264574,0.42718446601941745
2006,,0.3611111111111111,0.5,0.5351089588377724,0.515695067264574,0.42718446601941745
2007,,0.3611111111111111,0.5,0.5351089588377724,0.515695067264574,0.42718446601941745
2008,,0.3611111111111111,0.5,0.5351089588377724,0.515695067264574,0.42718446601941745
2009,,0.3611111111111111,0.5,0.5351089588377724,0.515695067264574,0.42718446601941745
2010,,0.3611111111111111,0.5,0.533816425120773,0.5145413870246085,0.42718446601941745
2011,,0.3611111111111111,0.5,0.533816425120773,0.5145413870246085,0.42718446601941745
2012,,0.3611111111111111,0.5,0.5325301204819277,0.5133928571428571,0.42718446601941745
2013,,0.3611111111111111,0.5,0.5325301204819277,0.5133928571428571,0.42718446601941745
2014,,0.3611111111111111,0.5,0.5325301204819277,0.5133928571428571,0.42718446601941745
2015,,0.3611111111111111,0.5,0.5325301204819277,0.5133928571428571,0.42718446601941745
2016,,0.3611111111111111,0.5,0.5325301204819277,0.5133928571428571,0.42718446601941745
2017,,0.3611111111111111,0.5,0.5325301204819277,0.5133928571428571,0.42718446601941745
2018,,0.3611111111111111,0.5,0.53125,0.512249443207127,0.4230769230769231
2019,,0.3611111111111111,0.5,0.53125,0.512249443207127,0.4230769230769231
2020,,0.3611111111111111,0.5,0.53125,0.512249443207127,0.4230769230769231
2021,,0.3611111111111111,0.5,0.53125,0.512249443207127,0.4230769230769231
2022,,0.3611111111111111,0.5,0.53125,0.512249443207127,0.4230769230769231
2023,,0.3611111111111111,0.5,0.53125,0.512249443207127,0.4230769230769231
2024,,0.3611111111111111,0.5,0.5299760191846523,0.5111111111111111,0.4230769230769231
2025,,0.3611111111111111,0.5,0.5299760191846523,0.5111111111111111,0.4230769230769231
2026,,0.3611111111111111,0.5,0.5299760191846523,0.5111111111111111,0.4230769230769231
2027,,0.3611111111111111,0.5046728971962616,0.5311004784688995,0.5121951219512195,0.4230769230769231
2028,,0.3611111111111111,0.5046728971962616,0.5311004784688995,0.5121951219512195,0.4230769230769231
2029,,0.3611111111111111,0.5046728971962616,0.5311004784688995,0.5121951219512195,0.4230769230769231
2030,,0.3611111111111111,0.5046728971962616,0.5298329355608592,0.5110619469026548,0.4230769230769231
2031,,0.3611111111111111,0.5046728971962616,0.5298329355608592,0.5110619469026548,0.41904761904761906
2032,,0.3611111111111111,0.5092592592592593,0.530952380952381,0.5121412803532008,0.41904761904761906
2033,,0.3611111111111111,0.5092592592592593,0.530952380952381,0.5121412803532008,0.41904761904761906
2034,,0.3611111111111111,0.5092592592592593,0.530952380952381,0.5121412803532008,0.41904761904761906
2035,,0.3611111111111111,0.5092592592592593,0.5320665083135392,0.513215859030837,0.41904761904761906
2036,,0.3611111111111111,0.5092592592592593,0.5320665083135392,0.513215859030837,0.41904761904761906
2037,,0.3611111111111111,0.5092592592592593,0.5320665083135392,0.513215859030837,0.41904761904761906
2038,,0.3611111111111111,0.5092592592592593,0.5320665083135392,0.513215859030837,0.41904761904761906
2039,,0.3611111111111111,0.5092592592592593,0.5308056872037915,0.512087912087912,0.41904761904761906
2040,,0.3611111111111111,0.5092592592592593,0.5319148936170213,0.5131578947368421,0.41904761904761906
2041,,0.3611111111111111,0.5045871559633027,0.5319148936170213,0.5131578947368421,0.41904761904761906
2042,,0.3611111111111111,0.5045871559633027,0.5319148936170213,0.5131578947368421,0.41904761904761906
2043,,0.3611111111111111,0.5045871559633027,0.5319148936170213,0.5131578947368421,0.41904761904761906
2044,,0.3611111111111111,0.5045871559633027,0.5319148936170213,0.5131578947368421,0.41904761904761906
2045,,0.3611111111111111,0.5045871559633027,0.5319148936170213,0.5131578947368421,0.41904761904761906
2046,,0.3611111111111111,0.5045871559633027,0.5319148936170213,0.5131578947368421,0.41904761904761906
2047,,0.3611111111111111,0.5045871559633027,0.5319148936170213,0.5142231947483589,0.41904761904761906
2048,,0.3611111111111111,0.5045871559633027,0.5319148936170213,0.5142231947483589,0.41904761904761906
2049,,0.3611111111111111,0.5045871559633027,0.5319148936170213,0.5142231947483589,0.41904761904761906
2050,,0.3611111111111111,0.5045871559633027,0.5330188679245284,0.5152838427947598,0.41904761904761906
2051,,0.3611111111111111,0.5045871559633027,0.5341176470588235,0.5163398692810458,0.41904761904761906
2052,,0.3611111111111111,0.5045871559633027,0.5341176470588235,0.5163398692810458,0.41904761904761906
2053,,0.3611111111111111,0.5045871559633027,0.5341176470588235,0.5163398692810458,0.41904761904761906
2054,,0.3611111111111111,0.5045871559633027,0.5341176470588235,0.5163398692810458,0.41904761904761906
2055,,0.3611111111111111,0.5045871559633027,0.5341176470588235,0.5163398692810458,0.41904761904761906
2056,,0.3611111111111111,0.5045871559633027,0.5341176470588235,0.5163398692810458,0.41904761904761906
2057,,0.3611111111111111,0.5045871559633027,0.5341176470588235,0.5163398692810458,0.41904761904761906
2058,,0.3611111111111111,0.5045871559633027,0.5341176470588235,0.5163398692810458,0.41904761904761906
2059,,0.3611111111111111,0.5045871559633027,0.5328638497652582,0.5152173913043478,0.41904761904761906
2060,,0.3611111111111111,0.5045871559633027,0.5328638497652582,0.5152173913043478,0.41904761904761906
2061,,0.3611111111111111,0.5045871559633027,0.5328638497652582,0.5152173913043478,0.41904761904761906
2062,,0.3611111111111111,0.5045871559633027,0.5328638497652582,0.5152173913043478,0.41904761904761906
2063,,0.3611111111111111,0.5045871559633027,0.5328638497652582,0.5152173913043478,0.41904761904761906
2064,,0.3611111111111111,0.5045871559633027,0.5328638497652582,0.5152173913043478,0.41904761904761906
2065,,0.3611111111111111,0.5045871559633027,0.5328638497652582,0.5152173913043478,0.41904761904761906
2066,,0.3611111111111111,0.5045871559633027,0.5328638497652582,0.5152173913043478,0.42452830188679247
2067,,0.3611111111111111,0.5045871559633027,0.5328638497652582,0.5152173913043478,0.42452830188679247
2068,,0.3611111111111111,0.5045871559633027,0.5328638497652582,0.5152173913043478,0.42452830188679247
2069,,0.3611111111111111,0.5045871559633027,0.5328638497652582,0.5152173913043478,0.42452830188679247
2070,,0.3611111111111111,0.5045871559633027,0.5328638497652582,0.5152173913043478,0.42452830188679247
2071,,0.3611111111111111,0.5045871559633027,0.5328638497652582,0.5152173913043478,0.42452830188679247
2072,,0.3611111111111111,0.5045871559633027,0.5328638497652582,0.5152173913043478,0.42452830188679247
2073,,0.3611111111111111,0.5045871559633027,0.5328638497652582,0.5162689804772235,0.42452830188679247
2074,,0.3611111111111111,0.5045871559633027,0.5328638497652582,0.5162689804772235,0.42452830188679247
2075,,0.3611111111111111,0.5045871559633027,0.5339578454332553,0.5173160173160173,0.42452830188679247
2076,,0.3611111111111111,0.5045871559633027,0.5339578454332553,0.5173160173160173,0.42452830188679247
2077,,0.3611111111111111,0.5045871559633027,0.5327102803738317,0.5161987041036717,0.42452830188679247
2078,,0.3611111111111111,0.5045871559633027,0.5327102803738317,0.5161987041036717,0.42452830188679247
2079,,0.3611111111111111,0.5045871559633027,0.5327102803738317,0.5161987041036717,0.42452830188679247
2080,,0.3611111111111111,0.5045871559633027,0.5327102803738317,0.5161987041036717,0.42452830188679247
2081,,0.3611111111111111,0.5045871559633027,0.5314685314685315,0.5150862068965517,0.42452830188679247
2082,,0.3611111111111111,0.5045871559633027,0.5314685314685315,0.5150862068965517,0.42452830188679247
2083,,0.3611111111111111,0.5045871559633027,0.5302325581395348,0.513978494623656,0.4205607476635514
2084,,0.3611111111111111,0.5045871559633027,0.5302325581395348,0.513978494623656,0.4205607476635514
2085,,0.3611111111111111,0.5045871559633027,0.5302325581395348,0.513978494623656,0.4205607476635514
2086,,0.3611111111111111,0.5045871559633027,0.5302325581395348,0.513978494623656,0.4205607476635514
2087,,0.3611111111111111,0.5045871559633027,0.5290023201856149,0.5128755364806867,0.4205607476635514
2088,,0.3611111111111111,0.5045871559633027,0.5290023201856149,0.5128755364806867,0.4205607476635514
2089,,0.3611111111111111,0.5045871559633027,0.5290023201856149,0.5128755364806867,0.4205607476635514
2090,,0.3611111111111111,0.5045871559633027,0.5290023201856149,0.5128755364806867,0.4205607476635514
2091,,0.3611111111111111,0.5045871559633027,0.5290023201856149,0.5128755364806867,0.4205607476635514
2092,,0.3611111111111111,0.5045871559633027,0.5290023201856149,0.5128755364806867,0.42592592592592593
2093,,0.3611111111111111,0.5045871559633027,0.5290023201856149,0.5128755364806867,0.42592592592592593
2094,,0.3611111111111111,0.5045871559633027,0.5290023201856149,0.5128755364806867,0.43119266055045874
2095,,0.3611111111111111,0.5045871559633027,0.5277777777777778,0.5117773019271948,0.43119266055045874
2096,,0.3611111111111111,0.5045871559633027,0.5277777777777778,0.5117773019271948,0.43119266055045874
2097,,0.3611111111111111,0.5045871559633027,0.5277777777777778,0.5117773019271948,0.43119266055045874
2098,,0.3611111111111111,0.5045871559633027,0.5277777777777778,0.5117773019271948,0.43119266055045874
2099,,0.3611111111111111,0.5045871559633027,0.5277777777777778,0.5117773019271948,0.43119266055045874
2100,,0.3611111111111111,0.5045871559633027,0.5265588914549654,0.5106837606837606,0.43119266055045874
2101,,0.3611111111111111,0.5045871559633027,0.5265588914549654,0.5106837606837606,0.43119266055045874
2102,,0.3611111111111111,0.5045871559633027,0.5253456221198156,0.509594882729211,0.43119266055045874
2103,,0.3611111111111111,0.5045871559633027,0.5253456221198156,0.509594882729211,0.43119266055045874
2104,,0.3611111111111111,0.5045871559633027,0.5241379310344828,0.5085106382978724,0.43119266055045874
2105,,0.3611111111111111,0.5045871559633027,0.5241379310344828,0.5085106382978724,0.43119266055045874
2106,,0.3611111111111111,0.5045871559633027,0.5241379310344828,0.5085106382978724,0.43119266055045874
2107,,0.3611111111111111,0.5045871559633027,0.5241379310344828,0.5085106382978724,0.43119266055045874
2108,,0.3611111111111111,0.5045871559633027,0.5241379310344828,0.5085106382978724,0.43119266055045874
2109,,0.3611111111111111,0.5045871559633027,0.5241379310344828,0.5085106382978724,0.43119266055045874
2110,,0.3611111111111111,0.5045871559633027,0.5241379310344828,0.5085106382978724,0.43636363636363634
2111,,0.3611111111111111,0.5045871559633027,0.5241379310344828,0.5085106382978724,0.43636363636363634
2112,,0.3611111111111111,0.5045871559633027,0.5241379310344828,0.5085106382978724,0.43636363636363634
2113,,0.3611111111111111,0.5045871559633027,0.5241379310344828,0.5085106382978724,0.43636363636363634
2114,,0.3611111111111111,0.5045871559633027,0.5241379310344828,0.5085106382978724,0.43636363636363634
2115,,0.3611111111111111,0.5045871559633027,0.5252293577981652,0.5095541401273885,0.43636363636363634
2116,,0.3611111111111111,0.5045871559633027,0.5252293577981652,0.5095541401273885,0.43636363636363634
2117,,0.3611111111111111,0.5045871559633027,0.5263157894736842,0.510593220338983,0.43636363636363634
2118,,0.3611111111111111,0.5045871559633027,0.5263157894736842,0.510593220338983,0.43636363636363634
2119,,0.3611111111111111,0.5045871559633027,0.5263157894736842,0.510593220338983,0.43636363636363634
2120,,0.3611111111111111,0.5045871559633027,0.5263157894736842,0.510593220338983,0.43636363636363634
2121,,0.3611111111111111,0.5045871559633027,0.5263157894736842,0.510593220338983,0.43636363636363634
2122,,0.3611111111111111,0.5045871559633027,0.5263157894736842,0.510593220338983,0.43636363636363634
2123,,0.3611111111111111,0.5045871559633027,0.5263157894736842,0.510593220338983,0.43636363636363634
2124,,0.3561643835616438,0.5045871559633027,0.5251141552511416,0.5095137420718816,0.43636363636363634
2125,,0.3561643835616438,0.5045871559633027,0.5251141552511416,0.5095137420718816,0.43636363636363634
2126,,0.3561643835616438,0.5045871559633027,0.5251141552511416,0.5095137420718816,0.43636363636363634
2127,,0.3561643835616438,0.5045871559633027,0.5251141552511416,0.5095137420718816,0.43636363636363634
2128,,0.3561643835616438,0.5045871559633027,0.5251141552511416,0.5095137420718816,0.43636363636363634
2129,,0.3561643835616438,0.5045871559633027,0.5251141552511416,0.5095137420718816,0.43636363636363634
2130,,0.3561643835616438,0.5045871559633027,0.5251141552511416,0.5095137420718816,0.43636363636363634
2131,,0.3561643835616438,0.5045871559633027,0.5251141552511416,0.5095137420718816,0.43636363636363634
2132,,0.3561643835616438,0.5045871559633027,0.5251141552511416,0.5095137420718816,0.43636363636363634
2133,,0.3561643835616438,0.5045871559633027,0.5251141552511416,0.5095137420718816,0.43636363636363634
2134,,0.3561643835616438,0.5045871559633027,0.5251141552511416,0.5095137420718816,0.43636363636363634
2135,,0.3561643835616438,0.5045871559633027,0.5251141552511416,0.5095137420718816,0.43636363636363634
2136,,0.3561643835616438,0.5045871559633027,0.5251141552511416,0.5095137420718816,0.43636363636363634
2137,,0.3561643835616438,0.5045871559633027,0.5251141552511416,0.5095137420718816,0.43636363636363634
2138,,0.3561643835616438,0.5045871559633027,0.5251141552511416,0.5095137420718816,0.43636363636363634
2139,,0.35135135135135137,0.5045871559633027,0.5251141552511416,0.5095137420718816,0.43636363636363634
2140,,0.35135135135135137,0.5045871559633027,0.5251141552511416,0.5095137420718816,0.43636363636363634
2141,,0.35135135135135137,0.5045871559633027,0.5251141552511416,0.5095137420718816,0.43636363636363634
2142,,0.35135135135135137,0.5045871559633027,0.5251141552511416,0.5095137420718816,0.43636363636363634
2143,,0.36,0.5045871559633027,0.5251141552511416,0.5095137420718816,0.43636363636363634
2144,,0.36,0.5045871559633027,0.5251141552511416,0.5095137420718816,0.43243243243243246
2145,,0.36,0.5045871559633027,0.5239179954441914,0.5084388185654009,0.43243243243243246
2146,,0.36,0.5045871559633027,0.525,0.5094736842105263,0.43243243243243246
2147,,0.36,0.5045871559633027,0.525,0.5094736842105263,0.43243243243243246
2148,,0.36,0.5045871559633027,0.525,0.5094736842105263,0.43243243243243246
2149,,0.36,0.5045871559633027,0.5238095238095238,0.5094736842105263,0.43243243243243246
2150,,0.36,0.5045871559633027,0.5238095238095238,0.5094736842105263,0.43243243243243246
2151,,0.36,0.5045871559633027,0.5238095238095238,0.5094736842105263,0.43243243243243246
2152,,0.36,0.5045871559633027,0.5238095238095238,0.5094736842105263,0.43243243243243246
2153,,0.36,0.5045871559633027,0.5238095238095238,0.5094736842105263,0.43243243243243246
2154,,0.36,0.5045871559633027,0.5226244343891403,0.5084033613445378,0.42857142857142855
2155,,0.36,0.5045871559633027,0.5226244343891403,0.5084033613445378,0.42857142857142855
2156,,0.36,0.5045871559633027,0.5226244343891403,0.5084033613445378,0.42857142857142855
2157,,0.3684210526315789,0.5045871559633027,0.5226244343891403,0.5084033613445378,0.42857142857142855
2158,,0.3684210526315789,0.5045871559633027,0.5226244343891403,0.5094339622641509,0.42857142857142855
2159,,0.3684210526315789,0.5045871559633027,0.5226244343891403,0.5094339622641509,0.42857142857142855
2160,,0.3684210526315789,0.5045871559633027,0.5226244343891403,0.5094339622641509,0.42857142857142855
2161,,0.3684210526315789,0.5045871559633027,0.5226244343891403,0.5094339622641509,0.4336283185840708
2162,,0.3684210526315789,0.5045871559633027,0.5226244343891403,0.5094339622641509,0.4336283185840708
2163,,0.3684210526315789,0.5045871559633027,0.5226244343891403,0.5094339622641509,0.4336283185840708
2164,,0.3684210526315789,0.5045871559633027,0.5226244343891403,0.5094339622641509,0.4336283185840708
2165,,0.3684210526315789,0.5045871559633027,0.5226244343891403,0.5094339622641509,0.4336283185840708
2166,,0.3684210526315789,0.5045871559633027,0.5226244343891403,0.5094339622641509,0.4336283185840708
2167,,0.3684210526315789,0.5045871559633027,0.5237020316027088,0.5104602510460251,0.4336283185840708
2168,,0.3684210526315789,0.5045871559633027,0.5237020316027088,0.5104602510460251,0.4336283185840708
2169,,0.3684210526315789,0.5045871559633027,0.5237020316027088,0.5104602510460251,0.4336283185840708
2170,,0.3684210526315789,0.5045871559633027,0.5237020316027088,0.5104602510460251,0.4336283185840708
2171,,0.3684210526315789,0.5045871559633027,0.5237020316027088,0.5104602510460251,0.4336283185840708
2172,,0.3684210526315789,0.5045871559633027,0.5237020316027088,0.5104602510460251,0.4336283185840708
2173,,0.3684210526315789,0.5045871559633027,0.5237020316027088,0.5104602510460251,0.4336283185840708
2174,,0.3684210526315789,0.5045871559633027,0.5225225225225225,0.5093945720250522,0.4336283185840708
2175,,0.3684210526315789,0.5045871559633027,0.5225225225225225,0.5093945720250522,0.4336283185840708
2176,,0.3684210526315789,0.5045871559633027,0.5225225225225225,0.5093945720250522,0.4336283185840708
2177,,0.3684210526315789,0.5045871559633027,0.5225225225225225,0.5093945720250522,0.4336283185840708
2178,,0.3684210526315789,0.5045871559633027,0.5225225225225225,0.5093945720250522,0.4336283185840708
2179,,0.3684210526315789,0.5045871559633027,0.5225225225225225,0.5093945720250522,0.4336283185840708
2180,,0.3684210526315789,0.5045871559633027,0.5235955056179775,0.5104166666666666,0.43859649122807015
2181,,0.3684210526315789,0.5045871559633027,0.5235955056179775,0.5104166666666666,0.43859649122807015
2182,,0.3684210526315789,0.5045871559633027,0.5235955056179775,0.5104166666666666,0.43478260869565216
2183,,0.3684210526315789,0.5045871559633027,0.5235955056179775,0.5104166666666666,0.43478260869565216
2184,,0.3684210526315789,0.5045871559633027,0.5235955056179775,0.5104166666666666,0.43478260869565216
2185,,0.3684210526315789,0.5045871559633027,0.5235955056179775,0.5104166666666666,0.43478260869565216
2186,,0.3684210526315789,0.5045871559633027,0.5235955056179775,0.5104166666666666,0.43478260869565216
2187,,0.37662337662337664,0.5045871559633027,0.5235955056179775,0.5104166666666666,0.4396551724137931
2188,,0.37662337662337664,0.5045871559633027,0.5246636771300448,0.5114345114345115,0.4396551724137931
2189,,0.37662337662337664,0.5045871559633027,0.5234899328859061,0.5103734439834025,0.4396551724137931
2190,,0.37662337662337664,0.5045871559633027,0.5234899328859061,0.5103734439834025,0.4358974358974359
2191,,0.37662337662337664,0.5045871559633027,0.5234899328859061,0.5103734439834025,0.4358974358974359
2192,,0.37662337662337664,0.5045871559633027,0.5234899328859061,0.5103734439834025,0.4358974358974359
2193,,0.37662337662337664,0.5045871559633027,0.5234899328859061,0.5103734439834025,0.4358974358974359
2194,,0.37662337662337664,0.5045871559633027,0.5234899328859061,0.5103734439834025,0.4358974358974359
2195,,0.37662337662337664,0.5045871559633027,0.5234899328859061,0.5103734439834025,0.4358974358974359
2196,,0.37662337662337664,0.5045871559633027,0.5234899328859061,0.5103734439834025,0.4358974358974359
2197,,0.37662337662337664,0.5045871559633027,0.5234899328859061,0.5103734439834025,0.4358974358974359
2198,,0.37662337662337664,0.5045871559633027,0.5245535714285714,0.5113871635610766,0.4358974358974359
2199,,0.37662337662337664,0.5045871559633027,0.5245535714285714,0.5113871635610766,0.4358974358974359
2200,,0.37662337662337664,0.5045871559633027,0.5233853006681515,0.5103305785123967,0.4358974358974359
2201,,0.37662337662337664,0.5045871559633027,0.5233853006681515,0.5103305785123967,0.4358974358974359
2202,,0.37662337662337664,0.5045871559633027,0.5222222222222223,0.5092783505154639,0.4358974358974359
2203,,0.37662337662337664,0.5045871559633027,0.5222222222222223,0.5092783505154639,0.4358974358974359
2204,,0.37662337662337664,0.5045871559633027,0.5222222222222223,0.5092783505154639,0.4358974358974359
2205,,0.37662337662337664,0.5,0.5222222222222223,0.5092783505154639,0.4358974358974359
2206,,0.37662337662337664,0.5,0.5232815964523282,0.5102880658436214,0.4358974358974359
2207,,0.37662337662337664,0.5,0.5232815964523282,0.5102880658436214,0.4358974358974359
2208,,0.37662337662337664,0.5,0.5232815964523282,0.5102880658436214,0.4358974358974359
2209,,0.37662337662337664,0.5,0.5232815964523282,0.5102880658436214,0.4358974358974359
2210,,0.37662337662337664,0.5,0.5232815964523282,0.5102880658436214,0.4358974358974359
2211,,0.37662337662337664,0.5,0.5232815964523282,0.5102880658436214,0.4358974358974359
2212,,0.3717948717948718,0.5,0.5221238938053098,0.5092402464065708,0.4358974358974359
2213,,0.3717948717948718,0.5,0.5221238938053098,0.5092402464065708,0.4358974358974359
2214,,0.3717948717948718,0.5,0.5221238938053098,0.5092402464065708,0.4358974358974359
2215,,0.3717948717948718,0.5,0.5221238938053098,0.5092402464065708,0.4358974358974359
2216,,0.3717948717948718,0.5,0.5221238938053098,0.5092402464065708,0.4358974358974359
2217,,0.3717948717948718,0.5,0.5221238938053098,0.5092402464065708,0.4358974358974359
2218,,0.3717948717948718,0.5,0.5231788079470199,0.5102459016393442,0.4358974358974359
2219,,0.3717948717948718,0.5,0.5231788079470199,0.5102459016393442,0.4358974358974359
2220,,0.3717948717948718,0.5,0.5231788079470199,0.5102459016393442,0.4358974358974359
2221,,0.3717948717948718,0.5,0.5231788079470199,0.5102459016393442,0.4358974358974359
2222,,0.3717948717948718,0.5,0.5231788079470199,0.5102459016393442,0.4358974358974359
2223,,0.3717948717948718,0.5,0.5242290748898678,0.5112474437627812,0.4358974358974359
2224,,0.3717948717948718,0.5,0.5242290748898678,0.5112474437627812,0.4358974358974359
2225,,0.3717948717948718,0.5,0.5242290748898678,0.5112474437627812,0.4358974358974359
2226,,0.3717948717948718,0.5,0.5242290748898678,0.5112474437627812,0.4358974358974359
2227,,0.3717948717948718,0.5,0.5242290748898678,0.5112474437627812,0.4358974358974359
2228,,0.3717948717948718,0.5,0.5242290748898678,0.5112474437627812,0.4358974358974359
2229,,0.3717948717948718,0.5,0.5242290748898678,0.5112474437627812,0.4358974358974359
2230,,0.3717948717948718,0.5,0.5242290748898678,0.5112474437627812,0.4358974358974359
2231,,0.3717948717948718,0.5,0.5242290748898678,0.5112474437627812,0.4358974358974359
2232,,0.3717948717948718,0.5,0.5242290748898678,0.5112474437627812,0.4358974358974359
2233,,0.3717948717948718,0.5,0.5242290748898678,0.5112474437627812,0.4406779661016949
2234,,0.3717948717948718,0.5,0.5230769230769231,0.5102040816326531,0.4406779661016949
2235,,0.3717948717948718,0.5,0.5230769230769231,0.5102040816326531,0.4406779661016949
2236,,0.3717948717948718,0.5,0.5230769230769231,0.5102040816326531,0.4406779661016949
2237,,0.3717948717948718,0.5,0.5230769230769231,0.5102040816326531,0.4406779661016949
2238,,0.3717948717948718,0.5,0.5230769230769231,0.5102040816326531,0.4406779661016949
2239,,0.3717948717948718,0.5,0.5230769230769231,0.5102040816326531,0.4406779661016949
2240,,0.3717948717948718,0.5,0.5230769230769231,0.5102040816326531,0.4406779661016949
2241,,0.3717948717948718,0.5,0.5230769230769231,0.5102040816326531,0.4406779661016949
2242,,0.3717948717948718,0.5,0.5230769230769231,0.5102040816326531,0.4369747899159664
2243,,0.3717948717948718,0.5045045045045045,0.5241228070175439,0.5112016293279023,0.4369747899159664
2244,,0.3717948717948718,0.5045045045045045,0.5241228070175439,0.5112016293279023,0.4369747899159664
2245,,0.3717948717948718,0.5045045045045045,0.5241228070175439,0.5112016293279023,0.4369747899159664
2246,,0.3717948717948718,0.5045045045045045,0.5241228070175439,0.5112016293279023,0.4369747899159664
2247,,0.3717948717948718,0.5045045045045045,0.5241228070175439,0.5112016293279023,0.4369747899159664
2248,,0.3717948717948718,0.5045045045045045,0.5241228070175439,0.5112016293279023,0.4369747899159664
2249,,0.3717948717948718,0.5089285714285714,0.5251641137855579,0.5121951219512195,0.4369747899159664
2250,,0.3717948717948718,0.5089285714285714,0.5240174672489083,0.5111561866125761,0.4369747899159664
2251,,0.3717948717948718,0.5089285714285714,0.5250544662309368,0.5121457489878543,0.4369747899159664
2252,,0.3717948717948718,0.504424778761062,0.5250544662309368,0.5121457489878543,0.4369747899159664
2253,,0.3717948717948718,0.504424778761062,0.5239130434782608,0.5111111111111111,0.4369747899159664
2254,,0.3717948717948718,0.504424778761062,0.5239130434782608,0.5111111111111111,0.4369747899159664
2255,,0.3717948717948718,0.504424778761062,0.5239130434782608,0.5111111111111111,0.4369747899159664
2256,,0.3717948717948718,0.504424778761062,0.5239130434782608,0.5111111111111111,0.4369747899159664
2257,,0.3717948717948718,0.504424778761062,0.5239130434782608,0.5111111111111111,0.4369747899159664
2258,,0.3717948717948718,0.504424778761062,0.5239130434782608,0.5111111111111111,0.4369747899159664
2259,,0.3717948717948718,0.504424778761062,0.5249457700650759,0.5120967741935484,0.4369747899159664
2260,,0.3717948717948718,0.504424778761062,0.5249457700650759,0.5120967741935484,0.4369747899159664
2261,,0.3717948717948718,0.504424778761062,0.5249457700650759,0.5120967741935484,0.4369747899159664
2262,,0.3717948717948718,0.504424778761062,0.5249457700650759,0.5120967741935484,0.4369747899159664
2263,,0.3717948717948718,0.504424778761062,0.5249457700650759,0.5120967741935484,0.4369747899159664
2264,,0.3717948717948718,0.504424778761062,0.5249457700650759,0.5120967741935484,0.4369747899159664
2265,,0.3717948717948718,0.504424778761062,0.5249457700650759,0.5120967741935484,0.4369747899159664
2266,,0.3717948717948718,0.504424778761062,0.5249457700650759,0.5120967741935484,0.4369747899159664
2267,,0.3717948717948718,0.504424778761062,0.5249457700650759,0.5120967741935484,0.4369747899159664
2268,,0.3717948717948718,0.504424778761062,0.5249457700650759,0.5120967741935484,0.4369747899159664
2269,,0.3717948717948718,0.504424778761062,0.5249457700650759,0.5120967741935484,0.4369747899159664
2270,,0.3717948717948718,0.504424778761062,0.5249457700650759,0.5120967741935484,0.4369747899159664
2271,,0.3717948717948718,0.504424778761062,0.5249457700650759,0.5120967741935484,0.4369747899159664
2272,,0.3717948717948718,0.504424778761062,0.5249457700650759,0.5120967741935484,0.4369747899159664
2273,,0.3717948717948718,0.504424778761062,0.5249457700650759,0.5120967741935484,0.4369747899159664
2274,,0.3717948717948718,0.504424778761062,0.5249457700650759,0.5120967741935484,0.4369747899159664
2275,,0.3717948717948718,0.5,0.5249457700650759,0.5120967741935484,0.4369747899159664
2276,,0.3717948717948718,0.5,0.5249457700650759,0.5120967741935484,0.4369747899159664
2277,,0.3717948717948718,0.5,0.5249457700650759,0.5120967741935484,0.4369747899159664
2278,,0.3717948717948718,0.5,0.5249457700650759,0.5120967741935484,0.4369747899159664
2279,,0.3717948717948718,0.5,0.5249457700650759,0.5120967741935484,0.4369747899159664
2280,,0.3717948717948718,0.5,0.5249457700650759,0.5120967741935484,0.4369747899159664
2281,,0.3717948717948718,0.5,0.5249457700650759,0.5120967741935484,0.4369747899159664
2282,,0.3717948717948718,0.5,0.5249457700650759,0.5120967741935484,0.4369747899159664
2283,,0.3717948717948718,0.5,0.5249457700650759,0.5120967741935484,0.4369747899159664
2284,,0.3717948717948718,0.5,0.5249457700650759,0.5120967741935484,0.4369747899159664
2285,,0.3717948717948718,0.5,0.5249457700650759,0.5120967741935484,0.4369747899159664
2286,,0.3717948717948718,0.5,0.525974025974026,0.5130784708249497,0.4369747899159664
2287,,0.3717948717948718,0.5,0.525974025974026,0.5130784708249497,0.43333333333333335
2288,,0.3717948717948718,0.5,0.525974025974026,0.5130784708249497,0.43333333333333335
2289,,0.3717948717948718,0.5,0.525974025974026,0.5130784708249497,0.43333333333333335
2290,,0.3717948717948718,0.5,0.525974025974026,0.5130784708249497,0.43333333333333335
2291,,0.3717948717948718,0.5,0.525974025974026,0.5130784708249497,0.43333333333333335
2292,,0.3717948717948718,0.5,0.525974025974026,0.5130784708249497,0.43333333333333335
2293,,0.3717948717948718,0.5,0.525974025974026,0.5130784708249497,0.43333333333333335
2294,,0.3717948717948718,0.5,0.525974025974026,0.5130784708249497,0.43333333333333335
2295,,0.3717948717948718,0.5,0.525974025974026,0.5130784708249497,0.43333333333333335
2296,,0.3717948717948718,0.5,0.525974025974026,0.5130784708249497,0.43333333333333335
2297,,0.3717948717948718,0.5,0.525974025974026,0.5130784708249497,0.4297520661157025
2298,,0.3717948717948718,0.5,0.5248380129589633,0.5120481927710844,0.4297520661157025
2299,,0.3717948717948718,0.5,0.5248380129589633,0.5120481927710844,0.4297520661157025
2300,,0.3717948717948718,0.5,0.5248380129589633,0.5120481927710844,0.4297520661157025
2301,,0.3717948717948718,0.5,0.5248380129589633,0.5120481927710844,0.4297520661157025
2302,,0.3717948717948718,0.5,0.5248380129589633,0.5120481927710844,0.4297520661157025
2303,,0.3717948717948718,0.5,0.5248380129589633,0.5120481927710844,0.4297520661157025
2304,,0.3717948717948718,0.5,0.5248380129589633,0.5120481927710844,0.4297520661157025
2305,,0.3717948717948718,0.5,0.5258620689655172,0.5130260521042084,0.4297520661157025
2306,,0.3717948717948718,0.5,0.524731182795699,0.512,0.4297520661157025
2307,,0.3717948717948718,0.5,0.5257510729613734,0.512,0.4297520661157025
2308,,0.3717948717948718,0.5,0.5267665952890792,0.5129740518962076,0.4297520661157025
2309,,0.3717948717948718,0.5,0.5267665952890792,0.5129740518962076,0.4262295081967213
2310,,0.3717948717948718,0.5,0.5267665952890792,0.5129740518962076,0.4262295081967213
2311,,0.3717948717948718,0.5,0.5267665952890792,0.5129740518962076,0.4262295081967213
2312,,0.3717948717948718,0.5043478260869565,0.5277777777777778,0.5139442231075697,0.4262295081967213
2313,,0.3717948717948718,0.5043478260869565,0.5277777777777778,0.5139442231075697,0.4262295081967213
2314,,0.3717948717948718,0.5043478260869565,0.5277777777777778,0.5139442231075697,0.43089430894308944
2315,,0.3717948717948718,0.5043478260869565,0.5277777777777778,0.5139442231075697,0.43089430894308944
2316,,0.3670886075949367,0.5043478260869565,0.5266524520255863,0.5129224652087475,0.43089430894308944
2317,,0.3670886075949367,0.5043478260869565,0.5266524520255863,0.5129224652087475,0.43089430894308944
2318,,0.3670886075949367,0.5043478260869565,0.5266524520255863,0.5129224652087475,0.43089430894308944
2319,,0.3670886075949367,0.5043478260869565,0.5266524520255863,0.5129224652087475,0.43089430894308944
2320,,0.3670886075949367,0.5043478260869565,0.5266524520255863,0.5129224652087475,0.43089430894308944
2321,,0.3670886075949367,0.5043478260869565,0.5266524520255863,0.5129224652087475,0.43089430894308944
2322,,0.3670886075949367,0.5043478260869565,0.5266524520255863,0.5129224652087475,0.43089430894308944
2323,,0.3670886075949367,0.5043478260869565,0.5266524520255863,0.5129224652087475,0.43089430894308944
2324,,0.3670886075949367,0.5043478260869565,0.5255319148936171,0.5119047619047619,0.43089430894308944
2325,,0.3670886075949367,0.5043478260869565,0.5255319148936171,0.5119047619047619,0.43089430894308944
2326,,0.3670886075949367,0.5,0.524416135881104,0.5108910891089109,0.43089430894308944
2327,,0.3670886075949367,0.5,0.524416135881104,0.5108910891089109,0.43089430894308944
2328,,0.3670886075949367,0.5042735042735043,0.524416135881104,0.5108910891089109,0.43089430894308944
2329,,0.3670886075949367,0.5042735042735043,0.524416135881104,0.5108910891089109,0.43089430894308944
2330,,0.3670886075949367,0.5042735042735043,0.5254237288135594,0.5118577075098815,0.43089430894308944
2331,,0.3670886075949367,0.5042735042735043,0.5254237288135594,0.5118577075098815,0.43089430894308944
2332,,0.3670886075949367,0.5042735042735043,0.5254237288135594,0.5118577075098815,0.4274193548387097
2333,,0.3670886075949367,0.5042735042735043,0.5254237288135594,0.5118577075098815,0.4274193548387097
2334,,0.3670886075949367,0.5042735042735043,0.5254237288135594,0.5118577075098815,0.4274193548387097
2335,,0.3670886075949367,0.5042735042735043,0.5254237288135594,0.5118577075098815,0.4274193548387097
2336,,0.3670886075949367,0.5042735042735043,0.5243128964059197,0.5108481262327417,0.4274193548387097
2337,,0.3670886075949367,0.5042735042735043,0.5243128964059197,0.5108481262327417,0.4274193548387097
2338,,0.3670886075949367,0.5042735042735043,0.5243128964059197,0.5108481262327417,0.4274193548387097
2339,,0.3670886075949367,0.5042735042735043,0.5243128964059197,0.5108481262327417,0.4274193548387097
2340,,0.3670886075949367,0.5042735042735043,0.5243128964059197,0.5108481262327417,0.4274193548387097
2341,,0.3670886075949367,0.5042735042735043,0.5243128964059197,0.5108481262327417,0.4274193548387097
2342,,0.3670886075949367,0.5042735042735043,0.5243128964059197,0.5108481262327417,0.4274193548387097
2343,,0.3625,0.5042735042735043,0.5243128964059197,0.5108481262327417,0.4274193548387097
2344,,0.3625,0.5042735042735043,0.5232067510548524,0.5098425196850394,0.4274193548387097
2345,,0.3625,0.5042735042735043,0.5232067510548524,0.5098425196850394,0.4274193548387097
2346,,0.3625,0.5042735042735043,0.5232067510548524,0.5098425196850394,0.4274193548387097
2347,,0.3625,0.5042735042735043,0.5232067510548524,0.5098425196850394,0.4274193548387097
2348,,0.3625,0.5042735042735043,0.5232067510548524,0.5098425196850394,0.4274193548387097
2349,,0.3625,0.5042735042735043,0.5232067510548524,0.5098425196850394,0.4274193548387097
2350,,0.3625,0.5042735042735043,0.5232067510548524,0.5098425196850394,0.4274193548387097
2351,,0.3625,0.5042735042735043,0.5232067510548524,0.5098425196850394,0.4274193548387097
2352,,0.3625,0.5042735042735043,0.5232067510548524,0.5098425196850394,0.4274193548387097
2353,,0.3625,0.5042735042735043,0.5232067510548524,0.5098425196850394,0.4274193548387097
2354,,0.3625,0.5042735042735043,0.5232067510548524,0.5098425196850394,0.4274193548387097
2355,,0.37037037037037035,0.5042735042735043,0.5232067510548524,0.5098425196850394,0.4274193548387097
2356,,0.37037037037037035,0.5042735042735043,0.5232067510548524,0.5098425196850394,0.4274193548387097
2357,,0.37037037037037035,0.5042735042735043,0.5232067510548524,0.5098425196850394,0.4274193548387097
2358,,0.37037037037037035,0.5042735042735043,0.5232067510548524,0.5098425196850394,0.4274193548387097
2359,,0.37037037037037035,0.5042735042735043,0.5232067510548524,0.5098425196850394,0.4274193548387097
2360,,0.37037037037037035,0.5042735042735043,0.5221052631578947,0.5088408644400786,0.4274193548387097
2361,,0.37037037037037035,0.5042735042735043,0.5221052631578947,0.5088408644400786,0.4274193548387097
2362,,0.37037037037037035,0.5042735042735043,0.5221052631578947,0.5088408644400786,0.4274193548387097
2363,,0.37037037037037035,0.5042735042735043,0.5221052631578947,0.5088408644400786,0.4274193548387097
2364,,0.37037037037037035,0.5042735042735043,0.5221052631578947,0.5088408644400786,0.4274193548387097
2365,,0.37037037037037035,0.5042735042735043,0.5221052631578947,0.5088408644400786,0.4274193548387097
2366,,0.37037037037037035,0.5042735042735043,0.5221052631578947,0.5088408644400786,0.4274193548387097
2367,,0.37037037037037035,0.5042735042735043,0.5221052631578947,0.5088408644400786,0.4274193548387097
2368,,0.37037037037037035,0.5042735042735043,0.5221052631578947,0.5088408644400786,0.4274193548387097
2369,,0.37037037037037035,0.5042735042735043,0.5221052631578947,0.5088408644400786,0.4274193548387097
2370,,0.37037037037037035,0.5042735042735043,0.5221052631578947,0.5088408644400786,0.4274193548387097
2371,,0.37037037037037035,0.5042735042735043,0.5221052631578947,0.5088408644400786,0.4274193548387097
2372,,0.37037037037037035,0.5042735042735043,0.5221052631578947,0.5088408644400786,0.4274193548387097
2373,,0.37037037037037035,0.5042735042735043,0.5221052631578947,0.5088408644400786,0.4274193548387097
2374,,0.37037037037037035,0.5042735042735043,0.5221052631578947,0.5088408644400786,0.4274193548387097
2375,,0.37037037037037035,0.5042735042735043,0.5210084033613446,0.5078431372549019,0.4274193548387097
2376,,0.37037037037037035,0.5042735042735043,0.519916142557652,0.5068493150684932,0.4274193548387097
2377,,0.37037037037037035,0.5084745762711864,0.5209205020920502,0.5078125,0.4274193548387097
2378,,0.37037037037037035,0.5084745762711864,0.5209205020920502,0.5078125,0.4274193548387097
2379,,0.37037037037037035,0.5084745762711864,0.5209205020920502,0.5078125,0.432
2380,,0.37037037037037035,0.5084745762711864,0.5209205020920502,0.5078125,0.432
2381,,0.37037037037037035,0.5084745762711864,0.5209205020920502,0.5078125,0.432
2382,,0.37037037037037035,0.5084745762711864,0.5209205020920502,0.5078125,0.432
2383,,0.37037037037037035,0.5042016806722689,0.5198329853862212,0.50682261208577,0.432
2384,,0.37037037037037035,0.5042016806722689,0.5198329853862212,0.50682261208577,0.432
2385,,0.37037037037037035,0.5042016806722689,0.5198329853862212,0.50682261208577,0.42857142857142855
2386,,0.37037037037037035,0.5042016806722689,0.5198329853862212,0.50682261208577,0.42857142857142855
2387,,0.37037037037037035,0.5042016806722689,0.5198329853862212,0.50682261208577,0.42857142857142855
2388,,0.37037037037037035,0.5042016806722689,0.5198329853862212,0.50682261208577,0.42857142857142855
2389,,0.37037037037037035,0.5042016806722689,0.5198329853862212,0.50682261208577,0.42857142857142855
2390,,0.37037037037037035,0.5042016806722689,0.5198329853862212,0.50682261208577,0.42857142857142855
2391,,0.37037037037037035,0.5042016806722689,0.5198329853862212,0.50682261208577,0.42857142857142855
2392,,0.37037037037037035,0.5083333333333333,0.5208333333333334,0.5077821011673151,0.42857142857142855
2393,,0.37037037037037035,0.5083333333333333,0.5208333333333334,0.5077821011673151,0.42857142857142855
2394,,0.37037037037037035,0.5083333333333333,0.5208333333333334,0.5077821011673151,0.4330708661417323
2395,,0.37037037037037035,0.5083333333333333,0.5197505197505198,0.5067961165048543,0.4330708661417323
2396,,0.37037037037037035,0.5083333333333333,0.5197505197505198,0.5067961165048543,0.4330708661417323
2397,,0.37037037037037035,0.5083333333333333,0.5197505197505198,0.5067961165048543,0.4330708661417323
2398,,0.37037037037037035,0.5083333333333333,0.5197505197505198,0.5067961165048543,0.4330708661417323
2399,,0.37037037037037035,0.5083333333333333,0.5197505197505198,0.5067961165048543,0.4330708661417323
2400,,0.36585365853658536,0.5083333333333333,0.5197505197505198,0.5067961165048543,0.4330708661417323
2401,,0.36585365853658536,0.5083333333333333,0.5197505197505198,0.5067961165048543,0.4330708661417323
2402,,0.36585365853658536,0.5083333333333333,0.5197505197505198,0.5067961165048543,0.4330708661417323
2403,,0.36585365853658536,0.5083333333333333,0.5197505197505198,0.5067961165048543,0.4330708661417323
2404,,0.36585365853658536,0.5083333333333333,0.5197505197505198,0.5067961165048543,0.4330708661417323
2405,,0.36585365853658536,0.5083333333333333,0.5197505197505198,0.5067961165048543,0.4330708661417323
2406,,0.36585365853658536,0.5083333333333333,0.5197505197505198,0.5067961165048543,0.4330708661417323
2407,,0.36585365853658536,0.5083333333333333,0.5197505197505198,0.5067961165048543,0.4330708661417323
2408,,0.36585365853658536,0.5083333333333333,0.520746887966805,0.5077519379844961,0.4330708661417323
2409,,0.36585365853658536,0.5083333333333333,0.520746887966805,0.5077519379844961,0.4330708661417323
2410,,0.36585365853658536,0.5083333333333333,0.520746887966805,0.5077519379844961,0.4330708661417323
2411,,0.36585365853658536,0.5083333333333333,0.520746887966805,0.5077519379844961,0.4330708661417323
2412,,0.36585365853658536,0.5083333333333333,0.520746887966805,0.5077519379844961,0.4330708661417323
2413,,0.36585365853658536,0.5083333333333333,0.520746887966805,0.5077519379844961,0.4330708661417323
2414,,0.36585365853658536,0.5083333333333333,0.520746887966805,0.5077519379844961,0.4330708661417323
2415,,0.36585365853658536,0.5083333333333333,0.520746887966805,0.5077519379844961,0.4330708661417323
2416,,0.36585365853658536,0.5083333333333333,0.520746887966805,0.5077519379844961,0.4330708661417323
2417,,0.36585365853658536,0.512396694214876,0.520746887966805,0.5087040618955513,0.4330708661417323
2418,,0.36585365853658536,0.512396694214876,0.5217391304347826,0.5096525096525096,0.4330708661417323
2419,,0.36585365853658536,0.512396694214876,0.5217391304347826,0.5096525096525096,0.4330708661417323
2420,,0.36585365853658536,0.512396694214876,0.5217391304347826,0.5096525096525096,0.4330708661417323
2421,,0.36585365853658536,0.512396694214876,0.5217391304347826,0.5096525096525096,0.4330708661417323
2422,,0.36585365853658536,0.512396694214876,0.5217391304347826,0.5096525096525096,0.4330708661417323
2423,,0.36585365853658536,0.512396694214876,0.5217391304347826,0.5096525096525096,0.4330708661417323
2424,,0.36585365853658536,0.512396694214876,0.5217391304347826,0.5096525096525096,0.4330708661417323
2425,,0.36585365853658536,0.512396694214876,0.5217391304347826,0.5096525096525096,0.4330708661417323
2426,,0.36585365853658536,0.512396694214876,0.5217391304347826,0.5096525096525096,0.4296875
2427,,0.36585365853658536,0.512396694214876,0.5206611570247934,0.5086705202312138,0.4296875
2428,,0.36585365853658536,0.512396694214876,0.5206611570247934,0.5086705202312138,0.4296875
2429,,0.36585365853658536,0.512396694214876,0.5206611570247934,0.5086705202312138,0.4296875
2430,,0.36585365853658536,0.512396694214876,0.5206611570247934,0.5086705202312138,0.4296875
2431,,0.36585365853658536,0.512396694214876,0.5206611570247934,0.5086705202312138,0.4296875
2432,,0.36585365853658536,0.512396694214876,0.5206611570247934,0.5086705202312138,0.4296875
2433,,0.36585365853658536,0.512396694214876,0.5206611570247934,0.5086705202312138,0.4296875
2434,,0.36585365853658536,0.512396694214876,0.5206611570247934,0.5086705202312138,0.4296875
2435,,0.3614457831325301,0.512396694214876,0.5206611570247934,0.5086705202312138,0.4296875
2436,,0.3614457831325301,0.512396694214876,0.5206611570247934,0.5086705202312138,0.4296875
2437,,0.3614457831325301,0.512396694214876,0.5206611570247934,0.5086705202312138,0.4296875
2438,,0.3614457831325301,0.512396694214876,0.5206611570247934,0.5086705202312138,0.4296875
2439,,0.3614457831325301,0.512396694214876,0.5206611570247934,0.5086705202312138,0.4296875
2440,,0.3614457831325301,0.512396694214876,0.5206611570247934,0.5086705202312138,0.4296875
2441,,0.3614457831325301,0.512396694214876,0.5216494845360825,0.5096153846153846,0.4296875
2442,,0.3614457831325301,0.512396694214876,0.5216494845360825,0.5096153846153846,0.4296875
2443,,0.3614457831325301,0.512396694214876,0.5216494845360825,0.5096153846153846,0.4296875
2444,,0.3614457831325301,0.512396694214876,0.5216494845360825,0.5096153846153846,0.4296875
2445,,0.3614457831325301,0.512396694214876,0.5216494845360825,0.5096153846153846,0.4296875
2446,,0.3614457831325301,0.512396694214876,0.5216494845360825,0.5096153846153846,0.4296875
2447,,0.3614457831325301,0.512396694214876,0.5216494845360825,0.5096153846153846,0.4296875
2448,,0.3614457831325301,0.512396694214876,0.5205761316872428,0.508637236084453,0.4296875
2449,,0.3614457831325301,0.5163934426229508,0.5205761316872428,0.508637236084453,0.4296875
2450,,0.3614457831325301,0.5163934426229508,0.5205761316872428,0.508637236084453,0.4296875
2451,,0.3614457831325301,0.5163934426229508,0.5205761316872428,0.508637236084453,0.4296875
2452,,0.3614457831325301,0.5163934426229508,0.5205761316872428,0.508637236084453,0.4296875
2453,,0.3614457831325301,0.5163934426229508,0.5205761316872428,0.508637236084453,0.4296875
2454,,0.3614457831325301,0.5163934426229508,0.5195071868583162,0.5076628352490421,0.4296875
2455,,0.3614457831325301,0.5163934426229508,0.5195071868583162,0.5076628352490421,0.4296875
2456,,0.3614457831325301,0.5163934426229508,0.5195071868583162,0.5076628352490421,0.4296875
2457,,0.3614457831325301,0.5163934426229508,0.5195071868583162,0.5076628352490421,0.4296875
2458,,0.3614457831325301,0.5163934426229508,0.5195071868583162,0.5076628352490421,0.4296875
2459,,0.3614457831325301,0.5163934426229508,0.5195071868583162,0.5076628352490421,0.4296875
2460,,0.3614457831325301,0.5163934426229508,0.5195071868583162,0.5076628352490421,0.4296875
2461,,0.3614457831325301,0.5163934426229508,0.5195071868583162,0.5076628352490421,0.4296875
2462,,0.3614457831325301,0.5163934426229508,0.5195071868583162,0.5076628352490421,0.4296875
2463,,0.3614457831325301,0.5163934426229508,0.5195071868583162,0.5076628352490421,0.4296875
2464,,0.3614457831325301,0.5163934426229508,0.5195071868583162,0.5076628352490421,0.43410852713178294
2465,,0.3614457831325301,0.5163934426229508,0.5195071868583162,0.5076628352490421,0.43410852713178294
2466,,0.3614457831325301,0.5163934426229508,0.5195071868583162,0.5076628352490421,0.4307692307692308
2467,,0.3614457831325301,0.5163934426229508,0.5195071868583162,0.5076628352490421,0.4307692307692308
2468,,0.3614457831325301,0.5163934426229508,0.5195071868583162,0.5076628352490421,0.4307692307692308
2469,,0.3614457831325301,0.5163934426229508,0.5195071868583162,0.5076628352490421,0.4307692307692308
2470,,0.3614457831325301,0.5163934426229508,0.5195071868583162,0.5076628352490421,0.4307692307692308
2471,,0.3614457831325301,0.5163934426229508,0.5195071868583162,0.5076628352490421,0.4307692307692308
2472,,0.3614457831325301,0.5163934426229508,0.5195071868583162,0.5076628352490421,0.4307692307692308
2473,,0.3614457831325301,0.5163934426229508,0.5195071868583162,0.5076628352490421,0.4307692307692308
2474,,0.3614457831325301,0.5163934426229508,0.5195071868583162,0.5076628352490421,0.4307692307692308
2475,,0.3614457831325301,0.5163934426229508,0.5195071868583162,0.5076628352490421,0.4307692307692308
2476,,0.3614457831325301,0.5163934426229508,0.5195071868583162,0.5076628352490421,0.4307692307692308
2477,,0.3614457831325301,0.5163934426229508,0.5195071868583162,0.5076628352490421,0.4307692307692308
2478,,0.3614457831325301,0.5163934426229508,0.5184426229508197,0.5066921606118547,0.4307692307692308
2479,,0.3614457831325301,0.5163934426229508,0.5184426229508197,0.5066921606118547,0.4307692307692308
2480,,0.3614457831325301,0.5163934426229508,0.5184426229508197,0.5066921606118547,0.4307692307692308
2481,,0.3614457831325301,0.5163934426229508,0.5184426229508197,0.5066921606118547,0.4307692307692308
2482,,0.3614457831325301,0.5163934426229508,0.5184426229508197,0.5066921606118547,0.4307692307692308
2483,,0.3614457831325301,0.5163934426229508,0.5184426229508197,0.5066921606118547,0.4307692307692308
2484,,0.3614457831325301,0.5163934426229508,0.5184426229508197,0.5066921606118547,0.42748091603053434
2485,,0.3614457831325301,0.5163934426229508,0.5184426229508197,0.5066921606118547,0.42748091603053434
2486,,0.3614457831325301,0.5163934426229508,0.5184426229508197,0.5066921606118547,0.4318181818181818
2487,,0.35714285714285715,0.5163934426229508,0.5184426229508197,0.5066921606118547,0.4318181818181818
2488,,0.35714285714285715,0.5163934426229508,0.5194274028629857,0.5076335877862596,0.4318181818181818
2489,,0.35714285714285715,0.5163934426229508,0.5194274028629857,0.5076335877862596,0.4318181818181818
2490,,0.35714285714285715,0.5163934426229508,0.5194274028629857,0.5076335877862596,0.4318181818181818
2491,,0.35714285714285715,0.5163934426229508,0.5194274028629857,0.5076335877862596,0.4318181818181818
2492,,0.35714285714285715,0.5163934426229508,0.5194274028629857,0.5076335877862596,0.4318181818181818
2493,,0.35714285714285715,0.5203252032520326,0.5194274028629857,0.5076335877862596,0.4318181818181818
2494,,0.35714285714285715,0.5203252032520326,0.5194274028629857,0.5076335877862596,0.4318181818181818
2495,,0.35714285714285715,0.5203252032520326,0.5194274028629857,0.5076335877862596,0.4318181818181818
2496,,0.36470588235294116,0.5203252032520326,0.5204081632653061,0.5085714285714286,0.4318181818181818
2497,,0.36470588235294116,0.5203252032520326,0.5204081632653061,0.5085714285714286,0.4318181818181818
2498,,0.36470588235294116,0.5203252032520326,0.5204081632653061,0.5085714285714286,0.4318181818181818
2499,,0.36470588235294116,0.5203252032520326,0.5204081632653061,0.5085714285714286,0.4318181818181818
2500,,0.36470588235294116,0.5203252032520326,0.5204081632653061,0.5085714285714286,0.4318181818181818
2501,,0.36470588235294116,0.5161290322580645,0.5193482688391039,0.5076045627376425,0.4318181818181818
2502,,0.36470588235294116,0.5161290322580645,0.5193482688391039,0.5076045627376425,0.4318181818181818
2503,,0.36470588235294116,0.5161290322580645,0.5193482688391039,0.5076045627376425,0.4318181818181818
2504,,0.36046511627906974,0.5161290322580645,0.5193482688391039,0.5076045627376425,0.4318181818181818
2505,,0.36046511627906974,0.5161290322580645,0.5193482688391039,0.5076045627376425,0.4318181818181818
2506,,0.36046511627906974,0.5161290322580645,0.5193482688391039,0.5076045627376425,0.4318181818181818
2507,,0.3563218390804598,0.5161290322580645,0.5182926829268293,0.5066413662239089,0.4318181818181818
2508,,0.3563218390804598,0.5161290322580645,0.5182926829268293,0.5066413662239089,0.4318181818181818
2509,,0.3563218390804598,0.5161290322580645,0.5182926829268293,0.5056818181818182,0.4318181818181818
2510,,0.3563218390804598,0.5161290322580645,0.5182926829268293,0.5056818181818182,0.4318181818181818
2511,,0.3563218390804598,0.5161290322580645,0.5192697768762677,0.5066162570888468,0.4318181818181818
2512,,0.3563218390804598,0.5161290322580645,0.5192697768762677,0.5066162570888468,0.4318181818181818
2513,,0.3563218390804598,0.5161290322580645,0.5192697768762677,0.5066162570888468,0.4318181818181818
2514,,0.3563218390804598,0.5161290322580645,0.5192697768762677,0.5066162570888468,0.4318181818181818
2515,,0.3563218390804598,0.5161290322580645,0.5192697768762677,0.5066162570888468,0.4318181818181818
2516,,0.3563218390804598,0.5161290322580645,0.5192697768762677,0.5066162570888468,0.4318181818181818
2517,,0.3563218390804598,0.5161290322580645,0.5192697768762677,0.5066162570888468,0.4318181818181818
2518,,0.3563218390804598,0.5161290322580645,0.5192697768762677,0.5066162570888468,0.4318181818181818
2519,,0.3563218390804598,0.5161290322580645,0.5192697768762677,0.5066162570888468,0.4318181818181818
2520,,0.3563218390804598,0.512,0.5182186234817814,0.5056603773584906,0.4318181818181818
2521,,0.3563218390804598,0.512,0.5182186234817814,0.5056603773584906,0.4318181818181818
2522,,0.3563218390804598,0.512,0.5182186234817814,0.5056603773584906,0.4318181818181818
2523,,0.3563218390804598,0.512,0.5182186234817814,0.5056603773584906,0.4318181818181818
2524,,0.3563218390804598,0.512,0.5182186234817814,0.5056603773584906,0.4318181818181818
2525,,0.3563218390804598,0.512,0.5182186234817814,0.5056603773584906,0.4318181818181818
2526,,0.3563218390804598,0.512,0.5182186234817814,0.5056603773584906,0.4318181818181818
2527,,0.3563218390804598,0.512,0.5182186234817814,0.5056603773584906,0.4318181818181818
2528,,0.3563218390804598,0.512,0.5182186234817814,0.5056603773584906,0.4318181818181818
2529,,0.3563218390804598,0.512,0.5182186234817814,0.5056603773584906,0.4318181818181818
2530,,0.3563218390804598,0.512,0.5182186234817814,0.5056603773584906,0.4318181818181818
2531,,0.3563218390804598,0.512,0.5182186234817814,0.5056603773584906,0.4318181818181818
2532,,0.3563218390804598,0.512,0.5182186234817814,0.5056603773584906,0.4318181818181818
2533,,0.3563218390804598,0.512,0.5182186234817814,0.5056603773584906,0.4318181818181818
2534,,0.3563218390804598,0.512,0.5182186234817814,0.5056603773584906,0.4318181818181818
2535,,0.3563218390804598,0.512,0.5182186234817814,0.5056603773584906,0.4318181818181818
2536,,0.3563218390804598,0.512,0.5182186234817814,0.5056603773584906,0.43609022556390975
2537,,0.3563218390804598,0.512,0.5182186234817814,0.5056603773584906,0.43609022556390975
2538,,0.3563218390804598,0.512,0.5182186234817814,0.5056603773584906,0.43609022556390975
2539,,0.3563218390804598,0.512,0.5182186234817814,0.5056603773584906,0.43609022556390975
2540,,0.3563218390804598,0.512,0.5182186234817814,0.5056603773584906,0.43609022556390975
2541,,0.3563218390804598,0.512,0.5182186234817814,0.5056603773584906,0.43609022556390975
2542,,0.3563218390804598,0.512,0.5182186234817814,0.5056603773584906,0.43609022556390975
2543,,0.3563218390804598,0.512,0.5182186234817814,0.5056603773584906,0.43609022556390975
2544,,0.3563218390804598,0.512,0.5182186234817814,0.5056603773584906,0.43609022556390975
2545,,0.3563218390804598,0.512,0.5182186234817814,0.5056603773584906,0.43609022556390975
2546,,0.3563218390804598,0.512,0.5182186234817814,0.5056603773584906,0.43609022556390975
2547,,0.3563218390804598,0.512,0.5182186234817814,0.5056603773584906,0.43609022556390975
2548,,0.3563218390804598,0.512,0.5191919191919192,0.5065913370998116,0.43609022556390975
2549,,0.3563218390804598,0.512,0.5191919191919192,0.5065913370998116,0.43609022556390975
2550,,0.3563218390804598,0.512,0.5191919191919192,0.5065913370998116,0.43283582089552236
2551,,0.3563218390804598,0.512,0.5191919191919192,0.5065913370998116,0.43283582089552236
2552,,0.3563218390804598,0.512,0.5191919191919192,0.5065913370998116,0.43283582089552236
2553,,0.36363636363636365,0.512,0.5191919191919192,0.5065913370998116,0.43283582089552236
2554,,0.36363636363636365,0.512,0.5191919191919192,0.5065913370998116,0.43283582089552236
2555,,0.36363636363636365,0.512,0.5191919191919192,0.5065913370998116,0.43283582089552236
2556,,0.36363636363636365,0.512,0.5181451612903226,0.5056390977443609,0.43283582089552236
2557,,0.36363636363636365,0.512,0.5181451612903226,0.5056390977443609,0.43283582089552236
2558,,0.36363636363636365,0.5158730158730159,0.5191146881287726,0.5065666041275797,0.43283582089552236
2559,,0.36363636363636365,0.5158730158730159,0.5191146881287726,0.5065666041275797,0.42962962962962964
2560,,0.36363636363636365,0.5158730158730159,0.5191146881287726,0.5065666041275797,0.42962962962962964
2561,,0.36363636363636365,0.5158730158730159,0.5191146881287726,0.5065666041275797,0.42962962962962964
2562,,0.3595505617977528,0.5158730158730159,0.5191146881287726,0.5065666041275797,0.42962962962962964
2563,,0.3595505617977528,0.5158730158730159,0.5191146881287726,0.5065666041275797,0.42962962962962964
2564,,0.3595505617977528,0.5158730158730159,0.5191146881287726,0.5065666041275797,0.42962962962962964
2565,,0.3595505617977528,0.5158730158730159,0.5191146881287726,0.5065666041275797,0.42962962962962964
2566,,0.3595505617977528,0.5158730158730159,0.5191146881287726,0.5065666041275797,0.42962962962962964
2567,,0.3595505617977528,0.5158730158730159,0.5191146881287726,0.5065666041275797,0.42962962962962964
2568,,0.3595505617977528,0.5158730158730159,0.5191146881287726,0.5065666041275797,0.42962962962962964
2569,,0.3595505617977528,0.5158730158730159,0.5191146881287726,0.5065666041275797,0.42962962962962964
2570,,0.3595505617977528,0.5158730158730159,0.5180722891566265,0.5056179775280899,0.42962962962962964
2571,,0.3595505617977528,0.5158730158730159,0.5180722891566265,0.5056179775280899,0.42962962962962964
2572,,0.3595505617977528,0.5158730158730159,0.5180722891566265,0.5056179775280899,0.42962962962962964
2573,,0.3595505617977528,0.5158730158730159,0.5180722891566265,0.5056179775280899,0.42962962962962964
2574,,0.3595505617977528,0.5158730158730159,0.5180722891566265,0.5056179775280899,0.42962962962962964
2575,,0.3595505617977528,0.5158730158730159,0.5180722891566265,0.5056179775280899,0.4264705882352941
2576,,0.3595505617977528,0.5158730158730159,0.5180722891566265,0.5056179775280899,0.4264705882352941
2577,,0.3595505617977528,0.5158730158730159,0.5180722891566265,0.5056179775280899,0.4264705882352941
2578,,0.3595505617977528,0.5158730158730159,0.5180722891566265,0.5056179775280899,0.4264705882352941
2579,,0.3595505617977528,0.5158730158730159,0.5180722891566265,0.5056179775280899,0.4264705882352941
2580,,0.3595505617977528,0.5158730158730159,0.5180722891566265,0.5056179775280899,0.4264705882352941
2581,,0.3595505617977528,0.5158730158730159,0.5180722891566265,0.5056179775280899,0.4264705882352941
2582,,0.3595505617977528,0.5158730158730159,0.5180722891566265,0.5056179775280899,0.4264705882352941
2583,,0.3595505617977528,0.5158730158730159,0.5180722891566265,0.5056179775280899,0.4264705882352941
2584,,0.3595505617977528,0.5158730158730159,0.5180722891566265,0.5056179775280899,0.4264705882352941
2585,,0.3595505617977528,0.5158730158730159,0.5180722891566265,0.5056179775280899,0.4264705882352941
2586,,0.3595505617977528,0.5158730158730159,0.5180722891566265,0.5056179775280899,0.4264705882352941
2587,,0.3595505617977528,0.5158730158730159,0.5190380761523046,0.5065420560747663,0.4264705882352941
2588,,0.3595505617977528,0.5158730158730159,0.5190380761523046,0.5065420560747663,0.4264705882352941
2589,,0.3595505617977528,0.5158730158730159,0.5190380761523046,0.5065420560747663,0.4264705882352941
2590,,0.3595505617977528,0.5158730158730159,0.5190380761523046,0.5065420560747663,0.4264705882352941
2591,,0.3595505617977528,0.5158730158730159,0.5190380761523046,0.5065420560747663,0.4264705882352941
2592,,0.3595505617977528,0.5158730158730159,0.5190380761523046,0.5065420560747663,0.4264705882352941
2593,,0.3595505617977528,0.5158730158730159,0.5190380761523046,0.5065420560747663,0.4264705882352941
2594,,0.3595505617977528,0.5158730158730159,0.5190380761523046,0.5065420560747663,0.4264705882352941
2595,,0.3595505617977528,0.5158730158730159,0.5190380761523046,0.5065420560747663,0.4264705882352941
2596,,0.3595505617977528,0.5158730158730159,0.5190380761523046,0.5065420560747663,0.4264705882352941
2597,,0.3595505617977528,0.5158730158730159,0.5190380761523046,0.5065420560747663,0.4264705882352941
2598,,0.35555555555555557,0.5158730158730159,0.5190380761523046,0.5065420560747663,0.4264705882352941
2599,,0.35555555555555557,0.5158730158730159,0.5190380761523046,0.5065420560747663,0.4264705882352941
2600,,0.35555555555555557,0.5158730158730159,0.5190380761523046,0.5065420560747663,0.4264705882352941
2601,,0.35555555555555557,0.5158730158730159,0.5190380761523046,0.5065420560747663,0.4264705882352941
2602,,0.35555555555555557,0.5118110236220472,0.518,0.5055970149253731,0.4264705882352941
2603,,0.35555555555555557,0.5118110236220472,0.518,0.5055970149253731,0.4264705882352941
2604,,0.35555555555555557,0.5118110236220472,0.518,0.5055970149253731,0.4264705882352941
2605,,0.35555555555555557,0.5118110236220472,0.518,0.5055970149253731,0.4264705882352941
2606,,0.35555555555555557,0.5118110236220472,0.5189620758483033,0.5055970149253731,0.4264705882352941
2607,,0.35555555555555557,0.5118110236220472,0.5189620758483033,0.5055970149253731,0.4306569343065693
2608,,0.35555555555555557,0.5118110236220472,0.5189620758483033,0.5055970149253731,0.4306569343065693
2609,,0.35555555555555557,0.5118110236220472,0.5189620758483033,0.5055970149253731,0.4306569343065693
2610,,0.35555555555555557,0.5118110236220472,0.5189620758483033,0.5055970149253731,0.4306569343065693
2611,,0.35555555555555557,0.5118110236220472,0.5189620758483033,0.5055970149253731,0.4306569343065693
2612,,0.35555555555555557,0.5118110236220472,0.5189620758483033,0.5055970149253731,0.43478260869565216
2613,,0.35555555555555557,0.5118110236220472,0.5189620758483033,0.5055970149253731,0.43478260869565216
2614,,0.35555555555555557,0.5118110236220472,0.5189620758483033,0.5055970149253731,0.43478260869565216
2615,,0.35555555555555557,0.5118110236220472,0.5189620758483033,0.5055970149253731,0.43478260869565216
2616,,0.35555555555555557,0.5118110236220472,0.5189620758483033,0.5055970149253731,0.43478260869565216
2617,,0.35555555555555557,0.5118110236220472,0.5189620758483033,0.5055970149253731,0.43478260869565216
2618,,0.35555555555555557,0.5118110236220472,0.5199203187250996,0.5065176908752328,0.43478260869565216
2619,,0.35555555555555557,0.5118110236220472,0.5199203187250996,0.5065176908752328,0.43478260869565216
2620,,0.35555555555555557,0.5118110236220472,0.5199203187250996,0.5065176908752328,0.43478260869565216
2621,,0.35555555555555557,0.5118110236220472,0.5188866799204771,0.5055762081784386,0.43478260869565216
2622,,0.35555555555555557,0.5118110236220472,0.5188866799204771,0.5055762081784386,0.43478260869565216
2623,,0.35555555555555557,0.5118110236220472,0.5188866799204771,0.5055762081784386,0.43478260869565216
2624,,0.35555555555555557,0.5118110236220472,0.5188866799204771,0.5055762081784386,0.43478260869565216
2625,,0.35555555555555557,0.5118110236220472,0.5188866799204771,0.5055762081784386,0.43478260869565216
2626,,0.35555555555555557,0.5118110236220472,0.5198412698412699,0.5064935064935064,0.43478260869565216
2627,,0.35555555555555557,0.5118110236220472,0.5198412698412699,0.5064935064935064,0.43478260869565216
2628,,0.35555555555555557,0.5118110236220472,0.5198412698412699,0.5064935064935064,0.43478260869565216
2629,,0.35555555555555557,0.5118110236220472,0.5198412698412699,0.5064935064935064,0.43478260869565216
2630,,0.35555555555555557,0.5118110236220472,0.5198412698412699,0.5064935064935064,0.43478260869565216
2631,,0.35555555555555557,0.5118110236220472,0.5198412698412699,0.5064935064935064,0.43478260869565216
2632,,0.35555555555555557,0.5118110236220472,0.5198412698412699,0.5064935064935064,0.43478260869565216
2633,,0.35555555555555557,0.5118110236220472,0.5198412698412699,0.5064935064935064,0.43478260869565216
2634,,0.35555555555555557,0.5118110236220472,0.5198412698412699,0.5055555555555555,0.43478260869565216
2635,,0.35555555555555557,0.5118110236220472,0.5198412698412699,0.5055555555555555,0.43478260869565216
2636,,0.35555555555555557,0.5118110236220472,0.5198412698412699,0.5055555555555555,0.4316546762589928
2637,,0.35555555555555557,0.5118110236220472,0.5198412698412699,0.5055555555555555,0.4316546762589928
2638,,0.35555555555555557,0.5118110236220472,0.5198412698412699,0.5055555555555555,0.4316546762589928
2639,,0.35555555555555557,0.5118110236220472,0.5198412698412699,0.5055555555555555,0.4316546762589928
2640,,0.35555555555555557,0.5118110236220472,0.5198412698412699,0.5055555555555555,0.4316546762589928
2641,,0.35555555555555557,0.5118110236220472,0.5198412698412699,0.5055555555555555,0.4316546762589928
2642,,0.35555555555555557,0.5118110236220472,0.5198412698412699,0.5055555555555555,0.4316546762589928
2643,,0.35555555555555557,0.5118110236220472,0.5198412698412699,0.5055555555555555,0.4316546762589928
2644,,0.35555555555555557,0.5118110236220472,0.5198412698412699,0.5055555555555555,0.4316546762589928
2645,,0.35555555555555557,0.5118110236220472,0.5198412698412699,0.5055555555555555,0.4316546762589928
2646,,0.35555555555555557,0.5118110236220472,0.5198412698412699,0.5055555555555555,0.4316546762589928
2647,,0.35555555555555557,0.5118110236220472,0.5198412698412699,0.5055555555555555,0.4316546762589928
2648,,0.35555555555555557,0.5118110236220472,0.5198412698412699,0.5055555555555555,0.4316546762589928
2649,,0.35555555555555557,0.5118110236220472,0.5198412698412699,0.5055555555555555,0.4316546762589928
2650,,0.35555555555555557,0.5118110236220472,0.5198412698412699,0.5055555555555555,0.4316546762589928
2651,,0.35555555555555557,0.5118110236220472,0.5198412698412699,0.5055555555555555,0.4316546762589928
2652,,0.35555555555555557,0.5078125,0.5198412698412699,0.5055555555555555,0.4316546762589928
2653,,0.35555555555555557,0.5078125,0.5198412698412699,0.5055555555555555,0.4316546762589928
2654,,0.35555555555555557,0.5078125,0.5198412698412699,0.5055555555555555,0.4316546762589928
2655,,0.35555555555555557,0.5078125,0.5198412698412699,0.5055555555555555,0.42857142857142855
2656,,0.35555555555555557,0.5078125,0.5198412698412699,0.5055555555555555,0.42857142857142855
2657,,0.3516483516483517,0.5078125,0.5188118811881188,0.5046210720887245,0.42857142857142855
2658,,0.3516483516483517,0.5078125,0.5188118811881188,0.5046210720887245,0.42857142857142855
2659,,0.3516483516483517,0.5078125,0.5188118811881188,0.5046210720887245,0.42857142857142855
2660,,0.3516483516483517,0.5078125,0.5188118811881188,0.5046210720887245,0.42857142857142855
2661,,0.3516483516483517,0.5078125,0.5197628458498024,0.5055350553505535,0.42857142857142855
2662,,0.3516483516483517,0.5078125,0.5197628458498024,0.5055350553505535,0.42857142857142855
2663,,0.3516483516483517,0.5116279069767442,0.5207100591715976,0.5064456721915286,0.42857142857142855
2664,,0.3516483516483517,0.5116279069767442,0.5207100591715976,0.5064456721915286,0.42857142857142855
2665,,0.3516483516483517,0.5116279069767442,0.5207100591715976,0.5064456721915286,0.42857142857142855
2666,,0.3516483516483517,0.5116279069767442,0.5196850393700787,0.5055147058823529,0.42857142857142855
2667,,0.3516483516483517,0.5116279069767442,0.5196850393700787,0.5055147058823529,0.42857142857142855
2668,,0.3516483516483517,0.5116279069767442,0.5196850393700787,0.5055147058823529,0.42857142857142855
2669,,0.3516483516483517,0.5116279069767442,0.5196850393700787,0.5055147058823529,0.42857142857142855
2670,,0.3516483516483517,0.5116279069767442,0.5196850393700787,0.5055147058823529,0.42857142857142855
2671,,0.3516483516483517,0.5116279069767442,0.5196850393700787,0.5055147058823529,0.42857142857142855
2672,,0.3516483516483517,0.5116279069767442,0.5196850393700787,0.5055147058823529,0.42857142857142855
2673,,0.3516483516483517,0.5116279069767442,0.5196850393700787,0.5055147058823529,0.42857142857142855
2674,,0.3516483516483517,0.5116279069767442,0.5196850393700787,0.5055147058823529,0.42857142857142855
2675,,0.3516483516483517,0.5116279069767442,0.5196850393700787,0.5055147058823529,0.42857142857142855
2676,,0.3516483516483517,0.5116279069767442,0.5196850393700787,0.5055147058823529,0.42857142857142855
2677,,0.3516483516483517,0.5116279069767442,0.5196850393700787,0.5055147058823529,0.42857142857142855
2678,,0.3516483516483517,0.5116279069767442,0.5196850393700787,0.5055147058823529,0.42857142857142855
2679,,0.3516483516483517,0.5116279069767442,0.5196850393700787,0.5055147058823529,0.42857142857142855
2680,,0.3516483516483517,0.5116279069767442,0.5196850393700787,0.5055147058823529,0.42857142857142855
2681,,0.3516483516483517,0.5076923076923077,0.518664047151277,0.5045871559633027,0.42857142857142855
2682,,0.3516483516483517,0.5038167938931297,0.518664047151277,0.5045871559633027,0.42857142857142855
2683,,0.3516483516483517,0.5038167938931297,0.518664047151277,0.5045871559633027,0.42857142857142855
2684,,0.3516483516483517,0.5038167938931297,0.518664047151277,0.5045871559633027,0.42857142857142855
2685,,0.3516483516483517,0.5038167938931297,0.518664047151277,0.5045871559633027,0.42857142857142855
2686,,0.3516483516483517,0.5038167938931297,0.518664047151277,0.5045871559633027,0.42857142857142855
2687,,0.3516483516483517,0.5038167938931297,0.518664047151277,0.5045871559633027,0.42857142857142855
2688,,0.3516483516483517,0.5038167938931297,0.518664047151277,0.5045871559633027,0.42857142857142855
2689,,0.3516483516483517,0.5038167938931297,0.518664047151277,0.5045871559633027,0.42857142857142855
2690,,0.3516483516483517,0.5038167938931297,0.518664047151277,0.5045871559633027,0.42857142857142855
2691,,0.3516483516483517,0.5038167938931297,0.518664047151277,0.5045871559633027,0.42857142857142855
2692,,0.3516483516483517,0.5038167938931297,0.518664047151277,0.5045871559633027,0.42857142857142855
2693,,0.3516483516483517,0.5038167938931297,0.518664047151277,0.5045871559633027,0.42857142857142855
2694,,0.3516483516483517,0.5038167938931297,0.518664047151277,0.5045871559633027,0.42857142857142855
2695,,0.3516483516483517,0.5038167938931297,0.518664047151277,0.5045871559633027,0.42857142857142855
2696,,0.3516483516483517,0.5038167938931297,0.518664047151277,0.5045871559633027,0.42857142857142855
2697,,0.3516483516483517,0.5038167938931297,0.518664047151277,0.5045871559633027,0.42857142857142855
2698,,0.3516483516483517,0.5038167938931297,0.518664047151277,0.5045871559633027,0.42857142857142855
2699,,0.3516483516483517,0.5038167938931297,0.518664047151277,0.5045871559633027,0.4326241134751773
2700,,0.3516483516483517,0.5038167938931297,0.518664047151277,0.5045871559633027,0.4326241134751773
2701,,0.3516483516483517,0.5038167938931297,0.518664047151277,0.5045871559633027,0.4326241134751773
2702,,0.3516483516483517,0.5038167938931297,0.518664047151277,0.5045871559633027,0.4326241134751773
2703,,0.3516483516483517,0.5038167938931297,0.518664047151277,0.5045871559633027,0.4326241134751773
2704,,0.3516483516483517,0.5038167938931297,0.518664047151277,0.5045871559633027,0.4326241134751773
2705,,0.3516483516483517,0.5038167938931297,0.518664047151277,0.5045871559633027,0.4295774647887324
2706,,0.34782608695652173,0.5,0.5176470588235295,0.5036630036630036,0.42657342657342656
2707,,0.34782608695652173,0.5,0.5176470588235295,0.5036630036630036,0.42657342657342656
2708,,0.34782608695652173,0.5,0.5176470588235295,0.5036630036630036,0.42657342657342656
2709,,0.34782608695652173,0.5,0.5176470588235295,0.5036630036630036,0.42657342657342656
2710,,0.34782608695652173,0.5,0.5176470588235295,0.5036630036630036,0.42657342657342656
2711,,0.34782608695652173,0.5,0.5176470588235295,0.5036630036630036,0.42657342657342656
2712,,0.34782608695652173,0.5,0.5176470588235295,0.5036630036630036,0.42657342657342656
2713,,0.3548387096774194,0.5,0.5176470588235295,0.5036630036630036,0.42657342657342656
2714,,0.35106382978723405,0.5,0.5166340508806262,0.5027422303473492,0.42657342657342656
2715,,0.35106382978723405,0.5,0.5166340508806262,0.5027422303473492,0.42657342657342656
2716,,0.35106382978723405,0.5,0.5166340508806262,0.5027422303473492,0.42657342657342656
2717,,0.35106382978723405,0.5,0.5166340508806262,0.5027422303473492,0.42657342657342656
2718,,0.35106382978723405,0.5,0.5166340508806262,0.5027422303473492,0.42657342657342656
2719,,0.35106382978723405,0.5,0.5166340508806262,0.5027422303473492,0.42657342657342656
2720,,0.35106382978723405,0.5,0.517578125,0.5036496350364964,0.42657342657342656
2721,,0.35106382978723405,0.5,0.517578125,0.5036496350364964,0.42657342657342656
2722,,0.35106382978723405,0.5,0.517578125,0.5036496350364964,0.42657342657342656
2723,,0.35106382978723405,0.5,0.517578125,0.5036496350364964,0.42657342657342656
2724,,0.35106382978723405,0.5,0.517578125,0.5036496350364964,0.4236111111111111
2725,,0.35106382978723405,0.5,0.517578125,0.5036496350364964,0.4236111111111111
2726,,0.35106382978723405,0.49624060150375937,0.5165692007797271,0.5027322404371585,0.4236111111111111
2727,,0.35106382978723405,0.49624060150375937,0.5165692007797271,0.5027322404371585,0.4236111111111111
2728,,0.35106382978723405,0.49624060150375937,0.5165692007797271,0.5027322404371585,0.4236111111111111
2729,,0.35106382978723405,0.49624060150375937,0.5165692007797271,0.5027322404371585,0.4236111111111111
2730,,0.35106382978723405,0.49624060150375937,0.5165692007797271,0.5027322404371585,0.4236111111111111
2731,,0.35789473684210527,0.49624060150375937,0.5165692007797271,0.5027322404371585,0.4236111111111111
2732,,0.35789473684210527,0.5,0.5165692007797271,0.5027322404371585,0.4236111111111111
2733,,0.35789473684210527,0.5,0.5165692007797271,0.5027322404371585,0.4236111111111111
2734,,0.35789473684210527,0.5,0.5165692007797271,0.5027322404371585,0.4236111111111111
2735,,0.35789473684210527,0.5,0.5165692007797271,0.5027322404371585,0.4206896551724138
2736,,0.35789473684210527,0.5,0.5165692007797271,0.5027322404371585,0.4206896551724138
2737,,0.35789473684210527,0.5,0.5165692007797271,0.5027322404371585,0.4206896551724138
2738,,0.35789473684210527,0.5,0.5165692007797271,0.5027322404371585,0.4206896551724138
2739,,0.35789473684210527,0.5,0.5165692007797271,0.5027322404371585,0.4206896551724138
2740,,0.35789473684210527,0.5037037037037037,0.5175097276264592,0.5036363636363637,0.4206896551724138
2741,,0.35789473684210527,0.5037037037037037,0.5175097276264592,0.5036363636363637,0.4206896551724138
2742,,0.35789473684210527,0.5037037037037037,0.5175097276264592,0.5036363636363637,0.4206896551724138
2743,,0.35789473684210527,0.5037037037037037,0.5175097276264592,0.5036363636363637,0.4206896551724138
2744,,0.35789473684210527,0.5037037037037037,0.5175097276264592,0.5036363636363637,0.4206896551724138
2745,,0.35789473684210527,0.5037037037037037,0.5175097276264592,0.5036363636363637,0.4206896551724138
2746,,0.35789473684210527,0.5037037037037037,0.5175097276264592,0.5036363636363637,0.4206896551724138
2747,,0.35789473684210527,0.5037037037037037,0.5175097276264592,0.5036363636363637,0.4206896551724138
2748,,0.35789473684210527,0.5037037037037037,0.5175097276264592,0.5036363636363637,0.4206896551724138
2749,,0.3541666666666667,0.5037037037037037,0.516504854368932,0.5027223230490018,0.4206896551724138
2750,,0.3541666666666667,0.5037037037037037,0.516504854368932,0.5027223230490018,0.4206896551724138
2751,,0.3541666666666667,0.5037037037037037,0.516504854368932,0.5027223230490018,0.4206896551724138
2752,,0.3541666666666667,0.5037037037037037,0.516504854368932,0.5027223230490018,0.4206896551724138
2753,,0.3541666666666667,0.5037037037037037,0.516504854368932,0.5027223230490018,0.4206896551724138
2754,,0.3541666666666667,0.5,0.516504854368932,0.5027223230490018,0.4206896551724138
2755,,0.3541666666666667,0.5,0.516504854368932,0.5027223230490018,0.4206896551724138
2756,,0.3541666666666667,0.5,0.516504854368932,0.5027223230490018,0.4206896551724138
2757,,0.3541666666666667,0.5,0.516504854368932,0.5027223230490018,0.4246575342465753
2758,,0.3541666666666667,0.5,0.516504854368932,0.5027223230490018,0.4246575342465753
2759,,0.3541666666666667,0.5,0.516504854368932,0.5027223230490018,0.4246575342465753
2760,,0.3541666666666667,0.5,0.516504854368932,0.5027223230490018,0.4246575342465753
2761,,0.3541666666666667,0.5,0.516504854368932,0.5027223230490018,0.4246575342465753
2762,,0.3541666666666667,0.49635036496350365,0.5155038759689923,0.5018115942028986,0.4246575342465753
2763,,0.3541666666666667,0.49635036496350365,0.5155038759689923,0.5018115942028986,0.4246575342465753
2764,,0.3541666666666667,0.49635036496350365,0.5155038759689923,0.5018115942028986,0.4246575342465753
2765,,0.3541666666666667,0.49635036496350365,0.5155038759689923,0.5018115942028986,0.4246575342465753
2766,,0.3541666666666667,0.49635036496350365,0.5155038759689923,0.5018115942028986,0.4246575342465753
2767,,0.3541666666666667,0.49635036496350365,0.5155038759689923,0.5027124773960217,0.4246575342465753
2768,,0.3541666666666667,0.49635036496350365,0.5155038759689923,0.5027124773960217,0.4246575342465753
2769,,0.3541666666666667,0.49635036496350365,0.5155038759689923,0.5027124773960217,0.4246575342465753
2770,,0.3541666666666667,0.49635036496350365,0.5155038759689923,0.5027124773960217,0.4246575342465753
2771,,0.3541666666666667,0.49635036496350365,0.5155038759689923,0.5027124773960217,0.4246575342465753
2772,,0.3541666666666667,0.49635036496350365,0.5155038759689923,0.5027124773960217,0.4246575342465753
2773,,0.3541666666666667,0.49635036496350365,0.5155038759689923,0.5027124773960217,0.4246575342465753
2774,,0.3541666666666667,0.49635036496350365,0.5155038759689923,0.5027124773960217,0.4246575342465753
2775,,0.3541666666666667,0.49635036496350365,0.5155038759689923,0.5027124773960217,0.42857142857142855
2776,,0.3541666666666667,0.49635036496350365,0.5155038759689923,0.5027124773960217,0.42857142857142855
2777,,0.3541666666666667,0.49635036496350365,0.5155038759689923,0.5027124773960217,0.42857142857142855
2778,,0.3541666666666667,0.49635036496350365,0.5155038759689923,0.5027124773960217,0.42857142857142855
2779,,0.3541666666666667,0.49635036496350365,0.5155038759689923,0.5027124773960217,0.42857142857142855
2780,,0.3541666666666667,0.49635036496350365,0.5155038759689923,0.5027124773960217,0.42857142857142855
2781,,0.3541666666666667,0.49635036496350365,0.5155038759689923,0.5027124773960217,0.42857142857142855
2782,,0.3541666666666667,0.49635036496350365,0.5155038759689923,0.5027124773960217,0.42857142857142855
2783,,0.3541666666666667,0.49635036496350365,0.5155038759689923,0.5027124773960217,0.42857142857142855
2784,,0.35051546391752575,0.49635036496350365,0.5155038759689923,0.5027124773960217,0.42857142857142855
2785,,0.35051546391752575,0.49635036496350365,0.5155038759689923,0.5027124773960217,0.42857142857142855
2786,,0.35051546391752575,0.49635036496350365,0.5155038759689923,0.5027124773960217,0.42857142857142855
2787,,0.35051546391752575,0.49635036496350365,0.5155038759689923,0.5027124773960217,0.42857142857142855
2788,,0.35051546391752575,0.49635036496350365,0.5155038759689923,0.5027124773960217,0.42857142857142855
2789,,0.35051546391752575,0.49635036496350365,0.5155038759689923,0.5027124773960217,0.42567567567567566
2790,,0.35051546391752575,0.49635036496350365,0.5155038759689923,0.5027124773960217,0.42567567567567566
2791,,0.35051546391752575,0.49635036496350365,0.5155038759689923,0.5027124773960217,0.42567567567567566
2792,,0.35051546391752575,0.49635036496350365,0.5155038759689923,0.5027124773960217,0.42567567567567566
2793,,0.35051546391752575,0.49635036496350365,0.5155038759689923,0.5027124773960217,0.42567567567567566
2794,,0.35051546391752575,0.49635036496350365,0.5155038759689923,0.5027124773960217,0.42567567567567566
2795,,0.35051546391752575,0.49635036496350365,0.5164410058027079,0.5036101083032491,0.42567567567567566
2796,,0.35051546391752575,0.49635036496350365,0.5154440154440154,0.5027027027027027,0.42567567567567566
2797,,0.35051546391752575,0.49635036496350365,0.5154440154440154,0.5027027027027027,0.42567567567567566
2798,,0.35051546391752575,0.49635036496350365,0.5154440154440154,0.5027027027027027,0.42567567567567566
2799,,0.35051546391752575,0.4927536231884058,0.5144508670520231,0.5017985611510791,0.42567567567567566
2800,,0.35051546391752575,0.4927536231884058,0.5144508670520231,0.5017985611510791,0.42567567567567566
2801,,0.35051546391752575,0.4927536231884058,0.5144508670520231,0.5017985611510791,0.4228187919463087
2802,,0.35051546391752575,0.4927536231884058,0.5144508670520231,0.5017985611510791,0.4228187919463087
2803,,0.35051546391752575,0.4927536231884058,0.5144508670520231,0.5017985611510791,0.4228187919463087
2804,,0.35051546391752575,0.4927536231884058,0.5144508670520231,0.5017985611510791,0.4228187919463087
2805,,0.35051546391752575,0.4927536231884058,0.5144508670520231,0.5017985611510791,0.4228187919463087
2806,,0.35051546391752575,0.4927536231884058,0.5144508670520231,0.5017985611510791,0.4228187919463087
2807,,0.35051546391752575,0.4927536231884058,0.5144508670520231,0.5008976660682226,0.4228187919463087
2808,,0.35051546391752575,0.4927536231884058,0.5144508670520231,0.5008976660682226,0.4228187919463087
2809,,0.35051546391752575,0.4927536231884058,0.5134615384615384,0.5,0.4228187919463087
2810,,0.35051546391752575,0.4927536231884058,0.5134615384615384,0.5,0.4228187919463087
2811,,0.35051546391752575,0.4927536231884058,0.5134615384615384,0.5,0.4228187919463087
2812,,0.35051546391752575,0.4927536231884058,0.5134615384615384,0.5,0.4228187919463087
2813,,0.35051546391752575,0.4927536231884058,0.5134615384615384,0.5,0.4228187919463087
2814,,0.35051546391752575,0.4927536231884058,0.5134615384615384,0.5,0.4228187919463087
2815,,0.35051546391752575,0.4927536231884058,0.5134615384615384,0.5,0.4228187919463087
2816,,0.35051546391752575,0.4927536231884058,0.5134615384615384,0.5,0.4228187919463087
2817,,0.35051546391752575,0.4927536231884058,0.5134615384615384,0.5,0.4228187919463087
2818,,0.35051546391752575,0.4927536231884058,0.5134615384615384,0.5,0.4228187919463087
2819,,0.35051546391752575,0.4927536231884058,0.5134615384615384,0.5,0.4228187919463087
2820,,0.3469387755102041,0.4892086330935252,0.5124760076775432,0.4991055456171735,0.4228187919463087
2821,,0.3469387755102041,0.4857142857142857,0.5124760076775432,0.4991055456171735,0.4228187919463087
2822,,0.3434343434343434,0.4857142857142857,0.5124760076775432,0.4991055456171735,0.4228187919463087
2823,,0.3434343434343434,0.4857142857142857,0.5124760076775432,0.4991055456171735,0.4228187919463087
2824,,0.3434343434343434,0.4857142857142857,0.5134099616858238,0.5,0.4228187919463087
2825,,0.3434343434343434,0.4857142857142857,0.5134099616858238,0.5,0.4228187919463087
2826,,0.3434343434343434,0.4857142857142857,0.5134099616858238,0.5,0.4266666666666667
2827,,0.3434343434343434,0.4857142857142857,0.5134099616858238,0.5,0.4266666666666667
2828,,0.3434343434343434,0.4857142857142857,0.5134099616858238,0.5,0.4266666666666667
2829,,0.3434343434343434,0.4857142857142857,0.5134099616858238,0.5,0.4266666666666667
2830,,0.3434343434343434,0.4857142857142857,0.5134099616858238,0.5,0.4266666666666667
2831,,0.3434343434343434,0.4857142857142857,0.5134099616858238,0.5,0.423841059602649
2832,,0.3434343434343434,0.4857142857142857,0.5134099616858238,0.5,0.423841059602649
2833,,0.3434343434343434,0.4857142857142857,0.5124282982791587,0.49910873440285203,0.423841059602649
2834,,0.3434343434343434,0.4857142857142857,0.5124282982791587,0.49910873440285203,0.42105263157894735
2835,,0.3434343434343434,0.4857142857142857,0.5124282982791587,0.49910873440285203,0.42105263157894735
2836,,0.3434343434343434,0.48226950354609927,0.5124282982791587,0.49910873440285203,0.42105263157894735
2837,,0.3434343434343434,0.48226950354609927,0.5124282982791587,0.49910873440285203,0.42105263157894735
2838,,0.3434343434343434,0.48226950354609927,0.5124282982791587,0.49910873440285203,0.42105263157894735
2839,,0.3434343434343434,0.48226950354609927,0.5124282982791587,0.49910873440285203,0.42105263157894735
2840,,0.3434343434343434,0.48226950354609927,0.5124282982791587,0.49910873440285203,0.42105263157894735
2841,,0.3434343434343434,0.48226950354609927,0.5133587786259542,0.5,0.42483660130718953
2842,,0.3434343434343434,0.48226950354609927,0.5133587786259542,0.5,0.42483660130718953
2843,,0.3434343434343434,0.48226950354609927,0.5133587786259542,0.5,0.42207792207792205
2844,,0.3434343434343434,0.48226950354609927,0.5133587786259542,0.5,0.42207792207792205
2845,,0.3434343434343434,0.48226950354609927,0.5133587786259542,0.5,0.42207792207792205
2846,,0.3434343434343434,0.48226950354609927,0.5133587786259542,0.5,0.42207792207792205
2847,,0.3434343434343434,0.48226950354609927,0.5133587786259542,0.5,0.42207792207792205
2848,,0.3434343434343434,0.48226950354609927,0.5133587786259542,0.5,0.42207792207792205
2849,,0.3434343434343434,0.48226950354609927,0.5142857142857142,0.5008880994671403,0.42207792207792205
2850,,0.3434343434343434,0.48226950354609927,0.5142857142857142,0.5008880994671403,0.42207792207792205
2851,,0.3434343434343434,0.48226950354609927,0.5133079847908745,0.5,0.42207792207792205
2852,,0.3434343434343434,0.48226950354609927,0.5133079847908745,0.5,0.42207792207792205
2853,,0.3434343434343434,0.48226950354609927,0.5133079847908745,0.5,0.42207792207792205
2854,,0.3434343434343434,0.48226950354609927,0.5133079847908745,0.5,0.42207792207792205
2855,,0.3434343434343434,0.48226950354609927,0.5133079847908745,0.5,0.4258064516129032
2856,,0.3434343434343434,0.48226950354609927,0.5142314990512334,0.5008849557522124,0.4258064516129032
2857,,0.3434343434343434,0.4859154929577465,0.5151515151515151,0.5017667844522968,0.4258064516129032
2858,,0.3434343434343434,0.4859154929577465,0.5151515151515151,0.5017667844522968,0.4258064516129032
2859,,0.3434343434343434,0.4859154929577465,0.5151515151515151,0.5017667844522968,0.4258064516129032
2860,,0.3434343434343434,0.4859154929577465,0.5151515151515151,0.5017667844522968,0.4258064516129032
2861,,0.3434343434343434,0.4859154929577465,0.5151515151515151,0.5017667844522968,0.4258064516129032
2862,,0.3434343434343434,0.4859154929577465,0.5151515151515151,0.5017667844522968,0.4258064516129032
2863,,0.3434343434343434,0.4859154929577465,0.5151515151515151,0.5017667844522968,0.4258064516129032
2864,,0.3434343434343434,0.4859154929577465,0.5151515151515151,0.5017667844522968,0.4258064516129032
2865,,0.3434343434343434,0.4859154929577465,0.5151515151515151,0.5017667844522968,0.4258064516129032
2866,,0.3434343434343434,0.4859154929577465,0.5151515151515151,0.5017667844522968,0.4258064516129032
2867,,0.3434343434343434,0.4859154929577465,0.5141776937618148,0.5008818342151675,0.4258064516129032
2868,,0.3434343434343434,0.4859154929577465,0.5141776937618148,0.5008818342151675,0.4258064516129032
2869,,0.3434343434343434,0.4859154929577465,0.5141776937618148,0.5008818342151675,0.4258064516129032
2870,,0.3434343434343434,0.4859154929577465,0.5141776937618148,0.5008818342151675,0.4258064516129032
2871,,0.3434343434343434,0.4859154929577465,0.5141776937618148,0.5008818342151675,0.4258064516129032
2872,,0.3434343434343434,0.4859154929577465,0.5141776937618148,0.5008818342151675,0.4258064516129032
2873,,0.3434343434343434,0.4859154929577465,0.5141776937618148,0.5008818342151675,0.4258064516129032
2874,,0.3434343434343434,0.4859154929577465,0.5141776937618148,0.5008818342151675,0.4258064516129032
2875,,0.3434343434343434,0.4859154929577465,0.5141776937618148,0.5008818342151675,0.4258064516129032
2876,,0.3434343434343434,0.4859154929577465,0.5141776937618148,0.5008818342151675,0.4258064516129032
2877,,0.3434343434343434,0.4859154929577465,0.5132075471698113,0.5,0.4258064516129032
2878,,0.3434343434343434,0.4859154929577465,0.5132075471698113,0.5,0.4258064516129032
2879,,0.3434343434343434,0.4859154929577465,0.5132075471698113,0.5,0.4258064516129032
2880,,0.3434343434343434,0.4859154929577465,0.5132075471698113,0.5,0.4258064516129032
2881,,0.3434343434343434,0.4859154929577465,0.5132075471698113,0.5,0.4258064516129032
2882,,0.3434343434343434,0.4859154929577465,0.5132075471698113,0.5,0.4258064516129032
2883,,0.3434343434343434,0.4859154929577465,0.5132075471698113,0.5,0.4258064516129032
2884,,0.3434343434343434,0.4859154929577465,0.5132075471698113,0.5,0.4258064516129032
2885,,0.3434343434343434,0.4859154929577465,0.5132075471698113,0.5,0.4258064516129032
2886,,0.3434343434343434,0.4859154929577465,0.5132075471698113,0.5,0.4258064516129032
2887,,0.3434343434343434,0.4859154929577465,0.5132075471698113,0.5,0.4258064516129032
2888,,0.3434343434343434,0.4859154929577465,0.5132075471698113,0.5,0.4258064516129032
2889,,0.3434343434343434,0.4859154929577465,0.5132075471698113,0.5,0.4258064516129032
2890,,0.3434343434343434,0.4859154929577465,0.5132075471698113,0.5,0.4258064516129032
2891,,0.3434343434343434,0.4859154929577465,0.5132075471698113,0.5,0.4230769230769231
2892,,0.3434343434343434,0.4859154929577465,0.5132075471698113,0.5,0.4230769230769231
2893,,0.3434343434343434,0.4859154929577465,0.5132075471698113,0.5,0.4230769230769231
2894,,0.3434343434343434,0.4859154929577465,0.5132075471698113,0.5,0.4230769230769231
2895,,0.3434343434343434,0.4859154929577465,0.5132075471698113,0.5,0.4230769230769231
2896,,0.3434343434343434,0.4859154929577465,0.5132075471698113,0.5,0.4230769230769231
2897,,0.3434343434343434,0.4859154929577465,0.5132075471698113,0.5,0.4230769230769231
2898,,0.3434343434343434,0.4825174825174825,0.512241054613936,0.4991212653778559,0.4230769230769231
2899,,0.3434343434343434,0.4825174825174825,0.512241054613936,0.4991212653778559,0.4230769230769231
2900,,0.3434343434343434,0.4825174825174825,0.512241054613936,0.4991212653778559,0.4230769230769231
2901,,0.3434343434343434,0.4825174825174825,0.512241054613936,0.4991212653778559,0.42038216560509556
2902,,0.3434343434343434,0.4825174825174825,0.512241054613936,0.4991212653778559,0.42038216560509556
2903,,0.3434343434343434,0.4825174825174825,0.512241054613936,0.4991212653778559,0.42038216560509556
2904,,0.3434343434343434,0.4825174825174825,0.512241054613936,0.4991212653778559,0.42038216560509556
2905,,0.34,0.4825174825174825,0.512241054613936,0.4991212653778559,0.42038216560509556
2906,,0.34,0.4825174825174825,0.512241054613936,0.4991212653778559,0.42038216560509556
2907,,0.34,0.4825174825174825,0.512241054613936,0.4991212653778559,0.42038216560509556
2908,,0.34,0.4825174825174825,0.512241054613936,0.4991212653778559,0.42038216560509556
2909,,0.34,0.4825174825174825,0.512241054613936,0.4991212653778559,0.42038216560509556
2910,,0.34,0.4825174825174825,0.512241054613936,0.4991212653778559,0.42038216560509556
2911,,0.34,0.4825174825174825,0.512241054613936,0.4991212653778559,0.42038216560509556
2912,,0.34,0.4825174825174825,0.512241054613936,0.4991212653778559,0.42038216560509556
2913,,0.34,0.4825174825174825,0.512241054613936,0.4991212653778559,0.42038216560509556
2914,,0.34,0.4825174825174825,0.512241054613936,0.4991212653778559,0.42038216560509556
2915,,0.34,0.4825174825174825,0.512241054613936,0.4991212653778559,0.42038216560509556
2916,,0.34,0.4825174825174825,0.512241054613936,0.4991212653778559,0.42038216560509556
2917,,0.34,0.4825174825174825,0.512241054613936,0.4991212653778559,0.42038216560509556
2918,,0.34,0.4825174825174825,0.512241054613936,0.4991212653778559,0.42038216560509556
2919,,0.34,0.4825174825174825,0.512241054613936,0.4991212653778559,0.42038216560509556
2920,,0.34,0.4825174825174825,0.512241054613936,0.4991212653778559,0.42038216560509556
2921,,0.34,0.4825174825174825,0.5112781954887218,0.4982456140350877,0.42038216560509556
2922,,0.34,0.4825174825174825,0.5112781954887218,0.4982456140350877,0.42038216560509556
2923,,0.34,0.4825174825174825,0.5112781954887218,0.4982456140350877,0.42038216560509556
2924,,0.34,0.4825174825174825,0.5112781954887218,0.4982456140350877,0.42038216560509556
2925,,0.34,0.4825174825174825,0.5112781954887218,0.4982456140350877,0.42038216560509556
2926,,0.34,0.4825174825174825,0.5112781954887218,0.4982456140350877,0.42038216560509556
2927,,0.34,0.4825174825174825,0.5112781954887218,0.4982456140350877,0.42038216560509556
2928,,0.34,0.4825174825174825,0.5112781954887218,0.4982456140350877,0.42038216560509556
2929,,0.34,0.4825174825174825,0.5112781954887218,0.4982456140350877,0.42038216560509556
2930,,0.34,0.4825174825174825,0.5112781954887218,0.4982456140350877,0.42038216560509556
2931,,0.34,0.4825174825174825,0.5112781954887218,0.4982456140350877,0.42038216560509556
2932,,0.34,0.4825174825174825,0.5112781954887218,0.4982456140350877,0.42038216560509556
2933,,0.34,0.4825174825174825,0.5112781954887218,0.4982456140350877,0.42038216560509556
2934,,0.34,0.4825174825174825,0.5121951219512195,0.4991243432574431,0.42038216560509556
2935,,0.34,0.4825174825174825,0.5121951219512195,0.4991243432574431,0.42038216560509556
2936,,0.33663366336633666,0.4825174825174825,0.5121951219512195,0.4991243432574431,0.42038216560509556
2937,,0.33663366336633666,0.4825174825174825,0.5121951219512195,0.4991243432574431,0.42038216560509556
2938,,0.33663366336633666,0.4825174825174825,0.5121951219512195,0.4991243432574431,0.42038216560509556
2939,,0.33663366336633666,0.4825174825174825,0.5131086142322098,0.5,0.42038216560509556
2940,,0.33663366336633666,0.4825174825174825,0.5131086142322098,0.5,0.42038216560509556
2941,,0.33663366336633666,0.4825174825174825,0.5131086142322098,0.5,0.42038216560509556
2942,,0.33663366336633666,0.4825174825174825,0.5121495327102804,0.49912739965095987,0.42038216560509556
2943,,0.33663366336633666,0.4825174825174825,0.5121495327102804,0.49912739965095987,0.42038216560509556
2944,,0.33663366336633666,0.4825174825174825,0.5121495327102804,0.49912739965095987,0.42038216560509556
2945,,0.33663366336633666,0.4825174825174825,0.5121495327102804,0.49912739965095987,0.42038216560509556
2946,,0.33663366336633666,0.4825174825174825,0.5121495327102804,0.49912739965095987,0.42038216560509556
2947,,0.33663366336633666,0.4825174825174825,0.5121495327102804,0.49912739965095987,0.4240506329113924
2948,,0.33663366336633666,0.4825174825174825,0.5121495327102804,0.49912739965095987,0.4240506329113924
2949,,0.33663366336633666,0.4825174825174825,0.5111940298507462,0.49825783972125437,0.4240506329113924
2950,,0.33663366336633666,0.4825174825174825,0.5111940298507462,0.49825783972125437,0.4240506329113924
2951,,0.33663366336633666,0.4825174825174825,0.5121042830540037,0.4991304347826087,0.4240506329113924
2952,,0.33663366336633666,0.4825174825174825,0.5121042830540037,0.4991304347826087,0.4240506329113924
2953,,0.33663366336633666,0.4825174825174825,0.5121042830540037,0.4991304347826087,0.4240506329113924
2954,,0.33663366336633666,0.4825174825174825,0.5121042830540037,0.4991304347826087,0.4240506329113924
2955,,0.33663366336633666,0.4825174825174825,0.5121042830540037,0.4991304347826087,0.4240506329113924
2956,,0.33663366336633666,0.4825174825174825,0.5121042830540037,0.4991304347826087,0.4240506329113924
2957,,0.33663366336633666,0.4825174825174825,0.5121042830540037,0.4991304347826087,0.4240506329113924
2958,,0.33663366336633666,0.4825174825174825,0.5111524163568774,0.4982638888888889,0.4240506329113924
2959,,0.33663366336633666,0.4825174825174825,0.5111524163568774,0.4982638888888889,0.4240506329113924
2960,,0.33663366336633666,0.4825174825174825,0.5111524163568774,0.4982638888888889,0.4240506329113924
2961,,0.33663366336633666,0.4825174825174825,0.5111524163568774,0.4982638888888889,0.4240506329113924
2962,,0.33663366336633666,0.4825174825174825,0.5111524163568774,0.4982638888888889,0.4240506329113924
2963,,0.33663366336633666,0.4825174825174825,0.5111524163568774,0.4982638888888889,0.4240506329113924
2964,,0.33663366336633666,0.4825174825174825,0.5111524163568774,0.4982638888888889,0.4240506329113924
2965,,0.33663366336633666,0.4825174825174825,0.5111524163568774,0.4982638888888889,0.4240506329113924
2966,,0.33663366336633666,0.4825174825174825,0.5111524163568774,0.4982638888888889,0.4276729559748428
2967,,0.33663366336633666,0.4825174825174825,0.5111524163568774,0.4982638888888889,0.425
2968,,0.33663366336633666,0.4825174825174825,0.5111524163568774,0.4982638888888889,0.425
2969,,0.33663366336633666,0.4825174825174825,0.5111524163568774,0.4982638888888889,0.425
2970,,0.33663366336633666,0.4825174825174825,0.5111524163568774,0.4982638888888889,0.425
2971,,0.33663366336633666,0.4825174825174825,0.5111524163568774,0.4982638888888889,0.425
2972,,0.33663366336633666,0.4825174825174825,0.5111524163568774,0.4982638888888889,0.425
2973,,0.33663366336633666,0.4825174825174825,0.5111524163568774,0.4982638888888889,0.425
2974,,0.3333333333333333,0.4825174825174825,0.5102040816326531,0.49740034662045063,0.425
2975,,0.3333333333333333,0.4825174825174825,0.5111111111111111,0.4982698961937716,0.425
2976,,0.3333333333333333,0.4825174825174825,0.5111111111111111,0.4982698961937716,0.425
2977,,0.3333333333333333,0.4825174825174825,0.512014787430684,0.4991364421416235,0.425
2978,,0.3333333333333333,0.4825174825174825,0.512014787430684,0.4991364421416235,0.422360248447205
2979,,0.3333333333333333,0.4825174825174825,0.512014787430684,0.4991364421416235,0.422360248447205
2980,,0.3333333333333333,0.4825174825174825,0.512014787430684,0.4991364421416235,0.422360248447205
2981,,0.3333333333333333,0.4825174825174825,0.512014787430684,0.4991364421416235,0.422360248447205
2982,,0.3333333333333333,0.4825174825174825,0.512014787430684,0.4991364421416235,0.422360248447205
2983,,0.3333333333333333,0.4825174825174825,0.512014787430684,0.4991364421416235,0.422360248447205
2984,,0.33980582524271846,0.4825174825174825,0.512014787430684,0.4991364421416235,0.422360248447205
2985,,0.33980582524271846,0.4825174825174825,0.512014787430684,0.4991364421416235,0.422360248447205
2986,,0.33980582524271846,0.4825174825174825,0.5129151291512916,0.5,0.422360248447205
2987,,0.33980582524271846,0.4825174825174825,0.5129151291512916,0.5,0.422360248447205
2988,,0.33980582524271846,0.4825174825174825,0.5129151291512916,0.5,0.422360248447205
2989,,0.33980582524271846,0.4825174825174825,0.5129151291512916,0.5,0.422360248447205
2990,,0.33980582524271846,0.4825174825174825,0.5129151291512916,0.5,0.422360248447205
2991,,0.33980582524271846,0.4825174825174825,0.5129151291512916,0.5,0.422360248447205
2992,,0.33980582524271846,0.4825174825174825,0.5129151291512916,0.5,0.422360248447205
2993,,0.33980582524271846,0.4825174825174825,0.5129151291512916,0.5,0.422360248447205
2994,,0.33980582524271846,0.4825174825174825,0.5119705340699816,0.4991394148020654,0.422360248447205
2995,,0.33980582524271846,0.4825174825174825,0.5110294117647058,0.49828178694158076,0.422360248447205
2996,,0.33980582524271846,0.4825174825174825,0.5110294117647058,0.49828178694158076,0.422360248447205
2997,,0.33980582524271846,0.4825174825174825,0.5100917431192661,0.4974271012006861,0.422360248447205
2998,,0.33980582524271846,0.4825174825174825,0.5100917431192661,0.4974271012006861,0.422360248447205
2999,,0.33980582524271846,0.4825174825174825,0.510989010989011,0.4982876712328767,0.422360248447205
3000,,0.33980582524271846,0.4825174825174825,0.510989010989011,0.4982876712328767,0.422360248447205
3001,,0.33980582524271846,0.4825174825174825,0.510989010989011,0.4982876712328767,0.422360248447205
3002,,0.33980582524271846,0.4825174825174825,0.510989010989011,0.4982876712328767,0.422360248447205
3003,,0.33980582524271846,0.4825174825174825,0.510989010989011,0.4982876712328767,0.422360248447205
3004,,0.34615384615384615,0.4825174825174825,0.5118829981718465,0.49914529914529915,0.42592592592592593
3005,,0.34615384615384615,0.4825174825174825,0.5127737226277372,0.5,0.42592592592592593
3006,,0.34615384615384615,0.4825174825174825,0.5127737226277372,0.5,0.42592592592592593
3007,,0.34615384615384615,0.4825174825174825,0.5136612021857924,0.5008517887563884,0.42592592592592593
3008,,0.34615384615384615,0.4825174825174825,0.5136612021857924,0.5008517887563884,0.42592592592592593
3009,,0.34615384615384615,0.4825174825174825,0.5136612021857924,0.5008517887563884,0.42592592592592593
3010,,0.34615384615384615,0.4825174825174825,0.5127272727272727,0.5,0.42592592592592593
3011,,0.34615384615384615,0.4825174825174825,0.5127272727272727,0.5,0.42592592592592593
3012,,0.34615384615384615,0.4825174825174825,0.5136116152450091,0.5008488964346349,0.42592592592592593
3013,,0.34615384615384615,0.4825174825174825,0.5136116152450091,0.5008488964346349,0.42592592592592593
3014,,0.34615384615384615,0.4825174825174825,0.5136116152450091,0.5008488964346349,0.42592592592592593
