post_id,persona_id,ok,attempts,input_tokens,output_tokens,seconds,error
1020232447319091674,p01_genz_meme,True,1,1273,44,5.488210916519165,
1020232447319091674,p02_fitness,True,1,1264,44,0.9803848266601562,
1020232447319091674,p03_parent,True,1,1266,44,0.9755270481109619,
1020232447319091674,p04_tech_pro,True,1,1267,44,0.9874780178070068,
1020232447319091674,p05_fashion,True,1,1263,44,0.9990682601928711,
1020232447319091674,p06_foodie,True,1,1274,44,1.008734941482544,
1020232447319091674,p07_traveler,True,1,1264,44,0.9819908142089844,
1020232447319091674,p08_student,True,1,1268,44,0.9819760322570801,
1020232447319091674,p09_entrepreneur,True,1,1269,44,0.9797229766845703,
1020232447319091674,p10_artist,True,1,1267,44,0.9873967170715332,
1020232447319091674,p11_senior,True,1,1268,44,0.9766819477081299,
1020232447319091674,p12_activist,True,1,1272,44,0.989783763885498,
1021840100963597214,p01_genz_meme,True,1,1288,44,3.071489095687866,
1021840100963597214,p02_fitness,True,1,1279,44,0.9887161254882812,
1021840100963597214,p03_parent,True,1,1281,44,0.9792492389678955,
1021840100963597214,p04_tech_pro,True,1,1282,44,0.9798882007598877,
1021840100963597214,p05_fashion,True,1,1278,44,0.9823260307312012,
1021840100963597214,p06_foodie,True,1,1289,44,0.997380256652832,
1021840100963597214,p07_traveler,True,1,1279,44,0.9915997982025146,
1021840100963597214,p08_student,True,1,1283,44,0.9864578247070312,
1021840100963597214,p09_entrepreneur,True,1,1284,44,0.9800722599029541,
1021840100963597214,p10_artist,True,1,1282,44,0.9818422794342041,
1021840100963597214,p11_senior,True,1,1283,44,0.992542028427124,
1021840100963597214,p12_activist,True,1,1287,44,0.9846158027648926,
1027920250151471576,p01_genz_meme,True,1,1326,44,3.0925440788269043,
1027920250151471576,p02_fitness,True,1,1317,44,0.9987170696258545,
1027920250151471576,p03_parent,True,1,1319,44,0.9960899353027344,
1027920250151471576,p04_tech_pro,True,1,1320,44,0.9967842102050781,
1027920250151471576,p05_fashion,True,1,1316,44,0.9994461536407471,
1027920250151471576,p06_foodie,True,1,1327,44,1.0059161186218262,
1027920250151471576,p07_traveler,True,1,1317,44,1.0080621242523193,
1027920250151471576,p08_student,True,1,1321,44,0.9989986419677734,
1027920250151471576,p09_entrepreneur,True,1,1322,44,1.0009229183197021,
1027920250151471576,p10_artist,True,1,1320,44,1.0063791275024414,
1027920250151471576,p11_senior,True,1,1321,44,1.0035321712493896,
1027920250151471576,p12_activist,True,1,1325,44,1.0033471584320068,
1028377195238173864,p01_genz_meme,True,1,1284,44,3.0947561264038086,
1028377195238173864,p02_fitness,True,1,1275,44,0.9876821041107178,
1028377195238173864,p03_parent,True,1,1277,44,0.9944100379943848,
1028377195238173864,p04_tech_pro,True,1,1278,44,0.9960587024688721,
1028377195238173864,p05_fashion,True,1,1274,44,0.9861340522766113,
1028377195238173864,p06_foodie,True,1,1285,44,0.9945652484893799,
1028377195238173864,p07_traveler,True,1,1275,44,0.9865243434906006,
1028377195238173864,p08_student,True,1,1279,44,0.985558032989502,
1028377195238173864,p09_entrepreneur,True,1,1280,44,0.9904971122741699,
1028377195238173864,p10_artist,True,1,1278,44,0.9838640689849854,
1028377195238173864,p11_senior,True,1,1279,44,0.9884860515594482,
1028377195238173864,p12_activist,True,1,1283,44,0.985605001449585,
1050050602727884503,p01_genz_meme,True,1,1259,44,3.0888922214508057,
1050050602727884503,p02_fitness,True,1,1250,44,0.9771320819854736,
1050050602727884503,p03_parent,True,1,1252,44,0.9800131320953369,
1050050602727884503,p04_tech_pro,True,1,1253,44,0.9777138233184814,
1050050602727884503,p05_fashion,True,1,1249,44,0.9882402420043945,
1050050602727884503,p06_foodie,True,1,1260,44,0.987969160079956,
1050050602727884503,p07_traveler,True,1,1250,44,0.9806380271911621,
1050050602727884503,p08_student,True,1,1254,44,0.9851999282836914,
1050050602727884503,p09_entrepreneur,True,1,1255,44,0.9865849018096924,
1050050602727884503,p10_artist,True,1,1253,44,0.9853920936584473,
1050050602727884503,p11_senior,True,1,1254,44,0.9906570911407471,
1050050602727884503,p12_activist,True,1,1258,44,0.9842939376831055,
1084370293302873853,p01_genz_meme,True,1,1261,44,3.089099168777466,
1084370293302873853,p02_fitness,True,1,1252,44,0.9882440567016602,
1084370293302873853,p03_parent,True,1,1254,44,0.9772038459777832,
1084370293302873853,p04_tech_pro,True,1,1255,44,0.9843521118164062,
1084370293302873853,p05_fashion,True,1,1251,44,0.9799559116363525,
1084370293302873853,p06_foodie,True,1,1262,44,0.9810659885406494,
1084370293302873853,p07_traveler,True,1,1252,44,0.9831602573394775,
1084370293302873853,p08_student,True,1,1256,44,0.9759559631347656,
1084370293302873853,p09_entrepreneur,True,1,1257,44,0.9762730598449707,
1084370293302873853,p10_artist,True,1,1255,44,0.9834449291229248,
1084370293302873853,p11_senior,True,1,1256,44,0.9770851135253906,
1084370293302873853,p12_activist,True,1,1260,44,0.9749259948730469,
1086440553957799588,p01_genz_meme,True,1,1366,44,3.363058090209961,
1086440553957799588,p02_fitness,True,1,1357,44,1.004164218902588,
1086440553957799588,p03_parent,True,1,1359,44,1.0002450942993164,
1086440553957799588,p04_tech_pro,True,1,1360,44,1.0103709697723389,
1086440553957799588,p05_fashion,True,1,1356,44,1.0077121257781982,
1086440553957799588,p06_foodie,True,1,1367,44,1.0683698654174805,
1086440553957799588,p07_traveler,True,1,1357,44,1.0076048374176025,
1086440553957799588,p08_student,True,1,1361,44,1.0716781616210938,
1086440553957799588,p09_entrepreneur,True,1,1362,44,1.0825541019439697,
1086440553957799588,p10_artist,True,1,1360,44,1.010221004486084,
1086440553957799588,p11_senior,True,1,1361,44,1.0750081539154053,
1086440553957799588,p12_activist,True,1,1365,44,1.0662589073181152,
1086613549081272514,p01_genz_meme,True,1,1274,44,3.1152398586273193,
1086613549081272514,p02_fitness,True,1,1265,44,0.9832179546356201,
1086613549081272514,p03_parent,True,1,1267,44,0.9817190170288086,
1086613549081272514,p04_tech_pro,True,1,1268,44,0.9784688949584961,
1086613549081272514,p05_fashion,True,1,1264,44,0.9932537078857422,
1086613549081272514,p06_foodie,True,1,1275,44,0.9862041473388672,
1086613549081272514,p07_traveler,True,1,1265,44,0.9839663505554199,
1086613549081272514,p08_student,True,1,1269,44,0.9870738983154297,
1086613549081272514,p09_entrepreneur,True,1,1270,44,0.9848809242248535,
1086613549081272514,p10_artist,True,1,1268,44,0.9939279556274414,
1086613549081272514,p11_senior,True,1,1269,44,0.9899032115936279,
1086613549081272514,p12_activist,True,1,1273,44,0.9850518703460693,
1091562961426230746,p01_genz_meme,True,1,1355,44,3.238938808441162,
1091562961426230746,p02_fitness,True,1,1346,44,1.071789026260376,
1091562961426230746,p03_parent,True,1,1348,44,1.0717601776123047,
1091562961426230746,p04_tech_pro,True,1,1349,44,1.0700464248657227,
1091562961426230746,p05_fashion,True,1,1345,44,1.087035894393921,
1091562961426230746,p06_foodie,True,1,1356,44,1.085414171218872,
1091562961426230746,p07_traveler,True,1,1346,44,1.079246997833252,
1091562961426230746,p08_student,True,1,1350,44,1.0751087665557861,
1091562961426230746,p09_entrepreneur,True,1,1351,44,1.076416015625,
1091562961426230746,p10_artist,True,1,1349,44,1.0835819244384766,
1091562961426230746,p11_senior,True,1,1350,44,1.0863721370697021,
1091562961426230746,p12_activist,True,1,1354,44,1.0820629596710205,
1094907917707752560,p01_genz_meme,True,1,1393,44,3.5053958892822266,
1094907917707752560,p02_fitness,True,1,1384,44,1.0921201705932617,
1094907917707752560,p03_parent,True,1,1386,44,1.086003303527832,
1094907917707752560,p04_tech_pro,True,1,1387,44,1.0954718589782715,
1094907917707752560,p05_fashion,True,1,1383,44,1.0923690795898438,
1094907917707752560,p06_foodie,True,1,1394,44,1.1067020893096924,
1094907917707752560,p07_traveler,True,1,1384,44,1.088407039642334,
1094907917707752560,p08_student,True,1,1388,44,1.094454050064087,
1094907917707752560,p09_entrepreneur,True,1,1389,44,1.0921871662139893,
1094907917707752560,p10_artist,True,1,1387,44,1.0957200527191162,
1094907917707752560,p11_senior,True,1,1388,44,1.0882811546325684,
1094907917707752560,p12_activist,True,1,1392,44,1.092036247253418,
1106486423794559767,p01_genz_meme,True,1,1268,44,3.1678531169891357,
1106486423794559767,p02_fitness,True,1,1259,44,0.9933090209960938,
1106486423794559767,p03_parent,True,1,1261,44,0.9873490333557129,
1106486423794559767,p04_tech_pro,True,1,1262,44,0.9915499687194824,
1106486423794559767,p05_fashion,True,1,1258,44,0.987321138381958,
1106486423794559767,p06_foodie,True,1,1269,44,0.989844799041748,
1106486423794559767,p07_traveler,True,1,1259,44,1.0010309219360352,
1106486423794559767,p08_student,True,1,1263,44,0.9895370006561279,
1106486423794559767,p09_entrepreneur,True,1,1264,44,1.0028040409088135,
1106486423794559767,p10_artist,True,1,1262,44,1.0026161670684814,
1106486423794559767,p11_senior,True,1,1263,44,0.9998540878295898,
1106486423794559767,p12_activist,True,1,1267,44,1.0450172424316406,
1113156500874451073,p01_genz_meme,True,1,1274,44,3.376551866531372,
1113156500874451073,p02_fitness,True,1,1265,44,0.994858980178833,
1113156500874451073,p03_parent,True,1,1267,44,1.001904010772705,
1113156500874451073,p04_tech_pro,True,1,1268,44,0.9913811683654785,
1113156500874451073,p05_fashion,True,1,1264,44,0.9955801963806152,
1113156500874451073,p06_foodie,True,1,1275,44,0.9923820495605469,
1113156500874451073,p07_traveler,True,1,1265,44,0.9930150508880615,
1113156500874451073,p08_student,True,1,1269,44,0.9880859851837158,
1113156500874451073,p09_entrepreneur,True,1,1270,44,1.0087471008300781,
1113156500874451073,p10_artist,True,1,1268,44,1.020019292831421,
1113156500874451073,p11_senior,True,1,1269,44,1.0090320110321045,
1113156500874451073,p12_activist,True,1,1273,44,1.0111217498779297,
1135676516507528416,p01_genz_meme,True,1,1258,44,3.3631529808044434,
1135676516507528416,p02_fitness,True,1,1249,44,0.9851350784301758,
1135676516507528416,p03_parent,True,1,1251,44,0.9901797771453857,
1135676516507528416,p04_tech_pro,True,1,1252,44,0.9844908714294434,
1135676516507528416,p05_fashion,True,1,1248,44,0.9823081493377686,
1135676516507528416,p06_foodie,True,1,1259,44,0.9930739402770996,
1135676516507528416,p07_traveler,True,1,1249,44,0.988034725189209,
1135676516507528416,p08_student,True,1,1253,44,0.9986917972564697,
1135676516507528416,p09_entrepreneur,True,1,1254,44,1.0151209831237793,
1135676516507528416,p10_artist,True,1,1252,44,1.0120797157287598,
1135676516507528416,p11_senior,True,1,1253,44,1.0184247493743896,
1135676516507528416,p12_activist,True,1,1257,44,1.0044941902160645,
1135853998724848724,p01_genz_meme,True,1,1334,44,3.3860719203948975,
1135853998724848724,p02_fitness,True,1,1325,44,1.0126030445098877,
1135853998724848724,p03_parent,True,1,1327,44,1.0120251178741455,
1135853998724848724,p04_tech_pro,True,1,1328,44,1.017322063446045,
1135853998724848724,p05_fashion,True,1,1324,44,1.0090632438659668,
1135853998724848724,p06_foodie,True,1,1335,44,1.0292809009552002,
1135853998724848724,p07_traveler,True,1,1325,44,1.017338752746582,
1135853998724848724,p08_student,True,1,1329,44,1.0311729907989502,
1135853998724848724,p09_entrepreneur,True,1,1330,44,1.051171064376831,
1135853998724848724,p10_artist,True,1,1328,44,1.0474739074707031,
1135853998724848724,p11_senior,True,1,1329,44,1.0518279075622559,
1135853998724848724,p12_activist,True,1,1333,44,1.0367212295532227,
1143136259540561330,p01_genz_meme,True,1,1293,44,3.4156837463378906,
1143136259540561330,p02_fitness,True,1,1284,44,0.9935979843139648,
1143136259540561330,p03_parent,True,1,1286,44,0.9947240352630615,
1143136259540561330,p04_tech_pro,True,1,1287,44,0.9978349208831787,
1143136259540561330,p05_fashion,True,1,1283,44,0.9969468116760254,
1143136259540561330,p06_foodie,True,1,1294,44,0.9988961219787598,
1143136259540561330,p07_traveler,True,1,1284,44,1.0257248878479004,
1143136259540561330,p08_student,True,1,1288,44,1.042316198348999,
1143136259540561330,p09_entrepreneur,True,1,1289,44,1.0279791355133057,
1143136259540561330,p10_artist,True,1,1287,44,1.0226001739501953,
1143136259540561330,p11_senior,True,1,1288,44,1.0308940410614014,
1143136259540561330,p12_activist,True,1,1292,44,1.0394618511199951,
1161676669219740697,p01_genz_meme,True,1,1260,44,3.4022929668426514,
1161676669219740697,p02_fitness,True,1,1251,44,0.9839208126068115,
1161676669219740697,p03_parent,True,1,1253,44,0.9979867935180664,
1161676669219740697,p04_tech_pro,True,1,1254,44,0.9912030696868896,
1161676669219740697,p05_fashion,True,1,1250,44,0.9929211139678955,
1161676669219740697,p06_foodie,True,1,1261,44,1.0230779647827148,
1161676669219740697,p07_traveler,True,1,1251,44,1.019989013671875,
1161676669219740697,p08_student,True,1,1255,44,1.0177550315856934,
1161676669219740697,p09_entrepreneur,True,1,1256,44,1.0201332569122314,
1161676669219740697,p10_artist,True,1,1254,44,1.0165410041809082,
1161676669219740697,p11_senior,True,1,1255,44,1.017200231552124,
1161676669219740697,p12_activist,True,1,1259,44,1.0153658390045166,
1166736329615617159,p01_genz_meme,True,1,1286,44,3.5619239807128906,
1166736329615617159,p02_fitness,True,1,1277,44,0.9921200275421143,
1166736329615617159,p03_parent,True,1,1279,44,0.9919650554656982,
1166736329615617159,p04_tech_pro,True,1,1280,44,0.9968383312225342,
1166736329615617159,p05_fashion,True,1,1276,44,0.9917640686035156,
1166736329615617159,p06_foodie,True,1,1287,44,1.0104460716247559,
1166736329615617159,p07_traveler,True,1,1277,44,1.030097246170044,
1166736329615617159,p08_student,True,1,1281,44,1.0222580432891846,
1166736329615617159,p09_entrepreneur,True,1,1282,44,1.0292909145355225,
1166736329615617159,p10_artist,True,1,1280,44,1.0205538272857666,
1166736329615617159,p11_senior,True,1,1281,44,1.0167722702026367,
1166736329615617159,p12_activist,True,1,1285,44,1.0190181732177734,
1167038370912975644,p01_genz_meme,True,1,1325,44,3.441004753112793,
1167038370912975644,p02_fitness,True,1,1316,44,1.0050978660583496,
1167038370912975644,p03_parent,True,1,1318,44,1.0126121044158936,
1167038370912975644,p04_tech_pro,True,1,1319,44,1.0226778984069824,
1167038370912975644,p05_fashion,True,1,1315,44,1.022402048110962,
1167038370912975644,p06_foodie,True,1,1326,44,1.027930736541748,
1167038370912975644,p07_traveler,True,1,1316,44,1.0536949634552002,
1167038370912975644,p08_student,True,1,1320,44,1.0536630153656006,
1167038370912975644,p09_entrepreneur,True,1,1321,44,1.0605390071868896,
1167038370912975644,p10_artist,True,1,1319,44,1.0600860118865967,
1167038370912975644,p11_senior,True,1,1320,44,1.039322853088379,
1167038370912975644,p12_activist,True,1,1324,44,1.0496110916137695,
1167170214044446488,p01_genz_meme,True,1,1260,44,3.4296071529388428,
1167170214044446488,p02_fitness,True,1,1251,44,0.9882349967956543,
1167170214044446488,p03_parent,True,1,1253,44,0.9890449047088623,
1167170214044446488,p04_tech_pro,True,1,1254,44,0.9962770938873291,
1167170214044446488,p05_fashion,True,1,1250,44,1.0062968730926514,
1167170214044446488,p06_foodie,True,1,1261,44,1.0294468402862549,
1167170214044446488,p07_traveler,True,1,1251,44,1.0294630527496338,
1167170214044446488,p08_student,True,1,1255,44,1.0264861583709717,
1167170214044446488,p09_entrepreneur,True,1,1256,44,1.0320088863372803,
1167170214044446488,p10_artist,True,1,1254,44,1.0234758853912354,
1167170214044446488,p11_senior,True,1,1255,44,1.0203640460968018,
1167170214044446488,p12_activist,True,1,1259,44,1.0198209285736084,
1167470586097162357,p01_genz_meme,True,1,1284,44,3.7059268951416016,
1167470586097162357,p02_fitness,True,1,1275,44,0.996131181716919,
1167470586097162357,p03_parent,True,1,1277,44,1.0101029872894287,
1167470586097162357,p04_tech_pro,True,1,1278,44,1.0334441661834717,
1167470586097162357,p05_fashion,True,1,1274,44,1.043497085571289,
1167470586097162357,p06_foodie,True,1,1285,44,1.029991865158081,
1167470586097162357,p07_traveler,True,1,1275,44,1.0320770740509033,
1167470586097162357,p08_student,True,1,1279,44,1.037412166595459,
1167470586097162357,p09_entrepreneur,True,1,1280,44,1.029155969619751,
1167470586097162357,p10_artist,True,1,1278,44,1.0335233211517334,
1167470586097162357,p11_senior,True,1,1279,44,1.0396418571472168,
1167470586097162357,p12_activist,True,1,1283,44,1.0330021381378174,
1350237308238020385,p03_parent,True,1,1280,44,13.247287034988403,
1350237308238020385,p01_genz_meme,True,1,1287,44,13.283284902572632,
1350237308238020385,p02_fitness,True,1,1278,44,13.283009052276611,
1350237308238020385,p04_tech_pro,True,1,1281,44,13.283533096313477,
1350237308238020385,p05_fashion,True,1,1277,44,2.241541862487793,
1350237308238020385,p06_foodie,True,1,1288,44,2.2492382526397705,
1350237308238020385,p07_traveler,True,1,1278,44,2.248102903366089,
1350237308238020385,p08_student,True,1,1282,44,2.247014045715332,
1350237308238020385,p09_entrepreneur,True,1,1283,44,2.211229085922241,
1350237308238020385,p11_senior,True,1,1282,44,2.172975778579712,
1350237308238020385,p12_activist,True,1,1286,44,2.1726341247558594,
1350237308238020385,p10_artist,True,1,1281,44,2.1744959354400635,
1350312485877624918,p01_genz_meme,True,1,1280,44,12.012893915176392,
1350312485877624918,p02_fitness,True,1,1271,44,12.014803886413574,
1350312485877624918,p04_tech_pro,True,1,1274,44,12.009629011154175,
1350312485877624918,p03_parent,True,1,1273,44,12.010918855667114,
1350312485877624918,p05_fashion,True,1,1270,44,2.3103888034820557,
1350312485877624918,p07_traveler,True,1,1271,44,2.3091440200805664,
1350312485877624918,p06_foodie,True,1,1281,44,2.308077096939087,
1350312485877624918,p08_student,True,1,1275,44,2.306442975997925,
1350312485877624918,p10_artist,True,1,1274,44,2.2822420597076416,
1350312485877624918,p11_senior,True,1,1275,44,2.2814979553222656,
1350312485877624918,p09_entrepreneur,True,1,1276,44,2.2852132320404053,
1350312485877624918,p12_activist,True,1,1279,44,2.280972719192505,
1352614963729961582,p04_tech_pro,True,1,1292,44,12.46910572052002,
1352614963729961582,p03_parent,True,1,1291,44,12.470271110534668,
1352614963729961582,p01_genz_meme,True,1,1298,44,12.47452712059021,
1352614963729961582,p02_fitness,True,1,1289,44,12.473211765289307,
1352614963729961582,p07_traveler,True,1,1289,44,2.4975199699401855,
1352614963729961582,p05_fashion,True,1,1288,44,2.4993789196014404,
1352614963729961582,p06_foodie,True,1,1299,44,2.4985127449035645,
1352614963729961582,p08_student,True,1,1293,44,2.4965622425079346,
1352614963729961582,p09_entrepreneur,True,1,1294,44,2.5985610485076904,
1352614963729961582,p11_senior,True,1,1293,44,2.5948591232299805,
1352614963729961582,p10_artist,True,1,1292,44,2.595694065093994,
1352614963729961582,p12_activist,True,1,1297,44,2.5934290885925293,
1358181115927824635,p04_tech_pro,True,1,1285,44,13.25536322593689,
1358181115927824635,p01_genz_meme,True,1,1291,44,13.256273031234741,
1358181115927824635,p03_parent,True,1,1284,44,13.25496506690979,
1358181115927824635,p02_fitness,True,1,1282,44,13.256083965301514,
1358181115927824635,p05_fashion,True,1,1281,44,2.7030420303344727,
1358181115927824635,p06_foodie,True,1,1292,44,2.7023308277130127,
1358181115927824635,p07_traveler,True,1,1282,44,2.700524091720581,
1358181115927824635,p08_student,True,1,1286,44,2.6989970207214355,
1358181115927824635,p12_activist,True,1,1290,44,2.610487937927246,
1358181115927824635,p09_entrepreneur,True,1,1287,44,2.616238832473755,
1358181115927824635,p11_senior,True,1,1286,44,2.6129002571105957,
1358181115927824635,p10_artist,True,1,1285,44,2.615100860595703,
1365187792531621574,p04_tech_pro,True,1,1294,44,13.659831047058105,
1365187792531621574,p01_genz_meme,True,1,1300,44,13.659681797027588,
1365187792531621574,p03_parent,True,1,1293,44,13.65955400466919,
1365187792531621574,p02_fitness,True,1,1291,44,13.659646034240723,
1365187792531621574,p08_student,True,1,1295,44,2.992410898208618,
1365187792531621574,p06_foodie,True,1,1301,44,2.993834972381592,
1365187792531621574,p05_fashion,True,1,1290,44,2.9948761463165283,
1365187792531621574,p07_traveler,True,1,1291,44,2.9919660091400146,
1365187792531621574,p12_activist,True,1,1299,44,2.976858139038086,
1365187792531621574,p09_entrepreneur,True,1,1296,44,2.981710910797119,
1365187792531621574,p11_senior,True,1,1295,44,2.977811813354492,
1365187792531621574,p10_artist,True,1,1294,44,2.9803550243377686,
1365274297081301660,p01_genz_meme,True,1,1302,44,15.227553844451904,
1365274297081301660,p04_tech_pro,True,1,1296,44,15.224597930908203,
1365274297081301660,p02_fitness,True,1,1293,44,15.22816777229309,
1365274297081301660,p03_parent,True,1,1295,44,15.227579116821289,
1365274297081301660,p05_fashion,True,1,1292,44,4.414642333984375,
1365274297081301660,p08_student,True,1,1297,44,4.410735130310059,
1365274297081301660,p06_foodie,True,1,1303,44,4.4137537479400635,
1365274297081301660,p07_traveler,True,1,1293,44,4.408812046051025,
1365274297081301660,p10_artist,True,1,1296,44,3.3166918754577637,
1365274297081301660,p09_entrepreneur,True,1,1298,44,3.320786237716675,
1365274297081301660,p11_senior,True,1,1297,44,3.3123130798339844,
1365274297081301660,p12_activist,True,1,1301,44,3.3097238540649414,
1368463119567247119,p04_tech_pro,True,1,1290,44,16.350731134414673,
1368463119567247119,p03_parent,True,1,1289,44,16.353767156600952,
1368463119567247119,p01_genz_meme,True,1,1296,44,16.358269929885864,
1368463119567247119,p02_fitness,True,1,1287,44,16.35647487640381,
1368463119567247119,p05_fashion,True,1,1286,44,3.323490858078003,
1368463119567247119,p06_foodie,True,1,1297,44,3.323331117630005,
1368463119567247119,p07_traveler,True,1,1287,44,3.320607900619507,
1368463119567247119,p08_student,True,1,1291,44,3.320559024810791,
1368463119567247119,p12_activist,True,1,1295,44,3.0023090839385986,
1368463119567247119,p10_artist,True,1,1290,44,3.006687879562378,
1368463119567247119,p11_senior,True,1,1291,44,3.0041580200195312,
1368463119567247119,p09_entrepreneur,True,1,1292,44,3.0096399784088135,
1369312555625025878,p02_fitness,True,1,1347,44,17.228787899017334,
1369312555625025878,p01_genz_meme,True,1,1356,44,17.230052709579468,
1369312555625025878,p04_tech_pro,True,1,1350,44,17.224086046218872,
1369312555625025878,p03_parent,True,1,1349,44,17.226797103881836,
1369312555625025878,p07_traveler,True,1,1347,44,3.7010059356689453,
1369312555625025878,p06_foodie,True,1,1357,44,3.702932834625244,
1369312555625025878,p08_student,True,1,1351,44,3.6997039318084717,
1369312555625025878,p05_fashion,True,1,1346,44,3.7039239406585693,
1369312555625025878,p09_entrepreneur,True,1,1352,44,3.5275771617889404,
1369312555625025878,p12_activist,True,1,1355,44,3.523033857345581,
1369312555625025878,p11_senior,True,1,1351,44,3.523470878601074,
1369312555625025878,p10_artist,True,1,1350,44,3.527190923690796,
1369913547664866907,p03_parent,True,1,1605,44,17.61751699447632,
1369913547664866907,p02_fitness,True,1,1603,44,17.619662046432495,
1369913547664866907,p04_tech_pro,True,1,1606,44,17.65443205833435,
1369913547664866907,p01_genz_meme,True,1,1612,44,17.660287141799927,
1369913547664866907,p06_foodie,True,1,1613,44,4.839201927185059,
1369913547664866907,p05_fashion,True,1,1602,44,4.839761972427368,
1369913547664866907,p08_student,True,1,1607,44,4.842069864273071,
1369913547664866907,p07_traveler,True,1,1603,44,4.8426549434661865,
1369913547664866907,p10_artist,True,1,1606,44,5.037958860397339,
1369913547664866907,p09_entrepreneur,True,1,1608,44,5.040105104446411,
1369913547664866907,p12_activist,True,1,1611,44,5.264466047286987,
1369913547664866907,p11_senior,True,1,1607,44,5.265905857086182,
1372572232950018260,p02_fitness,True,1,1313,44,15.993647813796997,
1372572232950018260,p01_genz_meme,True,1,1322,44,15.993905782699585,
1372572232950018260,p03_parent,True,1,1315,44,15.767506837844849,
1372572232950018260,p04_tech_pro,True,1,1316,44,15.765601873397827,
1372572232950018260,p06_foodie,True,1,1323,44,3.2972772121429443,
1372572232950018260,p05_fashion,True,1,1312,44,3.29919695854187,
1372572232950018260,p07_traveler,True,1,1313,44,3.273794174194336,
1372572232950018260,p08_student,True,1,1317,44,3.27351713180542,
1372572232950018260,p12_activist,True,1,1321,44,3.1329963207244873,
1372572232950018260,p11_senior,True,1,1317,44,3.1339499950408936,
1372572232950018260,p09_entrepreneur,True,1,1318,44,3.138137102127075,
1372572232950018260,p10_artist,True,1,1316,44,3.1356441974639893,
1374687876083727815,p01_genz_meme,True,1,1301,44,4.962213039398193,
1374687876083727815,p02_fitness,True,1,1292,44,1.0549068450927734,
1374687876083727815,p03_parent,True,1,1294,44,1.3691520690917969,
1374687876083727815,p04_tech_pro,True,1,1295,44,1.194180965423584,
1374687876083727815,p05_fashion,True,1,1291,44,1.1285498142242432,
1374687876083727815,p06_foodie,True,1,1302,44,1.162531852722168,
1374687876083727815,p07_traveler,True,1,1292,44,1.2132327556610107,
1374687876083727815,p08_student,True,1,1296,44,1.2418608665466309,
1374687876083727815,p09_entrepreneur,True,1,1297,44,1.2522330284118652,
1374687876083727815,p10_artist,True,1,1295,44,1.1217269897460938,
1374687876083727815,p11_senior,True,1,1296,44,1.1529948711395264,
1374687876083727815,p12_activist,True,1,1300,44,1.244023084640503,
1374942868880017677,p01_genz_meme,True,1,1287,44,4.028916120529175,
1374942868880017677,p02_fitness,True,1,1278,44,1.0318069458007812,
1374942868880017677,p03_parent,True,1,1280,44,1.2098219394683838,
1374942868880017677,p04_tech_pro,True,1,1281,44,1.1898109912872314,
1374942868880017677,p05_fashion,True,1,1277,44,1.0987281799316406,
1374942868880017677,p06_foodie,True,1,1288,44,1.1581308841705322,
1374942868880017677,p07_traveler,True,1,1278,44,1.1360387802124023,
1374942868880017677,p08_student,True,1,1282,44,1.158362865447998,
1374942868880017677,p09_entrepreneur,True,1,1283,44,1.159477949142456,
1374942868880017677,p10_artist,True,1,1281,44,1.1285028457641602,
1374942868880017677,p11_senior,True,1,1282,44,1.1626811027526855,
1374942868880017677,p12_activist,True,1,1286,44,1.100330114364624,
1376165019834098227,p01_genz_meme,True,1,1290,44,3.9628872871398926,
1376165019834098227,p02_fitness,True,1,1281,44,1.0162067413330078,
1376165019834098227,p03_parent,True,1,1283,44,1.1602330207824707,
1376165019834098227,p04_tech_pro,True,1,1284,44,1.1542890071868896,
1376165019834098227,p05_fashion,True,1,1280,44,1.1312470436096191,
1376165019834098227,p06_foodie,True,1,1291,44,1.1263339519500732,
1376165019834098227,p07_traveler,True,1,1281,44,1.1304728984832764,
1376165019834098227,p08_student,True,1,1285,44,1.1325390338897705,
1376165019834098227,p09_entrepreneur,True,1,1286,44,1.170159101486206,
1376165019834098227,p10_artist,True,1,1284,44,1.137455940246582,
1376165019834098227,p11_senior,True,1,1285,44,1.1325502395629883,
1376165019834098227,p12_activist,True,1,1289,44,1.1432220935821533,
1376542196647702823,p01_genz_meme,True,1,1275,44,3.8051228523254395,
1376542196647702823,p02_fitness,True,1,1266,44,1.0286509990692139,
1376542196647702823,p03_parent,True,1,1268,44,1.2056572437286377,
1376542196647702823,p04_tech_pro,True,1,1269,44,1.167639970779419,
1376542196647702823,p05_fashion,True,1,1265,44,1.1782310009002686,
1376542196647702823,p06_foodie,True,1,1276,44,1.1244101524353027,
1376542196647702823,p07_traveler,True,1,1266,44,1.1390411853790283,
1376542196647702823,p08_student,True,1,1270,44,1.1744320392608643,
1376542196647702823,p09_entrepreneur,True,1,1271,44,1.2357778549194336,
1376542196647702823,p10_artist,True,1,1269,44,1.1194260120391846,
1376542196647702823,p11_senior,True,1,1270,44,1.1333520412445068,
1376542196647702823,p12_activist,True,1,1274,44,1.2115771770477295,
1376941022873907607,p01_genz_meme,True,1,1271,44,3.959507942199707,
1376941022873907607,p02_fitness,True,1,1262,44,1.0418970584869385,
1376941022873907607,p03_parent,True,1,1264,44,1.3141918182373047,
1376941022873907607,p04_tech_pro,True,1,1265,44,1.1728019714355469,
1376941022873907607,p05_fashion,True,1,1261,44,1.1401829719543457,
1376941022873907607,p06_foodie,True,1,1272,44,1.16001296043396,
1376941022873907607,p07_traveler,True,1,1262,44,1.1661670207977295,
1376941022873907607,p08_student,True,1,1266,44,1.1711530685424805,
1376941022873907607,p09_entrepreneur,True,1,1267,44,1.1602041721343994,
1376941022873907607,p10_artist,True,1,1265,44,1.1672208309173584,
1376941022873907607,p11_senior,True,1,1266,44,1.1658999919891357,
1376941022873907607,p12_activist,True,1,1270,44,1.2073290348052979,
1379750339649297930,p01_genz_meme,True,1,1289,44,3.8297441005706787,
1379750339649297930,p02_fitness,True,1,1280,44,1.06410813331604,
1379750339649297930,p03_parent,True,1,1282,44,1.340912103652954,
1379750339649297930,p04_tech_pro,True,1,1283,44,1.168997049331665,
1379750339649297930,p05_fashion,True,1,1279,44,1.1821048259735107,
1379750339649297930,p06_foodie,True,1,1290,44,1.2063827514648438,
1379750339649297930,p07_traveler,True,1,1280,44,1.1710200309753418,
1379750339649297930,p08_student,True,1,1284,44,1.2453019618988037,
1379750339649297930,p09_entrepreneur,True,1,1285,44,1.155900001525879,
1379750339649297930,p10_artist,True,1,1283,44,1.176374912261963,
1379750339649297930,p11_senior,True,1,1284,44,1.1441991329193115,
1379750339649297930,p12_activist,True,1,1288,44,1.2142531871795654,
1380348333859871719,p01_genz_meme,True,1,1305,44,3.868288040161133,
1380348333859871719,p02_fitness,True,1,1296,44,1.1929328441619873,
1380348333859871719,p03_parent,True,1,1298,44,1.640660047531128,
1380348333859871719,p04_tech_pro,True,1,1299,44,1.1741650104522705,
1380348333859871719,p05_fashion,True,1,1295,44,1.1945109367370605,
1380348333859871719,p06_foodie,True,1,1306,44,1.2177538871765137,
1380348333859871719,p07_traveler,True,1,1296,44,1.1991620063781738,
1380348333859871719,p08_student,True,1,1300,44,1.2440242767333984,
1380348333859871719,p09_entrepreneur,True,1,1301,44,1.4707350730895996,
1380348333859871719,p10_artist,True,1,1299,44,1.2714219093322754,
1380348333859871719,p11_senior,True,1,1300,44,1.4216349124908447,
1380348333859871719,p12_activist,True,1,1304,44,1.2171859741210938,
1383007299887273432,p01_genz_meme,True,1,1293,44,4.121484994888306,
1383007299887273432,p02_fitness,True,1,1284,44,1.3752520084381104,
1383007299887273432,p03_parent,True,1,1286,44,1.2167508602142334,
1383007299887273432,p04_tech_pro,True,1,1287,44,1.126659870147705,
1383007299887273432,p05_fashion,True,1,1283,44,1.2069203853607178,
1383007299887273432,p06_foodie,True,1,1294,44,1.27018404006958,
1383007299887273432,p07_traveler,True,1,1284,44,1.1411981582641602,
1383007299887273432,p08_student,True,1,1288,44,1.321220874786377,
1383007299887273432,p09_entrepreneur,True,1,1289,44,1.213043212890625,
1383007299887273432,p10_artist,True,1,1287,44,1.111429214477539,
1383007299887273432,p11_senior,True,1,1288,44,1.1515929698944092,
1383007299887273432,p12_activist,True,1,1292,44,1.214738130569458,
1383899860251518691,p01_genz_meme,True,1,1483,44,4.206892967224121,
1383899860251518691,p02_fitness,True,1,1474,44,1.4328739643096924,
1383899860251518691,p03_parent,True,1,1476,44,1.4241280555725098,
1383899860251518691,p04_tech_pro,True,1,1477,44,1.317490816116333,
1383899860251518691,p05_fashion,True,1,1473,44,1.4853250980377197,
1383899860251518691,p06_foodie,True,1,1484,44,1.4882779121398926,
1383899860251518691,p07_traveler,True,1,1474,44,1.3570261001586914,
1383899860251518691,p08_student,True,1,1478,44,1.4749960899353027,
1383899860251518691,p09_entrepreneur,True,1,1479,44,1.3610849380493164,
1383899860251518691,p10_artist,True,1,1477,44,1.3823859691619873,
1383899860251518691,p11_senior,True,1,1478,44,1.3762738704681396,
1383899860251518691,p12_activist,True,1,1482,44,1.3880372047424316,
1385055311135852026,p01_genz_meme,True,1,1330,44,4.187192678451538,
1385055311135852026,p02_fitness,True,1,1321,44,1.3244240283966064,
1385055311135852026,p03_parent,True,1,1323,44,1.2666051387786865,
1385055311135852026,p04_tech_pro,True,1,1324,44,1.1093082427978516,
1385055311135852026,p05_fashion,True,1,1320,44,1.1818437576293945,
1385055311135852026,p06_foodie,True,1,1331,44,1.173767328262329,
1385055311135852026,p07_traveler,True,1,1321,44,1.1836340427398682,
1385055311135852026,p08_student,True,1,1325,44,1.1689741611480713,
1385055311135852026,p09_entrepreneur,True,1,1326,44,1.1581947803497314,
1385055311135852026,p10_artist,True,1,1324,44,1.1986980438232422,
1385055311135852026,p11_senior,True,1,1325,44,1.273315191268921,
1385055311135852026,p12_activist,True,1,1329,44,1.1566388607025146,
1386726484034474008,p01_genz_meme,True,1,1295,44,4.085689067840576,
1386726484034474008,p02_fitness,True,1,1286,44,1.0410048961639404,
1386726484034474008,p03_parent,True,1,1288,44,1.254213809967041,
1386726484034474008,p04_tech_pro,True,1,1289,44,1.185804843902588,
1386726484034474008,p05_fashion,True,1,1285,44,1.1216099262237549,
1386726484034474008,p06_foodie,True,1,1296,44,1.3560280799865723,
1386726484034474008,p07_traveler,True,1,1286,44,1.3816020488739014,
1386726484034474008,p08_student,True,1,1290,44,1.1770050525665283,
1386726484034474008,p09_entrepreneur,True,1,1291,44,1.190821886062622,
1386726484034474008,p10_artist,True,1,1289,44,1.2130532264709473,
1386726484034474008,p11_senior,True,1,1290,44,1.2533209323883057,
1386726484034474008,p12_activist,True,1,1294,44,1.2362518310546875,
1390248641650672089,p01_genz_meme,True,1,1327,44,4.595483303070068,
1390248641650672089,p02_fitness,True,1,1318,44,1.3795068264007568,
1390248641650672089,p03_parent,True,1,1320,44,1.2790420055389404,
1390248641650672089,p04_tech_pro,True,1,1321,44,1.2142951488494873,
1390248641650672089,p05_fashion,True,1,1317,44,1.1969082355499268,
1390248641650672089,p06_foodie,True,1,1328,44,1.224341869354248,
1390248641650672089,p07_traveler,True,1,1318,44,1.222020149230957,
1390248641650672089,p08_student,True,1,1322,44,1.282249927520752,
1390248641650672089,p09_entrepreneur,True,1,1323,44,1.319397211074829,
1390248641650672089,p10_artist,True,1,1321,44,5.722250938415527,
1390248641650672089,p11_senior,True,1,1322,44,2.5936508178710938,
1390248641650672089,p12_activist,True,1,1326,44,2.447080135345459,
1393882572602170017,p01_genz_meme,True,1,1359,44,5.64786696434021,
1393882572602170017,p02_fitness,True,1,1350,44,2.4916269779205322,
1393882572602170017,p03_parent,True,1,1352,44,2.448477029800415,
1393882572602170017,p04_tech_pro,True,1,1353,44,2.472627878189087,
1393882572602170017,p05_fashion,True,1,1349,44,2.437856912612915,
1393882572602170017,p06_foodie,True,1,1360,44,2.4869229793548584,
1393882572602170017,p07_traveler,True,1,1350,44,2.4975993633270264,
1393882572602170017,p08_student,True,1,1354,44,2.4818198680877686,
1393882572602170017,p09_entrepreneur,True,1,1355,44,2.468657970428467,
1393882572602170017,p10_artist,True,1,1353,44,3.5047521591186523,
1393882572602170017,p11_senior,True,1,1354,44,1.3285350799560547,
1393882572602170017,p12_activist,True,1,1358,44,1.3114979267120361,
1398109609344861575,p01_genz_meme,True,1,1279,44,4.155058860778809,
1398109609344861575,p02_fitness,True,1,1270,44,1.2741179466247559,
1398109609344861575,p03_parent,True,1,1272,44,1.1983132362365723,
1398109609344861575,p04_tech_pro,True,1,1273,44,1.1482439041137695,
1398109609344861575,p05_fashion,True,1,1269,44,1.1844627857208252,
1398109609344861575,p06_foodie,True,1,1280,44,1.1704130172729492,
1398109609344861575,p07_traveler,True,1,1270,44,1.1462631225585938,
1398109609344861575,p08_student,True,1,1274,44,1.1367571353912354,
1398109609344861575,p09_entrepreneur,True,1,1275,44,1.1219990253448486,
1398109609344861575,p10_artist,True,1,1273,44,1.1481270790100098,
1398109609344861575,p11_senior,True,1,1274,44,1.148528814315796,
1398109609344861575,p12_activist,True,1,1278,44,1.210867166519165,
1403124749215542872,p01_genz_meme,True,1,1264,44,3.8465678691864014,
1403124749215542872,p02_fitness,True,1,1255,44,1.1703526973724365,
1403124749215542872,p03_parent,True,1,1257,44,1.2938809394836426,
1403124749215542872,p04_tech_pro,True,1,1258,44,1.0940301418304443,
1403124749215542872,p05_fashion,True,1,1254,44,1.1481759548187256,
1403124749215542872,p06_foodie,True,1,1265,44,1.2026128768920898,
1403124749215542872,p07_traveler,True,1,1255,44,1.1088781356811523,
1403124749215542872,p08_student,True,1,1259,44,1.1449980735778809,
1403124749215542872,p09_entrepreneur,True,1,1260,44,1.1507909297943115,
1403124749215542872,p10_artist,True,1,1258,44,1.145373821258545,
1403124749215542872,p11_senior,True,1,1259,44,1.128591775894165,
1403124749215542872,p12_activist,True,1,1263,44,1.2973401546478271,
1408196085218638848,p01_genz_meme,True,1,1418,44,4.851100921630859,
1408196085218638848,p02_fitness,True,1,1409,44,1.3938169479370117,
1408196085218638848,p03_parent,True,1,1411,44,1.409256935119629,
1408196085218638848,p04_tech_pro,True,1,1412,44,1.307997226715088,
1408196085218638848,p05_fashion,True,1,1408,44,1.2533531188964844,
1408196085218638848,p06_foodie,True,1,1419,44,1.29164719581604,
1408196085218638848,p07_traveler,True,1,1409,44,1.306217908859253,
1408196085218638848,p08_student,True,1,1413,44,1.2940821647644043,
1408196085218638848,p09_entrepreneur,True,1,1414,44,1.2679529190063477,
1408196085218638848,p10_artist,True,1,1412,44,1.5272789001464844,
1408196085218638848,p11_senior,True,1,1413,44,1.5566859245300293,
1408196085218638848,p12_activist,True,1,1417,44,1.2707281112670898,
1409791795038900892,p01_genz_meme,True,1,1319,44,4.35702919960022,
1409791795038900892,p02_fitness,True,1,1310,44,1.1827950477600098,
1409791795038900892,p03_parent,True,1,1312,44,1.2328200340270996,
1409791795038900892,p04_tech_pro,True,1,1313,44,1.1884431838989258,
1409791795038900892,p05_fashion,True,1,1309,44,1.1856892108917236,
1409791795038900892,p06_foodie,True,1,1320,44,1.1972041130065918,
1409791795038900892,p07_traveler,True,1,1310,44,1.1936030387878418,
1409791795038900892,p08_student,True,1,1314,44,1.2027108669281006,
1409791795038900892,p09_entrepreneur,True,1,1315,44,1.2066731452941895,
1409791795038900892,p10_artist,True,1,1313,44,1.218597173690796,
1409791795038900892,p11_senior,True,1,1314,44,1.1967809200286865,
1409791795038900892,p12_activist,True,1,1318,44,1.2060561180114746,
1413915643035791971,p01_genz_meme,True,1,1666,44,4.4443230628967285,
1413915643035791971,p02_fitness,True,1,1657,44,1.6337521076202393,
1413915643035791971,p03_parent,True,1,1659,44,1.6265318393707275,
1413915643035791971,p04_tech_pro,True,1,1660,44,1.6227138042449951,
1413915643035791971,p05_fashion,True,1,1656,44,1.625269889831543,
1413915643035791971,p06_foodie,True,1,1667,44,1.627469778060913,
1413915643035791971,p07_traveler,True,1,1657,44,1.6174590587615967,
1413915643035791971,p08_student,True,1,1661,44,1.6254489421844482,
1413915643035791971,p09_entrepreneur,True,1,1662,44,1.7329230308532715,
1413915643035791971,p10_artist,True,1,1660,44,1.5651772022247314,
1413915643035791971,p11_senior,True,1,1661,44,1.5944700241088867,
1413915643035791971,p12_activist,True,1,1665,44,1.5865552425384521,
1415754618469675616,p01_genz_meme,True,1,1422,44,4.519006967544556,
1415754618469675616,p02_fitness,True,1,1413,44,1.2988090515136719,
1415754618469675616,p03_parent,True,1,1415,44,1.6325881481170654,
1415754618469675616,p04_tech_pro,True,1,1416,44,1.4278218746185303,
1415754618469675616,p05_fashion,True,1,1412,44,1.3341877460479736,
1415754618469675616,p06_foodie,True,1,1423,44,1.4989099502563477,
1415754618469675616,p07_traveler,True,1,1413,44,1.4279980659484863,
1415754618469675616,p08_student,True,1,1417,44,1.406526803970337,
1415754618469675616,p09_entrepreneur,True,1,1418,44,1.3488919734954834,
1415754618469675616,p10_artist,True,1,1416,44,1.3271851539611816,
1415754618469675616,p11_senior,True,1,1417,44,1.3346030712127686,
1415754618469675616,p12_activist,True,1,1421,44,1.3807079792022705,
1416829463471243788,p01_genz_meme,True,1,1301,44,4.097844123840332,
1416829463471243788,p02_fitness,True,1,1292,44,1.1824791431427002,
1416829463471243788,p03_parent,True,1,1294,44,1.276216983795166,
1416829463471243788,p04_tech_pro,True,1,1295,44,1.1768100261688232,
1416829463471243788,p05_fashion,True,1,1291,44,1.0951809883117676,
1416829463471243788,p06_foodie,True,1,1302,44,1.1627330780029297,
1416829463471243788,p07_traveler,True,1,1292,44,1.1110458374023438,
1416829463471243788,p08_student,True,1,1296,44,1.1457080841064453,
1416829463471243788,p09_entrepreneur,True,1,1297,44,1.125535011291504,
1416829463471243788,p10_artist,True,1,1295,44,1.1516051292419434,
1416829463471243788,p11_senior,True,1,1296,44,1.2348980903625488,
1416829463471243788,p12_activist,True,1,1300,44,1.358915090560913,
1419087393722260022,p01_genz_meme,True,1,1307,44,3.742171287536621,
1419087393722260022,p02_fitness,True,1,1298,44,1.0230047702789307,
1419087393722260022,p03_parent,True,1,1300,44,1.1695671081542969,
1419087393722260022,p04_tech_pro,True,1,1301,44,1.1674959659576416,
1419087393722260022,p05_fashion,True,1,1297,44,1.1064748764038086,
1419087393722260022,p06_foodie,True,1,1308,44,1.1651849746704102,
1419087393722260022,p07_traveler,True,1,1298,44,1.2267110347747803,
1419087393722260022,p08_student,True,1,1302,44,1.165884017944336,
1419087393722260022,p09_entrepreneur,True,1,1303,44,1.1050958633422852,
1419087393722260022,p10_artist,True,1,1301,44,1.122802972793579,
1419087393722260022,p11_senior,True,1,1302,44,1.1322259902954102,
1419087393722260022,p12_activist,True,1,1306,44,1.123702049255371,
1420340155705016647,p01_genz_meme,True,1,1565,44,4.019869804382324,
1420340155705016647,p02_fitness,True,1,1556,44,1.3430979251861572,
1420340155705016647,p03_parent,True,1,1558,44,1.4524931907653809,
1420340155705016647,p04_tech_pro,True,1,1559,44,1.4173901081085205,
1420340155705016647,p05_fashion,True,1,1555,44,1.403324842453003,
1420340155705016647,p06_foodie,True,1,1566,44,1.425765037536621,
1420340155705016647,p07_traveler,True,1,1556,44,1.4162728786468506,
1420340155705016647,p08_student,True,1,1560,44,1.4251682758331299,
1420340155705016647,p09_entrepreneur,True,1,1561,44,1.4367890357971191,
1420340155705016647,p10_artist,True,1,1559,44,1.4032707214355469,
1420340155705016647,p11_senior,True,1,1560,44,1.4180679321289062,
1420340155705016647,p12_activist,True,1,1564,44,1.42132568359375,
1422236340094866935,p01_genz_meme,True,1,1289,44,3.6930699348449707,
1422236340094866935,p02_fitness,True,1,1280,44,1.0114109516143799,
1422236340094866935,p03_parent,True,1,1282,44,1.1629507541656494,
1422236340094866935,p04_tech_pro,True,1,1283,44,1.1419000625610352,
1422236340094866935,p05_fashion,True,1,1279,44,1.0968446731567383,
1422236340094866935,p06_foodie,True,1,1290,44,1.105031967163086,
1422236340094866935,p07_traveler,True,1,1280,44,1.1155822277069092,
1422236340094866935,p08_student,True,1,1284,44,1.1241261959075928,
1422236340094866935,p09_entrepreneur,True,1,1285,44,1.0994529724121094,
1422236340094866935,p10_artist,True,1,1283,44,1.1212847232818604,
1422236340094866935,p11_senior,True,1,1284,44,1.1134252548217773,
1422236340094866935,p12_activist,True,1,1288,44,1.1226942539215088,
1423300515425879436,p01_genz_meme,True,1,1311,44,3.983109951019287,
1423300515425879436,p02_fitness,True,1,1302,44,1.0093650817871094,
1423300515425879436,p03_parent,True,1,1304,44,1.1460978984832764,
1423300515425879436,p04_tech_pro,True,1,1305,44,1.190871000289917,
1423300515425879436,p05_fashion,True,1,1301,44,1.110771894454956,
1423300515425879436,p06_foodie,True,1,1312,44,1.1035740375518799,
1423300515425879436,p07_traveler,True,1,1302,44,1.1137819290161133,
1423300515425879436,p08_student,True,1,1306,44,1.1051740646362305,
1423300515425879436,p09_entrepreneur,True,1,1307,44,1.119192123413086,
1423300515425879436,p10_artist,True,1,1305,44,1.1317412853240967,
1423300515425879436,p11_senior,True,1,1306,44,1.122959852218628,
1423300515425879436,p12_activist,True,1,1310,44,1.1190431118011475,
1423436641292760451,p01_genz_meme,True,1,1279,44,3.932637929916382,
1423436641292760451,p02_fitness,True,1,1270,44,1.0061378479003906,
1423436641292760451,p03_parent,True,1,1272,44,1.1750857830047607,
1423436641292760451,p04_tech_pro,True,1,1273,44,1.1512656211853027,
1423436641292760451,p05_fashion,True,1,1269,44,1.0847530364990234,
1423436641292760451,p06_foodie,True,1,1280,44,1.1160030364990234,
1423436641292760451,p07_traveler,True,1,1270,44,1.0964980125427246,
1423436641292760451,p08_student,True,1,1274,44,1.1125690937042236,
1423436641292760451,p09_entrepreneur,True,1,1275,44,1.1076478958129883,
1423436641292760451,p10_artist,True,1,1273,44,1.0965170860290527,
1423436641292760451,p11_senior,True,1,1274,44,1.1109461784362793,
1423436641292760451,p12_activist,True,1,1278,44,1.0970141887664795,
1425359230243816088,p01_genz_meme,True,1,1301,44,3.7446751594543457,
1425359230243816088,p02_fitness,True,1,1292,44,1.0210800170898438,
1425359230243816088,p03_parent,True,1,1294,44,1.1616978645324707,
1425359230243816088,p04_tech_pro,True,1,1295,44,1.1656467914581299,
1425359230243816088,p05_fashion,True,1,1291,44,1.118607997894287,
1425359230243816088,p06_foodie,True,1,1302,44,1.125234842300415,
1425359230243816088,p07_traveler,True,1,1292,44,1.1168689727783203,
1425359230243816088,p08_student,True,1,1296,44,1.1348052024841309,
1425359230243816088,p09_entrepreneur,True,1,1297,44,1.1310679912567139,
1425359230243816088,p10_artist,True,1,1295,44,1.1207633018493652,
1425359230243816088,p11_senior,True,1,1296,44,1.1205151081085205,
1425359230243816088,p12_activist,True,1,1300,44,1.1226234436035156,
1425844340300015890,p01_genz_meme,True,1,1440,44,4.066707134246826,
1425844340300015890,p02_fitness,True,1,1431,44,1.1608221530914307,
1425844340300015890,p03_parent,True,1,1433,44,1.3229889869689941,
1425844340300015890,p04_tech_pro,True,1,1434,44,1.2590367794036865,
1425844340300015890,p05_fashion,True,1,1430,44,1.2539467811584473,
1425844340300015890,p06_foodie,True,1,1441,44,1.3335750102996826,
1425844340300015890,p07_traveler,True,1,1431,44,1.2742063999176025,
1425844340300015890,p08_student,True,1,1435,44,1.244992733001709,
1425844340300015890,p09_entrepreneur,True,1,1436,44,1.2636778354644775,
1425844340300015890,p10_artist,True,1,1434,44,1.2653801441192627,
1425844340300015890,p11_senior,True,1,1435,44,1.377026081085205,
1425844340300015890,p12_activist,True,1,1439,44,1.2649469375610352,
1427586425097110991,p01_genz_meme,True,1,1292,44,3.730266809463501,
1427586425097110991,p02_fitness,True,1,1283,44,1.0097160339355469,
1427586425097110991,p03_parent,True,1,1285,44,1.164337158203125,
1427586425097110991,p04_tech_pro,True,1,1286,44,1.1566710472106934,
1427586425097110991,p05_fashion,True,1,1282,44,1.0908520221710205,
1427586425097110991,p06_foodie,True,1,1293,44,1.1268999576568604,
1427586425097110991,p07_traveler,True,1,1283,44,1.1153299808502197,
1427586425097110991,p08_student,True,1,1287,44,1.1255569458007812,
1427586425097110991,p09_entrepreneur,True,1,1288,44,1.1407179832458496,
1427586425097110991,p10_artist,True,1,1286,44,1.1006500720977783,
1427586425097110991,p11_senior,True,1,1287,44,1.1180901527404785,
1427586425097110991,p12_activist,True,1,1291,44,1.1125528812408447,
1433333990949024325,p01_genz_meme,True,1,1320,44,3.9836010932922363,
1433333990949024325,p02_fitness,True,1,1311,44,1.0016038417816162,
1433333990949024325,p03_parent,True,1,1313,44,1.16395902633667,
1433333990949024325,p04_tech_pro,True,1,1314,44,1.146042823791504,
1433333990949024325,p05_fashion,True,1,1310,44,1.082352876663208,
1433333990949024325,p06_foodie,True,1,1321,44,1.1752309799194336,
1433333990949024325,p07_traveler,True,1,1311,44,1.125316858291626,
1433333990949024325,p08_student,True,1,1315,44,1.0976850986480713,
1433333990949024325,p09_entrepreneur,True,1,1316,44,1.1005759239196777,
1433333990949024325,p10_artist,True,1,1314,44,1.1028990745544434,
1433333990949024325,p11_senior,True,1,1315,44,1.0993058681488037,
1433333990949024325,p12_activist,True,1,1319,44,1.1140248775482178,
1434358167827064494,p01_genz_meme,True,1,1318,44,3.931759834289551,
1434358167827064494,p02_fitness,True,1,1309,44,1.0259180068969727,
1434358167827064494,p03_parent,True,1,1311,44,1.149933099746704,
1434358167827064494,p04_tech_pro,True,1,1312,44,1.144899845123291,
1434358167827064494,p05_fashion,True,1,1308,44,1.1001858711242676,
1434358167827064494,p06_foodie,True,1,1319,44,1.122002124786377,
1434358167827064494,p07_traveler,True,1,1309,44,1.1235060691833496,
1434358167827064494,p08_student,True,1,1313,44,1.1592028141021729,
1434358167827064494,p09_entrepreneur,True,1,1314,44,1.0958740711212158,
1434358167827064494,p10_artist,True,1,1312,44,1.1068079471588135,
1434358167827064494,p11_senior,True,1,1313,44,1.109800100326538,
1434358167827064494,p12_activist,True,1,1317,44,1.1153793334960938,
1436222554175065522,p01_genz_meme,True,1,1366,44,4.002846002578735,
1436222554175065522,p02_fitness,True,1,1357,44,1.0337378978729248,
1436222554175065522,p03_parent,True,1,1359,44,1.1642811298370361,
1436222554175065522,p04_tech_pro,True,1,1360,44,1.157567024230957,
1436222554175065522,p05_fashion,True,1,1356,44,1.1354036331176758,
1436222554175065522,p06_foodie,True,1,1367,44,1.2420628070831299,
1436222554175065522,p07_traveler,True,1,1357,44,1.1007091999053955,
1436222554175065522,p08_student,True,1,1361,44,1.2579619884490967,
1436222554175065522,p09_entrepreneur,True,1,1362,44,1.2385449409484863,
1436222554175065522,p10_artist,True,1,1360,44,1.1159863471984863,
1436222554175065522,p11_senior,True,1,1361,44,1.2505950927734375,
1436222554175065522,p12_activist,True,1,1365,44,1.2079479694366455,
1438900250773574696,p01_genz_meme,True,1,1283,44,3.912328004837036,
1438900250773574696,p02_fitness,True,1,1274,44,1.0043761730194092,
1438900250773574696,p03_parent,True,1,1276,44,1.1285991668701172,
1438900250773574696,p04_tech_pro,True,1,1277,44,1.1474220752716064,
1438900250773574696,p05_fashion,True,1,1273,44,1.0792078971862793,
1438900250773574696,p06_foodie,True,1,1284,44,1.085970163345337,
1438900250773574696,p07_traveler,True,1,1274,44,1.0888419151306152,
1438900250773574696,p08_student,True,1,1278,44,1.1134037971496582,
1438900250773574696,p09_entrepreneur,True,1,1279,44,1.114255666732788,
1438900250773574696,p10_artist,True,1,1277,44,1.0788438320159912,
1438900250773574696,p11_senior,True,1,1278,44,1.0988340377807617,
1438900250773574696,p12_activist,True,1,1282,44,1.1015629768371582,
1439624423329038253,p01_genz_meme,True,1,1316,44,3.71712589263916,
1439624423329038253,p02_fitness,True,1,1307,44,1.0253450870513916,
1439624423329038253,p03_parent,True,1,1309,44,1.1435561180114746,
1439624423329038253,p04_tech_pro,True,1,1310,44,1.1682088375091553,
1439624423329038253,p05_fashion,True,1,1306,44,1.088890790939331,
1439624423329038253,p06_foodie,True,1,1317,44,1.2065110206604004,
1439624423329038253,p07_traveler,True,1,1307,44,1.1765680313110352,
1439624423329038253,p08_student,True,1,1311,44,1.112138032913208,
1439624423329038253,p09_entrepreneur,True,1,1312,44,1.1169869899749756,
1439624423329038253,p10_artist,True,1,1310,44,1.125143051147461,
1439624423329038253,p11_senior,True,1,1311,44,1.1044130325317383,
1439624423329038253,p12_activist,True,1,1315,44,1.1197609901428223,
1439782495423576568,p01_genz_meme,True,1,1363,44,4.081598997116089,
1439782495423576568,p02_fitness,True,1,1354,44,1.0583081245422363,
1439782495423576568,p03_parent,True,1,1356,44,1.1479883193969727,
1439782495423576568,p04_tech_pro,True,1,1357,44,1.146249771118164,
1439782495423576568,p05_fashion,True,1,1353,44,1.1138758659362793,
1439782495423576568,p06_foodie,True,1,1364,44,1.1246168613433838,
1439782495423576568,p07_traveler,True,1,1354,44,1.124567985534668,
1439782495423576568,p08_student,True,1,1358,44,1.1200640201568604,
1439782495423576568,p09_entrepreneur,True,1,1359,44,1.1172049045562744,
1439782495423576568,p10_artist,True,1,1357,44,1.1375598907470703,
1439782495423576568,p11_senior,True,1,1358,44,1.118466854095459,
1439782495423576568,p12_activist,True,1,1362,44,1.127213716506958,
1440358952436285857,p01_genz_meme,True,1,1301,44,3.85945987701416,
1440358952436285857,p02_fitness,True,1,1292,44,0.9966800212860107,
1440358952436285857,p03_parent,True,1,1294,44,1.127443790435791,
1440358952436285857,p04_tech_pro,True,1,1295,44,1.1393818855285645,
1440358952436285857,p05_fashion,True,1,1291,44,1.0791599750518799,
1440358952436285857,p06_foodie,True,1,1302,44,1.112858772277832,
1440358952436285857,p07_traveler,True,1,1292,44,1.0907018184661865,
1440358952436285857,p08_student,True,1,1296,44,1.1021990776062012,
1440358952436285857,p09_entrepreneur,True,1,1297,44,1.0850491523742676,
1440358952436285857,p10_artist,True,1,1295,44,1.084954023361206,
1440358952436285857,p11_senior,True,1,1296,44,1.1081249713897705,
1440358952436285857,p12_activist,True,1,1300,44,1.0917551517486572,
1441852699725575356,p01_genz_meme,True,1,1259,44,3.7049241065979004,
1441852699725575356,p02_fitness,True,1,1250,44,0.9971671104431152,
1441852699725575356,p03_parent,True,1,1252,44,1.1059730052947998,
1441852699725575356,p04_tech_pro,True,1,1253,44,1.1315052509307861,
1441852699725575356,p05_fashion,True,1,1249,44,1.111051082611084,
1441852699725575356,p06_foodie,True,1,1260,44,1.08003830909729,
1441852699725575356,p07_traveler,True,1,1250,44,1.101719856262207,
1441852699725575356,p08_student,True,1,1254,44,1.089623212814331,
1441852699725575356,p09_entrepreneur,True,1,1255,44,1.0939579010009766,
1441852699725575356,p10_artist,True,1,1253,44,1.1023650169372559,
1441852699725575356,p11_senior,True,1,1254,44,1.0894339084625244,
1441852699725575356,p12_activist,True,1,1258,44,1.0916192531585693,
1443134918850759725,p01_genz_meme,True,1,1336,44,3.7235028743743896,
1443134918850759725,p02_fitness,True,1,1327,44,1.035322666168213,
1443134918850759725,p03_parent,True,1,1329,44,1.1619739532470703,
1443134918850759725,p04_tech_pro,True,1,1330,44,1.1608068943023682,
1443134918850759725,p05_fashion,True,1,1326,44,1.1151020526885986,
1443134918850759725,p06_foodie,True,1,1337,44,1.1760668754577637,
1443134918850759725,p07_traveler,True,1,1327,44,1.2717981338500977,
1443134918850759725,p08_student,True,1,1331,44,1.1169898509979248,
1443134918850759725,p09_entrepreneur,True,1,1332,44,1.101006269454956,
1443134918850759725,p10_artist,True,1,1330,44,1.1285672187805176,
1443134918850759725,p11_senior,True,1,1331,44,1.143449306488037,
1443134918850759725,p12_activist,True,1,1335,44,1.124324083328247,
1445120246125927178,p01_genz_meme,True,1,1332,44,3.905642032623291,
1445120246125927178,p02_fitness,True,1,1323,44,1.0287470817565918,
1445120246125927178,p03_parent,True,1,1325,44,1.1476380825042725,
1445120246125927178,p04_tech_pro,True,1,1326,44,1.17598295211792,
1445120246125927178,p05_fashion,True,1,1322,44,1.0866069793701172,
1445120246125927178,p06_foodie,True,1,1333,44,1.1248741149902344,
1445120246125927178,p07_traveler,True,1,1323,44,1.140733003616333,
1445120246125927178,p08_student,True,1,1327,44,1.1264450550079346,
1445120246125927178,p09_entrepreneur,True,1,1328,44,1.1097569465637207,
1445120246125927178,p10_artist,True,1,1326,44,1.1204450130462646,
1445120246125927178,p11_senior,True,1,1327,44,1.1074869632720947,
1445120246125927178,p12_activist,True,1,1331,44,1.132497787475586,
1447281164204337338,p01_genz_meme,True,1,1318,44,4.086811304092407,
1447281164204337338,p02_fitness,True,1,1309,44,1.0784049034118652,
1447281164204337338,p03_parent,True,1,1311,44,1.1158850193023682,
1447281164204337338,p04_tech_pro,True,1,1312,44,1.097196102142334,
1447281164204337338,p05_fashion,True,1,1308,44,1.1046068668365479,
1447281164204337338,p06_foodie,True,1,1319,44,1.1154839992523193,
1447281164204337338,p07_traveler,True,1,1309,44,1.1070821285247803,
1447281164204337338,p08_student,True,1,1313,44,1.113832950592041,
1447281164204337338,p09_entrepreneur,True,1,1314,44,1.1815080642700195,
1447281164204337338,p10_artist,True,1,1312,44,1.1075711250305176,
1447281164204337338,p11_senior,True,1,1313,44,1.1213140487670898,
1447281164204337338,p12_activist,True,1,1317,44,1.1115210056304932,
1447475071189896246,p01_genz_meme,True,1,1630,44,4.134626865386963,
1447475071189896246,p02_fitness,True,1,1621,44,1.3713150024414062,
1447475071189896246,p03_parent,True,1,1623,44,1.383829116821289,
1447475071189896246,p04_tech_pro,True,1,1624,44,1.3662750720977783,
1447475071189896246,p05_fashion,True,1,1620,44,1.3729429244995117,
1447475071189896246,p06_foodie,True,1,1631,44,1.366914987564087,
1447475071189896246,p07_traveler,True,1,1621,44,1.3619589805603027,
1447475071189896246,p08_student,True,1,1625,44,1.3699607849121094,
1447475071189896246,p09_entrepreneur,True,1,1626,44,1.3647208213806152,
1447475071189896246,p10_artist,True,1,1624,44,1.3700239658355713,
1447475071189896246,p11_senior,True,1,1625,44,1.3791711330413818,
1447475071189896246,p12_activist,True,1,1629,44,1.451408863067627,
1447992964847838051,p01_genz_meme,True,1,1306,44,3.5106561183929443,
1447992964847838051,p02_fitness,True,1,1297,44,1.0781588554382324,
1447992964847838051,p03_parent,True,1,1299,44,1.1004090309143066,
1447992964847838051,p04_tech_pro,True,1,1300,44,1.0887761116027832,
1447992964847838051,p05_fashion,True,1,1296,44,1.0883610248565674,
1447992964847838051,p06_foodie,True,1,1307,44,1.0916800498962402,
1447992964847838051,p07_traveler,True,1,1297,44,1.0888700485229492,
1447992964847838051,p08_student,True,1,1301,44,1.0874271392822266,
1447992964847838051,p09_entrepreneur,True,1,1302,44,1.0893750190734863,
1447992964847838051,p10_artist,True,1,1300,44,1.0869379043579102,
1447992964847838051,p11_senior,True,1,1301,44,1.0897068977355957,
1447992964847838051,p12_activist,True,1,1305,44,1.087583065032959,
1448100851020663463,p01_genz_meme,True,1,1321,44,3.674372911453247,
1448100851020663463,p02_fitness,True,1,1312,44,1.0630836486816406,
1448100851020663463,p03_parent,True,1,1314,44,1.0960969924926758,
1448100851020663463,p04_tech_pro,True,1,1315,44,1.0843210220336914,
1448100851020663463,p05_fashion,True,1,1311,44,1.0794990062713623,
1448100851020663463,p06_foodie,True,1,1322,44,1.0864861011505127,
1448100851020663463,p07_traveler,True,1,1312,44,1.0815858840942383,
1448100851020663463,p08_student,True,1,1316,44,1.1177020072937012,
1448100851020663463,p09_entrepreneur,True,1,1317,44,1.1029701232910156,
1448100851020663463,p10_artist,True,1,1315,44,1.0767490863800049,
1448100851020663463,p11_senior,True,1,1316,44,1.0845048427581787,
1448100851020663463,p12_activist,True,1,1320,44,1.0823922157287598,
1450779184740919169,p01_genz_meme,True,1,1282,44,3.5047032833099365,
1450779184740919169,p02_fitness,True,1,1273,44,1.0585148334503174,
1450779184740919169,p03_parent,True,1,1275,44,1.0883781909942627,
1450779184740919169,p04_tech_pro,True,1,1276,44,1.0897469520568848,
1450779184740919169,p05_fashion,True,1,1272,44,1.1496760845184326,
1450779184740919169,p06_foodie,True,1,1283,44,1.0869638919830322,
1450779184740919169,p07_traveler,True,1,1273,44,1.0819940567016602,
1450779184740919169,p08_student,True,1,1277,44,1.0722968578338623,
1450779184740919169,p09_entrepreneur,True,1,1278,44,1.0759010314941406,
1450779184740919169,p10_artist,True,1,1276,44,1.0741891860961914,
1450779184740919169,p11_senior,True,1,1277,44,1.0781080722808838,
1450779184740919169,p12_activist,True,1,1281,44,1.076650857925415,
1456798567247420928,p01_genz_meme,True,1,1325,44,3.503842830657959,
1456798567247420928,p02_fitness,True,1,1316,44,1.0977399349212646,
1456798567247420928,p03_parent,True,1,1318,44,1.1158158779144287,
1456798567247420928,p04_tech_pro,True,1,1319,44,1.0893778800964355,
1456798567247420928,p05_fashion,True,1,1315,44,1.0801498889923096,
1456798567247420928,p06_foodie,True,1,1326,44,1.0982131958007812,
1456798567247420928,p07_traveler,True,1,1316,44,1.0948939323425293,
1456798567247420928,p08_student,True,1,1320,44,1.1015551090240479,
1456798567247420928,p09_entrepreneur,True,1,1321,44,1.0939183235168457,
1456798567247420928,p10_artist,True,1,1319,44,1.115271806716919,
1456798567247420928,p11_senior,True,1,1320,44,1.1017358303070068,
1456798567247420928,p12_activist,True,1,1324,44,1.0904078483581543,
1457277931557831893,p01_genz_meme,True,1,1421,44,3.6595699787139893,
1457277931557831893,p02_fitness,True,1,1412,44,1.1863470077514648,
1457277931557831893,p03_parent,True,1,1414,44,1.2214152812957764,
1457277931557831893,p04_tech_pro,True,1,1415,44,1.2076528072357178,
1457277931557831893,p05_fashion,True,1,1411,44,1.2002768516540527,
1457277931557831893,p06_foodie,True,1,1422,44,1.2107279300689697,
1457277931557831893,p07_traveler,True,1,1412,44,1.2018558979034424,
1457277931557831893,p08_student,True,1,1416,44,1.2028729915618896,
1457277931557831893,p09_entrepreneur,True,1,1417,44,1.2089860439300537,
1457277931557831893,p10_artist,True,1,1415,44,1.1982779502868652,
1457277931557831893,p11_senior,True,1,1416,44,1.2037348747253418,
1457277931557831893,p12_activist,True,1,1420,44,1.2078311443328857,
1458930962615744956,p01_genz_meme,True,1,1398,44,3.5865211486816406,
1458930962615744956,p02_fitness,True,1,1389,44,1.182729959487915,
1458930962615744956,p03_parent,True,1,1391,44,1.2109642028808594,
1458930962615744956,p04_tech_pro,True,1,1392,44,1.1919302940368652,
1458930962615744956,p05_fashion,True,1,1388,44,1.1902656555175781,
1458930962615744956,p06_foodie,True,1,1399,44,1.1987628936767578,
1458930962615744956,p07_traveler,True,1,1389,44,1.2064309120178223,
1458930962615744956,p08_student,True,1,1393,44,1.2007200717926025,
1458930962615744956,p09_entrepreneur,True,1,1394,44,1.1974680423736572,
1458930962615744956,p10_artist,True,1,1392,44,1.19850492477417,
1458930962615744956,p11_senior,True,1,1393,44,1.2014269828796387,
1458930962615744956,p12_activist,True,1,1397,44,1.1999518871307373,
1461773503144582124,p01_genz_meme,True,1,1361,44,3.597146987915039,
1461773503144582124,p02_fitness,True,1,1352,44,1.1706430912017822,
1461773503144582124,p03_parent,True,1,1354,44,1.193727970123291,
1461773503144582124,p04_tech_pro,True,1,1355,44,1.184683084487915,
1461773503144582124,p05_fashion,True,1,1351,44,1.219778060913086,
1461773503144582124,p06_foodie,True,1,1362,44,1.2419888973236084,
1461773503144582124,p07_traveler,True,1,1352,44,1.177173137664795,
1461773503144582124,p08_student,True,1,1356,44,1.1732139587402344,
1461773503144582124,p09_entrepreneur,True,1,1357,44,1.1885409355163574,
1461773503144582124,p10_artist,True,1,1355,44,1.1896960735321045,
1461773503144582124,p11_senior,True,1,1356,44,1.1848797798156738,
1461773503144582124,p12_activist,True,1,1360,44,1.182548999786377,
1466833045838728675,p01_genz_meme,True,1,1335,44,3.670494318008423,
1466833045838728675,p02_fitness,True,1,1326,44,1.069906234741211,
1466833045838728675,p03_parent,True,1,1328,44,1.0936498641967773,
1466833045838728675,p04_tech_pro,True,1,1329,44,1.10225510597229,
1466833045838728675,p05_fashion,True,1,1325,44,1.0778868198394775,
1466833045838728675,p06_foodie,True,1,1336,44,1.086104154586792,
1466833045838728675,p07_traveler,True,1,1326,44,1.0847339630126953,
1466833045838728675,p08_student,True,1,1330,44,1.0971739292144775,
1466833045838728675,p09_entrepreneur,True,1,1331,44,1.0940911769866943,
1466833045838728675,p10_artist,True,1,1329,44,1.088432788848877,
1466833045838728675,p11_senior,True,1,1330,44,1.0841588973999023,
1466833045838728675,p12_activist,True,1,1334,44,1.0795729160308838,
1468297998768592771,p01_genz_meme,True,1,1291,44,3.497281789779663,
1468297998768592771,p02_fitness,True,1,1282,44,1.056602954864502,
1468297998768592771,p03_parent,True,1,1284,44,1.0809051990509033,
1468297998768592771,p04_tech_pro,True,1,1285,44,1.0899100303649902,
1468297998768592771,p05_fashion,True,1,1281,44,1.0681121349334717,
1468297998768592771,p06_foodie,True,1,1292,44,1.0745420455932617,
1468297998768592771,p07_traveler,True,1,1282,44,1.075620174407959,
1468297998768592771,p08_student,True,1,1286,44,1.0745506286621094,
1468297998768592771,p09_entrepreneur,True,1,1287,44,1.0787501335144043,
1468297998768592771,p10_artist,True,1,1285,44,1.0754039287567139,
1468297998768592771,p11_senior,True,1,1286,44,1.0747730731964111,
1468297998768592771,p12_activist,True,1,1290,44,1.078212022781372,
1469258509065140550,p01_genz_meme,True,1,1276,44,3.5301339626312256,
1469258509065140550,p02_fitness,True,1,1267,44,1.0499448776245117,
1469258509065140550,p03_parent,True,1,1269,44,1.0836079120635986,
1469258509065140550,p04_tech_pro,True,1,1270,44,1.0876319408416748,
1469258509065140550,p05_fashion,True,1,1266,44,1.0738177299499512,
1469258509065140550,p06_foodie,True,1,1277,44,1.0652439594268799,
1469258509065140550,p07_traveler,True,1,1267,44,1.06547212600708,
1469258509065140550,p08_student,True,1,1271,44,1.0735161304473877,
1469258509065140550,p09_entrepreneur,True,1,1272,44,1.0750339031219482,
1469258509065140550,p10_artist,True,1,1270,44,1.0785017013549805,
1469258509065140550,p11_senior,True,1,1271,44,1.0753238201141357,
1469258509065140550,p12_activist,True,1,1275,44,1.1764600276947021,
1469921242710340684,p01_genz_meme,True,1,1291,44,3.6732659339904785,
1469921242710340684,p02_fitness,True,1,1282,44,1.050976037979126,
1469921242710340684,p03_parent,True,1,1284,44,1.090043067932129,
1469921242710340684,p04_tech_pro,True,1,1285,44,1.0755913257598877,
1469921242710340684,p05_fashion,True,1,1281,44,1.063140869140625,
1469921242710340684,p06_foodie,True,1,1292,44,1.0698480606079102,
1469921242710340684,p07_traveler,True,1,1282,44,1.0685958862304688,
1469921242710340684,p08_student,True,1,1286,44,1.0694472789764404,
1469921242710340684,p09_entrepreneur,True,1,1287,44,1.0668909549713135,
1469921242710340684,p10_artist,True,1,1285,44,1.0684971809387207,
1469921242710340684,p11_senior,True,1,1286,44,1.0642008781433105,
1469921242710340684,p12_activist,True,1,1290,44,1.0672540664672852,
1471252707107936429,p01_genz_meme,True,1,1271,44,3.490351915359497,
1471252707107936429,p02_fitness,True,1,1262,44,1.0524468421936035,
1471252707107936429,p03_parent,True,1,1264,44,1.0986340045928955,
1471252707107936429,p04_tech_pro,True,1,1265,44,1.0762548446655273,
1471252707107936429,p05_fashion,True,1,1261,44,1.0634181499481201,
1471252707107936429,p06_foodie,True,1,1272,44,1.0721070766448975,
1471252707107936429,p07_traveler,True,1,1262,44,1.0836739540100098,
1471252707107936429,p08_student,True,1,1266,44,1.1036980152130127,
1471252707107936429,p09_entrepreneur,True,1,1267,44,1.0697200298309326,
1471252707107936429,p10_artist,True,1,1265,44,1.0702409744262695,
1471252707107936429,p11_senior,True,1,1266,44,1.072944164276123,
1471252707107936429,p12_activist,True,1,1270,44,1.071427822113037,
1471506763509269866,p01_genz_meme,True,1,1335,44,3.5120720863342285,
1471506763509269866,p02_fitness,True,1,1326,44,1.0833041667938232,
1471506763509269866,p03_parent,True,1,1328,44,1.11403489112854,
1471506763509269866,p04_tech_pro,True,1,1329,44,1.1063380241394043,
1471506763509269866,p05_fashion,True,1,1325,44,1.0906908512115479,
1471506763509269866,p06_foodie,True,1,1336,44,1.0995731353759766,
1471506763509269866,p07_traveler,True,1,1326,44,1.0922613143920898,
1471506763509269866,p08_student,True,1,1330,44,1.1498680114746094,
1471506763509269866,p09_entrepreneur,True,1,1331,44,1.1545321941375732,
1471506763509269866,p10_artist,True,1,1329,44,1.0819928646087646,
1471506763509269866,p11_senior,True,1,1330,44,1.0865662097930908,
1471506763509269866,p12_activist,True,1,1334,44,1.1021010875701904,
1474572514117480920,p01_genz_meme,True,1,1280,44,3.6712119579315186,
1474572514117480920,p02_fitness,True,1,1271,44,1.044396162033081,
1474572514117480920,p03_parent,True,1,1273,44,1.0772278308868408,
1474572514117480920,p04_tech_pro,True,1,1274,44,1.066054105758667,
1474572514117480920,p05_fashion,True,1,1270,44,1.0565950870513916,
1474572514117480920,p06_foodie,True,1,1281,44,1.071861982345581,
1474572514117480920,p07_traveler,True,1,1271,44,1.0720529556274414,
1474572514117480920,p08_student,True,1,1275,44,1.062283992767334,
1474572514117480920,p09_entrepreneur,True,1,1276,44,1.0684468746185303,
1474572514117480920,p10_artist,True,1,1274,44,1.06551194190979,
1474572514117480920,p11_senior,True,1,1275,44,1.0630900859832764,
1474572514117480920,p12_activist,True,1,1279,44,1.0661489963531494,
1476591542131329512,p01_genz_meme,True,1,1278,44,3.470001220703125,
1476591542131329512,p02_fitness,True,1,1269,44,1.0681989192962646,
1476591542131329512,p03_parent,True,1,1271,44,1.087277889251709,
1476591542131329512,p04_tech_pro,True,1,1272,44,1.079003095626831,
1476591542131329512,p05_fashion,True,1,1268,44,1.0679807662963867,
1476591542131329512,p06_foodie,True,1,1279,44,1.0740857124328613,
1476591542131329512,p07_traveler,True,1,1269,44,1.0706140995025635,
1476591542131329512,p08_student,True,1,1273,44,1.066131353378296,
1476591542131329512,p09_entrepreneur,True,1,1274,44,1.0703108310699463,
1476591542131329512,p10_artist,True,1,1272,44,1.0729000568389893,
1476591542131329512,p11_senior,True,1,1273,44,1.0640578269958496,
1476591542131329512,p12_activist,True,1,1277,44,1.068634033203125,
1478672297161928030,p01_genz_meme,True,1,1349,44,3.716104030609131,
1478672297161928030,p02_fitness,True,1,1340,44,1.0740840435028076,
1478672297161928030,p03_parent,True,1,1342,44,1.1062099933624268,
1478672297161928030,p04_tech_pro,True,1,1343,44,1.1094188690185547,
1478672297161928030,p05_fashion,True,1,1339,44,1.0873417854309082,
1478672297161928030,p06_foodie,True,1,1350,44,1.1042051315307617,
1478672297161928030,p07_traveler,True,1,1340,44,1.0907490253448486,
1478672297161928030,p08_student,True,1,1344,44,1.0932798385620117,
1478672297161928030,p09_entrepreneur,True,1,1345,44,1.0955350399017334,
1478672297161928030,p10_artist,True,1,1343,44,1.0885748863220215,
1478672297161928030,p11_senior,True,1,1344,44,1.0986449718475342,
1478672297161928030,p12_activist,True,1,1348,44,1.0959811210632324,
1479830403878790858,p01_genz_meme,True,1,1357,44,3.7478888034820557,
1479830403878790858,p02_fitness,True,1,1348,44,1.081841230392456,
1479830403878790858,p03_parent,True,1,1350,44,1.1127538681030273,
1479830403878790858,p04_tech_pro,True,1,1351,44,1.101499319076538,
1479830403878790858,p05_fashion,True,1,1347,44,1.099858045578003,
1479830403878790858,p06_foodie,True,1,1358,44,1.1162760257720947,
1479830403878790858,p07_traveler,True,1,1348,44,1.0926759243011475,
1479830403878790858,p08_student,True,1,1352,44,1.091869831085205,
1479830403878790858,p09_entrepreneur,True,1,1353,44,1.105316162109375,
1479830403878790858,p10_artist,True,1,1351,44,1.1466009616851807,
1479830403878790858,p11_senior,True,1,1352,44,1.1855943202972412,
1479830403878790858,p12_activist,True,1,1356,44,1.0985496044158936,
1482021074086335811,p01_genz_meme,True,1,1536,44,3.980855941772461,
1482021074086335811,p02_fitness,True,1,1527,44,1.312687873840332,
1482021074086335811,p03_parent,True,1,1529,44,1.333852767944336,
1482021074086335811,p04_tech_pro,True,1,1530,44,1.3187270164489746,
1482021074086335811,p05_fashion,True,1,1526,44,1.3191680908203125,
1482021074086335811,p06_foodie,True,1,1537,44,1.4037401676177979,
1482021074086335811,p07_traveler,True,1,1527,44,1.3444669246673584,
1482021074086335811,p08_student,True,1,1531,44,1.312385082244873,
1482021074086335811,p09_entrepreneur,True,1,1532,44,1.3142821788787842,
1482021074086335811,p10_artist,True,1,1530,44,1.3136839866638184,
1482021074086335811,p11_senior,True,1,1531,44,1.3186790943145752,
1482021074086335811,p12_activist,True,1,1535,44,1.3183259963989258,
1482884391385564773,p01_genz_meme,True,1,1302,44,3.6596670150756836,
1482884391385564773,p02_fitness,True,1,1293,44,1.0542116165161133,
1482884391385564773,p03_parent,True,1,1295,44,1.081794261932373,
1482884391385564773,p04_tech_pro,True,1,1296,44,1.0697438716888428,
1482884391385564773,p05_fashion,True,1,1292,44,1.0669310092926025,
1482884391385564773,p06_foodie,True,1,1303,44,1.0772547721862793,
1482884391385564773,p07_traveler,True,1,1293,44,1.0715420246124268,
1482884391385564773,p08_student,True,1,1297,44,1.0769836902618408,
1482884391385564773,p09_entrepreneur,True,1,1298,44,1.0729868412017822,
1482884391385564773,p10_artist,True,1,1296,44,1.0927128791809082,
1482884391385564773,p11_senior,True,1,1297,44,1.1059820652008057,
1482884391385564773,p12_activist,True,1,1301,44,1.0702128410339355,
1486591465471010068,p01_genz_meme,True,1,1294,44,3.669051170349121,
1486591465471010068,p02_fitness,True,1,1285,44,1.050896167755127,
1486591465471010068,p03_parent,True,1,1287,44,1.0818018913269043,
1486591465471010068,p04_tech_pro,True,1,1288,44,1.0705468654632568,
1486591465471010068,p05_fashion,True,1,1284,44,1.0626111030578613,
1486591465471010068,p06_foodie,True,1,1295,44,1.0696399211883545,
1486591465471010068,p07_traveler,True,1,1285,44,1.0591051578521729,
1486591465471010068,p08_student,True,1,1289,44,1.0647339820861816,
1486591465471010068,p09_entrepreneur,True,1,1290,44,1.0661120414733887,
1486591465471010068,p10_artist,True,1,1288,44,1.0643668174743652,
1486591465471010068,p11_senior,True,1,1289,44,1.0688230991363525,
1486591465471010068,p12_activist,True,1,1293,44,1.068518877029419,
1487156105519680173,p01_genz_meme,True,1,1292,44,3.4754528999328613,
1487156105519680173,p02_fitness,True,1,1283,44,1.0548851490020752,
1487156105519680173,p03_parent,True,1,1285,44,1.087218999862671,
1487156105519680173,p04_tech_pro,True,1,1286,44,1.076016902923584,
1487156105519680173,p05_fashion,True,1,1282,44,1.0786731243133545,
1487156105519680173,p06_foodie,True,1,1293,44,1.082237958908081,
1487156105519680173,p07_traveler,True,1,1283,44,1.0657360553741455,
1487156105519680173,p08_student,True,1,1287,44,1.079984188079834,
1487156105519680173,p09_entrepreneur,True,1,1288,44,1.0766510963439941,
1487156105519680173,p10_artist,True,1,1286,44,1.083198070526123,
1487156105519680173,p11_senior,True,1,1287,44,1.0743341445922852,
1487156105519680173,p12_activist,True,1,1291,44,1.0762181282043457,
1487355948090879191,p01_genz_meme,True,1,1444,44,3.615888833999634,
1487355948090879191,p02_fitness,True,1,1435,44,1.2003819942474365,
1487355948090879191,p03_parent,True,1,1437,44,1.2265589237213135,
1487355948090879191,p04_tech_pro,True,1,1438,44,1.2216429710388184,
1487355948090879191,p05_fashion,True,1,1434,44,1.231665849685669,
1487355948090879191,p06_foodie,True,1,1445,44,1.2104918956756592,
1487355948090879191,p07_traveler,True,1,1435,44,1.2076101303100586,
1487355948090879191,p08_student,True,1,1439,44,1.2140440940856934,
1487355948090879191,p09_entrepreneur,True,1,1440,44,1.2203621864318848,
1487355948090879191,p10_artist,True,1,1438,44,1.2072498798370361,
1487355948090879191,p11_senior,True,1,1439,44,1.2045950889587402,
1487355948090879191,p12_activist,True,1,1443,44,1.2129042148590088,
1487663997121431690,p01_genz_meme,True,1,1341,44,3.573171854019165,
1487663997121431690,p02_fitness,True,1,1332,44,1.071660041809082,
1487663997121431690,p03_parent,True,1,1334,44,1.106684923171997,
1487663997121431690,p04_tech_pro,True,1,1335,44,1.0989999771118164,
1487663997121431690,p05_fashion,True,1,1331,44,1.0921821594238281,
1487663997121431690,p06_foodie,True,1,1342,44,1.1833560466766357,
1487663997121431690,p07_traveler,True,1,1332,44,1.0947000980377197,
1487663997121431690,p08_student,True,1,1336,44,1.1073830127716064,
1487663997121431690,p09_entrepreneur,True,1,1337,44,1.0995769500732422,
1487663997121431690,p10_artist,True,1,1335,44,1.1012868881225586,
1487663997121431690,p11_senior,True,1,1336,44,1.105283260345459,
1487663997121431690,p12_activist,True,1,1340,44,1.121345043182373,
1488607068482061872,p01_genz_meme,True,1,1314,44,3.5025689601898193,
1488607068482061872,p02_fitness,True,1,1305,44,1.0710828304290771,
1488607068482061872,p03_parent,True,1,1307,44,1.1016509532928467,
1488607068482061872,p04_tech_pro,True,1,1308,44,1.091196060180664,
1488607068482061872,p05_fashion,True,1,1304,44,1.074409008026123,
1488607068482061872,p06_foodie,True,1,1315,44,1.0796568393707275,
1488607068482061872,p07_traveler,True,1,1305,44,1.081482172012329,
1488607068482061872,p08_student,True,1,1309,44,1.0849130153656006,
1488607068482061872,p09_entrepreneur,True,1,1310,44,1.0899360179901123,
1488607068482061872,p10_artist,True,1,1308,44,1.086043119430542,
1488607068482061872,p11_senior,True,1,1309,44,1.088911771774292,
1488607068482061872,p12_activist,True,1,1313,44,1.1040749549865723,
1488851826111212012,p01_genz_meme,True,1,1334,44,3.682715892791748,
1488851826111212012,p02_fitness,True,1,1325,44,1.0719881057739258,
1488851826111212012,p03_parent,True,1,1327,44,1.0973279476165771,
1488851826111212012,p04_tech_pro,True,1,1328,44,1.088252305984497,
1488851826111212012,p05_fashion,True,1,1324,44,1.0683541297912598,
1488851826111212012,p06_foodie,True,1,1335,44,1.0822689533233643,
1488851826111212012,p07_traveler,True,1,1325,44,1.0872721672058105,
1488851826111212012,p08_student,True,1,1329,44,1.0814728736877441,
1488851826111212012,p09_entrepreneur,True,1,1330,44,1.0754148960113525,
1488851826111212012,p10_artist,True,1,1328,44,1.0776829719543457,
1488851826111212012,p11_senior,True,1,1329,44,1.0790271759033203,
1488851826111212012,p12_activist,True,1,1333,44,1.091235876083374,
1490026234200940074,p01_genz_meme,True,1,1345,44,3.785184144973755,
1490026234200940074,p02_fitness,True,1,1336,44,1.0677340030670166,
1490026234200940074,p03_parent,True,1,1338,44,1.0954411029815674,
1490026234200940074,p04_tech_pro,True,1,1339,44,1.0873770713806152,
1490026234200940074,p05_fashion,True,1,1335,44,1.075289011001587,
1490026234200940074,p06_foodie,True,1,1346,44,1.085371732711792,
1490026234200940074,p07_traveler,True,1,1336,44,1.0833351612091064,
1490026234200940074,p08_student,True,1,1340,44,1.0951128005981445,
1490026234200940074,p09_entrepreneur,True,1,1341,44,1.0848817825317383,
1490026234200940074,p10_artist,True,1,1339,44,1.0905249118804932,
1490026234200940074,p11_senior,True,1,1340,44,1.090325117111206,
1490026234200940074,p12_activist,True,1,1344,44,1.088303804397583,
1492303926762369256,p01_genz_meme,True,1,1258,44,3.467599868774414,
1492303926762369256,p02_fitness,True,1,1249,44,1.047095775604248,
1492303926762369256,p03_parent,True,1,1251,44,1.080247163772583,
1492303926762369256,p04_tech_pro,True,1,1252,44,1.0648488998413086,
1492303926762369256,p05_fashion,True,1,1248,44,1.0581302642822266,
1492303926762369256,p06_foodie,True,1,1259,44,1.0856549739837646,
1492303926762369256,p07_traveler,True,1,1249,44,1.0683870315551758,
1492303926762369256,p08_student,True,1,1253,44,1.0605008602142334,
1492303926762369256,p09_entrepreneur,True,1,1254,44,1.0629589557647705,
1492303926762369256,p10_artist,True,1,1252,44,1.0596449375152588,
1492303926762369256,p11_senior,True,1,1253,44,1.0727488994598389,
1492303926762369256,p12_activist,True,1,1257,44,1.1934959888458252,
1492517634619737082,p01_genz_meme,True,1,1325,44,3.6991779804229736,
1492517634619737082,p02_fitness,True,1,1316,44,1.063812017440796,
1492517634619737082,p03_parent,True,1,1318,44,1.0872540473937988,
1492517634619737082,p04_tech_pro,True,1,1319,44,1.089939832687378,
1492517634619737082,p05_fashion,True,1,1315,44,1.0732569694519043,
1492517634619737082,p06_foodie,True,1,1326,44,1.0845108032226562,
1492517634619737082,p07_traveler,True,1,1316,44,1.0844931602478027,
1492517634619737082,p08_student,True,1,1320,44,1.0813109874725342,
1492517634619737082,p09_entrepreneur,True,1,1321,44,1.0790390968322754,
1492517634619737082,p10_artist,True,1,1319,44,1.08278489112854,
1492517634619737082,p11_senior,True,1,1320,44,1.078674077987671,
1492517634619737082,p12_activist,True,1,1324,44,1.0788180828094482,
1493905344216676328,p01_genz_meme,True,1,1324,44,3.677556037902832,
1493905344216676328,p02_fitness,True,1,1315,44,1.066438913345337,
1493905344216676328,p03_parent,True,1,1317,44,1.0889739990234375,
1493905344216676328,p04_tech_pro,True,1,1318,44,1.0796959400177002,
1493905344216676328,p05_fashion,True,1,1314,44,1.0765080451965332,
1493905344216676328,p06_foodie,True,1,1325,44,1.0845770835876465,
1493905344216676328,p07_traveler,True,1,1315,44,1.0762779712677002,
1493905344216676328,p08_student,True,1,1319,44,1.0889811515808105,
1493905344216676328,p09_entrepreneur,True,1,1320,44,1.0774080753326416,
1493905344216676328,p10_artist,True,1,1318,44,1.0816318988800049,
1493905344216676328,p11_senior,True,1,1319,44,1.0880510807037354,
1493905344216676328,p12_activist,True,1,1323,44,1.0861141681671143,
1494252804829927801,p01_genz_meme,True,1,1366,44,3.6150338649749756,
1494252804829927801,p02_fitness,True,1,1357,44,1.1674540042877197,
1494252804829927801,p03_parent,True,1,1359,44,1.1923210620880127,
1494252804829927801,p04_tech_pro,True,1,1360,44,1.1844520568847656,
1494252804829927801,p05_fashion,True,1,1356,44,1.1738319396972656,
1494252804829927801,p06_foodie,True,1,1367,44,1.184251070022583,
1494252804829927801,p07_traveler,True,1,1357,44,1.1777379512786865,
1494252804829927801,p08_student,True,1,1361,44,1.187333106994629,
1494252804829927801,p09_entrepreneur,True,1,1362,44,1.1842658519744873,
1494252804829927801,p10_artist,True,1,1360,44,1.1723909378051758,
1494252804829927801,p11_senior,True,1,1361,44,1.1797027587890625,
1494252804829927801,p12_activist,True,1,1365,44,1.1772937774658203,
1494981024052167299,p01_genz_meme,True,1,1316,44,3.6749460697174072,
1494981024052167299,p02_fitness,True,1,1307,44,1.051863193511963,
1494981024052167299,p03_parent,True,1,1309,44,1.0833909511566162,
1494981024052167299,p04_tech_pro,True,1,1310,44,1.082219123840332,
1494981024052167299,p05_fashion,True,1,1306,44,1.0728530883789062,
1494981024052167299,p06_foodie,True,1,1317,44,1.0751760005950928,
1494981024052167299,p07_traveler,True,1,1307,44,1.077113151550293,
1494981024052167299,p08_student,True,1,1311,44,1.0808839797973633,
1494981024052167299,p09_entrepreneur,True,1,1312,44,1.0832099914550781,
1494981024052167299,p10_artist,True,1,1310,44,1.0752127170562744,
1494981024052167299,p11_senior,True,1,1311,44,1.0729200839996338,
1494981024052167299,p12_activist,True,1,1315,44,1.0838263034820557,
1497291273319947496,p01_genz_meme,True,1,1400,44,3.736764907836914,
1497291273319947496,p02_fitness,True,1,1391,44,1.1712651252746582,
1497291273319947496,p03_parent,True,1,1393,44,1.198559045791626,
1497291273319947496,p04_tech_pro,True,1,1394,44,1.183427095413208,
1497291273319947496,p05_fashion,True,1,1390,44,1.1704838275909424,
1497291273319947496,p06_foodie,True,1,1401,44,1.2031490802764893,
1497291273319947496,p07_traveler,True,1,1391,44,1.216392993927002,
1497291273319947496,p08_student,True,1,1395,44,1.1808722019195557,
1497291273319947496,p09_entrepreneur,True,1,1396,44,1.1721751689910889,
1497291273319947496,p10_artist,True,1,1394,44,1.1794748306274414,
1497291273319947496,p11_senior,True,1,1395,44,1.1833009719848633,
1497291273319947496,p12_activist,True,1,1399,44,1.1833720207214355,
1497461208004802394,p01_genz_meme,True,1,1364,44,3.579385280609131,
1497461208004802394,p02_fitness,True,1,1355,44,1.1621968746185303,
1497461208004802394,p03_parent,True,1,1357,44,1.1844918727874756,
1497461208004802394,p04_tech_pro,True,1,1358,44,1.1766531467437744,
1497461208004802394,p05_fashion,True,1,1354,44,1.167253017425537,
1497461208004802394,p06_foodie,True,1,1365,44,1.1774230003356934,
1497461208004802394,p07_traveler,True,1,1355,44,1.176793098449707,
1497461208004802394,p08_student,True,1,1359,44,1.1697642803192139,
1497461208004802394,p09_entrepreneur,True,1,1360,44,1.1814780235290527,
1497461208004802394,p10_artist,True,1,1358,44,1.1786000728607178,
1497461208004802394,p11_senior,True,1,1359,44,1.2029380798339844,
1497461208004802394,p12_activist,True,1,1363,44,1.2558097839355469,
1498769529031140514,p01_genz_meme,True,1,1261,44,3.5520009994506836,
1498769529031140514,p02_fitness,True,1,1252,44,1.042738914489746,
1498769529031140514,p03_parent,True,1,1254,44,1.0672008991241455,
1498769529031140514,p04_tech_pro,True,1,1255,44,1.069779872894287,
1498769529031140514,p05_fashion,True,1,1251,44,1.0529239177703857,
1498769529031140514,p06_foodie,True,1,1262,44,1.0554769039154053,
1498769529031140514,p07_traveler,True,1,1252,44,1.0605618953704834,
1498769529031140514,p08_student,True,1,1256,44,1.0621109008789062,
1498769529031140514,p09_entrepreneur,True,1,1257,44,1.0675771236419678,
1498769529031140514,p10_artist,True,1,1255,44,1.0655219554901123,
1498769529031140514,p11_senior,True,1,1256,44,1.056704044342041,
1498769529031140514,p12_activist,True,1,1260,44,1.0717568397521973,
1498935836380340954,p01_genz_meme,True,1,1266,44,3.4854941368103027,
1498935836380340954,p02_fitness,True,1,1257,44,1.0465648174285889,
1498935836380340954,p03_parent,True,1,1259,44,1.0675828456878662,
1498935836380340954,p04_tech_pro,True,1,1260,44,1.072084903717041,
1498935836380340954,p05_fashion,True,1,1256,44,1.0599150657653809,
1498935836380340954,p06_foodie,True,1,1267,44,1.0600347518920898,
1498935836380340954,p07_traveler,True,1,1257,44,1.060102939605713,
1498935836380340954,p08_student,True,1,1261,44,1.061655044555664,
1498935836380340954,p09_entrepreneur,True,1,1262,44,1.0681850910186768,
1498935836380340954,p10_artist,True,1,1260,44,1.06402587890625,
1498935836380340954,p11_senior,True,1,1261,44,1.0652689933776855,
1498935836380340954,p12_activist,True,1,1265,44,1.0666348934173584,
1501050707653050547,p01_genz_meme,True,1,1418,44,3.599202871322632,
1501050707653050547,p02_fitness,True,1,1409,44,1.1836228370666504,
1501050707653050547,p03_parent,True,1,1411,44,1.2053930759429932,
1501050707653050547,p04_tech_pro,True,1,1412,44,1.2055070400238037,
1501050707653050547,p05_fashion,True,1,1408,44,1.1922869682312012,
1501050707653050547,p06_foodie,True,1,1419,44,1.2077391147613525,
1501050707653050547,p07_traveler,True,1,1409,44,1.2012758255004883,
1501050707653050547,p08_student,True,1,1413,44,1.2090280055999756,
1501050707653050547,p09_entrepreneur,True,1,1414,44,1.2044379711151123,
1501050707653050547,p10_artist,True,1,1412,44,1.1980271339416504,
1501050707653050547,p11_senior,True,1,1413,44,1.2024800777435303,
1501050707653050547,p12_activist,True,1,1417,44,1.2038640975952148,
1501396885063499099,p01_genz_meme,True,1,1310,44,3.5197958946228027,
1501396885063499099,p02_fitness,True,1,1301,44,1.065735101699829,
1501396885063499099,p03_parent,True,1,1303,44,1.1140871047973633,
1501396885063499099,p04_tech_pro,True,1,1304,44,1.0981409549713135,
1501396885063499099,p05_fashion,True,1,1300,44,1.0838069915771484,
1501396885063499099,p06_foodie,True,1,1311,44,1.0866742134094238,
1501396885063499099,p07_traveler,True,1,1301,44,1.081679105758667,
1501396885063499099,p08_student,True,1,1305,44,1.0820600986480713,
1501396885063499099,p09_entrepreneur,True,1,1306,44,1.0827867984771729,
1501396885063499099,p10_artist,True,1,1304,44,1.0755658149719238,
1501396885063499099,p11_senior,True,1,1305,44,1.0801987648010254,
1501396885063499099,p12_activist,True,1,1309,44,1.0864949226379395,
1501464880643992892,p01_genz_meme,True,1,1310,44,3.7340872287750244,
1501464880643992892,p02_fitness,True,1,1301,44,1.128904104232788,
1501464880643992892,p03_parent,True,1,1303,44,1.100287914276123,
1501464880643992892,p04_tech_pro,True,1,1304,44,1.0631988048553467,
1501464880643992892,p05_fashion,True,1,1300,44,1.0674359798431396,
1501464880643992892,p06_foodie,True,1,1311,44,1.092149019241333,
1501464880643992892,p07_traveler,True,1,1301,44,1.1126997470855713,
1501464880643992892,p08_student,True,1,1305,44,1.0714070796966553,
1501464880643992892,p09_entrepreneur,True,1,1306,44,1.080214023590088,
1501464880643992892,p10_artist,True,1,1304,44,1.0835282802581787,
1501464880643992892,p11_senior,True,1,1305,44,1.072767972946167,
1501464880643992892,p12_activist,True,1,1309,44,1.0821142196655273,
1504093707292747368,p01_genz_meme,True,1,1280,44,3.484729766845703,
1504093707292747368,p02_fitness,True,1,1271,44,1.0630149841308594,
1504093707292747368,p03_parent,True,1,1273,44,1.090001106262207,
1504093707292747368,p04_tech_pro,True,1,1274,44,1.0753557682037354,
1504093707292747368,p05_fashion,True,1,1270,44,1.0790269374847412,
1504093707292747368,p06_foodie,True,1,1281,44,1.0783851146697998,
1504093707292747368,p07_traveler,True,1,1271,44,1.0768120288848877,
1504093707292747368,p08_student,True,1,1275,44,1.0654411315917969,
1504093707292747368,p09_entrepreneur,True,1,1276,44,1.0675289630889893,
1504093707292747368,p10_artist,True,1,1274,44,1.0744600296020508,
1504093707292747368,p11_senior,True,1,1275,44,1.0915021896362305,
1504093707292747368,p12_activist,True,1,1279,44,1.0711250305175781,
1508129715482623883,p01_genz_meme,True,1,1347,44,3.70999813079834,
1508129715482623883,p02_fitness,True,1,1338,44,1.0765509605407715,
1508129715482623883,p03_parent,True,1,1340,44,1.101039171218872,
1508129715482623883,p04_tech_pro,True,1,1341,44,1.0942909717559814,
1508129715482623883,p05_fashion,True,1,1337,44,1.0842387676239014,
1508129715482623883,p06_foodie,True,1,1348,44,1.1029937267303467,
1508129715482623883,p07_traveler,True,1,1338,44,1.0971269607543945,
1508129715482623883,p08_student,True,1,1342,44,1.0932700634002686,
1508129715482623883,p09_entrepreneur,True,1,1343,44,1.0973289012908936,
1508129715482623883,p10_artist,True,1,1341,44,1.095641851425171,
1508129715482623883,p11_senior,True,1,1342,44,1.084411859512329,
1508129715482623883,p12_activist,True,1,1346,44,1.0932509899139404,
1508946813531690601,p01_genz_meme,True,1,1290,44,3.487785816192627,
1508946813531690601,p02_fitness,True,1,1281,44,1.110288143157959,
1508946813531690601,p03_parent,True,1,1283,44,1.0840022563934326,
1508946813531690601,p04_tech_pro,True,1,1284,44,1.0742957592010498,
1508946813531690601,p05_fashion,True,1,1280,44,1.0702950954437256,
1508946813531690601,p06_foodie,True,1,1291,44,1.0784227848052979,
1508946813531690601,p07_traveler,True,1,1281,44,1.0669219493865967,
1508946813531690601,p08_student,True,1,1285,44,1.0735759735107422,
1508946813531690601,p09_entrepreneur,True,1,1286,44,1.0798289775848389,
1508946813531690601,p10_artist,True,1,1284,44,1.0770947933197021,
1508946813531690601,p11_senior,True,1,1285,44,1.078721046447754,
1508946813531690601,p12_activist,True,1,1289,44,1.0765881538391113,
1512585846770277643,p01_genz_meme,True,1,1260,44,3.5302157402038574,
1512585846770277643,p02_fitness,True,1,1251,44,1.0595200061798096,
1512585846770277643,p03_parent,True,1,1253,44,1.1133100986480713,
1512585846770277643,p04_tech_pro,True,1,1254,44,1.080265998840332,
1512585846770277643,p05_fashion,True,1,1250,44,1.0684051513671875,
1512585846770277643,p06_foodie,True,1,1261,44,1.063521146774292,
1512585846770277643,p07_traveler,True,1,1251,44,1.072537899017334,
1512585846770277643,p08_student,True,1,1255,44,1.0598740577697754,
1512585846770277643,p09_entrepreneur,True,1,1256,44,1.0659992694854736,
1512585846770277643,p10_artist,True,1,1254,44,1.0631442070007324,
1512585846770277643,p11_senior,True,1,1255,44,1.0727291107177734,
1512585846770277643,p12_activist,True,1,1259,44,1.0665693283081055,
1516367375658020402,p01_genz_meme,True,1,1281,44,3.7305736541748047,
1516367375658020402,p02_fitness,True,1,1272,44,1.0741057395935059,
1516367375658020402,p03_parent,True,1,1274,44,1.0944340229034424,
1516367375658020402,p04_tech_pro,True,1,1275,44,1.0657868385314941,
1516367375658020402,p05_fashion,True,1,1271,44,1.064974308013916,
1516367375658020402,p06_foodie,True,1,1282,44,1.078291893005371,
1516367375658020402,p07_traveler,True,1,1272,44,1.0784692764282227,
1516367375658020402,p08_student,True,1,1276,44,1.0681006908416748,
1516367375658020402,p09_entrepreneur,True,1,1277,44,1.0736031532287598,
1516367375658020402,p10_artist,True,1,1275,44,1.0695631504058838,
1516367375658020402,p11_senior,True,1,1276,44,1.059283971786499,
1516367375658020402,p12_activist,True,1,1280,44,1.0744190216064453,
1517431377066022164,p01_genz_meme,True,1,1293,44,3.5056068897247314,
1517431377066022164,p02_fitness,True,1,1284,44,1.051103115081787,
1517431377066022164,p03_parent,True,1,1286,44,1.1020638942718506,
1517431377066022164,p04_tech_pro,True,1,1287,44,1.08868408203125,
1517431377066022164,p05_fashion,True,1,1283,44,1.0797650814056396,
1517431377066022164,p06_foodie,True,1,1294,44,1.0788252353668213,
1517431377066022164,p07_traveler,True,1,1284,44,1.0713818073272705,
1517431377066022164,p08_student,True,1,1288,44,1.08781099319458,
1517431377066022164,p09_entrepreneur,True,1,1289,44,1.092240810394287,
1517431377066022164,p10_artist,True,1,1287,44,1.0846140384674072,
1517431377066022164,p11_senior,True,1,1288,44,1.0810489654541016,
1517431377066022164,p12_activist,True,1,1292,44,1.0791518688201904,
1518846181864978567,p01_genz_meme,True,1,1321,44,3.746821880340576,
1518846181864978567,p02_fitness,True,1,1312,44,1.056149959564209,
1518846181864978567,p03_parent,True,1,1314,44,1.0993738174438477,
1518846181864978567,p04_tech_pro,True,1,1315,44,1.0936503410339355,
1518846181864978567,p05_fashion,True,1,1311,44,1.0795011520385742,
1518846181864978567,p06_foodie,True,1,1322,44,1.0852699279785156,
1518846181864978567,p07_traveler,True,1,1312,44,1.0731909275054932,
1518846181864978567,p08_student,True,1,1316,44,1.081878900527954,
1518846181864978567,p09_entrepreneur,True,1,1317,44,1.0857269763946533,
1518846181864978567,p10_artist,True,1,1315,44,1.077113151550293,
1518846181864978567,p11_senior,True,1,1316,44,1.0767848491668701,
1518846181864978567,p12_activist,True,1,1320,44,1.0833861827850342,
1519243983681847733,p01_genz_meme,True,1,1292,44,3.6894233226776123,
1519243983681847733,p02_fitness,True,1,1283,44,1.0490541458129883,
1519243983681847733,p03_parent,True,1,1285,44,1.0875980854034424,
1519243983681847733,p04_tech_pro,True,1,1286,44,1.0814380645751953,
1519243983681847733,p05_fashion,True,1,1282,44,1.0694599151611328,
1519243983681847733,p06_foodie,True,1,1293,44,1.0616779327392578,
1519243983681847733,p07_traveler,True,1,1283,44,1.0664281845092773,
1519243983681847733,p08_student,True,1,1287,44,1.0721428394317627,
1519243983681847733,p09_entrepreneur,True,1,1288,44,1.160088062286377,
1519243983681847733,p10_artist,True,1,1286,44,1.0702579021453857,
1519243983681847733,p11_senior,True,1,1287,44,1.0564899444580078,
1519243983681847733,p12_activist,True,1,1291,44,1.066978931427002,
1520424155207802319,p01_genz_meme,True,1,1282,44,3.487323045730591,
1520424155207802319,p02_fitness,True,1,1273,44,1.0561480522155762,
1520424155207802319,p03_parent,True,1,1275,44,1.0915770530700684,
1520424155207802319,p04_tech_pro,True,1,1276,44,1.0769829750061035,
1520424155207802319,p05_fashion,True,1,1272,44,1.0690691471099854,
1520424155207802319,p06_foodie,True,1,1283,44,1.0678248405456543,
1520424155207802319,p07_traveler,True,1,1273,44,1.077517032623291,
1520424155207802319,p08_student,True,1,1277,44,1.0959837436676025,
1520424155207802319,p09_entrepreneur,True,1,1278,44,1.0691990852355957,
1520424155207802319,p10_artist,True,1,1276,44,1.0664920806884766,
1520424155207802319,p11_senior,True,1,1277,44,1.0785632133483887,
1520424155207802319,p12_activist,True,1,1281,44,1.0714411735534668,
1523463866821189118,p01_genz_meme,True,1,1311,44,3.6654410362243652,
1523463866821189118,p02_fitness,True,1,1302,44,1.0614006519317627,
1523463866821189118,p03_parent,True,1,1304,44,1.0921952724456787,
1523463866821189118,p04_tech_pro,True,1,1305,44,1.077193021774292,
1523463866821189118,p05_fashion,True,1,1301,44,1.069620132446289,
1523463866821189118,p06_foodie,True,1,1312,44,1.076836109161377,
1523463866821189118,p07_traveler,True,1,1302,44,1.147454023361206,
1523463866821189118,p08_student,True,1,1306,44,1.112191915512085,
1523463866821189118,p09_entrepreneur,True,1,1307,44,1.06131911277771,
1523463866821189118,p10_artist,True,1,1305,44,1.0659940242767334,
1523463866821189118,p11_senior,True,1,1306,44,1.082369089126587,
1523463866821189118,p12_activist,True,1,1310,44,1.1600756645202637,
1526091741638640263,p01_genz_meme,True,1,1290,44,3.685514211654663,
1526091741638640263,p02_fitness,True,1,1281,44,1.052299976348877,
1526091741638640263,p03_parent,True,1,1283,44,1.0833687782287598,
1526091741638640263,p04_tech_pro,True,1,1284,44,1.066241979598999,
1526091741638640263,p05_fashion,True,1,1280,44,1.0543811321258545,
1526091741638640263,p06_foodie,True,1,1291,44,1.0673742294311523,
1526091741638640263,p07_traveler,True,1,1281,44,1.0785911083221436,
1526091741638640263,p08_student,True,1,1285,44,1.0649538040161133,
1526091741638640263,p09_entrepreneur,True,1,1286,44,1.0640828609466553,
1526091741638640263,p10_artist,True,1,1284,44,1.0651090145111084,
1526091741638640263,p11_senior,True,1,1285,44,1.0701539516448975,
1526091741638640263,p12_activist,True,1,1289,44,1.0687592029571533,
1526226423390908732,p01_genz_meme,True,1,1315,44,3.6614060401916504,
1526226423390908732,p02_fitness,True,1,1306,44,1.0747766494750977,
1526226423390908732,p03_parent,True,1,1308,44,1.1246767044067383,
1526226423390908732,p04_tech_pro,True,1,1309,44,1.071092128753662,
1526226423390908732,p05_fashion,True,1,1305,44,1.0726819038391113,
1526226423390908732,p06_foodie,True,1,1316,44,1.0804762840270996,
1526226423390908732,p07_traveler,True,1,1306,44,1.0791280269622803,
1526226423390908732,p08_student,True,1,1310,44,1.0764970779418945,
1526226423390908732,p09_entrepreneur,True,1,1311,44,1.0757510662078857,
1526226423390908732,p10_artist,True,1,1309,44,1.077688217163086,
1526226423390908732,p11_senior,True,1,1310,44,1.0861802101135254,
1526226423390908732,p12_activist,True,1,1314,44,1.0832860469818115,
1528168257839455553,p01_genz_meme,True,1,1314,44,3.6799991130828857,
1528168257839455553,p02_fitness,True,1,1305,44,1.05674409866333,
1528168257839455553,p03_parent,True,1,1307,44,1.0832750797271729,
1528168257839455553,p04_tech_pro,True,1,1308,44,1.079026222229004,
1528168257839455553,p05_fashion,True,1,1304,44,1.0676109790802002,
1528168257839455553,p06_foodie,True,1,1315,44,1.0847651958465576,
1528168257839455553,p07_traveler,True,1,1305,44,1.0819618701934814,
1528168257839455553,p08_student,True,1,1309,44,1.075714111328125,
1528168257839455553,p09_entrepreneur,True,1,1310,44,1.0726020336151123,
1528168257839455553,p10_artist,True,1,1308,44,1.0663020610809326,
1528168257839455553,p11_senior,True,1,1309,44,1.069981336593628,
1528168257839455553,p12_activist,True,1,1313,44,1.0732128620147705,
1529228761583700075,p01_genz_meme,True,1,1295,44,3.674452066421509,
1529228761583700075,p02_fitness,True,1,1286,44,1.0560247898101807,
1529228761583700075,p03_parent,True,1,1288,44,1.0782949924468994,
1529228761583700075,p04_tech_pro,True,1,1289,44,1.0727150440216064,
1529228761583700075,p05_fashion,True,1,1285,44,1.0685410499572754,
1529228761583700075,p06_foodie,True,1,1296,44,1.0726048946380615,
1529228761583700075,p07_traveler,True,1,1286,44,1.0687413215637207,
1529228761583700075,p08_student,True,1,1290,44,1.0753989219665527,
1529228761583700075,p09_entrepreneur,True,1,1291,44,1.0818779468536377,
1529228761583700075,p10_artist,True,1,1289,44,1.0966198444366455,
1529228761583700075,p11_senior,True,1,1290,44,1.0748748779296875,
1529228761583700075,p12_activist,True,1,1294,44,1.0677356719970703,
1529759930013546047,p01_genz_meme,True,1,1331,44,3.6596150398254395,
1529759930013546047,p02_fitness,True,1,1322,44,1.0634467601776123,
1529759930013546047,p03_parent,True,1,1324,44,1.0894949436187744,
1529759930013546047,p04_tech_pro,True,1,1325,44,1.080862045288086,
1529759930013546047,p05_fashion,True,1,1321,44,1.0799410343170166,
1529759930013546047,p06_foodie,True,1,1332,44,1.0734479427337646,
1529759930013546047,p07_traveler,True,1,1322,44,1.073127031326294,
1529759930013546047,p08_student,True,1,1326,44,1.0754399299621582,
1529759930013546047,p09_entrepreneur,True,1,1327,44,1.0783863067626953,
1529759930013546047,p10_artist,True,1,1325,44,1.0891480445861816,
1529759930013546047,p11_senior,True,1,1326,44,1.0801482200622559,
1529759930013546047,p12_activist,True,1,1330,44,1.075268030166626,
1530693541440524576,p01_genz_meme,True,1,1305,44,3.7160050868988037,
1530693541440524576,p02_fitness,True,1,1296,44,1.044485092163086,
1530693541440524576,p03_parent,True,1,1298,44,1.0842640399932861,
1530693541440524576,p04_tech_pro,True,1,1299,44,1.0792961120605469,
1530693541440524576,p05_fashion,True,1,1295,44,1.0736050605773926,
1530693541440524576,p06_foodie,True,1,1306,44,1.0793380737304688,
1530693541440524576,p07_traveler,True,1,1296,44,1.0857069492340088,
1530693541440524576,p08_student,True,1,1300,44,1.082016944885254,
1530693541440524576,p09_entrepreneur,True,1,1301,44,1.0818758010864258,
1530693541440524576,p10_artist,True,1,1299,44,1.0668890476226807,
1530693541440524576,p11_senior,True,1,1300,44,1.0899081230163574,
1530693541440524576,p12_activist,True,1,1304,44,1.1333041191101074,
1532458301820237070,p01_genz_meme,True,1,1356,44,3.9198851585388184,
1532458301820237070,p02_fitness,True,1,1347,44,1.0779709815979004,
1532458301820237070,p03_parent,True,1,1349,44,1.108006238937378,
1532458301820237070,p04_tech_pro,True,1,1350,44,1.1090989112854004,
1532458301820237070,p05_fashion,True,1,1346,44,1.090512752532959,
1532458301820237070,p06_foodie,True,1,1357,44,1.1738359928131104,
1532458301820237070,p07_traveler,True,1,1347,44,1.0870029926300049,
1532458301820237070,p08_student,True,1,1351,44,1.1010332107543945,
1532458301820237070,p09_entrepreneur,True,1,1352,44,1.0970921516418457,
1532458301820237070,p10_artist,True,1,1350,44,1.1020112037658691,
1532458301820237070,p11_senior,True,1,1351,44,1.0973868370056152,
1532458301820237070,p12_activist,True,1,1355,44,1.1015377044677734,
1533954518403241490,p01_genz_meme,True,1,1284,44,3.480849027633667,
1533954518403241490,p02_fitness,True,1,1275,44,1.053846836090088,
1533954518403241490,p03_parent,True,1,1277,44,1.0871407985687256,
1533954518403241490,p04_tech_pro,True,1,1278,44,1.0806221961975098,
1533954518403241490,p05_fashion,True,1,1274,44,1.0634050369262695,
1533954518403241490,p06_foodie,True,1,1285,44,1.069242238998413,
1533954518403241490,p07_traveler,True,1,1275,44,1.0695500373840332,
1533954518403241490,p08_student,True,1,1279,44,1.078188180923462,
1533954518403241490,p09_entrepreneur,True,1,1280,44,1.0726020336151123,
1533954518403241490,p10_artist,True,1,1278,44,1.0732150077819824,
1533954518403241490,p11_senior,True,1,1279,44,1.0789799690246582,
1533954518403241490,p12_activist,True,1,1283,44,1.0765061378479004,
1534849825768892072,p01_genz_meme,True,1,1391,44,3.684711217880249,
1534849825768892072,p02_fitness,True,1,1382,44,1.1797969341278076,
1534849825768892072,p03_parent,True,1,1384,44,1.2459890842437744,
1534849825768892072,p04_tech_pro,True,1,1385,44,1.1980669498443604,
1534849825768892072,p05_fashion,True,1,1381,44,1.1843781471252441,
1534849825768892072,p06_foodie,True,1,1392,44,1.2159931659698486,
1534849825768892072,p07_traveler,True,1,1382,44,1.1876208782196045,
1534849825768892072,p08_student,True,1,1386,44,1.1929869651794434,
1534849825768892072,p09_entrepreneur,True,1,1387,44,1.1901509761810303,
1534849825768892072,p10_artist,True,1,1385,44,1.1930921077728271,
1534849825768892072,p11_senior,True,1,1386,44,1.2000770568847656,
1534849825768892072,p12_activist,True,1,1390,44,1.2073001861572266,
1536025454418116380,p01_genz_meme,True,1,1270,44,3.4796528816223145,
1536025454418116380,p02_fitness,True,1,1261,44,1.056802749633789,
1536025454418116380,p03_parent,True,1,1263,44,1.0807819366455078,
1536025454418116380,p04_tech_pro,True,1,1264,44,1.069303035736084,
1536025454418116380,p05_fashion,True,1,1260,44,1.0653340816497803,
1536025454418116380,p06_foodie,True,1,1271,44,1.0742979049682617,
1536025454418116380,p07_traveler,True,1,1261,44,1.0666720867156982,
1536025454418116380,p08_student,True,1,1265,44,1.0658669471740723,
1536025454418116380,p09_entrepreneur,True,1,1266,44,1.0711748600006104,
1536025454418116380,p10_artist,True,1,1264,44,1.215113878250122,
1536025454418116380,p11_senior,True,1,1265,44,1.1549079418182373,
1536025454418116380,p12_activist,True,1,1269,44,1.0486981868743896,
1536422811932006749,p01_genz_meme,True,1,1309,44,3.700349807739258,
1536422811932006749,p02_fitness,True,1,1300,44,1.0587859153747559,
1536422811932006749,p03_parent,True,1,1302,44,1.0803730487823486,
1536422811932006749,p04_tech_pro,True,1,1303,44,1.086379051208496,
1536422811932006749,p05_fashion,True,1,1299,44,1.077012062072754,
1536422811932006749,p06_foodie,True,1,1310,44,1.0758099555969238,
1536422811932006749,p07_traveler,True,1,1300,44,1.0672979354858398,
1536422811932006749,p08_student,True,1,1304,44,1.0747277736663818,
1536422811932006749,p09_entrepreneur,True,1,1305,44,1.08024001121521,
1536422811932006749,p10_artist,True,1,1303,44,1.1063649654388428,
1536422811932006749,p11_senior,True,1,1304,44,1.0785119533538818,
1536422811932006749,p12_activist,True,1,1308,44,1.0742437839508057,
1537064957929430444,p01_genz_meme,True,1,1270,44,3.486048936843872,
1537064957929430444,p02_fitness,True,1,1261,44,1.0586233139038086,
1537064957929430444,p03_parent,True,1,1263,44,1.0754876136779785,
1537064957929430444,p04_tech_pro,True,1,1264,44,1.0781512260437012,
1537064957929430444,p05_fashion,True,1,1260,44,1.085395097732544,
1537064957929430444,p06_foodie,True,1,1271,44,1.070321798324585,
1537064957929430444,p07_traveler,True,1,1261,44,1.0566737651824951,
1537064957929430444,p08_student,True,1,1265,44,1.0650558471679688,
1537064957929430444,p09_entrepreneur,True,1,1266,44,1.066565752029419,
1537064957929430444,p10_artist,True,1,1264,44,1.07027006149292,
1537064957929430444,p11_senior,True,1,1265,44,1.071059226989746,
1537064957929430444,p12_activist,True,1,1269,44,1.0677313804626465,
1538915794216555998,p01_genz_meme,True,1,1296,44,3.6627860069274902,
1538915794216555998,p02_fitness,True,1,1287,44,1.048964023590088,
1538915794216555998,p03_parent,True,1,1289,44,1.0778682231903076,
1538915794216555998,p04_tech_pro,True,1,1290,44,1.0723340511322021,
1538915794216555998,p05_fashion,True,1,1286,44,1.0634729862213135,
1538915794216555998,p06_foodie,True,1,1297,44,1.0633518695831299,
1538915794216555998,p07_traveler,True,1,1287,44,1.062549352645874,
1538915794216555998,p08_student,True,1,1291,44,1.0685381889343262,
1538915794216555998,p09_entrepreneur,True,1,1292,44,1.0747320652008057,
1538915794216555998,p10_artist,True,1,1290,44,1.0836479663848877,
1538915794216555998,p11_senior,True,1,1291,44,1.0659430027008057,
1538915794216555998,p12_activist,True,1,1295,44,1.0676488876342773,
1540097257478319334,p01_genz_meme,True,1,1282,44,3.6753430366516113,
1540097257478319334,p02_fitness,True,1,1273,44,1.0505421161651611,
1540097257478319334,p03_parent,True,1,1275,44,1.076836109161377,
1540097257478319334,p04_tech_pro,True,1,1276,44,1.0907361507415771,
1540097257478319334,p05_fashion,True,1,1272,44,1.0651421546936035,
1540097257478319334,p06_foodie,True,1,1283,44,1.058638095855713,
1540097257478319334,p07_traveler,True,1,1273,44,1.0740931034088135,
1540097257478319334,p08_student,True,1,1277,44,1.0718820095062256,
1540097257478319334,p09_entrepreneur,True,1,1278,44,1.0751380920410156,
1540097257478319334,p10_artist,True,1,1276,44,1.0723369121551514,
1540097257478319334,p11_senior,True,1,1277,44,1.064682960510254,
1540097257478319334,p12_activist,True,1,1281,44,1.0650291442871094,
1540236010415651654,p01_genz_meme,True,1,1339,44,3.7278032302856445,
1540236010415651654,p02_fitness,True,1,1330,44,1.063690185546875,
1540236010415651654,p03_parent,True,1,1332,44,1.0927560329437256,
1540236010415651654,p04_tech_pro,True,1,1333,44,1.0842719078063965,
1540236010415651654,p05_fashion,True,1,1329,44,1.069324016571045,
1540236010415651654,p06_foodie,True,1,1340,44,1.0696470737457275,
1540236010415651654,p07_traveler,True,1,1330,44,1.0766327381134033,
1540236010415651654,p08_student,True,1,1334,44,1.0890328884124756,
1540236010415651654,p09_entrepreneur,True,1,1335,44,1.083319902420044,
1540236010415651654,p10_artist,True,1,1333,44,1.0775291919708252,
1540236010415651654,p11_senior,True,1,1334,44,1.079392910003662,
1540236010415651654,p12_activist,True,1,1338,44,1.0802340507507324,
1542156545348238735,p01_genz_meme,True,1,1307,44,3.670053720474243,
1542156545348238735,p02_fitness,True,1,1298,44,1.0559282302856445,
1542156545348238735,p03_parent,True,1,1300,44,1.0878729820251465,
1542156545348238735,p04_tech_pro,True,1,1301,44,1.0859436988830566,
1542156545348238735,p05_fashion,True,1,1297,44,1.0661659240722656,
1542156545348238735,p06_foodie,True,1,1308,44,1.070481777191162,
1542156545348238735,p07_traveler,True,1,1298,44,1.070741891860962,
1542156545348238735,p08_student,True,1,1302,44,1.07759690284729,
1542156545348238735,p09_entrepreneur,True,1,1303,44,1.074187994003296,
1542156545348238735,p10_artist,True,1,1301,44,1.0712330341339111,
1542156545348238735,p11_senior,True,1,1302,44,1.0756101608276367,
1542156545348238735,p12_activist,True,1,1306,44,1.0826120376586914,
1543965389707405238,p01_genz_meme,True,1,1365,44,3.8096718788146973,
1543965389707405238,p02_fitness,True,1,1356,44,1.0777301788330078,
1543965389707405238,p03_parent,True,1,1358,44,1.11246919631958,
1543965389707405238,p04_tech_pro,True,1,1359,44,1.0978989601135254,
1543965389707405238,p05_fashion,True,1,1355,44,1.0880980491638184,
1543965389707405238,p06_foodie,True,1,1366,44,1.1765367984771729,
1543965389707405238,p07_traveler,True,1,1356,44,1.1000347137451172,
1543965389707405238,p08_student,True,1,1360,44,1.1077721118927002,
1543965389707405238,p09_entrepreneur,True,1,1361,44,1.1791601181030273,
1543965389707405238,p10_artist,True,1,1359,44,1.105560064315796,
1543965389707405238,p11_senior,True,1,1360,44,1.103081226348877,
1543965389707405238,p12_activist,True,1,1364,44,1.1953799724578857,
1544364967897593917,p01_genz_meme,True,1,1589,44,4.007772922515869,
1544364967897593917,p02_fitness,True,1,1580,44,1.3346219062805176,
1544364967897593917,p03_parent,True,1,1582,44,1.3454411029815674,
1544364967897593917,p04_tech_pro,True,1,1583,44,1.3374741077423096,
1544364967897593917,p05_fashion,True,1,1579,44,1.3370699882507324,
1544364967897593917,p06_foodie,True,1,1590,44,1.3439311981201172,
1544364967897593917,p07_traveler,True,1,1580,44,1.3353147506713867,
1544364967897593917,p08_student,True,1,1584,44,1.3414480686187744,
1544364967897593917,p09_entrepreneur,True,1,1585,44,1.343116044998169,
1544364967897593917,p10_artist,True,1,1583,44,1.35628080368042,
1544364967897593917,p11_senior,True,1,1584,44,1.3382909297943115,
1544364967897593917,p12_activist,True,1,1588,44,1.3431048393249512,
1544689395339517805,p01_genz_meme,True,1,1294,44,3.630311965942383,
1544689395339517805,p02_fitness,True,1,1285,44,1.0491538047790527,
1544689395339517805,p03_parent,True,1,1287,44,1.0957119464874268,
1544689395339517805,p04_tech_pro,True,1,1288,44,1.0779170989990234,
1544689395339517805,p05_fashion,True,1,1284,44,1.053328037261963,
1544689395339517805,p06_foodie,True,1,1295,44,1.0594770908355713,
1544689395339517805,p07_traveler,True,1,1285,44,1.060896873474121,
1544689395339517805,p08_student,True,1,1289,44,1.0692310333251953,
1544689395339517805,p09_entrepreneur,True,1,1290,44,1.069399118423462,
1544689395339517805,p10_artist,True,1,1288,44,1.0606389045715332,
1544689395339517805,p11_senior,True,1,1289,44,1.0620369911193848,
1544689395339517805,p12_activist,True,1,1293,44,1.0715808868408203,
1545654954579172771,p01_genz_meme,True,1,1306,44,3.666160821914673,
1545654954579172771,p02_fitness,True,1,1297,44,1.0542690753936768,
1545654954579172771,p03_parent,True,1,1299,44,1.0867822170257568,
1545654954579172771,p04_tech_pro,True,1,1300,44,1.0751192569732666,
1545654954579172771,p05_fashion,True,1,1296,44,1.0596249103546143,
1545654954579172771,p06_foodie,True,1,1307,44,1.0687532424926758,
1545654954579172771,p07_traveler,True,1,1297,44,1.0701978206634521,
1545654954579172771,p08_student,True,1,1301,44,1.0799791812896729,
1545654954579172771,p09_entrepreneur,True,1,1302,44,1.0715868473052979,
1545654954579172771,p10_artist,True,1,1300,44,1.0702219009399414,
1545654954579172771,p11_senior,True,1,1301,44,1.073279857635498,
1545654954579172771,p12_activist,True,1,1305,44,1.074662208557129,
1546778177177777909,p01_genz_meme,True,1,1404,44,3.865367889404297,
1546778177177777909,p02_fitness,True,1,1395,44,1.186178207397461,
1546778177177777909,p03_parent,True,1,1397,44,1.1950039863586426,
1546778177177777909,p04_tech_pro,True,1,1398,44,1.1893692016601562,
1546778177177777909,p05_fashion,True,1,1394,44,1.1846888065338135,
1546778177177777909,p06_foodie,True,1,1405,44,1.2085483074188232,
1546778177177777909,p07_traveler,True,1,1395,44,1.1854138374328613,
1546778177177777909,p08_student,True,1,1399,44,1.183440923690796,
1546778177177777909,p09_entrepreneur,True,1,1400,44,1.1832611560821533,
1546778177177777909,p10_artist,True,1,1398,44,1.1988780498504639,
1546778177177777909,p11_senior,True,1,1399,44,1.1997160911560059,
1546778177177777909,p12_activist,True,1,1403,44,1.1831622123718262,
1547731208635814159,p01_genz_meme,True,1,1293,44,3.481602907180786,
1547731208635814159,p02_fitness,True,1,1284,44,1.0533568859100342,
1547731208635814159,p03_parent,True,1,1286,44,1.0839827060699463,
1547731208635814159,p04_tech_pro,True,1,1287,44,1.0800540447235107,
1547731208635814159,p05_fashion,True,1,1283,44,1.0705819129943848,
1547731208635814159,p06_foodie,True,1,1294,44,1.076817274093628,
1547731208635814159,p07_traveler,True,1,1284,44,1.0685341358184814,
1547731208635814159,p08_student,True,1,1288,44,1.0728719234466553,
1547731208635814159,p09_entrepreneur,True,1,1289,44,1.0728662014007568,
1547731208635814159,p10_artist,True,1,1287,44,1.0729589462280273,
1547731208635814159,p11_senior,True,1,1288,44,1.0692417621612549,
1547731208635814159,p12_activist,True,1,1292,44,1.0734541416168213,
1547830603171426411,p01_genz_meme,True,1,1357,44,3.77059006690979,
1547830603171426411,p02_fitness,True,1,1348,44,1.0586812496185303,
1547830603171426411,p03_parent,True,1,1350,44,1.0871169567108154,
1547830603171426411,p04_tech_pro,True,1,1351,44,1.0900521278381348,
1547830603171426411,p05_fashion,True,1,1347,44,1.0772972106933594,
1547830603171426411,p06_foodie,True,1,1358,44,1.0783591270446777,
1547830603171426411,p07_traveler,True,1,1348,44,1.0697362422943115,
1547830603171426411,p08_student,True,1,1352,44,1.0768520832061768,
1547830603171426411,p09_entrepreneur,True,1,1353,44,1.0857598781585693,
1547830603171426411,p10_artist,True,1,1351,44,1.0899689197540283,
1547830603171426411,p11_senior,True,1,1352,44,1.0784780979156494,
1547830603171426411,p12_activist,True,1,1356,44,1.0799219608306885,
1547922775694629013,p01_genz_meme,True,1,1270,44,3.4863617420196533,
1547922775694629013,p02_fitness,True,1,1261,44,1.0443000793457031,
1547922775694629013,p03_parent,True,1,1263,44,1.072510004043579,
1547922775694629013,p04_tech_pro,True,1,1264,44,1.0759170055389404,
1547922775694629013,p05_fashion,True,1,1260,44,1.0659308433532715,
1547922775694629013,p06_foodie,True,1,1271,44,1.0613279342651367,
1547922775694629013,p07_traveler,True,1,1261,44,1.0639128684997559,
1547922775694629013,p08_student,True,1,1265,44,1.0626037120819092,
1547922775694629013,p09_entrepreneur,True,1,1266,44,1.0631070137023926,
1547922775694629013,p10_artist,True,1,1264,44,1.062891960144043,
1547922775694629013,p11_senior,True,1,1265,44,1.0629608631134033,
1547922775694629013,p12_activist,True,1,1269,44,1.063835859298706,
1548050544395628862,p01_genz_meme,True,1,1316,44,3.532865047454834,
1548050544395628862,p02_fitness,True,1,1307,44,1.0566861629486084,
1548050544395628862,p03_parent,True,1,1309,44,1.095438003540039,
1548050544395628862,p04_tech_pro,True,1,1310,44,1.0959837436676025,
1548050544395628862,p05_fashion,True,1,1306,44,1.0813937187194824,
1548050544395628862,p06_foodie,True,1,1317,44,1.086272954940796,
1548050544395628862,p07_traveler,True,1,1307,44,1.0808217525482178,
1548050544395628862,p08_student,True,1,1311,44,1.0853571891784668,
1548050544395628862,p09_entrepreneur,True,1,1312,44,1.0858874320983887,
1548050544395628862,p10_artist,True,1,1310,44,1.0817039012908936,
1548050544395628862,p11_senior,True,1,1311,44,1.0795671939849854,
1548050544395628862,p12_activist,True,1,1315,44,1.0807359218597412,
1548518257576999274,p01_genz_meme,True,1,1464,44,3.6139049530029297,
1548518257576999274,p02_fitness,True,1,1455,44,1.2024850845336914,
1548518257576999274,p03_parent,True,1,1457,44,1.2309870719909668,
1548518257576999274,p04_tech_pro,True,1,1458,44,1.225912094116211,
1548518257576999274,p05_fashion,True,1,1454,44,1.2104310989379883,
1548518257576999274,p06_foodie,True,1,1465,44,1.2185451984405518,
1548518257576999274,p07_traveler,True,1,1455,44,1.2186851501464844,
1548518257576999274,p08_student,True,1,1459,44,1.2469830513000488,
1548518257576999274,p09_entrepreneur,True,1,1460,44,1.2256951332092285,
1548518257576999274,p10_artist,True,1,1458,44,1.2162282466888428,
1548518257576999274,p11_senior,True,1,1459,44,1.2351138591766357,
1548518257576999274,p12_activist,True,1,1463,44,1.21875,
1549697600483306201,p01_genz_meme,True,1,1325,44,3.718013048171997,
1549697600483306201,p02_fitness,True,1,1316,44,1.0540311336517334,
1549697600483306201,p03_parent,True,1,1318,44,1.0828220844268799,
1549697600483306201,p04_tech_pro,True,1,1319,44,1.0682668685913086,
1549697600483306201,p05_fashion,True,1,1315,44,1.0639102458953857,
1549697600483306201,p06_foodie,True,1,1326,44,1.0801851749420166,
1549697600483306201,p07_traveler,True,1,1316,44,1.0735251903533936,
1549697600483306201,p08_student,True,1,1320,44,1.0812580585479736,
1549697600483306201,p09_entrepreneur,True,1,1321,44,1.0666286945343018,
1549697600483306201,p10_artist,True,1,1319,44,1.059281826019287,
1549697600483306201,p11_senior,True,1,1320,44,1.071532964706421,
1549697600483306201,p12_activist,True,1,1324,44,1.0697450637817383,
1549965507900421259,p01_genz_meme,True,1,1265,44,3.488119602203369,
1549965507900421259,p02_fitness,True,1,1256,44,1.048029899597168,
1549965507900421259,p03_parent,True,1,1258,44,1.072634220123291,
1549965507900421259,p04_tech_pro,True,1,1259,44,1.0727958679199219,
1549965507900421259,p05_fashion,True,1,1255,44,1.0594799518585205,
1549965507900421259,p06_foodie,True,1,1266,44,1.0642950534820557,
1549965507900421259,p07_traveler,True,1,1256,44,1.0719571113586426,
1549965507900421259,p08_student,True,1,1260,44,1.063636064529419,
1549965507900421259,p09_entrepreneur,True,1,1261,44,1.0630319118499756,
1549965507900421259,p10_artist,True,1,1259,44,1.0688159465789795,
1549965507900421259,p11_senior,True,1,1260,44,1.081549882888794,
1549965507900421259,p12_activist,True,1,1264,44,1.0636699199676514,
1550101638743929337,p01_genz_meme,True,1,1295,44,3.6755731105804443,
1550101638743929337,p02_fitness,True,1,1286,44,1.0714550018310547,
1550101638743929337,p03_parent,True,1,1288,44,1.0799641609191895,
1550101638743929337,p04_tech_pro,True,1,1289,44,1.0765559673309326,
1550101638743929337,p05_fashion,True,1,1285,44,1.0712668895721436,
1550101638743929337,p06_foodie,True,1,1296,44,1.0704500675201416,
1550101638743929337,p07_traveler,True,1,1286,44,1.0682947635650635,
1550101638743929337,p08_student,True,1,1290,44,1.0664849281311035,
1550101638743929337,p09_entrepreneur,True,1,1291,44,1.064673900604248,
1550101638743929337,p10_artist,True,1,1289,44,1.0653250217437744,
1550101638743929337,p11_senior,True,1,1290,44,1.076185941696167,
1550101638743929337,p12_activist,True,1,1294,44,1.0729117393493652,
1550135857235506371,p01_genz_meme,True,1,1279,44,3.4691638946533203,
1550135857235506371,p02_fitness,True,1,1270,44,1.0532269477844238,
1550135857235506371,p03_parent,True,1,1272,44,1.0874650478363037,
1550135857235506371,p04_tech_pro,True,1,1273,44,1.069214105606079,
1550135857235506371,p05_fashion,True,1,1269,44,1.0624749660491943,
1550135857235506371,p06_foodie,True,1,1280,44,1.076127052307129,
1550135857235506371,p07_traveler,True,1,1270,44,1.0704381465911865,
1550135857235506371,p08_student,True,1,1274,44,1.0669000148773193,
1550135857235506371,p09_entrepreneur,True,1,1275,44,1.0745882987976074,
1550135857235506371,p10_artist,True,1,1273,44,1.0675151348114014,
1550135857235506371,p11_senior,True,1,1274,44,1.0779011249542236,
1550135857235506371,p12_activist,True,1,1278,44,1.0689349174499512,
1551642131104707070,p01_genz_meme,True,1,1277,44,3.6841719150543213,
1551642131104707070,p02_fitness,True,1,1268,44,1.163465976715088,
1551642131104707070,p03_parent,True,1,1270,44,1.1349623203277588,
1551642131104707070,p04_tech_pro,True,1,1271,44,1.1218299865722656,
1551642131104707070,p05_fashion,True,1,1267,44,1.0931169986724854,
1551642131104707070,p06_foodie,True,1,1278,44,1.0729398727416992,
1551642131104707070,p07_traveler,True,1,1268,44,1.0631568431854248,
1551642131104707070,p08_student,True,1,1272,44,1.0659868717193604,
1551642131104707070,p09_entrepreneur,True,1,1273,44,1.069700002670288,
1551642131104707070,p10_artist,True,1,1271,44,1.0615730285644531,
1551642131104707070,p11_senior,True,1,1272,44,1.063443899154663,
1551642131104707070,p12_activist,True,1,1276,44,1.0658061504364014,
1551823869223025914,p01_genz_meme,True,1,1339,44,3.6000280380249023,
1551823869223025914,p02_fitness,True,1,1330,44,1.0752761363983154,
1551823869223025914,p03_parent,True,1,1332,44,1.1025910377502441,
1551823869223025914,p04_tech_pro,True,1,1333,44,1.1086289882659912,
1551823869223025914,p05_fashion,True,1,1329,44,1.0959036350250244,
1551823869223025914,p06_foodie,True,1,1340,44,1.0954627990722656,
1551823869223025914,p07_traveler,True,1,1330,44,1.0915260314941406,
1551823869223025914,p08_student,True,1,1334,44,1.098982810974121,
1551823869223025914,p09_entrepreneur,True,1,1335,44,1.1129941940307617,
1551823869223025914,p10_artist,True,1,1333,44,1.1075670719146729,
1551823869223025914,p11_senior,True,1,1334,44,1.1006829738616943,
1551823869223025914,p12_activist,True,1,1338,44,1.098181962966919,
1552741109989884019,p01_genz_meme,True,1,1296,44,3.6377530097961426,
1552741109989884019,p02_fitness,True,1,1287,44,1.0537002086639404,
1552741109989884019,p03_parent,True,1,1289,44,1.095144271850586,
1552741109989884019,p04_tech_pro,True,1,1290,44,1.0729188919067383,
1552741109989884019,p05_fashion,True,1,1286,44,1.0635030269622803,
1552741109989884019,p06_foodie,True,1,1297,44,1.071579933166504,
1552741109989884019,p07_traveler,True,1,1287,44,1.0700459480285645,
1552741109989884019,p08_student,True,1,1291,44,1.0711150169372559,
1552741109989884019,p09_entrepreneur,True,1,1292,44,1.0722613334655762,
1552741109989884019,p10_artist,True,1,1290,44,1.0731172561645508,
1552741109989884019,p11_senior,True,1,1291,44,1.073451042175293,
1552741109989884019,p12_activist,True,1,1295,44,1.0712230205535889,
1553127294758571466,p01_genz_meme,True,1,1258,44,3.4950270652770996,
1553127294758571466,p02_fitness,True,1,1249,44,1.0447170734405518,
1553127294758571466,p03_parent,True,1,1251,44,1.0771050453186035,
1553127294758571466,p04_tech_pro,True,1,1252,44,1.0691158771514893,
1553127294758571466,p05_fashion,True,1,1248,44,1.0600521564483643,
1553127294758571466,p06_foodie,True,1,1259,44,1.0659892559051514,
1553127294758571466,p07_traveler,True,1,1249,44,1.0661580562591553,
1553127294758571466,p08_student,True,1,1253,44,1.0585291385650635,
1553127294758571466,p09_entrepreneur,True,1,1254,44,1.0711231231689453,
1553127294758571466,p10_artist,True,1,1252,44,1.0612308979034424,
1553127294758571466,p11_senior,True,1,1253,44,1.0653307437896729,
1553127294758571466,p12_activist,True,1,1257,44,1.0601727962493896,
1555131047989237622,p01_genz_meme,True,1,1258,44,3.5235116481781006,
1555131047989237622,p02_fitness,True,1,1249,44,1.0464441776275635,
1555131047989237622,p03_parent,True,1,1251,44,1.0849978923797607,
1555131047989237622,p04_tech_pro,True,1,1252,44,1.1008021831512451,
1555131047989237622,p05_fashion,True,1,1248,44,1.0638110637664795,
1555131047989237622,p06_foodie,True,1,1259,44,1.0813789367675781,
1555131047989237622,p07_traveler,True,1,1249,44,1.0885469913482666,
1555131047989237622,p08_student,True,1,1253,44,1.0774989128112793,
1555131047989237622,p09_entrepreneur,True,1,1254,44,1.1246559619903564,
1555131047989237622,p10_artist,True,1,1252,44,1.1350610256195068,
1555131047989237622,p11_senior,True,1,1253,44,1.073854923248291,
1555131047989237622,p12_activist,True,1,1257,44,1.0536491870880127,
1557663517390108671,p01_genz_meme,True,1,1355,44,3.756830930709839,
1557663517390108671,p02_fitness,True,1,1346,44,1.0767302513122559,
1557663517390108671,p03_parent,True,1,1348,44,1.1153409481048584,
1557663517390108671,p04_tech_pro,True,1,1349,44,1.1028990745544434,
1557663517390108671,p05_fashion,True,1,1345,44,1.0873231887817383,
1557663517390108671,p06_foodie,True,1,1356,44,1.101306676864624,
1557663517390108671,p07_traveler,True,1,1346,44,1.1091008186340332,
1557663517390108671,p08_student,True,1,1350,44,1.1386630535125732,
1557663517390108671,p09_entrepreneur,True,1,1351,44,1.09968900680542,
1557663517390108671,p10_artist,True,1,1349,44,1.0888919830322266,
1557663517390108671,p11_senior,True,1,1350,44,1.101813554763794,
1557663517390108671,p12_activist,True,1,1354,44,1.1045420169830322,
1559596843749346304,p01_genz_meme,True,1,1344,44,3.6168596744537354,
1559596843749346304,p02_fitness,True,1,1335,44,1.092695951461792,
1559596843749346304,p03_parent,True,1,1337,44,1.1164371967315674,
1559596843749346304,p04_tech_pro,True,1,1338,44,1.099836826324463,
1559596843749346304,p05_fashion,True,1,1334,44,1.0919969081878662,
1559596843749346304,p06_foodie,True,1,1345,44,1.1798720359802246,
1559596843749346304,p07_traveler,True,1,1335,44,1.096731185913086,
1559596843749346304,p08_student,True,1,1339,44,1.1037139892578125,
1559596843749346304,p09_entrepreneur,True,1,1340,44,1.102431058883667,
1559596843749346304,p10_artist,True,1,1338,44,1.1049978733062744,
1559596843749346304,p11_senior,True,1,1339,44,1.0964818000793457,
1559596843749346304,p12_activist,True,1,1343,44,1.1783709526062012,
1559944093558379266,p01_genz_meme,True,1,1285,44,3.6345717906951904,
1559944093558379266,p02_fitness,True,1,1276,44,1.051753044128418,
1559944093558379266,p03_parent,True,1,1278,44,1.0790228843688965,
1559944093558379266,p04_tech_pro,True,1,1279,44,1.0704388618469238,
1559944093558379266,p05_fashion,True,1,1275,44,1.0678257942199707,
1559944093558379266,p06_foodie,True,1,1286,44,1.0651800632476807,
1559944093558379266,p07_traveler,True,1,1276,44,1.0682241916656494,
1559944093558379266,p08_student,True,1,1280,44,1.0690717697143555,
1559944093558379266,p09_entrepreneur,True,1,1281,44,1.0661919116973877,
1559944093558379266,p10_artist,True,1,1279,44,1.064310073852539,
1559944093558379266,p11_senior,True,1,1280,44,1.0714471340179443,
1559944093558379266,p12_activist,True,1,1284,44,1.0732760429382324,
1560767973529266426,p01_genz_meme,True,1,1283,44,3.4884471893310547,
1560767973529266426,p02_fitness,True,1,1274,44,1.0731151103973389,
1560767973529266426,p03_parent,True,1,1276,44,1.090001106262207,
1560767973529266426,p04_tech_pro,True,1,1277,44,1.0766940116882324,
1560767973529266426,p05_fashion,True,1,1273,44,1.0629596710205078,
1560767973529266426,p06_foodie,True,1,1284,44,1.0696589946746826,
1560767973529266426,p07_traveler,True,1,1274,44,1.0759010314941406,
1560767973529266426,p08_student,True,1,1278,44,1.0661299228668213,
1560767973529266426,p09_entrepreneur,True,1,1279,44,1.0673859119415283,
1560767973529266426,p10_artist,True,1,1277,44,1.0645110607147217,
1560767973529266426,p11_senior,True,1,1278,44,1.0632240772247314,
1560767973529266426,p12_activist,True,1,1282,44,1.0655360221862793,
1562639774282646537,p01_genz_meme,True,1,1299,44,3.4707231521606445,
1562639774282646537,p02_fitness,True,1,1290,44,1.0578770637512207,
1562639774282646537,p03_parent,True,1,1292,44,1.084956169128418,
1562639774282646537,p04_tech_pro,True,1,1293,44,1.0823471546173096,
1562639774282646537,p05_fashion,True,1,1289,44,1.0665030479431152,
1562639774282646537,p06_foodie,True,1,1300,44,1.076493263244629,
1562639774282646537,p07_traveler,True,1,1290,44,1.0741829872131348,
1562639774282646537,p08_student,True,1,1294,44,1.0745129585266113,
1562639774282646537,p09_entrepreneur,True,1,1295,44,1.0815491676330566,
1562639774282646537,p10_artist,True,1,1293,44,1.0765490531921387,
1562639774282646537,p11_senior,True,1,1294,44,1.2122540473937988,
1562639774282646537,p12_activist,True,1,1298,44,1.0828630924224854,
1562863346751366935,p01_genz_meme,True,1,1258,44,3.474731922149658,
1562863346751366935,p02_fitness,True,1,1249,44,1.044121265411377,
1562863346751366935,p03_parent,True,1,1251,44,1.0657000541687012,
1562863346751366935,p04_tech_pro,True,1,1252,44,1.0636889934539795,
1562863346751366935,p05_fashion,True,1,1248,44,1.0530331134796143,
1562863346751366935,p06_foodie,True,1,1259,44,1.1161158084869385,
1562863346751366935,p07_traveler,True,1,1249,44,1.1424949169158936,
1562863346751366935,p08_student,True,1,1253,44,1.057203769683838,
1562863346751366935,p09_entrepreneur,True,1,1254,44,1.0515270233154297,
1562863346751366935,p10_artist,True,1,1252,44,1.0599339008331299,
1562863346751366935,p11_senior,True,1,1253,44,1.0715241432189941,
1562863346751366935,p12_activist,True,1,1257,44,1.0587608814239502,
1563893347108856403,p01_genz_meme,True,1,1286,44,3.6615490913391113,
1563893347108856403,p02_fitness,True,1,1277,44,1.052743911743164,
1563893347108856403,p03_parent,True,1,1279,44,1.0754806995391846,
1563893347108856403,p04_tech_pro,True,1,1280,44,1.1036028861999512,
1563893347108856403,p05_fashion,True,1,1276,44,1.054253101348877,
1563893347108856403,p06_foodie,True,1,1287,44,1.0630261898040771,
1563893347108856403,p07_traveler,True,1,1277,44,1.0616729259490967,
1563893347108856403,p08_student,True,1,1281,44,1.0616707801818848,
1563893347108856403,p09_entrepreneur,True,1,1282,44,1.0686180591583252,
1563893347108856403,p10_artist,True,1,1280,44,1.062675952911377,
1563893347108856403,p11_senior,True,1,1281,44,1.0698440074920654,
1563893347108856403,p12_activist,True,1,1285,44,1.071138858795166,
1564565589710620049,p01_genz_meme,True,1,1264,44,3.484421968460083,
1564565589710620049,p02_fitness,True,1,1255,44,1.0492937564849854,
1564565589710620049,p03_parent,True,1,1257,44,1.0842461585998535,
1564565589710620049,p04_tech_pro,True,1,1258,44,1.0659568309783936,
1564565589710620049,p05_fashion,True,1,1254,44,1.0581631660461426,
1564565589710620049,p06_foodie,True,1,1265,44,1.0662248134613037,
1564565589710620049,p07_traveler,True,1,1255,44,1.0604698657989502,
1564565589710620049,p08_student,True,1,1259,44,1.0748190879821777,
1564565589710620049,p09_entrepreneur,True,1,1260,44,1.0633692741394043,
1564565589710620049,p10_artist,True,1,1258,44,1.0647327899932861,
1564565589710620049,p11_senior,True,1,1259,44,1.0691440105438232,
1564565589710620049,p12_activist,True,1,1263,44,1.0681500434875488,
1564801914616923263,p01_genz_meme,True,1,1316,44,3.707768201828003,
1564801914616923263,p02_fitness,True,1,1307,44,1.0648579597473145,
1564801914616923263,p03_parent,True,1,1309,44,1.0888760089874268,
1564801914616923263,p04_tech_pro,True,1,1310,44,1.0820059776306152,
1564801914616923263,p05_fashion,True,1,1306,44,1.0702650547027588,
1564801914616923263,p06_foodie,True,1,1317,44,1.0759670734405518,
1564801914616923263,p07_traveler,True,1,1307,44,1.072105884552002,
1564801914616923263,p08_student,True,1,1311,44,1.082336664199829,
1564801914616923263,p09_entrepreneur,True,1,1312,44,1.0764739513397217,
1564801914616923263,p10_artist,True,1,1310,44,1.0849552154541016,
1564801914616923263,p11_senior,True,1,1311,44,1.0807769298553467,
1564801914616923263,p12_activist,True,1,1315,44,1.0771889686584473,
1567337340447623895,p01_genz_meme,True,1,1299,44,3.4904918670654297,
1567337340447623895,p02_fitness,True,1,1290,44,1.0585498809814453,
1567337340447623895,p03_parent,True,1,1292,44,1.0842907428741455,
1567337340447623895,p04_tech_pro,True,1,1293,44,1.0851459503173828,
1567337340447623895,p05_fashion,True,1,1289,44,1.0709009170532227,
1567337340447623895,p06_foodie,True,1,1300,44,1.0781769752502441,
1567337340447623895,p07_traveler,True,1,1290,44,1.0724601745605469,
1567337340447623895,p08_student,True,1,1294,44,1.0780789852142334,
1567337340447623895,p09_entrepreneur,True,1,1295,44,1.0764949321746826,
1567337340447623895,p10_artist,True,1,1293,44,1.1182489395141602,
1567337340447623895,p11_senior,True,1,1294,44,1.19828200340271,
1567337340447623895,p12_activist,True,1,1298,44,1.1656708717346191,
1569838043388230205,p01_genz_meme,True,1,1367,44,3.613617181777954,
1569838043388230205,p02_fitness,True,1,1358,44,1.1659822463989258,
1569838043388230205,p03_parent,True,1,1360,44,1.195816993713379,
1569838043388230205,p04_tech_pro,True,1,1361,44,1.1865379810333252,
1569838043388230205,p05_fashion,True,1,1357,44,1.1779887676239014,
1569838043388230205,p06_foodie,True,1,1368,44,1.2364981174468994,
1569838043388230205,p07_traveler,True,1,1358,44,1.189201831817627,
1569838043388230205,p08_student,True,1,1362,44,1.1989891529083252,
1569838043388230205,p09_entrepreneur,True,1,1363,44,1.1845359802246094,
1569838043388230205,p10_artist,True,1,1361,44,1.1832969188690186,
1569838043388230205,p11_senior,True,1,1362,44,1.1973519325256348,
1569838043388230205,p12_activist,True,1,1366,44,1.1951501369476318,
1573284692022459461,p01_genz_meme,True,1,1274,44,3.4735517501831055,
1573284692022459461,p02_fitness,True,1,1265,44,1.0522620677947998,
1573284692022459461,p03_parent,True,1,1267,44,1.0857200622558594,
1573284692022459461,p04_tech_pro,True,1,1268,44,1.073875904083252,
1573284692022459461,p05_fashion,True,1,1264,44,1.0641989707946777,
1573284692022459461,p06_foodie,True,1,1275,44,1.0643811225891113,
1573284692022459461,p07_traveler,True,1,1265,44,1.0663502216339111,
1573284692022459461,p08_student,True,1,1269,44,1.0784382820129395,
1573284692022459461,p09_entrepreneur,True,1,1270,44,1.0675137042999268,
1573284692022459461,p10_artist,True,1,1268,44,1.0694880485534668,
1573284692022459461,p11_senior,True,1,1269,44,1.0765490531921387,
1573284692022459461,p12_activist,True,1,1273,44,1.0716049671173096,
1573601459466317799,p01_genz_meme,True,1,1283,44,3.5217700004577637,
1573601459466317799,p02_fitness,True,1,1274,44,1.0421600341796875,
1573601459466317799,p03_parent,True,1,1276,44,1.0810329914093018,
1573601459466317799,p04_tech_pro,True,1,1277,44,1.0756993293762207,
1573601459466317799,p05_fashion,True,1,1273,44,1.0701370239257812,
1573601459466317799,p06_foodie,True,1,1284,44,1.0627610683441162,
1573601459466317799,p07_traveler,True,1,1274,44,1.0721909999847412,
1573601459466317799,p08_student,True,1,1278,44,1.0746212005615234,
1573601459466317799,p09_entrepreneur,True,1,1279,44,1.0791308879852295,
1573601459466317799,p10_artist,True,1,1277,44,1.064615249633789,
1573601459466317799,p11_senior,True,1,1278,44,1.0709240436553955,
1573601459466317799,p12_activist,True,1,1282,44,1.0674769878387451,
1575060384149615897,p01_genz_meme,True,1,1333,44,3.754034996032715,
1575060384149615897,p02_fitness,True,1,1324,44,1.0690312385559082,
1575060384149615897,p03_parent,True,1,1326,44,1.0931332111358643,
1575060384149615897,p04_tech_pro,True,1,1327,44,1.077773094177246,
1575060384149615897,p05_fashion,True,1,1323,44,1.063716173171997,
1575060384149615897,p06_foodie,True,1,1334,44,1.0751628875732422,
1575060384149615897,p07_traveler,True,1,1324,44,1.0767219066619873,
1575060384149615897,p08_student,True,1,1328,44,1.07749605178833,
1575060384149615897,p09_entrepreneur,True,1,1329,44,1.075895071029663,
1575060384149615897,p10_artist,True,1,1327,44,1.0690960884094238,
1575060384149615897,p11_senior,True,1,1328,44,1.089885950088501,
1575060384149615897,p12_activist,True,1,1332,44,1.0780401229858398,
1576386711121269680,p01_genz_meme,True,1,1471,44,3.8535401821136475,
1576386711121269680,p02_fitness,True,1,1462,44,1.2058358192443848,
1576386711121269680,p03_parent,True,1,1464,44,1.2255160808563232,
1576386711121269680,p04_tech_pro,True,1,1465,44,1.2226130962371826,
1576386711121269680,p05_fashion,True,1,1461,44,1.2132248878479004,
1576386711121269680,p06_foodie,True,1,1472,44,1.2215898036956787,
1576386711121269680,p07_traveler,True,1,1462,44,1.2084932327270508,
1576386711121269680,p08_student,True,1,1466,44,1.2151751518249512,
1576386711121269680,p09_entrepreneur,True,1,1467,44,1.2146999835968018,
1576386711121269680,p10_artist,True,1,1465,44,1.2230026721954346,
1576386711121269680,p11_senior,True,1,1466,44,1.219377040863037,
1576386711121269680,p12_activist,True,1,1470,44,1.2312681674957275,
1576930581755894584,p01_genz_meme,True,1,1344,44,3.7090818881988525,
1576930581755894584,p02_fitness,True,1,1335,44,1.069093942642212,
1576930581755894584,p03_parent,True,1,1337,44,1.0988280773162842,
1576930581755894584,p04_tech_pro,True,1,1338,44,1.0921380519866943,
1576930581755894584,p05_fashion,True,1,1334,44,1.080463171005249,
1576930581755894584,p06_foodie,True,1,1345,44,1.0947980880737305,
1576930581755894584,p07_traveler,True,1,1335,44,1.084251880645752,
1576930581755894584,p08_student,True,1,1339,44,1.1216719150543213,
1576930581755894584,p09_entrepreneur,True,1,1340,44,1.2365608215332031,
1576930581755894584,p10_artist,True,1,1338,44,1.0996417999267578,
1576930581755894584,p11_senior,True,1,1339,44,1.0789477825164795,
1576930581755894584,p12_activist,True,1,1343,44,1.0940608978271484,
1577018927999989673,p01_genz_meme,True,1,1288,44,3.520209789276123,
1577018927999989673,p02_fitness,True,1,1279,44,1.06374192237854,
1577018927999989673,p03_parent,True,1,1281,44,1.0882189273834229,
1577018927999989673,p04_tech_pro,True,1,1282,44,1.0859129428863525,
1577018927999989673,p05_fashion,True,1,1278,44,1.0694150924682617,
1577018927999989673,p06_foodie,True,1,1289,44,1.0754749774932861,
1577018927999989673,p07_traveler,True,1,1279,44,1.0694468021392822,
1577018927999989673,p08_student,True,1,1283,44,1.0737731456756592,
1577018927999989673,p09_entrepreneur,True,1,1284,44,1.0758087635040283,
1577018927999989673,p10_artist,True,1,1282,44,1.075179100036621,
1577018927999989673,p11_senior,True,1,1283,44,1.0743730068206787,
1577018927999989673,p12_activist,True,1,1287,44,1.0804190635681152,
1578641868241299432,p01_genz_meme,True,1,1306,44,3.681769847869873,
1578641868241299432,p02_fitness,True,1,1297,44,1.0577709674835205,
1578641868241299432,p03_parent,True,1,1299,44,1.0848712921142578,
1578641868241299432,p04_tech_pro,True,1,1300,44,1.0767180919647217,
1578641868241299432,p05_fashion,True,1,1296,44,1.0709969997406006,
1578641868241299432,p06_foodie,True,1,1307,44,1.0755088329315186,
1578641868241299432,p07_traveler,True,1,1297,44,1.0714190006256104,
1578641868241299432,p08_student,True,1,1301,44,1.0850040912628174,
1578641868241299432,p09_entrepreneur,True,1,1302,44,1.1006650924682617,
1578641868241299432,p10_artist,True,1,1300,44,1.0736658573150635,
1578641868241299432,p11_senior,True,1,1301,44,1.0745489597320557,
1578641868241299432,p12_activist,True,1,1305,44,1.0806469917297363,
1580642238059638227,p01_genz_meme,True,1,1381,44,3.779888153076172,
1580642238059638227,p02_fitness,True,1,1372,44,1.1726329326629639,
1580642238059638227,p03_parent,True,1,1374,44,1.2211549282073975,
1580642238059638227,p04_tech_pro,True,1,1375,44,1.2032172679901123,
1580642238059638227,p05_fashion,True,1,1371,44,1.1654081344604492,
1580642238059638227,p06_foodie,True,1,1382,44,1.1770789623260498,
1580642238059638227,p07_traveler,True,1,1372,44,1.1885099411010742,
1580642238059638227,p08_student,True,1,1376,44,1.1898760795593262,
1580642238059638227,p09_entrepreneur,True,1,1377,44,1.174576997756958,
1580642238059638227,p10_artist,True,1,1375,44,1.174396276473999,
1580642238059638227,p11_senior,True,1,1376,44,1.1800549030303955,
1580642238059638227,p12_activist,True,1,1380,44,1.1741728782653809,
1581437725780533121,p01_genz_meme,True,1,1301,44,3.6722240447998047,
1581437725780533121,p02_fitness,True,1,1292,44,1.0614039897918701,
1581437725780533121,p03_parent,True,1,1294,44,1.0775620937347412,
1581437725780533121,p04_tech_pro,True,1,1295,44,1.0761048793792725,
1581437725780533121,p05_fashion,True,1,1291,44,1.0679361820220947,
1581437725780533121,p06_foodie,True,1,1302,44,1.070969820022583,
1581437725780533121,p07_traveler,True,1,1292,44,1.0724260807037354,
1581437725780533121,p08_student,True,1,1296,44,1.0817208290100098,
1581437725780533121,p09_entrepreneur,True,1,1297,44,1.069087028503418,
1581437725780533121,p10_artist,True,1,1295,44,1.0674030780792236,
1581437725780533121,p11_senior,True,1,1296,44,1.0699939727783203,
1581437725780533121,p12_activist,True,1,1300,44,1.0782699584960938,
1581567810424626679,p01_genz_meme,True,1,1331,44,3.8022680282592773,
1581567810424626679,p02_fitness,True,1,1322,44,1.0561439990997314,
1581567810424626679,p03_parent,True,1,1324,44,1.081178903579712,
1581567810424626679,p04_tech_pro,True,1,1325,44,1.0750699043273926,
1581567810424626679,p05_fashion,True,1,1321,44,1.068830966949463,
1581567810424626679,p06_foodie,True,1,1332,44,1.0730137825012207,
1581567810424626679,p07_traveler,True,1,1322,44,1.0743191242218018,
1581567810424626679,p08_student,True,1,1326,44,1.0770628452301025,
1581567810424626679,p09_entrepreneur,True,1,1327,44,1.0872480869293213,
1581567810424626679,p10_artist,True,1,1325,44,1.1524159908294678,
1581567810424626679,p11_senior,True,1,1326,44,1.0768818855285645,
1581567810424626679,p12_activist,True,1,1330,44,1.0644378662109375,
1582460344181648367,p01_genz_meme,True,1,1272,44,3.478478193283081,
1582460344181648367,p02_fitness,True,1,1263,44,1.0504987239837646,
1582460344181648367,p03_parent,True,1,1265,44,1.0800058841705322,
1582460344181648367,p04_tech_pro,True,1,1266,44,1.0694010257720947,
1582460344181648367,p05_fashion,True,1,1262,44,1.0694172382354736,
1582460344181648367,p06_foodie,True,1,1273,44,1.0795018672943115,
1582460344181648367,p07_traveler,True,1,1263,44,1.0807900428771973,
1582460344181648367,p08_student,True,1,1267,44,1.073052167892456,
1582460344181648367,p09_entrepreneur,True,1,1268,44,1.0642900466918945,
1582460344181648367,p10_artist,True,1,1266,44,1.072192907333374,
1582460344181648367,p11_senior,True,1,1267,44,1.101632833480835,
1582460344181648367,p12_activist,True,1,1271,44,1.0610790252685547,
1582624806641563902,p01_genz_meme,True,1,1296,44,3.729783773422241,
1582624806641563902,p02_fitness,True,1,1287,44,1.0597000122070312,
1582624806641563902,p03_parent,True,1,1289,44,1.0848188400268555,
1582624806641563902,p04_tech_pro,True,1,1290,44,1.0950758457183838,
1582624806641563902,p05_fashion,True,1,1286,44,1.0623350143432617,
1582624806641563902,p06_foodie,True,1,1297,44,1.0701868534088135,
1582624806641563902,p07_traveler,True,1,1287,44,1.0662977695465088,
1582624806641563902,p08_student,True,1,1291,44,1.0690760612487793,
1582624806641563902,p09_entrepreneur,True,1,1292,44,1.0734939575195312,
1582624806641563902,p10_artist,True,1,1290,44,1.0751302242279053,
1582624806641563902,p11_senior,True,1,1291,44,1.079880952835083,
1582624806641563902,p12_activist,True,1,1295,44,1.080071210861206,
1583411346517783002,p01_genz_meme,True,1,1344,44,3.748110055923462,
1583411346517783002,p02_fitness,True,1,1335,44,1.0786769390106201,
1583411346517783002,p03_parent,True,1,1337,44,1.1033298969268799,
1583411346517783002,p04_tech_pro,True,1,1338,44,1.0957391262054443,
1583411346517783002,p05_fashion,True,1,1334,44,1.0816371440887451,
1583411346517783002,p06_foodie,True,1,1345,44,1.091374158859253,
1583411346517783002,p07_traveler,True,1,1335,44,1.098020076751709,
1583411346517783002,p08_student,True,1,1339,44,1.0928339958190918,
1583411346517783002,p09_entrepreneur,True,1,1340,44,1.0910978317260742,
1583411346517783002,p10_artist,True,1,1338,44,1.0996463298797607,
1583411346517783002,p11_senior,True,1,1339,44,1.0899310111999512,
1583411346517783002,p12_activist,True,1,1343,44,1.0875699520111084,
1584376543420325380,p01_genz_meme,True,1,1282,44,3.6867740154266357,
1584376543420325380,p02_fitness,True,1,1273,44,1.048996925354004,
1584376543420325380,p03_parent,True,1,1275,44,1.0787708759307861,
1584376543420325380,p04_tech_pro,True,1,1276,44,1.070411205291748,
1584376543420325380,p05_fashion,True,1,1272,44,1.0621399879455566,
1584376543420325380,p06_foodie,True,1,1283,44,1.0647790431976318,
1584376543420325380,p07_traveler,True,1,1273,44,1.0722570419311523,
1584376543420325380,p08_student,True,1,1277,44,1.0786848068237305,
1584376543420325380,p09_entrepreneur,True,1,1278,44,1.0749998092651367,
1584376543420325380,p10_artist,True,1,1276,44,1.0660030841827393,
1584376543420325380,p11_senior,True,1,1277,44,1.0618340969085693,
1584376543420325380,p12_activist,True,1,1281,44,1.0734529495239258,
1584713405984620064,p01_genz_meme,True,1,1447,44,3.8620879650115967,
1584713405984620064,p02_fitness,True,1,1438,44,1.18125319480896,
1584713405984620064,p03_parent,True,1,1440,44,1.2299189567565918,
1584713405984620064,p04_tech_pro,True,1,1441,44,1.2035043239593506,
1584713405984620064,p05_fashion,True,1,1437,44,1.1871979236602783,
1584713405984620064,p06_foodie,True,1,1448,44,1.1987698078155518,
1584713405984620064,p07_traveler,True,1,1438,44,1.2261478900909424,
1584713405984620064,p08_student,True,1,1442,44,1.207566738128662,
1584713405984620064,p09_entrepreneur,True,1,1443,44,1.1932337284088135,
1584713405984620064,p10_artist,True,1,1441,44,1.1901838779449463,
1584713405984620064,p11_senior,True,1,1442,44,1.1929538249969482,
1584713405984620064,p12_activist,True,1,1446,44,1.2659492492675781,
1585794936530642776,p01_genz_meme,True,1,1479,44,3.7219691276550293,
1585794936530642776,p02_fitness,True,1,1470,44,1.30357027053833,
1585794936530642776,p03_parent,True,1,1472,44,1.3168866634368896,
1585794936530642776,p04_tech_pro,True,1,1473,44,1.3068058490753174,
1585794936530642776,p05_fashion,True,1,1469,44,1.313288927078247,
1585794936530642776,p06_foodie,True,1,1480,44,1.3423829078674316,
1585794936530642776,p07_traveler,True,1,1470,44,1.3072378635406494,
1585794936530642776,p08_student,True,1,1474,44,1.3074109554290771,
1585794936530642776,p09_entrepreneur,True,1,1475,44,1.313420057296753,
1585794936530642776,p10_artist,True,1,1473,44,1.3071880340576172,
1585794936530642776,p11_senior,True,1,1474,44,1.3083791732788086,
1585794936530642776,p12_activist,True,1,1478,44,1.3110249042510986,
1586287159034549893,p01_genz_meme,True,1,1298,44,3.7157669067382812,
1586287159034549893,p02_fitness,True,1,1289,44,1.0523462295532227,
1586287159034549893,p03_parent,True,1,1291,44,1.093693733215332,
1586287159034549893,p04_tech_pro,True,1,1292,44,1.078979730606079,
1586287159034549893,p05_fashion,True,1,1288,44,1.061331033706665,
1586287159034549893,p06_foodie,True,1,1299,44,1.072746992111206,
1586287159034549893,p07_traveler,True,1,1289,44,1.0807430744171143,
1586287159034549893,p08_student,True,1,1293,44,1.104957103729248,
1586287159034549893,p09_entrepreneur,True,1,1294,44,1.2019588947296143,
1586287159034549893,p10_artist,True,1,1292,44,1.0766232013702393,
1586287159034549893,p11_senior,True,1,1293,44,1.0542471408843994,
1586287159034549893,p12_activist,True,1,1297,44,1.0710420608520508,
1590121794899527393,p01_genz_meme,True,1,1435,44,3.7855470180511475,
1590121794899527393,p02_fitness,True,1,1426,44,1.1915969848632812,
1590121794899527393,p03_parent,True,1,1428,44,1.2091500759124756,
1590121794899527393,p04_tech_pro,True,1,1429,44,1.2103300094604492,
1590121794899527393,p05_fashion,True,1,1425,44,1.2000410556793213,
1590121794899527393,p06_foodie,True,1,1436,44,1.20426607131958,
1590121794899527393,p07_traveler,True,1,1426,44,1.196552038192749,
1590121794899527393,p08_student,True,1,1430,44,1.195723056793213,
1590121794899527393,p09_entrepreneur,True,1,1431,44,1.1989879608154297,
1590121794899527393,p10_artist,True,1,1429,44,1.2010467052459717,
1590121794899527393,p11_senior,True,1,1430,44,1.2064950466156006,
1590121794899527393,p12_activist,True,1,1434,44,1.197746992111206,
1590744030525719039,p01_genz_meme,True,1,1314,44,3.725227117538452,
1590744030525719039,p02_fitness,True,1,1305,44,1.0504629611968994,
1590744030525719039,p03_parent,True,1,1307,44,1.0760819911956787,
1590744030525719039,p04_tech_pro,True,1,1308,44,1.0633580684661865,
1590744030525719039,p05_fashion,True,1,1304,44,1.052380084991455,
1590744030525719039,p06_foodie,True,1,1315,44,1.1284220218658447,
1590744030525719039,p07_traveler,True,1,1305,44,1.1218678951263428,
1590744030525719039,p08_student,True,1,1309,44,1.0817677974700928,
1590744030525719039,p09_entrepreneur,True,1,1310,44,1.0592050552368164,
1590744030525719039,p10_artist,True,1,1308,44,1.0609130859375,
1590744030525719039,p11_senior,True,1,1309,44,1.058699131011963,
1590744030525719039,p12_activist,True,1,1313,44,1.0637381076812744,
1591023053907598484,p01_genz_meme,True,1,1288,44,3.70815110206604,
1591023053907598484,p02_fitness,True,1,1279,44,1.0536658763885498,
1591023053907598484,p03_parent,True,1,1281,44,1.0756289958953857,
1591023053907598484,p04_tech_pro,True,1,1282,44,1.0702838897705078,
1591023053907598484,p05_fashion,True,1,1278,44,1.06535005569458,
1591023053907598484,p06_foodie,True,1,1289,44,1.06687593460083,
1591023053907598484,p07_traveler,True,1,1279,44,1.0843892097473145,
1591023053907598484,p08_student,True,1,1283,44,1.0832240581512451,
1591023053907598484,p09_entrepreneur,True,1,1284,44,1.0599780082702637,
1591023053907598484,p10_artist,True,1,1282,44,1.0629429817199707,
1591023053907598484,p11_senior,True,1,1283,44,1.0771260261535645,
1591023053907598484,p12_activist,True,1,1287,44,1.0623438358306885,
1591326911661149051,p01_genz_meme,True,1,1314,44,3.6426939964294434,
1591326911661149051,p02_fitness,True,1,1305,44,1.0482397079467773,
1591326911661149051,p03_parent,True,1,1307,44,1.086444616317749,
1591326911661149051,p04_tech_pro,True,1,1308,44,1.1427788734436035,
1591326911661149051,p05_fashion,True,1,1304,44,1.1560490131378174,
1591326911661149051,p06_foodie,True,1,1315,44,1.086704969406128,
1591326911661149051,p07_traveler,True,1,1305,44,1.0567851066589355,
1591326911661149051,p08_student,True,1,1309,44,1.0624849796295166,
1591326911661149051,p09_entrepreneur,True,1,1310,44,1.148813009262085,
1591326911661149051,p10_artist,True,1,1308,44,1.0747170448303223,
1591326911661149051,p11_senior,True,1,1309,44,1.0620660781860352,
1591326911661149051,p12_activist,True,1,1313,44,1.0666050910949707,
1591565524760695586,p01_genz_meme,True,1,1361,44,3.6090450286865234,
1591565524760695586,p02_fitness,True,1,1352,44,1.1593339443206787,
1591565524760695586,p03_parent,True,1,1354,44,1.1834571361541748,
1591565524760695586,p04_tech_pro,True,1,1355,44,1.1843419075012207,
1591565524760695586,p05_fashion,True,1,1351,44,1.1697981357574463,
1591565524760695586,p06_foodie,True,1,1362,44,1.177168846130371,
1591565524760695586,p07_traveler,True,1,1352,44,1.1853649616241455,
1591565524760695586,p08_student,True,1,1356,44,1.227644920349121,
1591565524760695586,p09_entrepreneur,True,1,1357,44,1.2004759311676025,
1591565524760695586,p10_artist,True,1,1355,44,1.1633689403533936,
1591565524760695586,p11_senior,True,1,1356,44,1.169572114944458,
1591565524760695586,p12_activist,True,1,1360,44,1.179396152496338,
1592105482687062915,p01_genz_meme,True,1,1330,44,3.4926860332489014,
1592105482687062915,p02_fitness,True,1,1321,44,1.071488857269287,
1592105482687062915,p03_parent,True,1,1323,44,1.1017372608184814,
1592105482687062915,p04_tech_pro,True,1,1324,44,1.0918939113616943,
1592105482687062915,p05_fashion,True,1,1320,44,1.0766441822052002,
1592105482687062915,p06_foodie,True,1,1331,44,1.0846600532531738,
1592105482687062915,p07_traveler,True,1,1321,44,1.0904200077056885,
1592105482687062915,p08_student,True,1,1325,44,1.0922749042510986,
1592105482687062915,p09_entrepreneur,True,1,1326,44,1.098189115524292,
1592105482687062915,p10_artist,True,1,1324,44,1.0998570919036865,
1592105482687062915,p11_senior,True,1,1325,44,1.0924391746520996,
1592105482687062915,p12_activist,True,1,1329,44,1.098799228668213,
1592162589285054232,p01_genz_meme,True,1,1303,44,3.659072160720825,
1592162589285054232,p02_fitness,True,1,1294,44,1.0515038967132568,
1592162589285054232,p03_parent,True,1,1296,44,1.086759090423584,
1592162589285054232,p04_tech_pro,True,1,1297,44,1.0719680786132812,
1592162589285054232,p05_fashion,True,1,1293,44,1.058380126953125,
1592162589285054232,p06_foodie,True,1,1304,44,1.0734360218048096,
1592162589285054232,p07_traveler,True,1,1294,44,1.0761311054229736,
1592162589285054232,p08_student,True,1,1298,44,1.086920976638794,
1592162589285054232,p09_entrepreneur,True,1,1299,44,1.0715150833129883,
1592162589285054232,p10_artist,True,1,1297,44,1.0667250156402588,
1592162589285054232,p11_senior,True,1,1298,44,1.074178695678711,
1592162589285054232,p12_activist,True,1,1302,44,1.079643964767456,
1593516561947543304,p01_genz_meme,True,1,1291,44,3.6673500537872314,
1593516561947543304,p02_fitness,True,1,1282,44,1.0626318454742432,
1593516561947543304,p03_parent,True,1,1284,44,1.203010082244873,
1593516561947543304,p04_tech_pro,True,1,1285,44,1.0805439949035645,
1593516561947543304,p05_fashion,True,1,1281,44,1.0495941638946533,
1593516561947543304,p06_foodie,True,1,1292,44,1.0656447410583496,
1593516561947543304,p07_traveler,True,1,1282,44,1.0657269954681396,
1593516561947543304,p08_student,True,1,1286,44,1.0666379928588867,
1593516561947543304,p09_entrepreneur,True,1,1287,44,1.0626609325408936,
1593516561947543304,p10_artist,True,1,1285,44,1.0598251819610596,
1593516561947543304,p11_senior,True,1,1286,44,1.0702378749847412,
1593516561947543304,p12_activist,True,1,1290,44,1.1253271102905273,
1593827673103159386,p01_genz_meme,True,1,1433,44,3.8789539337158203,
1593827673103159386,p02_fitness,True,1,1424,44,1.1844091415405273,
1593827673103159386,p03_parent,True,1,1426,44,1.2082760334014893,
1593827673103159386,p04_tech_pro,True,1,1427,44,1.203096866607666,
1593827673103159386,p05_fashion,True,1,1423,44,1.2092480659484863,
1593827673103159386,p06_foodie,True,1,1434,44,1.198383092880249,
1593827673103159386,p07_traveler,True,1,1424,44,1.1904230117797852,
1593827673103159386,p08_student,True,1,1428,44,1.1969223022460938,
1593827673103159386,p09_entrepreneur,True,1,1429,44,1.2004530429840088,
1593827673103159386,p10_artist,True,1,1427,44,1.2009358406066895,
1593827673103159386,p11_senior,True,1,1428,44,1.1954450607299805,
1593827673103159386,p12_activist,True,1,1432,44,1.196366786956787,
1594229267679900066,p01_genz_meme,True,1,1294,44,3.6871118545532227,
1594229267679900066,p02_fitness,True,1,1285,44,1.0460412502288818,
1594229267679900066,p03_parent,True,1,1287,44,1.0799028873443604,
1594229267679900066,p04_tech_pro,True,1,1288,44,1.0739820003509521,
1594229267679900066,p05_fashion,True,1,1284,44,1.063866138458252,
1594229267679900066,p06_foodie,True,1,1295,44,1.0635950565338135,
1594229267679900066,p07_traveler,True,1,1285,44,1.0668208599090576,
1594229267679900066,p08_student,True,1,1289,44,1.0789501667022705,
1594229267679900066,p09_entrepreneur,True,1,1290,44,1.0875279903411865,
1594229267679900066,p10_artist,True,1,1288,44,1.0705487728118896,
1594229267679900066,p11_senior,True,1,1289,44,1.0602219104766846,
1594229267679900066,p12_activist,True,1,1293,44,1.0658307075500488,
1594520350338001549,p01_genz_meme,True,1,1308,44,3.503361940383911,
1594520350338001549,p02_fitness,True,1,1299,44,1.0626440048217773,
1594520350338001549,p03_parent,True,1,1301,44,1.0908291339874268,
1594520350338001549,p04_tech_pro,True,1,1302,44,1.0962786674499512,
1594520350338001549,p05_fashion,True,1,1298,44,1.083509922027588,
1594520350338001549,p06_foodie,True,1,1309,44,1.0815420150756836,
1594520350338001549,p07_traveler,True,1,1299,44,1.0748450756072998,
1594520350338001549,p08_student,True,1,1303,44,1.0849578380584717,
1594520350338001549,p09_entrepreneur,True,1,1304,44,1.0889201164245605,
1594520350338001549,p10_artist,True,1,1302,44,1.1297500133514404,
1594520350338001549,p11_senior,True,1,1303,44,1.0857160091400146,
1594520350338001549,p12_activist,True,1,1307,44,1.0776689052581787,
1594660364511237723,p01_genz_meme,True,1,1351,44,3.59496808052063,
1594660364511237723,p02_fitness,True,1,1342,44,1.1554429531097412,
1594660364511237723,p03_parent,True,1,1344,44,1.187302827835083,
1594660364511237723,p04_tech_pro,True,1,1345,44,1.175563097000122,
1594660364511237723,p05_fashion,True,1,1341,44,1.1720390319824219,
1594660364511237723,p06_foodie,True,1,1352,44,1.2122297286987305,
1594660364511237723,p07_traveler,True,1,1342,44,1.1859960556030273,
1594660364511237723,p08_student,True,1,1346,44,1.1712040901184082,
1594660364511237723,p09_entrepreneur,True,1,1347,44,1.16890287399292,
1594660364511237723,p10_artist,True,1,1345,44,1.1699950695037842,
1594660364511237723,p11_senior,True,1,1346,44,1.1703441143035889,
1594660364511237723,p12_activist,True,1,1350,44,1.1766769886016846,
1594889184505348248,p01_genz_meme,True,1,1288,44,3.693276882171631,
1594889184505348248,p02_fitness,True,1,1279,44,1.070380687713623,
1594889184505348248,p03_parent,True,1,1281,44,1.0898842811584473,
1594889184505348248,p04_tech_pro,True,1,1282,44,1.0668509006500244,
1594889184505348248,p05_fashion,True,1,1278,44,1.0587129592895508,
1594889184505348248,p06_foodie,True,1,1289,44,1.0682110786437988,
1594889184505348248,p07_traveler,True,1,1279,44,1.072355031967163,
1594889184505348248,p08_student,True,1,1283,44,1.0649569034576416,
1594889184505348248,p09_entrepreneur,True,1,1284,44,1.0652961730957031,
1594889184505348248,p10_artist,True,1,1282,44,1.0661592483520508,
1594889184505348248,p11_senior,True,1,1283,44,1.0687379837036133,
1594889184505348248,p12_activist,True,1,1287,44,1.0675036907196045,
1597786913820006442,p01_genz_meme,True,1,1296,44,3.6627373695373535,
1597786913820006442,p02_fitness,True,1,1287,44,1.0495860576629639,
1597786913820006442,p03_parent,True,1,1289,44,1.0753381252288818,
1597786913820006442,p04_tech_pro,True,1,1290,44,1.0697360038757324,
1597786913820006442,p05_fashion,True,1,1286,44,1.0606601238250732,
1597786913820006442,p06_foodie,True,1,1297,44,1.068598985671997,
1597786913820006442,p07_traveler,True,1,1287,44,1.0696539878845215,
1597786913820006442,p08_student,True,1,1291,44,1.061840295791626,
1597786913820006442,p09_entrepreneur,True,1,1292,44,1.0591442584991455,
1597786913820006442,p10_artist,True,1,1290,44,1.0677528381347656,
1597786913820006442,p11_senior,True,1,1291,44,1.073423147201538,
1597786913820006442,p12_activist,True,1,1295,44,1.0670809745788574,
1598898193986205997,p01_genz_meme,True,1,1281,44,3.474349021911621,
1598898193986205997,p02_fitness,True,1,1272,44,1.0647318363189697,
1598898193986205997,p03_parent,True,1,1274,44,1.0774860382080078,
1598898193986205997,p04_tech_pro,True,1,1275,44,1.0723247528076172,
1598898193986205997,p05_fashion,True,1,1271,44,1.0707182884216309,
1598898193986205997,p06_foodie,True,1,1282,44,1.0855300426483154,
1598898193986205997,p07_traveler,True,1,1272,44,1.0687758922576904,
1598898193986205997,p08_student,True,1,1276,44,1.0634269714355469,
1598898193986205997,p09_entrepreneur,True,1,1277,44,1.0664310455322266,
1598898193986205997,p10_artist,True,1,1275,44,1.0825178623199463,
1598898193986205997,p11_senior,True,1,1276,44,1.0882139205932617,
1598898193986205997,p12_activist,True,1,1280,44,1.076390027999878,
1601672640920284530,p01_genz_meme,True,1,1287,44,3.7399280071258545,
1601672640920284530,p02_fitness,True,1,1278,44,1.0504860877990723,
1601672640920284530,p03_parent,True,1,1280,44,1.0744690895080566,
1601672640920284530,p04_tech_pro,True,1,1281,44,1.0601742267608643,
1601672640920284530,p05_fashion,True,1,1277,44,1.064155101776123,
1601672640920284530,p06_foodie,True,1,1288,44,1.0676579475402832,
1601672640920284530,p07_traveler,True,1,1278,44,1.0606911182403564,
1601672640920284530,p08_student,True,1,1282,44,1.0676929950714111,
1601672640920284530,p09_entrepreneur,True,1,1283,44,1.0811669826507568,
1601672640920284530,p10_artist,True,1,1281,44,1.0722908973693848,
1601672640920284530,p11_senior,True,1,1282,44,1.073368787765503,
1601672640920284530,p12_activist,True,1,1286,44,1.063493013381958,
1603748353836308413,p01_genz_meme,True,1,1352,44,3.7798027992248535,
1603748353836308413,p02_fitness,True,1,1343,44,1.084723949432373,
1603748353836308413,p03_parent,True,1,1345,44,1.080686092376709,
1603748353836308413,p04_tech_pro,True,1,1346,44,1.0806748867034912,
1603748353836308413,p05_fashion,True,1,1342,44,1.0731148719787598,
1603748353836308413,p06_foodie,True,1,1353,44,1.0760858058929443,
1603748353836308413,p07_traveler,True,1,1343,44,1.075294017791748,
1603748353836308413,p08_student,True,1,1347,44,1.0789721012115479,
1603748353836308413,p09_entrepreneur,True,1,1348,44,1.0788459777832031,
1603748353836308413,p10_artist,True,1,1346,44,1.0815680027008057,
1603748353836308413,p11_senior,True,1,1347,44,1.07875394821167,
1603748353836308413,p12_activist,True,1,1351,44,1.077613115310669,
1606766654392401367,p01_genz_meme,True,1,1389,44,3.6077380180358887,
1606766654392401367,p02_fitness,True,1,1380,44,1.1681747436523438,
1606766654392401367,p03_parent,True,1,1382,44,1.196192979812622,
1606766654392401367,p04_tech_pro,True,1,1383,44,1.2056989669799805,
1606766654392401367,p05_fashion,True,1,1379,44,1.1935811042785645,
1606766654392401367,p06_foodie,True,1,1390,44,1.1789238452911377,
1606766654392401367,p07_traveler,True,1,1380,44,1.1815996170043945,
1606766654392401367,p08_student,True,1,1384,44,1.1866159439086914,
1606766654392401367,p09_entrepreneur,True,1,1385,44,1.192143201828003,
1606766654392401367,p10_artist,True,1,1383,44,1.1867380142211914,
1606766654392401367,p11_senior,True,1,1384,44,1.180893898010254,
1606766654392401367,p12_activist,True,1,1388,44,1.1875989437103271,
1607928689244116830,p01_genz_meme,True,1,1390,44,3.806169033050537,
1607928689244116830,p02_fitness,True,1,1381,44,1.1427388191223145,
1607928689244116830,p03_parent,True,1,1383,44,1.141958236694336,
1607928689244116830,p04_tech_pro,True,1,1384,44,1.0902841091156006,
1607928689244116830,p05_fashion,True,1,1380,44,1.0829942226409912,
1607928689244116830,p06_foodie,True,1,1391,44,1.0927281379699707,
1607928689244116830,p07_traveler,True,1,1381,44,1.0961830615997314,
1607928689244116830,p08_student,True,1,1385,44,1.0999119281768799,
1607928689244116830,p09_entrepreneur,True,1,1386,44,1.096526861190796,
1607928689244116830,p10_artist,True,1,1384,44,1.092170238494873,
1607928689244116830,p11_senior,True,1,1385,44,1.0951159000396729,
1607928689244116830,p12_activist,True,1,1389,44,1.0922329425811768,
1608275119493668080,p01_genz_meme,True,1,1365,44,3.9027719497680664,
1608275119493668080,p02_fitness,True,1,1356,44,1.0811259746551514,
1608275119493668080,p03_parent,True,1,1358,44,1.1031110286712646,
1608275119493668080,p04_tech_pro,True,1,1359,44,1.0888910293579102,
1608275119493668080,p05_fashion,True,1,1355,44,1.0734150409698486,
1608275119493668080,p06_foodie,True,1,1366,44,1.0959880352020264,
1608275119493668080,p07_traveler,True,1,1356,44,1.111914873123169,
1608275119493668080,p08_student,True,1,1360,44,1.0845739841461182,
1608275119493668080,p09_entrepreneur,True,1,1361,44,1.0801918506622314,
1608275119493668080,p10_artist,True,1,1359,44,1.0830838680267334,
1608275119493668080,p11_senior,True,1,1360,44,1.0940921306610107,
1608275119493668080,p12_activist,True,1,1364,44,1.0887620449066162,
1609913385940284922,p01_genz_meme,True,1,1427,44,4.012469053268433,
1609913385940284922,p02_fitness,True,1,1418,44,1.1863288879394531,
1609913385940284922,p03_parent,True,1,1420,44,1.203934907913208,
1609913385940284922,p04_tech_pro,True,1,1421,44,1.190889835357666,
1609913385940284922,p05_fashion,True,1,1417,44,1.1951298713684082,
1609913385940284922,p06_foodie,True,1,1428,44,1.198681116104126,
1609913385940284922,p07_traveler,True,1,1418,44,1.193375825881958,
1609913385940284922,p08_student,True,1,1422,44,1.191021203994751,
1609913385940284922,p09_entrepreneur,True,1,1423,44,1.1913180351257324,
1609913385940284922,p10_artist,True,1,1421,44,1.1990480422973633,
1609913385940284922,p11_senior,True,1,1422,44,1.1958441734313965,
1609913385940284922,p12_activist,True,1,1426,44,1.1978509426116943,
1610387934343457772,p01_genz_meme,True,1,1312,44,3.585983991622925,
1610387934343457772,p02_fitness,True,1,1303,44,1.0580699443817139,
1610387934343457772,p03_parent,True,1,1305,44,1.0891220569610596,
1610387934343457772,p04_tech_pro,True,1,1306,44,1.0874509811401367,
1610387934343457772,p05_fashion,True,1,1302,44,1.0771729946136475,
1610387934343457772,p06_foodie,True,1,1313,44,1.0755338668823242,
1610387934343457772,p07_traveler,True,1,1303,44,1.0755891799926758,
1610387934343457772,p08_student,True,1,1307,44,1.08078932762146,
1610387934343457772,p09_entrepreneur,True,1,1308,44,1.1019999980926514,
1610387934343457772,p10_artist,True,1,1306,44,1.0788929462432861,
1610387934343457772,p11_senior,True,1,1307,44,1.0760109424591064,
1610387934343457772,p12_activist,True,1,1311,44,1.082751989364624,
1610450859128620115,p01_genz_meme,True,1,1330,44,3.905630111694336,
1610450859128620115,p02_fitness,True,1,1321,44,1.0738670825958252,
1610450859128620115,p03_parent,True,1,1323,44,1.089975118637085,
1610450859128620115,p04_tech_pro,True,1,1324,44,1.0826160907745361,
1610450859128620115,p05_fashion,True,1,1320,44,1.0740067958831787,
1610450859128620115,p06_foodie,True,1,1331,44,1.1591050624847412,
1610450859128620115,p07_traveler,True,1,1321,44,1.0865418910980225,
1610450859128620115,p08_student,True,1,1325,44,1.0738871097564697,
1610450859128620115,p09_entrepreneur,True,1,1326,44,1.0800490379333496,
1610450859128620115,p10_artist,True,1,1324,44,1.075073003768921,
1610450859128620115,p11_senior,True,1,1325,44,1.0783319473266602,
1610450859128620115,p12_activist,True,1,1329,44,1.0784940719604492,
1610585456423812567,p01_genz_meme,True,1,1289,44,3.7673468589782715,
1610585456423812567,p02_fitness,True,1,1280,44,1.0488371849060059,
1610585456423812567,p03_parent,True,1,1282,44,1.0744619369506836,
1610585456423812567,p04_tech_pro,True,1,1283,44,1.0646131038665771,
1610585456423812567,p05_fashion,True,1,1279,44,1.0567889213562012,
1610585456423812567,p06_foodie,True,1,1290,44,1.0636448860168457,
1610585456423812567,p07_traveler,True,1,1280,44,1.0677919387817383,
1610585456423812567,p08_student,True,1,1284,44,1.0666439533233643,
1610585456423812567,p09_entrepreneur,True,1,1285,44,1.0603609085083008,
1610585456423812567,p10_artist,True,1,1283,44,1.0619959831237793,
1610585456423812567,p11_senior,True,1,1284,44,1.0638720989227295,
1610585456423812567,p12_activist,True,1,1288,44,1.0647399425506592,
1610890359147407646,p01_genz_meme,True,1,1297,44,3.746448278427124,
1610890359147407646,p02_fitness,True,1,1288,44,1.0562832355499268,
1610890359147407646,p03_parent,True,1,1290,44,1.0766069889068604,
1610890359147407646,p04_tech_pro,True,1,1291,44,1.0687952041625977,
1610890359147407646,p05_fashion,True,1,1287,44,1.0570268630981445,
1610890359147407646,p06_foodie,True,1,1298,44,1.0680382251739502,
1610890359147407646,p07_traveler,True,1,1288,44,1.073779821395874,
1610890359147407646,p08_student,True,1,1292,44,1.0743069648742676,
1610890359147407646,p09_entrepreneur,True,1,1293,44,1.0601708889007568,
1610890359147407646,p10_artist,True,1,1291,44,1.063284158706665,
1610890359147407646,p11_senior,True,1,1292,44,1.0621278285980225,
1610890359147407646,p12_activist,True,1,1296,44,1.0674569606781006,
1611779529565818517,p01_genz_meme,True,1,1380,44,3.8315699100494385,
1611779529565818517,p02_fitness,True,1,1371,44,1.1637508869171143,
1611779529565818517,p03_parent,True,1,1373,44,1.1832311153411865,
1611779529565818517,p04_tech_pro,True,1,1374,44,1.1670210361480713,
1611779529565818517,p05_fashion,True,1,1370,44,1.1692109107971191,
1611779529565818517,p06_foodie,True,1,1381,44,1.182931900024414,
1611779529565818517,p07_traveler,True,1,1371,44,1.1736650466918945,
1611779529565818517,p08_student,True,1,1375,44,1.1878440380096436,
1611779529565818517,p09_entrepreneur,True,1,1376,44,1.2002089023590088,
1611779529565818517,p10_artist,True,1,1374,44,1.1910059452056885,
1611779529565818517,p11_senior,True,1,1375,44,1.1793272495269775,
1611779529565818517,p12_activist,True,1,1379,44,1.1727941036224365,
1612233160052322730,p01_genz_meme,True,1,1289,44,3.7807869911193848,
1612233160052322730,p02_fitness,True,1,1280,44,1.0455100536346436,
1612233160052322730,p03_parent,True,1,1282,44,1.077484130859375,
1612233160052322730,p04_tech_pro,True,1,1283,44,1.0786550045013428,
1612233160052322730,p05_fashion,True,1,1279,44,1.081866979598999,
1612233160052322730,p06_foodie,True,1,1290,44,1.0581669807434082,
1612233160052322730,p07_traveler,True,1,1280,44,1.0617351531982422,
1612233160052322730,p08_student,True,1,1284,44,1.07157301902771,
1612233160052322730,p09_entrepreneur,True,1,1285,44,1.067439317703247,
1612233160052322730,p10_artist,True,1,1283,44,1.063366174697876,
1612233160052322730,p11_senior,True,1,1284,44,1.0635318756103516,
1612233160052322730,p12_activist,True,1,1288,44,1.0641732215881348,
1612716162469159513,p01_genz_meme,True,1,1284,44,3.781593084335327,
1612716162469159513,p02_fitness,True,1,1275,44,1.0716931819915771,
1612716162469159513,p03_parent,True,1,1277,44,1.1206960678100586,
1612716162469159513,p04_tech_pro,True,1,1278,44,1.0754141807556152,
1612716162469159513,p05_fashion,True,1,1274,44,1.0642011165618896,
1612716162469159513,p06_foodie,True,1,1285,44,1.0719990730285645,
1612716162469159513,p07_traveler,True,1,1275,44,1.057236909866333,
1612716162469159513,p08_student,True,1,1279,44,1.0643410682678223,
1612716162469159513,p09_entrepreneur,True,1,1280,44,1.0634050369262695,
1612716162469159513,p10_artist,True,1,1278,44,1.0658619403839111,
1612716162469159513,p11_senior,True,1,1279,44,1.0579988956451416,
1612716162469159513,p12_activist,True,1,1283,44,1.0602009296417236,
1613004103504358738,p01_genz_meme,True,1,1321,44,3.8387839794158936,
1613004103504358738,p02_fitness,True,1,1312,44,1.0454728603363037,
1613004103504358738,p03_parent,True,1,1314,44,1.0749099254608154,
1613004103504358738,p04_tech_pro,True,1,1315,44,1.099984884262085,
1613004103504358738,p05_fashion,True,1,1311,44,1.0896940231323242,
1613004103504358738,p06_foodie,True,1,1322,44,1.058481216430664,
1613004103504358738,p07_traveler,True,1,1312,44,1.0556442737579346,
1613004103504358738,p08_student,True,1,1316,44,1.0629901885986328,
1613004103504358738,p09_entrepreneur,True,1,1317,44,1.0739080905914307,
1613004103504358738,p10_artist,True,1,1315,44,1.0605010986328125,
1613004103504358738,p11_senior,True,1,1316,44,1.0716197490692139,
1613004103504358738,p12_activist,True,1,1320,44,1.0731399059295654,
1613373783058217204,p01_genz_meme,True,1,1386,44,3.6948390007019043,
1613373783058217204,p02_fitness,True,1,1377,44,1.1958112716674805,
1613373783058217204,p03_parent,True,1,1379,44,1.196413278579712,
1613373783058217204,p04_tech_pro,True,1,1380,44,1.200199842453003,
1613373783058217204,p05_fashion,True,1,1376,44,1.1855957508087158,
1613373783058217204,p06_foodie,True,1,1387,44,1.1856560707092285,
1613373783058217204,p07_traveler,True,1,1377,44,1.1938300132751465,
1613373783058217204,p08_student,True,1,1381,44,1.2104949951171875,
1613373783058217204,p09_entrepreneur,True,1,1382,44,1.182588815689087,
1613373783058217204,p10_artist,True,1,1380,44,1.1835129261016846,
1613373783058217204,p11_senior,True,1,1381,44,1.190767765045166,
1613373783058217204,p12_activist,True,1,1385,44,1.2000858783721924,
1614611857895965011,p01_genz_meme,True,1,1274,44,3.868561029434204,
1614611857895965011,p02_fitness,True,1,1265,44,1.0532729625701904,
1614611857895965011,p03_parent,True,1,1267,44,1.084059238433838,
1614611857895965011,p04_tech_pro,True,1,1268,44,1.0748369693756104,
1614611857895965011,p05_fashion,True,1,1264,44,1.0670990943908691,
1614611857895965011,p06_foodie,True,1,1275,44,1.0684568881988525,
1614611857895965011,p07_traveler,True,1,1265,44,1.0676348209381104,
1614611857895965011,p08_student,True,1,1269,44,1.0654411315917969,
1614611857895965011,p09_entrepreneur,True,1,1270,44,1.0596880912780762,
1614611857895965011,p10_artist,True,1,1268,44,1.0646028518676758,
1614611857895965011,p11_senior,True,1,1269,44,1.063429832458496,
1614611857895965011,p12_activist,True,1,1273,44,1.0630440711975098,
1614623007253290792,p01_genz_meme,True,1,1292,44,3.7693419456481934,
1614623007253290792,p02_fitness,True,1,1283,44,1.0583410263061523,
1614623007253290792,p03_parent,True,1,1285,44,1.0798559188842773,
1614623007253290792,p04_tech_pro,True,1,1286,44,1.0679638385772705,
1614623007253290792,p05_fashion,True,1,1282,44,1.0588419437408447,
1614623007253290792,p06_foodie,True,1,1293,44,1.06654691696167,
1614623007253290792,p07_traveler,True,1,1283,44,1.0603349208831787,
1614623007253290792,p08_student,True,1,1287,44,1.0745360851287842,
1614623007253290792,p09_entrepreneur,True,1,1288,44,1.0867908000946045,
1614623007253290792,p10_artist,True,1,1286,44,1.0796821117401123,
1614623007253290792,p11_senior,True,1,1287,44,1.0638518333435059,
1614623007253290792,p12_activist,True,1,1291,44,1.0598959922790527,
1615288251350228157,p01_genz_meme,True,1,1304,44,3.7766478061676025,
1615288251350228157,p02_fitness,True,1,1295,44,1.0541660785675049,
1615288251350228157,p03_parent,True,1,1297,44,1.0846898555755615,
1615288251350228157,p04_tech_pro,True,1,1298,44,1.089144229888916,
1615288251350228157,p05_fashion,True,1,1294,44,1.065615177154541,
1615288251350228157,p06_foodie,True,1,1305,44,1.0737650394439697,
1615288251350228157,p07_traveler,True,1,1295,44,1.070539951324463,
1615288251350228157,p08_student,True,1,1299,44,1.0628077983856201,
1615288251350228157,p09_entrepreneur,True,1,1300,44,1.069798231124878,
1615288251350228157,p10_artist,True,1,1298,44,1.0713248252868652,
1615288251350228157,p11_senior,True,1,1299,44,1.0701861381530762,
1615288251350228157,p12_activist,True,1,1303,44,1.0702362060546875,
1615314777284848425,p01_genz_meme,True,1,1260,44,3.594796895980835,
1615314777284848425,p02_fitness,True,1,1251,44,1.040416955947876,
1615314777284848425,p03_parent,True,1,1253,44,1.0756330490112305,
1615314777284848425,p04_tech_pro,True,1,1254,44,1.074265956878662,
1615314777284848425,p05_fashion,True,1,1250,44,1.0554218292236328,
1615314777284848425,p06_foodie,True,1,1261,44,1.0630850791931152,
1615314777284848425,p07_traveler,True,1,1251,44,1.0587871074676514,
1615314777284848425,p08_student,True,1,1255,44,1.0587379932403564,
1615314777284848425,p09_entrepreneur,True,1,1256,44,1.0670812129974365,
1615314777284848425,p10_artist,True,1,1254,44,1.065065860748291,
1615314777284848425,p11_senior,True,1,1255,44,1.0614821910858154,
1615314777284848425,p12_activist,True,1,1259,44,1.0578639507293701,
1615743315524535904,p01_genz_meme,True,1,1298,44,3.572650909423828,
1615743315524535904,p02_fitness,True,1,1289,44,1.0551202297210693,
1615743315524535904,p03_parent,True,1,1291,44,1.0794458389282227,
1615743315524535904,p04_tech_pro,True,1,1292,44,1.0858399868011475,
1615743315524535904,p05_fashion,True,1,1288,44,1.1168110370635986,
1615743315524535904,p06_foodie,True,1,1299,44,1.0745410919189453,
1615743315524535904,p07_traveler,True,1,1289,44,1.0586559772491455,
1615743315524535904,p08_student,True,1,1293,44,1.069836139678955,
1615743315524535904,p09_entrepreneur,True,1,1294,44,1.088176965713501,
1615743315524535904,p10_artist,True,1,1292,44,1.0852060317993164,
1615743315524535904,p11_senior,True,1,1293,44,1.080188274383545,
1615743315524535904,p12_activist,True,1,1297,44,1.0771510601043701,
1616423182734416556,p01_genz_meme,True,1,1277,44,3.578256130218506,
1616423182734416556,p02_fitness,True,1,1268,44,1.0465919971466064,
1616423182734416556,p03_parent,True,1,1270,44,1.077625036239624,
1616423182734416556,p04_tech_pro,True,1,1271,44,1.0742652416229248,
1616423182734416556,p05_fashion,True,1,1267,44,1.0613682270050049,
1616423182734416556,p06_foodie,True,1,1278,44,1.0624678134918213,
1616423182734416556,p07_traveler,True,1,1268,44,1.059514045715332,
1616423182734416556,p08_student,True,1,1272,44,1.0637569427490234,
1616423182734416556,p09_entrepreneur,True,1,1273,44,1.0709400177001953,
1616423182734416556,p10_artist,True,1,1271,44,1.0693790912628174,
1616423182734416556,p11_senior,True,1,1272,44,1.065950870513916,
1616423182734416556,p12_activist,True,1,1276,44,1.062732219696045,
1616855663156626335,p01_genz_meme,True,1,1398,44,3.8979640007019043,
1616855663156626335,p02_fitness,True,1,1389,44,1.1670441627502441,
1616855663156626335,p03_parent,True,1,1391,44,1.1942260265350342,
1616855663156626335,p04_tech_pro,True,1,1392,44,1.1856310367584229,
1616855663156626335,p05_fashion,True,1,1388,44,1.1704497337341309,
1616855663156626335,p06_foodie,True,1,1399,44,1.1836118698120117,
1616855663156626335,p07_traveler,True,1,1389,44,1.1794979572296143,
1616855663156626335,p08_student,True,1,1393,44,1.1811130046844482,
1616855663156626335,p09_entrepreneur,True,1,1394,44,1.1821367740631104,
1616855663156626335,p10_artist,True,1,1392,44,1.1781492233276367,
1616855663156626335,p11_senior,True,1,1393,44,1.1820600032806396,
1616855663156626335,p12_activist,True,1,1397,44,1.1861743927001953,
1617358499977513264,p01_genz_meme,True,1,1283,44,3.458862066268921,
1617358499977513264,p02_fitness,True,1,1274,44,1.052682876586914,
1617358499977513264,p03_parent,True,1,1276,44,1.0949580669403076,
1617358499977513264,p04_tech_pro,True,1,1277,44,1.079585075378418,
1617358499977513264,p05_fashion,True,1,1273,44,1.0591392517089844,
1617358499977513264,p06_foodie,True,1,1284,44,1.0640981197357178,
1617358499977513264,p07_traveler,True,1,1274,44,1.0683400630950928,
1617358499977513264,p08_student,True,1,1278,44,1.0763850212097168,
1617358499977513264,p09_entrepreneur,True,1,1279,44,1.073042869567871,
1617358499977513264,p10_artist,True,1,1277,44,1.0615181922912598,
1617358499977513264,p11_senior,True,1,1278,44,1.0678510665893555,
1617358499977513264,p12_activist,True,1,1282,44,1.0707907676696777,
1617708371618915543,p01_genz_meme,True,1,1292,44,3.7501931190490723,
1617708371618915543,p02_fitness,True,1,1283,44,1.0436227321624756,
1617708371618915543,p03_parent,True,1,1285,44,1.0779149532318115,
1617708371618915543,p04_tech_pro,True,1,1286,44,1.0641732215881348,
1617708371618915543,p05_fashion,True,1,1282,44,1.0581858158111572,
1617708371618915543,p06_foodie,True,1,1293,44,1.0627350807189941,
1617708371618915543,p07_traveler,True,1,1283,44,1.12571382522583,
1617708371618915543,p08_student,True,1,1287,44,1.13087797164917,
1617708371618915543,p09_entrepreneur,True,1,1288,44,1.0543808937072754,
1617708371618915543,p10_artist,True,1,1286,44,1.066392183303833,
1617708371618915543,p11_senior,True,1,1287,44,1.0715062618255615,
1617708371618915543,p12_activist,True,1,1291,44,1.0891039371490479,
1620328760820381946,p01_genz_meme,True,1,1349,44,3.7478039264678955,
1620328760820381946,p02_fitness,True,1,1340,44,1.0663468837738037,
1620328760820381946,p03_parent,True,1,1342,44,1.1008481979370117,
1620328760820381946,p04_tech_pro,True,1,1343,44,1.0986082553863525,
1620328760820381946,p05_fashion,True,1,1339,44,1.0870096683502197,
1620328760820381946,p06_foodie,True,1,1350,44,1.094604730606079,
1620328760820381946,p07_traveler,True,1,1340,44,1.111989974975586,
1620328760820381946,p08_student,True,1,1344,44,1.0997519493103027,
1620328760820381946,p09_entrepreneur,True,1,1345,44,1.088904857635498,
1620328760820381946,p10_artist,True,1,1343,44,1.0870428085327148,
1620328760820381946,p11_senior,True,1,1344,44,1.0933821201324463,
1620328760820381946,p12_activist,True,1,1348,44,1.0963068008422852,
1620520801574849078,p01_genz_meme,True,1,1286,44,3.7509820461273193,
1620520801574849078,p02_fitness,True,1,1277,44,1.0477588176727295,
1620520801574849078,p03_parent,True,1,1279,44,1.0704607963562012,
1620520801574849078,p04_tech_pro,True,1,1280,44,1.063384771347046,
1620520801574849078,p05_fashion,True,1,1276,44,1.0568041801452637,
1620520801574849078,p06_foodie,True,1,1287,44,1.0574491024017334,
1620520801574849078,p07_traveler,True,1,1277,44,1.0663461685180664,
1620520801574849078,p08_student,True,1,1281,44,1.0606560707092285,
1620520801574849078,p09_entrepreneur,True,1,1282,44,1.0683579444885254,
1620520801574849078,p10_artist,True,1,1280,44,1.0763051509857178,
1620520801574849078,p11_senior,True,1,1281,44,1.0746188163757324,
1620520801574849078,p12_activist,True,1,1285,44,1.0600199699401855,
1620739247933097633,p01_genz_meme,True,1,1440,44,3.89443039894104,
1620739247933097633,p02_fitness,True,1,1431,44,1.191990852355957,
1620739247933097633,p03_parent,True,1,1433,44,1.209338903427124,
1620739247933097633,p04_tech_pro,True,1,1434,44,1.2099170684814453,
1620739247933097633,p05_fashion,True,1,1430,44,1.1988730430603027,
1620739247933097633,p06_foodie,True,1,1441,44,1.2032091617584229,
1620739247933097633,p07_traveler,True,1,1431,44,1.1993060111999512,
1620739247933097633,p08_student,True,1,1435,44,1.1955199241638184,
1620739247933097633,p09_entrepreneur,True,1,1436,44,1.269162893295288,
1620739247933097633,p10_artist,True,1,1434,44,1.205564022064209,
1620739247933097633,p11_senior,True,1,1435,44,1.2288188934326172,
1620739247933097633,p12_activist,True,1,1439,44,1.213519811630249,
1621091275943352791,p01_genz_meme,True,1,1293,44,3.602410078048706,
1621091275943352791,p02_fitness,True,1,1284,44,1.055116891860962,
1621091275943352791,p03_parent,True,1,1286,44,1.080759048461914,
1621091275943352791,p04_tech_pro,True,1,1287,44,1.080376148223877,
1621091275943352791,p05_fashion,True,1,1283,44,1.0671391487121582,
1621091275943352791,p06_foodie,True,1,1294,44,1.078312873840332,
1621091275943352791,p07_traveler,True,1,1284,44,1.0713860988616943,
1621091275943352791,p08_student,True,1,1288,44,1.076807975769043,
1621091275943352791,p09_entrepreneur,True,1,1289,44,1.0704009532928467,
1621091275943352791,p10_artist,True,1,1287,44,1.132084846496582,
1621091275943352791,p11_senior,True,1,1288,44,1.1209721565246582,
1621091275943352791,p12_activist,True,1,1292,44,1.0698020458221436,
1622165154567375150,p01_genz_meme,True,1,1358,44,3.8522439002990723,
1622165154567375150,p02_fitness,True,1,1349,44,1.0789060592651367,
1622165154567375150,p03_parent,True,1,1351,44,1.1234230995178223,
1622165154567375150,p04_tech_pro,True,1,1352,44,1.0838899612426758,
1622165154567375150,p05_fashion,True,1,1348,44,1.0857751369476318,
1622165154567375150,p06_foodie,True,1,1359,44,1.095900297164917,
1622165154567375150,p07_traveler,True,1,1349,44,1.098717212677002,
1622165154567375150,p08_student,True,1,1353,44,1.1025900840759277,
1622165154567375150,p09_entrepreneur,True,1,1354,44,1.0930328369140625,
1622165154567375150,p10_artist,True,1,1352,44,1.1139581203460693,
1622165154567375150,p11_senior,True,1,1353,44,1.107945203781128,
1622165154567375150,p12_activist,True,1,1357,44,1.0904781818389893,
1623402047604155470,p01_genz_meme,True,1,1285,44,3.7549009323120117,
1623402047604155470,p02_fitness,True,1,1276,44,1.049198865890503,
1623402047604155470,p03_parent,True,1,1278,44,1.07179594039917,
1623402047604155470,p04_tech_pro,True,1,1279,44,1.0645179748535156,
1623402047604155470,p05_fashion,True,1,1275,44,1.053786039352417,
1623402047604155470,p06_foodie,True,1,1286,44,1.0790119171142578,
1623402047604155470,p07_traveler,True,1,1276,44,1.081350326538086,
1623402047604155470,p08_student,True,1,1280,44,1.0644738674163818,
1623402047604155470,p09_entrepreneur,True,1,1281,44,1.0605287551879883,
1623402047604155470,p10_artist,True,1,1279,44,1.0675880908966064,
1623402047604155470,p11_senior,True,1,1280,44,1.0741822719573975,
1623402047604155470,p12_activist,True,1,1284,44,1.0687251091003418,
1624056895638878712,p01_genz_meme,True,1,1287,44,3.5629758834838867,
1624056895638878712,p02_fitness,True,1,1278,44,1.0546798706054688,
1624056895638878712,p03_parent,True,1,1280,44,1.0785799026489258,
1624056895638878712,p04_tech_pro,True,1,1281,44,1.0733091831207275,
1624056895638878712,p05_fashion,True,1,1277,44,1.0667140483856201,
1624056895638878712,p06_foodie,True,1,1288,44,1.135706901550293,
1624056895638878712,p07_traveler,True,1,1278,44,1.073789119720459,
1624056895638878712,p08_student,True,1,1282,44,1.0527396202087402,
1624056895638878712,p09_entrepreneur,True,1,1283,44,1.0594589710235596,
1624056895638878712,p10_artist,True,1,1281,44,1.0711381435394287,
1624056895638878712,p11_senior,True,1,1282,44,1.0717439651489258,
1624056895638878712,p12_activist,True,1,1286,44,1.0710399150848389,
1624231869804765078,p01_genz_meme,True,1,1583,44,3.841179847717285,
1624231869804765078,p02_fitness,True,1,1574,44,1.3429090976715088,
1624231869804765078,p03_parent,True,1,1576,44,1.3574211597442627,
1624231869804765078,p04_tech_pro,True,1,1577,44,1.3470337390899658,
1624231869804765078,p05_fashion,True,1,1573,44,1.348418951034546,
1624231869804765078,p06_foodie,True,1,1584,44,1.3458178043365479,
1624231869804765078,p07_traveler,True,1,1574,44,1.3434391021728516,
1624231869804765078,p08_student,True,1,1578,44,1.3501560688018799,
1624231869804765078,p09_entrepreneur,True,1,1579,44,1.3473131656646729,
1624231869804765078,p10_artist,True,1,1577,44,1.3519542217254639,
1624231869804765078,p11_senior,True,1,1578,44,1.3494830131530762,
1624231869804765078,p12_activist,True,1,1582,44,1.3584160804748535,
1624770215878797696,p01_genz_meme,True,1,1549,44,3.824690818786621,
1624770215878797696,p02_fitness,True,1,1540,44,1.3207108974456787,
1624770215878797696,p03_parent,True,1,1542,44,1.3485209941864014,
1624770215878797696,p04_tech_pro,True,1,1543,44,1.3329319953918457,
1624770215878797696,p05_fashion,True,1,1539,44,1.338386058807373,
1624770215878797696,p06_foodie,True,1,1550,44,1.3399958610534668,
1624770215878797696,p07_traveler,True,1,1540,44,1.3361401557922363,
1624770215878797696,p08_student,True,1,1544,44,1.331326961517334,
1624770215878797696,p09_entrepreneur,True,1,1545,44,1.3634839057922363,
1624770215878797696,p10_artist,True,1,1543,44,1.3287498950958252,
1624770215878797696,p11_senior,True,1,1544,44,1.337460994720459,
1624770215878797696,p12_activist,True,1,1548,44,1.3319091796875,
1624775107216109382,p01_genz_meme,True,1,1620,44,4.2314369678497314,
1624775107216109382,p02_fitness,True,1,1611,44,1.353036880493164,
1624775107216109382,p03_parent,True,1,1613,44,1.3627688884735107,
1624775107216109382,p04_tech_pro,True,1,1614,44,1.3619399070739746,
1624775107216109382,p05_fashion,True,1,1610,44,1.4333529472351074,
1624775107216109382,p06_foodie,True,1,1621,44,1.4225242137908936,
1624775107216109382,p07_traveler,True,1,1611,44,1.352205753326416,
1624775107216109382,p08_student,True,1,1615,44,1.3587899208068848,
1624775107216109382,p09_entrepreneur,True,1,1616,44,1.3629388809204102,
1624775107216109382,p10_artist,True,1,1614,44,1.360365867614746,
1624775107216109382,p11_senior,True,1,1615,44,1.3671197891235352,
1624775107216109382,p12_activist,True,1,1619,44,1.3921089172363281,
1624955650352553785,p01_genz_meme,True,1,1483,44,3.8538899421691895,
1624955650352553785,p02_fitness,True,1,1474,44,1.2966587543487549,
1624955650352553785,p03_parent,True,1,1476,44,1.3162896633148193,
1624955650352553785,p04_tech_pro,True,1,1477,44,1.3105511665344238,
1624955650352553785,p05_fashion,True,1,1473,44,1.3078908920288086,
1624955650352553785,p06_foodie,True,1,1484,44,1.3143057823181152,
1624955650352553785,p07_traveler,True,1,1474,44,1.3076248168945312,
1624955650352553785,p08_student,True,1,1478,44,1.313938856124878,
1624955650352553785,p09_entrepreneur,True,1,1479,44,1.3068151473999023,
1624955650352553785,p10_artist,True,1,1477,44,1.3081448078155518,
1624955650352553785,p11_senior,True,1,1478,44,1.3125269412994385,
1624955650352553785,p12_activist,True,1,1482,44,1.3138518333435059,
1625001813861692243,p01_genz_meme,True,1,1339,44,3.7906718254089355,
1625001813861692243,p02_fitness,True,1,1330,44,1.0709021091461182,
1625001813861692243,p03_parent,True,1,1332,44,1.0993678569793701,
1625001813861692243,p04_tech_pro,True,1,1333,44,1.094099998474121,
1625001813861692243,p05_fashion,True,1,1329,44,1.0765209197998047,
1625001813861692243,p06_foodie,True,1,1340,44,1.0842459201812744,
1625001813861692243,p07_traveler,True,1,1330,44,1.0852229595184326,
1625001813861692243,p08_student,True,1,1334,44,1.085312843322754,
1625001813861692243,p09_entrepreneur,True,1,1335,44,1.0879900455474854,
1625001813861692243,p10_artist,True,1,1333,44,1.0825071334838867,
1625001813861692243,p11_senior,True,1,1334,44,1.0823380947113037,
1625001813861692243,p12_activist,True,1,1338,44,1.0881462097167969,
1626339472400299804,p01_genz_meme,True,1,1355,44,3.8470590114593506,
1626339472400299804,p02_fitness,True,1,1346,44,1.060281753540039,
1626339472400299804,p03_parent,True,1,1348,44,1.0883698463439941,
1626339472400299804,p04_tech_pro,True,1,1349,44,1.095193862915039,
1626339472400299804,p05_fashion,True,1,1345,44,1.073721170425415,
1626339472400299804,p06_foodie,True,1,1356,44,1.093095064163208,
1626339472400299804,p07_traveler,True,1,1346,44,1.0839169025421143,
1626339472400299804,p08_student,True,1,1350,44,1.0784780979156494,
1626339472400299804,p09_entrepreneur,True,1,1351,44,1.0807528495788574,
1626339472400299804,p10_artist,True,1,1349,44,1.079890251159668,
1626339472400299804,p11_senior,True,1,1350,44,1.0825669765472412,
1626339472400299804,p12_activist,True,1,1354,44,1.0840659141540527,
1626858390315491015,p01_genz_meme,True,1,1554,44,3.9993059635162354,
1626858390315491015,p02_fitness,True,1,1545,44,1.3268542289733887,
1626858390315491015,p03_parent,True,1,1547,44,1.3402600288391113,
1626858390315491015,p04_tech_pro,True,1,1548,44,1.4026908874511719,
1626858390315491015,p05_fashion,True,1,1544,44,1.3236353397369385,
1626858390315491015,p06_foodie,True,1,1555,44,1.3350777626037598,
1626858390315491015,p07_traveler,True,1,1545,44,1.329350233078003,
1626858390315491015,p08_student,True,1,1549,44,1.336271047592163,
1626858390315491015,p09_entrepreneur,True,1,1550,44,1.3380327224731445,
1626858390315491015,p10_artist,True,1,1548,44,1.3365659713745117,
1626858390315491015,p11_senior,True,1,1549,44,1.3287599086761475,
1626858390315491015,p12_activist,True,1,1553,44,1.3394060134887695,
1627825566357170460,p01_genz_meme,True,1,1417,44,3.731748104095459,
1627825566357170460,p02_fitness,True,1,1408,44,1.2184700965881348,
1627825566357170460,p03_parent,True,1,1410,44,1.280001163482666,
1627825566357170460,p04_tech_pro,True,1,1411,44,1.1970832347869873,
1627825566357170460,p05_fashion,True,1,1407,44,1.1942050457000732,
1627825566357170460,p06_foodie,True,1,1418,44,1.228018045425415,
1627825566357170460,p07_traveler,True,1,1408,44,1.213125228881836,
1627825566357170460,p08_student,True,1,1412,44,1.203791856765747,
1627825566357170460,p09_entrepreneur,True,1,1413,44,1.2027919292449951,
1627825566357170460,p10_artist,True,1,1411,44,1.2081818580627441,
1627825566357170460,p11_senior,True,1,1412,44,1.2079601287841797,
1627825566357170460,p12_activist,True,1,1416,44,1.1992640495300293,
1630033280965785551,p01_genz_meme,True,1,1331,44,3.8556952476501465,
1630033280965785551,p02_fitness,True,1,1322,44,1.055142879486084,
1630033280965785551,p03_parent,True,1,1324,44,1.0813629627227783,
1630033280965785551,p04_tech_pro,True,1,1325,44,1.0783188343048096,
1630033280965785551,p05_fashion,True,1,1321,44,1.0694310665130615,
1630033280965785551,p06_foodie,True,1,1332,44,1.0716099739074707,
1630033280965785551,p07_traveler,True,1,1322,44,1.0646908283233643,
1630033280965785551,p08_student,True,1,1326,44,1.0712389945983887,
1630033280965785551,p09_entrepreneur,True,1,1327,44,1.070373773574829,
1630033280965785551,p10_artist,True,1,1325,44,1.0707309246063232,
1630033280965785551,p11_senior,True,1,1326,44,1.0729811191558838,
1630033280965785551,p12_activist,True,1,1330,44,1.0945498943328857,
1632656967235227402,p01_genz_meme,True,1,1315,44,3.580260992050171,
1632656967235227402,p02_fitness,True,1,1306,44,1.0715320110321045,
1632656967235227402,p03_parent,True,1,1308,44,1.0948858261108398,
1632656967235227402,p04_tech_pro,True,1,1309,44,1.09470796585083,
1632656967235227402,p05_fashion,True,1,1305,44,1.0830261707305908,
1632656967235227402,p06_foodie,True,1,1316,44,1.0853121280670166,
1632656967235227402,p07_traveler,True,1,1306,44,1.0799598693847656,
1632656967235227402,p08_student,True,1,1310,44,1.0791728496551514,
1632656967235227402,p09_entrepreneur,True,1,1311,44,1.088212013244629,
1632656967235227402,p10_artist,True,1,1309,44,1.0897369384765625,
1632656967235227402,p11_senior,True,1,1310,44,1.0842230319976807,
1632656967235227402,p12_activist,True,1,1314,44,1.0879690647125244,
1633178784478787092,p01_genz_meme,True,1,1366,44,3.8733010292053223,
1633178784478787092,p02_fitness,True,1,1357,44,1.0758700370788574,
1633178784478787092,p03_parent,True,1,1359,44,1.0934648513793945,
1633178784478787092,p04_tech_pro,True,1,1360,44,1.0989019870758057,
1633178784478787092,p05_fashion,True,1,1356,44,1.0756421089172363,
1633178784478787092,p06_foodie,True,1,1367,44,1.085331916809082,
1633178784478787092,p07_traveler,True,1,1357,44,1.0837299823760986,
1633178784478787092,p08_student,True,1,1361,44,1.084125280380249,
1633178784478787092,p09_entrepreneur,True,1,1362,44,1.0876872539520264,
1633178784478787092,p10_artist,True,1,1360,44,1.088047742843628,
1633178784478787092,p11_senior,True,1,1361,44,1.083031177520752,
1633178784478787092,p12_activist,True,1,1365,44,1.0890371799468994,
1635219573781341498,p01_genz_meme,True,1,1268,44,3.56376576423645,
1635219573781341498,p02_fitness,True,1,1259,44,1.0449399948120117,
1635219573781341498,p03_parent,True,1,1261,44,1.0785949230194092,
1635219573781341498,p04_tech_pro,True,1,1262,44,1.0755341053009033,
1635219573781341498,p05_fashion,True,1,1258,44,1.065302848815918,
1635219573781341498,p06_foodie,True,1,1269,44,1.0651278495788574,
1635219573781341498,p07_traveler,True,1,1259,44,1.0641553401947021,
1635219573781341498,p08_student,True,1,1263,44,1.0763189792633057,
1635219573781341498,p09_entrepreneur,True,1,1264,44,1.0664019584655762,
1635219573781341498,p10_artist,True,1,1262,44,1.0656383037567139,
1635219573781341498,p11_senior,True,1,1263,44,1.065457820892334,
1635219573781341498,p12_activist,True,1,1267,44,1.0686020851135254,
1635377947111914573,p01_genz_meme,True,1,1286,44,3.7796499729156494,
1635377947111914573,p02_fitness,True,1,1277,44,1.1513619422912598,
1635377947111914573,p03_parent,True,1,1279,44,1.1341350078582764,
1635377947111914573,p04_tech_pro,True,1,1280,44,1.0522491931915283,
1635377947111914573,p05_fashion,True,1,1276,44,1.0498151779174805,
1635377947111914573,p06_foodie,True,1,1287,44,1.0664761066436768,
1635377947111914573,p07_traveler,True,1,1277,44,1.0873968601226807,
1635377947111914573,p08_student,True,1,1281,44,1.0805578231811523,
1635377947111914573,p09_entrepreneur,True,1,1282,44,1.0627951622009277,
1635377947111914573,p10_artist,True,1,1280,44,1.07554292678833,
1635377947111914573,p11_senior,True,1,1281,44,1.0731582641601562,
1635377947111914573,p12_activist,True,1,1285,44,1.0717918872833252,
1635722885060875811,p01_genz_meme,True,1,1294,44,3.5762460231781006,
1635722885060875811,p02_fitness,True,1,1285,44,1.057405948638916,
1635722885060875811,p03_parent,True,1,1287,44,1.0870108604431152,
1635722885060875811,p04_tech_pro,True,1,1288,44,1.0801270008087158,
1635722885060875811,p05_fashion,True,1,1284,44,1.0637497901916504,
1635722885060875811,p06_foodie,True,1,1295,44,1.0811991691589355,
1635722885060875811,p07_traveler,True,1,1285,44,1.0811820030212402,
1635722885060875811,p08_student,True,1,1289,44,1.07651686668396,
1635722885060875811,p09_entrepreneur,True,1,1290,44,1.073479175567627,
1635722885060875811,p10_artist,True,1,1288,44,1.073150873184204,
1635722885060875811,p11_senior,True,1,1289,44,1.1096179485321045,
1635722885060875811,p12_activist,True,1,1293,44,1.131140947341919,
1636721242391571758,p01_genz_meme,True,1,1317,44,3.6406829357147217,
1636721242391571758,p02_fitness,True,1,1308,44,1.0655548572540283,
1636721242391571758,p03_parent,True,1,1310,44,1.0988688468933105,
1636721242391571758,p04_tech_pro,True,1,1311,44,1.0915231704711914,
1636721242391571758,p05_fashion,True,1,1307,44,1.0730259418487549,
1636721242391571758,p06_foodie,True,1,1318,44,1.083266019821167,
1636721242391571758,p07_traveler,True,1,1308,44,1.0829010009765625,
1636721242391571758,p08_student,True,1,1312,44,1.0862557888031006,
1636721242391571758,p09_entrepreneur,True,1,1313,44,1.0869941711425781,
1636721242391571758,p10_artist,True,1,1311,44,1.0858471393585205,
1636721242391571758,p11_senior,True,1,1312,44,1.0870649814605713,
1636721242391571758,p12_activist,True,1,1316,44,1.083909273147583,
1638456146842819767,p01_genz_meme,True,1,1641,44,4.113410234451294,
1638456146842819767,p02_fitness,True,1,1632,44,1.4070470333099365,
1638456146842819767,p03_parent,True,1,1634,44,1.4281010627746582,
1638456146842819767,p04_tech_pro,True,1,1635,44,1.4172160625457764,
1638456146842819767,p05_fashion,True,1,1631,44,1.4012019634246826,
1638456146842819767,p06_foodie,True,1,1642,44,1.4577620029449463,
1638456146842819767,p07_traveler,True,1,1632,44,1.3870701789855957,
1638456146842819767,p08_student,True,1,1636,44,1.4235639572143555,
1638456146842819767,p09_entrepreneur,True,1,1637,44,1.4530277252197266,
1638456146842819767,p10_artist,True,1,1635,44,1.4149181842803955,
1638456146842819767,p11_senior,True,1,1636,44,1.4280221462249756,
1638456146842819767,p12_activist,True,1,1640,44,1.4578659534454346,
1638814102249874367,p01_genz_meme,True,1,1394,44,3.8756017684936523,
1638814102249874367,p02_fitness,True,1,1385,44,1.1801180839538574,
1638814102249874367,p03_parent,True,1,1387,44,1.3064088821411133,
1638814102249874367,p04_tech_pro,True,1,1388,44,1.2059710025787354,
1638814102249874367,p05_fashion,True,1,1384,44,1.1639330387115479,
1638814102249874367,p06_foodie,True,1,1395,44,1.1888039112091064,
1638814102249874367,p07_traveler,True,1,1385,44,1.1895430088043213,
1638814102249874367,p08_student,True,1,1389,44,1.1836140155792236,
1638814102249874367,p09_entrepreneur,True,1,1390,44,1.1844661235809326,
1638814102249874367,p10_artist,True,1,1388,44,1.1903080940246582,
1638814102249874367,p11_senior,True,1,1389,44,1.1860778331756592,
1638814102249874367,p12_activist,True,1,1393,44,1.190269947052002,
1639400033785735238,p01_genz_meme,True,1,1267,44,3.5707998275756836,
1639400033785735238,p02_fitness,True,1,1258,44,1.0455248355865479,
1639400033785735238,p03_parent,True,1,1260,44,1.0741400718688965,
1639400033785735238,p04_tech_pro,True,1,1261,44,1.0919089317321777,
1639400033785735238,p05_fashion,True,1,1257,44,1.0809738636016846,
1639400033785735238,p06_foodie,True,1,1268,44,1.0627028942108154,
1639400033785735238,p07_traveler,True,1,1258,44,1.0594508647918701,
1639400033785735238,p08_student,True,1,1262,44,1.0664169788360596,
1639400033785735238,p09_entrepreneur,True,1,1263,44,1.0627210140228271,
1639400033785735238,p10_artist,True,1,1261,44,1.0688507556915283,
1639400033785735238,p11_senior,True,1,1262,44,1.0644640922546387,
1639400033785735238,p12_activist,True,1,1266,44,1.0644137859344482,
1640552040475423643,p01_genz_meme,True,1,1283,44,3.757776975631714,
1640552040475423643,p02_fitness,True,1,1274,44,1.0443148612976074,
1640552040475423643,p03_parent,True,1,1276,44,1.0737860202789307,
1640552040475423643,p04_tech_pro,True,1,1277,44,1.0801541805267334,
1640552040475423643,p05_fashion,True,1,1273,44,1.0580918788909912,
1640552040475423643,p06_foodie,True,1,1284,44,1.057262897491455,
1640552040475423643,p07_traveler,True,1,1274,44,1.0639078617095947,
1640552040475423643,p08_student,True,1,1278,44,1.0631928443908691,
1640552040475423643,p09_entrepreneur,True,1,1279,44,1.0693340301513672,
1640552040475423643,p10_artist,True,1,1277,44,1.061607837677002,
1640552040475423643,p11_senior,True,1,1278,44,1.0670440196990967,
1640552040475423643,p12_activist,True,1,1282,44,1.0630080699920654,
1641089408570905551,p01_genz_meme,True,1,1333,44,3.772848129272461,
1641089408570905551,p02_fitness,True,1,1324,44,1.0753848552703857,
1641089408570905551,p03_parent,True,1,1326,44,1.0990610122680664,
1641089408570905551,p04_tech_pro,True,1,1327,44,1.095594882965088,
1641089408570905551,p05_fashion,True,1,1323,44,1.076012134552002,
1641089408570905551,p06_foodie,True,1,1334,44,1.0810668468475342,
1641089408570905551,p07_traveler,True,1,1324,44,1.0805301666259766,
1641089408570905551,p08_student,True,1,1328,44,1.0843183994293213,
1641089408570905551,p09_entrepreneur,True,1,1329,44,1.082719087600708,
1641089408570905551,p10_artist,True,1,1327,44,1.0779342651367188,
1641089408570905551,p11_senior,True,1,1328,44,1.0803861618041992,
1641089408570905551,p12_activist,True,1,1332,44,1.086949348449707,
1642278219447077698,p01_genz_meme,True,1,1322,44,3.8745310306549072,
1642278219447077698,p02_fitness,True,1,1313,44,1.0459179878234863,
1642278219447077698,p03_parent,True,1,1315,44,1.0793452262878418,
1642278219447077698,p04_tech_pro,True,1,1316,44,1.0812721252441406,
1642278219447077698,p05_fashion,True,1,1312,44,1.0648622512817383,
1642278219447077698,p06_foodie,True,1,1323,44,1.0668270587921143,
1642278219447077698,p07_traveler,True,1,1313,44,1.0655102729797363,
1642278219447077698,p08_student,True,1,1317,44,1.0726048946380615,
1642278219447077698,p09_entrepreneur,True,1,1318,44,1.071965217590332,
1642278219447077698,p10_artist,True,1,1316,44,1.0655770301818848,
1642278219447077698,p11_senior,True,1,1317,44,1.0630121231079102,
1642278219447077698,p12_activist,True,1,1321,44,1.0696229934692383,
1642315049991592245,p01_genz_meme,True,1,1302,44,3.7555017471313477,
1642315049991592245,p02_fitness,True,1,1293,44,1.0562129020690918,
1642315049991592245,p03_parent,True,1,1295,44,1.08469820022583,
1642315049991592245,p04_tech_pro,True,1,1296,44,1.074497938156128,
1642315049991592245,p05_fashion,True,1,1292,44,1.0598981380462646,
1642315049991592245,p06_foodie,True,1,1303,44,1.0610401630401611,
1642315049991592245,p07_traveler,True,1,1293,44,1.071749210357666,
1642315049991592245,p08_student,True,1,1297,44,1.0699708461761475,
1642315049991592245,p09_entrepreneur,True,1,1298,44,1.070662021636963,
1642315049991592245,p10_artist,True,1,1296,44,1.0651330947875977,
1642315049991592245,p11_senior,True,1,1297,44,1.0682048797607422,
1642315049991592245,p12_activist,True,1,1301,44,1.0759119987487793,
1642327543615729055,p01_genz_meme,True,1,1336,44,3.595892906188965,
1642327543615729055,p02_fitness,True,1,1327,44,1.0735480785369873,
1642327543615729055,p03_parent,True,1,1329,44,1.1133990287780762,
1642327543615729055,p04_tech_pro,True,1,1330,44,1.1471221446990967,
1642327543615729055,p05_fashion,True,1,1326,44,1.1077778339385986,
1642327543615729055,p06_foodie,True,1,1337,44,1.092397928237915,
1642327543615729055,p07_traveler,True,1,1327,44,1.109654188156128,
1642327543615729055,p08_student,True,1,1331,44,1.1000370979309082,
1642327543615729055,p09_entrepreneur,True,1,1332,44,1.0866639614105225,
1642327543615729055,p10_artist,True,1,1330,44,1.0874497890472412,
1642327543615729055,p11_senior,True,1,1331,44,1.0946578979492188,
1642327543615729055,p12_activist,True,1,1335,44,1.099548101425171,
1642661359841671766,p01_genz_meme,True,1,1374,44,3.8632612228393555,
1642661359841671766,p02_fitness,True,1,1365,44,1.1620738506317139,
1642661359841671766,p03_parent,True,1,1367,44,1.1842410564422607,
1642661359841671766,p04_tech_pro,True,1,1368,44,1.1693601608276367,
1642661359841671766,p05_fashion,True,1,1364,44,1.1696538925170898,
1642661359841671766,p06_foodie,True,1,1375,44,1.178476095199585,
1642661359841671766,p07_traveler,True,1,1365,44,1.165682315826416,
1642661359841671766,p08_student,True,1,1369,44,1.1667821407318115,
1642661359841671766,p09_entrepreneur,True,1,1370,44,1.1688439846038818,
1642661359841671766,p10_artist,True,1,1368,44,1.174976110458374,
1642661359841671766,p11_senior,True,1,1369,44,1.1798760890960693,
1642661359841671766,p12_activist,True,1,1373,44,1.1741201877593994,
1643909661818311254,p01_genz_meme,True,1,1262,44,3.563055992126465,
1643909661818311254,p02_fitness,True,1,1253,44,1.0416607856750488,
1643909661818311254,p03_parent,True,1,1255,44,1.072356939315796,
1643909661818311254,p04_tech_pro,True,1,1256,44,1.0623769760131836,
1643909661818311254,p05_fashion,True,1,1252,44,1.0609779357910156,
1643909661818311254,p06_foodie,True,1,1263,44,1.0665919780731201,
1643909661818311254,p07_traveler,True,1,1253,44,1.061009168624878,
1643909661818311254,p08_student,True,1,1257,44,1.0553300380706787,
1643909661818311254,p09_entrepreneur,True,1,1258,44,1.0586378574371338,
1643909661818311254,p10_artist,True,1,1256,44,1.0585930347442627,
1643909661818311254,p11_senior,True,1,1257,44,1.0594439506530762,
1643909661818311254,p12_activist,True,1,1261,44,1.057770013809204,
1645903477158561775,p01_genz_meme,True,1,1350,44,3.799373149871826,
1645903477158561775,p02_fitness,True,1,1341,44,1.0690739154815674,
1645903477158561775,p03_parent,True,1,1343,44,1.0937490463256836,
1645903477158561775,p04_tech_pro,True,1,1344,44,1.0948829650878906,
1645903477158561775,p05_fashion,True,1,1340,44,1.075289011001587,
1645903477158561775,p06_foodie,True,1,1351,44,1.0847399234771729,
1645903477158561775,p07_traveler,True,1,1341,44,1.0765800476074219,
1645903477158561775,p08_student,True,1,1345,44,1.082233190536499,
1645903477158561775,p09_entrepreneur,True,1,1346,44,1.0953259468078613,
1645903477158561775,p10_artist,True,1,1344,44,1.0875208377838135,
1645903477158561775,p11_senior,True,1,1345,44,1.0873258113861084,
1645903477158561775,p12_activist,True,1,1349,44,1.0796947479248047,
1646642785278849486,p01_genz_meme,True,1,1325,44,3.5604043006896973,
1646642785278849486,p02_fitness,True,1,1316,44,1.0664091110229492,
1646642785278849486,p03_parent,True,1,1318,44,1.0953247547149658,
1646642785278849486,p04_tech_pro,True,1,1319,44,1.115556001663208,
1646642785278849486,p05_fashion,True,1,1315,44,1.0768771171569824,
1646642785278849486,p06_foodie,True,1,1326,44,1.0822241306304932,
1646642785278849486,p07_traveler,True,1,1316,44,1.07590913772583,
1646642785278849486,p08_student,True,1,1320,44,1.0790178775787354,
1646642785278849486,p09_entrepreneur,True,1,1321,44,1.0879502296447754,
1646642785278849486,p10_artist,True,1,1319,44,1.086259126663208,
1646642785278849486,p11_senior,True,1,1320,44,1.0828981399536133,
1646642785278849486,p12_activist,True,1,1324,44,1.0810890197753906,
1647239038754555727,p01_genz_meme,True,1,1351,44,3.7667808532714844,
1647239038754555727,p02_fitness,True,1,1342,44,1.0730507373809814,
1647239038754555727,p03_parent,True,1,1344,44,1.1112861633300781,
1647239038754555727,p04_tech_pro,True,1,1345,44,1.1115119457244873,
1647239038754555727,p05_fashion,True,1,1341,44,1.0769169330596924,
1647239038754555727,p06_foodie,True,1,1352,44,1.0826399326324463,
1647239038754555727,p07_traveler,True,1,1342,44,1.0892412662506104,
1647239038754555727,p08_student,True,1,1346,44,1.1005091667175293,
1647239038754555727,p09_entrepreneur,True,1,1347,44,1.1113109588623047,
1647239038754555727,p10_artist,True,1,1345,44,1.0810329914093018,
1647239038754555727,p11_senior,True,1,1346,44,1.087264060974121,
1647239038754555727,p12_activist,True,1,1350,44,1.0943551063537598,
1647378854016094403,p01_genz_meme,True,1,1275,44,3.5822808742523193,
1647378854016094403,p02_fitness,True,1,1266,44,1.0475780963897705,
1647378854016094403,p03_parent,True,1,1268,44,1.082975149154663,
1647378854016094403,p04_tech_pro,True,1,1269,44,1.0765798091888428,
1647378854016094403,p05_fashion,True,1,1265,44,1.0578510761260986,
1647378854016094403,p06_foodie,True,1,1276,44,1.0658679008483887,
1647378854016094403,p07_traveler,True,1,1266,44,1.0608329772949219,
1647378854016094403,p08_student,True,1,1270,44,1.0650498867034912,
1647378854016094403,p09_entrepreneur,True,1,1271,44,1.1700029373168945,
1647378854016094403,p10_artist,True,1,1269,44,1.0671048164367676,
1647378854016094403,p11_senior,True,1,1270,44,1.0591998100280762,
1647378854016094403,p12_activist,True,1,1274,44,1.0754380226135254,
1647378874642015339,p01_genz_meme,True,1,1279,44,3.5706679821014404,
1647378874642015339,p02_fitness,True,1,1270,44,1.0470929145812988,
1647378874642015339,p03_parent,True,1,1272,44,1.079390287399292,
1647378874642015339,p04_tech_pro,True,1,1273,44,1.072646141052246,
1647378874642015339,p05_fashion,True,1,1269,44,1.0631320476531982,
1647378874642015339,p06_foodie,True,1,1280,44,1.0645899772644043,
1647378874642015339,p07_traveler,True,1,1270,44,1.0886642932891846,
1647378874642015339,p08_student,True,1,1274,44,1.0990707874298096,
1647378874642015339,p09_entrepreneur,True,1,1275,44,1.0642919540405273,
1647378874642015339,p10_artist,True,1,1273,44,1.060478925704956,
1647378874642015339,p11_senior,True,1,1274,44,1.0705678462982178,
1647378874642015339,p12_activist,True,1,1278,44,1.075937032699585,
1647401169422969827,p01_genz_meme,True,1,1417,44,3.6940901279449463,
1647401169422969827,p02_fitness,True,1,1408,44,1.1904897689819336,
1647401169422969827,p03_parent,True,1,1410,44,1.2236719131469727,
1647401169422969827,p04_tech_pro,True,1,1411,44,1.193577766418457,
1647401169422969827,p05_fashion,True,1,1407,44,1.190072774887085,
1647401169422969827,p06_foodie,True,1,1418,44,1.2103471755981445,
1647401169422969827,p07_traveler,True,1,1408,44,1.2210440635681152,
1647401169422969827,p08_student,True,1,1412,44,1.206716775894165,
1647401169422969827,p09_entrepreneur,True,1,1413,44,1.2024760246276855,
1647401169422969827,p10_artist,True,1,1411,44,1.1945478916168213,
1647401169422969827,p11_senior,True,1,1412,44,1.2005410194396973,
1647401169422969827,p12_activist,True,1,1416,44,1.198383092880249,
1647503630516742202,p01_genz_meme,True,1,1340,44,3.661252737045288,
1647503630516742202,p02_fitness,True,1,1331,44,1.0754408836364746,
1647503630516742202,p03_parent,True,1,1333,44,1.101496934890747,
1647503630516742202,p04_tech_pro,True,1,1334,44,1.101844072341919,
1647503630516742202,p05_fashion,True,1,1330,44,1.0889768600463867,
1647503630516742202,p06_foodie,True,1,1341,44,1.1863219738006592,
1647503630516742202,p07_traveler,True,1,1331,44,1.086672306060791,
1647503630516742202,p08_student,True,1,1335,44,1.0906007289886475,
1647503630516742202,p09_entrepreneur,True,1,1336,44,1.092527151107788,
1647503630516742202,p10_artist,True,1,1334,44,1.10191011428833,
1647503630516742202,p11_senior,True,1,1335,44,1.096113920211792,
1647503630516742202,p12_activist,True,1,1339,44,1.0938889980316162,
1648306929589972094,p01_genz_meme,True,1,1372,44,3.901444911956787,
1648306929589972094,p02_fitness,True,1,1363,44,1.0677540302276611,
1648306929589972094,p03_parent,True,1,1365,44,1.0966670513153076,
1648306929589972094,p04_tech_pro,True,1,1366,44,1.0947551727294922,
1648306929589972094,p05_fashion,True,1,1362,44,1.1540651321411133,
1648306929589972094,p06_foodie,True,1,1373,44,1.1390159130096436,
1648306929589972094,p07_traveler,True,1,1363,44,1.0764060020446777,
1648306929589972094,p08_student,True,1,1367,44,1.0821900367736816,
1648306929589972094,p09_entrepreneur,True,1,1368,44,1.1002957820892334,
1648306929589972094,p10_artist,True,1,1366,44,1.0900230407714844,
1648306929589972094,p11_senior,True,1,1367,44,1.0873820781707764,
1648306929589972094,p12_activist,True,1,1371,44,1.0866711139678955,
1649512359607456467,p01_genz_meme,True,1,1298,44,3.602759838104248,
1649512359607456467,p02_fitness,True,1,1289,44,1.0566990375518799,
1649512359607456467,p03_parent,True,1,1291,44,1.0935909748077393,
1649512359607456467,p04_tech_pro,True,1,1292,44,1.083225965499878,
1649512359607456467,p05_fashion,True,1,1288,44,1.0679240226745605,
1649512359607456467,p06_foodie,True,1,1299,44,1.0714528560638428,
1649512359607456467,p07_traveler,True,1,1289,44,1.0748231410980225,
1649512359607456467,p08_student,True,1,1293,44,1.0782959461212158,
1649512359607456467,p09_entrepreneur,True,1,1294,44,1.0811140537261963,
1649512359607456467,p10_artist,True,1,1292,44,1.0725891590118408,
1649512359607456467,p11_senior,True,1,1293,44,1.0768320560455322,
1649512359607456467,p12_activist,True,1,1297,44,1.0795199871063232,
1649573096562064302,p01_genz_meme,True,1,1299,44,3.790220022201538,
1649573096562064302,p02_fitness,True,1,1290,44,1.052487850189209,
1649573096562064302,p03_parent,True,1,1292,44,1.097865104675293,
1649573096562064302,p04_tech_pro,True,1,1293,44,1.079833984375,
1649573096562064302,p05_fashion,True,1,1289,44,1.066652774810791,
1649573096562064302,p06_foodie,True,1,1300,44,1.0680010318756104,
1649573096562064302,p07_traveler,True,1,1290,44,1.0839338302612305,
1649573096562064302,p08_student,True,1,1294,44,1.1049342155456543,
1649573096562064302,p09_entrepreneur,True,1,1295,44,1.0667669773101807,
1649573096562064302,p10_artist,True,1,1293,44,1.0604522228240967,
1649573096562064302,p11_senior,True,1,1294,44,1.0712299346923828,
1649573096562064302,p12_activist,True,1,1298,44,1.0751590728759766,
1651019468010653870,p01_genz_meme,True,1,1330,44,3.7826268672943115,
1651019468010653870,p02_fitness,True,1,1321,44,1.0679728984832764,
1651019468010653870,p03_parent,True,1,1323,44,1.1215577125549316,
1651019468010653870,p04_tech_pro,True,1,1324,44,1.0832629203796387,
1651019468010653870,p05_fashion,True,1,1320,44,1.06864595413208,
1651019468010653870,p06_foodie,True,1,1331,44,1.085923194885254,
1651019468010653870,p07_traveler,True,1,1321,44,1.0943303108215332,
1651019468010653870,p08_student,True,1,1325,44,1.0893359184265137,
1651019468010653870,p09_entrepreneur,True,1,1326,44,1.08119797706604,
1651019468010653870,p10_artist,True,1,1324,44,1.0860040187835693,
1651019468010653870,p11_senior,True,1,1325,44,1.0897042751312256,
1651019468010653870,p12_activist,True,1,1329,44,1.0906119346618652,
1651460133190146024,p01_genz_meme,True,1,1301,44,3.7728002071380615,
1651460133190146024,p02_fitness,True,1,1292,44,1.0585777759552002,
1651460133190146024,p03_parent,True,1,1294,44,1.0856170654296875,
1651460133190146024,p04_tech_pro,True,1,1295,44,1.071932077407837,
1651460133190146024,p05_fashion,True,1,1291,44,1.0655808448791504,
1651460133190146024,p06_foodie,True,1,1302,44,1.0820300579071045,
1651460133190146024,p07_traveler,True,1,1292,44,1.1832630634307861,
1651460133190146024,p08_student,True,1,1296,44,1.0822031497955322,
1651460133190146024,p09_entrepreneur,True,1,1297,44,1.062117099761963,
1651460133190146024,p10_artist,True,1,1295,44,1.0685088634490967,
1651460133190146024,p11_senior,True,1,1296,44,1.0826067924499512,
1651460133190146024,p12_activist,True,1,1300,44,1.0824403762817383,
1651624624917652041,p01_genz_meme,True,1,1330,44,3.7670812606811523,
1651624624917652041,p02_fitness,True,1,1321,44,1.0517399311065674,
1651624624917652041,p03_parent,True,1,1323,44,1.099120855331421,
1651624624917652041,p04_tech_pro,True,1,1324,44,1.1007728576660156,
1651624624917652041,p05_fashion,True,1,1320,44,1.0971109867095947,
1651624624917652041,p06_foodie,True,1,1331,44,1.099397897720337,
1651624624917652041,p07_traveler,True,1,1321,44,1.0840370655059814,
1651624624917652041,p08_student,True,1,1325,44,1.0922739505767822,
1651624624917652041,p09_entrepreneur,True,1,1326,44,1.0899767875671387,
1651624624917652041,p10_artist,True,1,1324,44,1.0918948650360107,
1651624624917652041,p11_senior,True,1,1325,44,1.1034958362579346,
1651624624917652041,p12_activist,True,1,1329,44,1.0891451835632324,
1653582961336752311,p01_genz_meme,True,1,1368,44,3.6889050006866455,
1653582961336752311,p02_fitness,True,1,1359,44,1.1664409637451172,
1653582961336752311,p03_parent,True,1,1361,44,1.188579797744751,
1653582961336752311,p04_tech_pro,True,1,1362,44,1.1889328956604004,
1653582961336752311,p05_fashion,True,1,1358,44,1.1784310340881348,
1653582961336752311,p06_foodie,True,1,1369,44,1.1763038635253906,
1653582961336752311,p07_traveler,True,1,1359,44,1.1718988418579102,
1653582961336752311,p08_student,True,1,1363,44,1.1860880851745605,
1653582961336752311,p09_entrepreneur,True,1,1364,44,1.180574893951416,
1653582961336752311,p10_artist,True,1,1362,44,1.1869776248931885,
1653582961336752311,p11_senior,True,1,1363,44,1.1771469116210938,
1653582961336752311,p12_activist,True,1,1367,44,1.1795282363891602,
1653956926949441326,p01_genz_meme,True,1,1304,44,3.794471263885498,
1653956926949441326,p02_fitness,True,1,1295,44,1.0519969463348389,
1653956926949441326,p03_parent,True,1,1297,44,1.088702917098999,
1653956926949441326,p04_tech_pro,True,1,1298,44,1.079200029373169,
1653956926949441326,p05_fashion,True,1,1294,44,1.0667572021484375,
1653956926949441326,p06_foodie,True,1,1305,44,1.064366102218628,
1653956926949441326,p07_traveler,True,1,1295,44,1.0681791305541992,
1653956926949441326,p08_student,True,1,1299,44,1.0852601528167725,
1653956926949441326,p09_entrepreneur,True,1,1300,44,1.086451768875122,
1653956926949441326,p10_artist,True,1,1298,44,1.0654170513153076,
1653956926949441326,p11_senior,True,1,1299,44,1.0656208992004395,
1653956926949441326,p12_activist,True,1,1303,44,1.0683867931365967,
1656904485283131717,p01_genz_meme,True,1,1409,44,3.9155099391937256,
1656904485283131717,p02_fitness,True,1,1400,44,1.1637170314788818,
1656904485283131717,p03_parent,True,1,1402,44,1.202392816543579,
1656904485283131717,p04_tech_pro,True,1,1403,44,1.171518087387085,
1656904485283131717,p05_fashion,True,1,1399,44,1.1711978912353516,
1656904485283131717,p06_foodie,True,1,1410,44,1.1844959259033203,
1656904485283131717,p07_traveler,True,1,1400,44,1.170482873916626,
1656904485283131717,p08_student,True,1,1404,44,1.1736698150634766,
1656904485283131717,p09_entrepreneur,True,1,1405,44,1.1692416667938232,
1656904485283131717,p10_artist,True,1,1403,44,1.1705491542816162,
1656904485283131717,p11_senior,True,1,1404,44,1.1807289123535156,
1656904485283131717,p12_activist,True,1,1408,44,1.1737852096557617,
1657320626897004084,p01_genz_meme,True,1,1397,44,3.6742289066314697,
1657320626897004084,p02_fitness,True,1,1388,44,1.1790997982025146,
1657320626897004084,p03_parent,True,1,1390,44,1.2403721809387207,
1657320626897004084,p04_tech_pro,True,1,1391,44,1.2264630794525146,
1657320626897004084,p05_fashion,True,1,1387,44,1.1953132152557373,
1657320626897004084,p06_foodie,True,1,1398,44,1.2172801494598389,
1657320626897004084,p07_traveler,True,1,1388,44,1.1911969184875488,
1657320626897004084,p08_student,True,1,1392,44,1.1865499019622803,
1657320626897004084,p09_entrepreneur,True,1,1393,44,1.2069170475006104,
1657320626897004084,p10_artist,True,1,1391,44,1.2363049983978271,
1657320626897004084,p11_senior,True,1,1392,44,1.2362780570983887,
1657320626897004084,p12_activist,True,1,1396,44,1.217400074005127,
1657706603090388624,p01_genz_meme,True,1,1334,44,4.03890323638916,
1657706603090388624,p02_fitness,True,1,1325,44,1.0805768966674805,
1657706603090388624,p03_parent,True,1,1327,44,1.1354050636291504,
1657706603090388624,p04_tech_pro,True,1,1328,44,1.1205980777740479,
1657706603090388624,p05_fashion,True,1,1324,44,1.128086805343628,
1657706603090388624,p06_foodie,True,1,1335,44,1.1258811950683594,
1657706603090388624,p07_traveler,True,1,1325,44,1.1036441326141357,
1657706603090388624,p08_student,True,1,1329,44,1.0969610214233398,
1657706603090388624,p09_entrepreneur,True,1,1330,44,1.1181230545043945,
1657706603090388624,p10_artist,True,1,1328,44,1.0920538902282715,
1657706603090388624,p11_senior,True,1,1329,44,1.0843260288238525,
1657706603090388624,p12_activist,True,1,1333,44,1.0864341259002686,
1657976370682217536,p01_genz_meme,True,1,1400,44,3.9045231342315674,
1657976370682217536,p02_fitness,True,1,1391,44,1.1840100288391113,
1657976370682217536,p03_parent,True,1,1393,44,1.220141887664795,
1657976370682217536,p04_tech_pro,True,1,1394,44,1.197336196899414,
1657976370682217536,p05_fashion,True,1,1390,44,1.1877188682556152,
1657976370682217536,p06_foodie,True,1,1401,44,1.1994478702545166,
1657976370682217536,p07_traveler,True,1,1391,44,1.2014491558074951,
1657976370682217536,p08_student,True,1,1395,44,1.1933801174163818,
1657976370682217536,p09_entrepreneur,True,1,1396,44,1.1883819103240967,
1657976370682217536,p10_artist,True,1,1394,44,1.1936745643615723,
1657976370682217536,p11_senior,True,1,1395,44,1.1958162784576416,
1657976370682217536,p12_activist,True,1,1399,44,1.2697679996490479,
1658050557142065690,p01_genz_meme,True,1,1275,44,3.7719550132751465,
1658050557142065690,p02_fitness,True,1,1266,44,1.0549840927124023,
1658050557142065690,p03_parent,True,1,1268,44,1.076564073562622,
1658050557142065690,p04_tech_pro,True,1,1269,44,1.0667850971221924,
1658050557142065690,p05_fashion,True,1,1265,44,1.0758519172668457,
1658050557142065690,p06_foodie,True,1,1276,44,1.108680248260498,
1658050557142065690,p07_traveler,True,1,1266,44,1.0693740844726562,
1658050557142065690,p08_student,True,1,1270,44,1.0540449619293213,
1658050557142065690,p09_entrepreneur,True,1,1271,44,1.0640630722045898,
1658050557142065690,p10_artist,True,1,1269,44,1.0709280967712402,
1658050557142065690,p11_senior,True,1,1270,44,1.0731608867645264,
1658050557142065690,p12_activist,True,1,1274,44,1.0674738883972168,
1658184292179985293,p01_genz_meme,True,1,1491,44,4.002072811126709,
1658184292179985293,p02_fitness,True,1,1482,44,1.2138288021087646,
1658184292179985293,p03_parent,True,1,1484,44,1.2336468696594238,
1658184292179985293,p04_tech_pro,True,1,1485,44,1.2312910556793213,
1658184292179985293,p05_fashion,True,1,1481,44,1.2304461002349854,
1658184292179985293,p06_foodie,True,1,1492,44,1.306365966796875,
1658184292179985293,p07_traveler,True,1,1482,44,1.2192461490631104,
1658184292179985293,p08_student,True,1,1486,44,1.2286581993103027,
1658184292179985293,p09_entrepreneur,True,1,1487,44,1.2427151203155518,
1658184292179985293,p10_artist,True,1,1485,44,1.2402198314666748,
1658184292179985293,p11_senior,True,1,1486,44,1.220578908920288,
1658184292179985293,p12_activist,True,1,1490,44,1.3156721591949463,
1659036010761198290,p01_genz_meme,True,1,1369,44,3.8454360961914062,
1659036010761198290,p02_fitness,True,1,1360,44,1.0803849697113037,
1659036010761198290,p03_parent,True,1,1362,44,1.208390235900879,
1659036010761198290,p04_tech_pro,True,1,1363,44,1.1747310161590576,
1659036010761198290,p05_fashion,True,1,1359,44,1.083075761795044,
1659036010761198290,p06_foodie,True,1,1370,44,1.1782341003417969,
1659036010761198290,p07_traveler,True,1,1360,44,1.08998703956604,
1659036010761198290,p08_student,True,1,1364,44,1.1871187686920166,
1659036010761198290,p09_entrepreneur,True,1,1365,44,1.1946101188659668,
1659036010761198290,p10_artist,True,1,1363,44,1.1691930294036865,
1659036010761198290,p11_senior,True,1,1364,44,1.1689457893371582,
1659036010761198290,p12_activist,True,1,1368,44,1.178128957748413,
1659082456220237880,p01_genz_meme,True,1,1298,44,3.7176170349121094,
1659082456220237880,p02_fitness,True,1,1289,44,1.0475521087646484,
1659082456220237880,p03_parent,True,1,1291,44,1.0710480213165283,
1659082456220237880,p04_tech_pro,True,1,1292,44,1.0658478736877441,
1659082456220237880,p05_fashion,True,1,1288,44,1.0541868209838867,
1659082456220237880,p06_foodie,True,1,1299,44,1.0655517578125,
1659082456220237880,p07_traveler,True,1,1289,44,1.0693721771240234,
1659082456220237880,p08_student,True,1,1293,44,1.0630970001220703,
1659082456220237880,p09_entrepreneur,True,1,1294,44,1.063208818435669,
1659082456220237880,p10_artist,True,1,1292,44,1.061687707901001,
1659082456220237880,p11_senior,True,1,1293,44,1.0622179508209229,
1659082456220237880,p12_activist,True,1,1297,44,1.0613460540771484,
1659098914449826618,p01_genz_meme,True,1,1319,44,3.7760629653930664,
1659098914449826618,p02_fitness,True,1,1310,44,1.0579009056091309,
1659098914449826618,p03_parent,True,1,1312,44,1.085259199142456,
1659098914449826618,p04_tech_pro,True,1,1313,44,1.0792388916015625,
1659098914449826618,p05_fashion,True,1,1309,44,1.0662760734558105,
1659098914449826618,p06_foodie,True,1,1320,44,1.078078031539917,
1659098914449826618,p07_traveler,True,1,1310,44,1.0762372016906738,
1659098914449826618,p08_student,True,1,1314,44,1.0765008926391602,
1659098914449826618,p09_entrepreneur,True,1,1315,44,1.0743200778961182,
1659098914449826618,p10_artist,True,1,1313,44,1.0812549591064453,
1659098914449826618,p11_senior,True,1,1314,44,1.0840129852294922,
1659098914449826618,p12_activist,True,1,1318,44,1.0754280090332031,
1659392617626871282,p01_genz_meme,True,1,1340,44,3.7804460525512695,
1659392617626871282,p02_fitness,True,1,1331,44,1.0669329166412354,
1659392617626871282,p03_parent,True,1,1333,44,1.0904300212860107,
1659392617626871282,p04_tech_pro,True,1,1334,44,1.0876939296722412,
1659392617626871282,p05_fashion,True,1,1330,44,1.0856866836547852,
1659392617626871282,p06_foodie,True,1,1341,44,1.0919899940490723,
1659392617626871282,p07_traveler,True,1,1331,44,1.0791270732879639,
1659392617626871282,p08_student,True,1,1335,44,1.083430290222168,
1659392617626871282,p09_entrepreneur,True,1,1336,44,1.0835840702056885,
1659392617626871282,p10_artist,True,1,1334,44,1.0875437259674072,
1659392617626871282,p11_senior,True,1,1335,44,1.0853877067565918,
1659392617626871282,p12_activist,True,1,1339,44,1.0822818279266357,
1659580999648729275,p01_genz_meme,True,1,1279,44,3.5690078735351562,
1659580999648729275,p02_fitness,True,1,1270,44,1.0487239360809326,
1659580999648729275,p03_parent,True,1,1272,44,1.0773820877075195,
1659580999648729275,p04_tech_pro,True,1,1273,44,1.0778417587280273,
1659580999648729275,p05_fashion,True,1,1269,44,1.0701611042022705,
1659580999648729275,p06_foodie,True,1,1280,44,1.0628480911254883,
1659580999648729275,p07_traveler,True,1,1270,44,1.0618550777435303,
1659580999648729275,p08_student,True,1,1274,44,1.0662460327148438,
1659580999648729275,p09_entrepreneur,True,1,1275,44,1.0678279399871826,
1659580999648729275,p10_artist,True,1,1273,44,1.0694530010223389,
1659580999648729275,p11_senior,True,1,1274,44,1.0645699501037598,
1659580999648729275,p12_activist,True,1,1278,44,1.0622808933258057,
1659787029371752497,p01_genz_meme,True,1,1377,44,3.843233823776245,
1659787029371752497,p02_fitness,True,1,1368,44,1.1597697734832764,
1659787029371752497,p03_parent,True,1,1370,44,1.184046983718872,
1659787029371752497,p04_tech_pro,True,1,1371,44,1.1857261657714844,
1659787029371752497,p05_fashion,True,1,1367,44,1.1644952297210693,
1659787029371752497,p06_foodie,True,1,1378,44,1.2252600193023682,
1659787029371752497,p07_traveler,True,1,1368,44,1.1774590015411377,
1659787029371752497,p08_student,True,1,1372,44,1.169905185699463,
1659787029371752497,p09_entrepreneur,True,1,1373,44,1.189093828201294,
1659787029371752497,p10_artist,True,1,1371,44,1.1682929992675781,
1659787029371752497,p11_senior,True,1,1372,44,1.1786739826202393,
1659787029371752497,p12_activist,True,1,1376,44,1.1725289821624756,
1661769376587000381,p01_genz_meme,True,1,1405,44,3.874213218688965,
1661769376587000381,p02_fitness,True,1,1396,44,1.175969123840332,
1661769376587000381,p03_parent,True,1,1398,44,1.1967029571533203,
1661769376587000381,p04_tech_pro,True,1,1399,44,1.1824951171875,
1661769376587000381,p05_fashion,True,1,1395,44,1.2608740329742432,
1661769376587000381,p06_foodie,True,1,1406,44,1.2459678649902344,
1661769376587000381,p07_traveler,True,1,1396,44,1.179462194442749,
1661769376587000381,p08_student,True,1,1400,44,1.179758071899414,
1661769376587000381,p09_entrepreneur,True,1,1401,44,1.183730125427246,
1661769376587000381,p10_artist,True,1,1399,44,1.1864280700683594,
1661769376587000381,p11_senior,True,1,1400,44,1.1881139278411865,
1661769376587000381,p12_activist,True,1,1404,44,1.1832871437072754,
1662004609360961067,p01_genz_meme,True,1,1391,44,3.6751930713653564,
1662004609360961067,p02_fitness,True,1,1382,44,1.1698908805847168,
1662004609360961067,p03_parent,True,1,1384,44,1.1929609775543213,
1662004609360961067,p04_tech_pro,True,1,1385,44,1.1867337226867676,
1662004609360961067,p05_fashion,True,1,1381,44,1.1885781288146973,
1662004609360961067,p06_foodie,True,1,1392,44,1.1881790161132812,
1662004609360961067,p07_traveler,True,1,1382,44,1.1861529350280762,
1662004609360961067,p08_student,True,1,1386,44,1.1866252422332764,
1662004609360961067,p09_entrepreneur,True,1,1387,44,1.2128467559814453,
1662004609360961067,p10_artist,True,1,1385,44,1.1761667728424072,
1662004609360961067,p11_senior,True,1,1386,44,1.1847798824310303,
1662004609360961067,p12_activist,True,1,1390,44,1.1850340366363525,
1662328910506100322,p01_genz_meme,True,1,1361,44,3.8872320652008057,
1662328910506100322,p02_fitness,True,1,1352,44,1.0739920139312744,
1662328910506100322,p03_parent,True,1,1354,44,1.109694242477417,
1662328910506100322,p04_tech_pro,True,1,1355,44,1.1097240447998047,
1662328910506100322,p05_fashion,True,1,1351,44,1.084765911102295,
1662328910506100322,p06_foodie,True,1,1362,44,1.1647088527679443,
1662328910506100322,p07_traveler,True,1,1352,44,1.083604097366333,
1662328910506100322,p08_student,True,1,1356,44,1.098978042602539,
1662328910506100322,p09_entrepreneur,True,1,1357,44,1.1016948223114014,
1662328910506100322,p10_artist,True,1,1355,44,1.096714973449707,
1662328910506100322,p11_senior,True,1,1356,44,1.0928220748901367,
1662328910506100322,p12_activist,True,1,1360,44,1.0913641452789307,
1662508404504483667,p01_genz_meme,True,1,1262,44,3.569423198699951,
1662508404504483667,p02_fitness,True,1,1253,44,1.0483667850494385,
1662508404504483667,p03_parent,True,1,1255,44,1.0821101665496826,
1662508404504483667,p04_tech_pro,True,1,1256,44,1.0767269134521484,
1662508404504483667,p05_fashion,True,1,1252,44,1.0563938617706299,
1662508404504483667,p06_foodie,True,1,1263,44,1.0672640800476074,
1662508404504483667,p07_traveler,True,1,1253,44,1.0630137920379639,
1662508404504483667,p08_student,True,1,1257,44,1.0679681301116943,
1662508404504483667,p09_entrepreneur,True,1,1258,44,1.0672109127044678,
1662508404504483667,p10_artist,True,1,1256,44,1.0652530193328857,
1662508404504483667,p11_senior,True,1,1257,44,1.065457820892334,
1662508404504483667,p12_activist,True,1,1261,44,1.0688292980194092,
1662674224323699189,p01_genz_meme,True,1,1393,44,3.6758909225463867,
1662674224323699189,p02_fitness,True,1,1384,44,1.1742372512817383,
1662674224323699189,p03_parent,True,1,1386,44,1.206254243850708,
1662674224323699189,p04_tech_pro,True,1,1387,44,1.1864221096038818,
1662674224323699189,p05_fashion,True,1,1383,44,1.1818881034851074,
1662674224323699189,p06_foodie,True,1,1394,44,1.1936841011047363,
1662674224323699189,p07_traveler,True,1,1384,44,1.2052459716796875,
1662674224323699189,p08_student,True,1,1388,44,1.1980469226837158,
1662674224323699189,p09_entrepreneur,True,1,1389,44,1.1852900981903076,
1662674224323699189,p10_artist,True,1,1387,44,1.1873281002044678,
1662674224323699189,p11_senior,True,1,1388,44,1.195535659790039,
1662674224323699189,p12_activist,True,1,1392,44,1.189371109008789,
1663373508132355354,p01_genz_meme,True,1,1367,44,3.960824728012085,
1663373508132355354,p02_fitness,True,1,1358,44,1.080857276916504,
1663373508132355354,p03_parent,True,1,1360,44,1.1060240268707275,
1663373508132355354,p04_tech_pro,True,1,1361,44,1.1818177700042725,
1663373508132355354,p05_fashion,True,1,1357,44,1.0997297763824463,
1663373508132355354,p06_foodie,True,1,1368,44,1.187880039215088,
1663373508132355354,p07_traveler,True,1,1358,44,1.0938239097595215,
1663373508132355354,p08_student,True,1,1362,44,1.177907943725586,
1663373508132355354,p09_entrepreneur,True,1,1363,44,1.179168939590454,
1663373508132355354,p10_artist,True,1,1361,44,1.1783487796783447,
1663373508132355354,p11_senior,True,1,1362,44,1.1729919910430908,
1663373508132355354,p12_activist,True,1,1366,44,1.172856092453003,
1664007129524204722,p01_genz_meme,True,1,1336,44,3.7837250232696533,
1664007129524204722,p02_fitness,True,1,1327,44,1.069831371307373,
1664007129524204722,p03_parent,True,1,1329,44,1.0989441871643066,
1664007129524204722,p04_tech_pro,True,1,1330,44,1.0932590961456299,
1664007129524204722,p05_fashion,True,1,1326,44,1.0819683074951172,
1664007129524204722,p06_foodie,True,1,1337,44,1.0846061706542969,
1664007129524204722,p07_traveler,True,1,1327,44,1.0833847522735596,
1664007129524204722,p08_student,True,1,1331,44,1.088210105895996,
1664007129524204722,p09_entrepreneur,True,1,1332,44,1.0897190570831299,
1664007129524204722,p10_artist,True,1,1330,44,1.0840373039245605,
1664007129524204722,p11_senior,True,1,1331,44,1.1604816913604736,
1664007129524204722,p12_activist,True,1,1335,44,1.0972411632537842,
1664033134504544765,p01_genz_meme,True,1,1316,44,3.6887500286102295,
1664033134504544765,p02_fitness,True,1,1307,44,1.0725970268249512,
1664033134504544765,p03_parent,True,1,1309,44,1.1040492057800293,
1664033134504544765,p04_tech_pro,True,1,1310,44,1.096127986907959,
1664033134504544765,p05_fashion,True,1,1306,44,1.0773890018463135,
1664033134504544765,p06_foodie,True,1,1317,44,1.0839569568634033,
1664033134504544765,p07_traveler,True,1,1307,44,1.0820698738098145,
1664033134504544765,p08_student,True,1,1311,44,1.0892488956451416,
1664033134504544765,p09_entrepreneur,True,1,1312,44,1.0848591327667236,
1664033134504544765,p10_artist,True,1,1310,44,1.0881927013397217,
1664033134504544765,p11_senior,True,1,1311,44,1.0885608196258545,
1664033134504544765,p12_activist,True,1,1315,44,1.0922400951385498,
1664039007913219979,p01_genz_meme,True,1,1292,44,3.741499185562134,
1664039007913219979,p02_fitness,True,1,1283,44,1.0505568981170654,
1664039007913219979,p03_parent,True,1,1285,44,1.0768918991088867,
1664039007913219979,p04_tech_pro,True,1,1286,44,1.081078052520752,
1664039007913219979,p05_fashion,True,1,1282,44,1.0640599727630615,
1664039007913219979,p06_foodie,True,1,1293,44,1.0700750350952148,
1664039007913219979,p07_traveler,True,1,1283,44,1.0702950954437256,
1664039007913219979,p08_student,True,1,1287,44,1.0812230110168457,
1664039007913219979,p09_entrepreneur,True,1,1288,44,1.0733168125152588,
1664039007913219979,p10_artist,True,1,1286,44,1.0672259330749512,
1664039007913219979,p11_senior,True,1,1287,44,1.067248821258545,
1664039007913219979,p12_activist,True,1,1291,44,1.0792360305786133,
1664591487953049980,p01_genz_meme,True,1,1364,44,3.858903169631958,
1664591487953049980,p02_fitness,True,1,1355,44,1.094228982925415,
1664591487953049980,p03_parent,True,1,1357,44,1.1201980113983154,
1664591487953049980,p04_tech_pro,True,1,1358,44,1.1197059154510498,
1664591487953049980,p05_fashion,True,1,1354,44,1.095905065536499,
1664591487953049980,p06_foodie,True,1,1365,44,1.181278944015503,
1664591487953049980,p07_traveler,True,1,1355,44,1.100964069366455,
1664591487953049980,p08_student,True,1,1359,44,1.1088519096374512,
1664591487953049980,p09_entrepreneur,True,1,1360,44,1.0904371738433838,
1664591487953049980,p10_artist,True,1,1358,44,1.0968410968780518,
1664591487953049980,p11_senior,True,1,1359,44,1.1049840450286865,
1664591487953049980,p12_activist,True,1,1363,44,1.1789422035217285,
1666346290441070444,p01_genz_meme,True,1,1299,44,3.759982109069824,
1666346290441070444,p02_fitness,True,1,1290,44,1.0591659545898438,
1666346290441070444,p03_parent,True,1,1292,44,1.0842759609222412,
1666346290441070444,p04_tech_pro,True,1,1293,44,1.0692269802093506,
1666346290441070444,p05_fashion,True,1,1289,44,1.100266933441162,
1666346290441070444,p06_foodie,True,1,1300,44,1.1204931735992432,
1666346290441070444,p07_traveler,True,1,1290,44,1.0629429817199707,
1666346290441070444,p08_student,True,1,1294,44,1.053514003753662,
1666346290441070444,p09_entrepreneur,True,1,1295,44,1.0674827098846436,
1666346290441070444,p10_artist,True,1,1293,44,1.066704273223877,
1666346290441070444,p11_senior,True,1,1294,44,1.067972183227539,
1666346290441070444,p12_activist,True,1,1298,44,1.0719046592712402,
1667627165182972722,p01_genz_meme,True,1,1297,44,3.7837440967559814,
1667627165182972722,p02_fitness,True,1,1288,44,1.0557749271392822,
1667627165182972722,p03_parent,True,1,1290,44,1.0796549320220947,
1667627165182972722,p04_tech_pro,True,1,1291,44,1.0678198337554932,
1667627165182972722,p05_fashion,True,1,1287,44,1.0600521564483643,
1667627165182972722,p06_foodie,True,1,1298,44,1.0725913047790527,
1667627165182972722,p07_traveler,True,1,1288,44,1.0706939697265625,
1667627165182972722,p08_student,True,1,1292,44,1.0720744132995605,
1667627165182972722,p09_entrepreneur,True,1,1293,44,1.0640208721160889,
1667627165182972722,p10_artist,True,1,1291,44,1.0710351467132568,
1667627165182972722,p11_senior,True,1,1292,44,1.0758137702941895,
1667627165182972722,p12_activist,True,1,1296,44,1.0647740364074707,
1667824528518032975,p01_genz_meme,True,1,1417,44,3.942249059677124,
1667824528518032975,p02_fitness,True,1,1408,44,1.1731901168823242,
1667824528518032975,p03_parent,True,1,1410,44,1.1896231174468994,
1667824528518032975,p04_tech_pro,True,1,1411,44,1.1912071704864502,
1667824528518032975,p05_fashion,True,1,1407,44,1.1823790073394775,
1667824528518032975,p06_foodie,True,1,1418,44,1.1824119091033936,
1667824528518032975,p07_traveler,True,1,1408,44,1.1778011322021484,
1667824528518032975,p08_student,True,1,1412,44,1.1817171573638916,
1667824528518032975,p09_entrepreneur,True,1,1413,44,1.1854007244110107,
1667824528518032975,p10_artist,True,1,1411,44,1.1840341091156006,
1667824528518032975,p11_senior,True,1,1412,44,1.1853010654449463,
1667824528518032975,p12_activist,True,1,1416,44,1.18609619140625,
1667855617077077157,p01_genz_meme,True,1,1369,44,3.6977250576019287,
1667855617077077157,p02_fitness,True,1,1360,44,1.1723740100860596,
1667855617077077157,p03_parent,True,1,1362,44,1.1883902549743652,
1667855617077077157,p04_tech_pro,True,1,1363,44,1.1898977756500244,
1667855617077077157,p05_fashion,True,1,1359,44,1.17618989944458,
1667855617077077157,p06_foodie,True,1,1370,44,1.176063060760498,
1667855617077077157,p07_traveler,True,1,1360,44,1.1818211078643799,
1667855617077077157,p08_student,True,1,1364,44,1.1801040172576904,
1667855617077077157,p09_entrepreneur,True,1,1365,44,1.1806011199951172,
1667855617077077157,p10_artist,True,1,1363,44,1.1780338287353516,
1667855617077077157,p11_senior,True,1,1364,44,1.1779601573944092,
1667855617077077157,p12_activist,True,1,1368,44,1.1778039932250977,
1667903598741126361,p01_genz_meme,True,1,1454,44,3.9456000328063965,
1667903598741126361,p02_fitness,True,1,1445,44,1.2036538124084473,
1667903598741126361,p03_parent,True,1,1447,44,1.2221639156341553,
1667903598741126361,p04_tech_pro,True,1,1448,44,1.2189912796020508,
1667903598741126361,p05_fashion,True,1,1444,44,1.2060387134552002,
1667903598741126361,p06_foodie,True,1,1455,44,1.2247600555419922,
1667903598741126361,p07_traveler,True,1,1445,44,1.221013069152832,
1667903598741126361,p08_student,True,1,1449,44,1.2142081260681152,
1667903598741126361,p09_entrepreneur,True,1,1450,44,1.217912197113037,
1667903598741126361,p10_artist,True,1,1448,44,1.2135262489318848,
1667903598741126361,p11_senior,True,1,1449,44,1.2090909481048584,
1667903598741126361,p12_activist,True,1,1453,44,1.2130591869354248,
1668316874546146127,p01_genz_meme,True,1,1296,44,3.5741779804229736,
1668316874546146127,p02_fitness,True,1,1287,44,1.06107497215271,
1668316874546146127,p03_parent,True,1,1289,44,1.095660924911499,
1668316874546146127,p04_tech_pro,True,1,1290,44,1.081085205078125,
1668316874546146127,p05_fashion,True,1,1286,44,1.071403980255127,
1668316874546146127,p06_foodie,True,1,1297,44,1.0714678764343262,
1668316874546146127,p07_traveler,True,1,1287,44,1.0727512836456299,
1668316874546146127,p08_student,True,1,1291,44,1.083636999130249,
1668316874546146127,p09_entrepreneur,True,1,1292,44,1.0878641605377197,
1668316874546146127,p10_artist,True,1,1290,44,1.0852460861206055,
1668316874546146127,p11_senior,True,1,1291,44,1.0745742321014404,
1668316874546146127,p12_activist,True,1,1295,44,1.075225830078125,
1669006520899264948,p01_genz_meme,True,1,1272,44,3.598223924636841,
1669006520899264948,p02_fitness,True,1,1263,44,1.050525188446045,
1669006520899264948,p03_parent,True,1,1265,44,1.079948902130127,
1669006520899264948,p04_tech_pro,True,1,1266,44,1.071444034576416,
1669006520899264948,p05_fashion,True,1,1262,44,1.0711169242858887,
1669006520899264948,p06_foodie,True,1,1273,44,1.0631928443908691,
1669006520899264948,p07_traveler,True,1,1263,44,1.065290927886963,
1669006520899264948,p08_student,True,1,1267,44,1.0869817733764648,
1669006520899264948,p09_entrepreneur,True,1,1268,44,1.07147216796875,
1669006520899264948,p10_artist,True,1,1266,44,1.065554141998291,
1669006520899264948,p11_senior,True,1,1267,44,1.0703651905059814,
1669006520899264948,p12_activist,True,1,1271,44,1.0813977718353271,
1669881215644374629,p01_genz_meme,True,1,1407,44,3.769695997238159,
1669881215644374629,p02_fitness,True,1,1398,44,1.1906888484954834,
1669881215644374629,p03_parent,True,1,1400,44,1.220771074295044,
1669881215644374629,p04_tech_pro,True,1,1401,44,1.1967010498046875,
1669881215644374629,p05_fashion,True,1,1397,44,1.1978387832641602,
1669881215644374629,p06_foodie,True,1,1408,44,1.2026612758636475,
1669881215644374629,p07_traveler,True,1,1398,44,1.199981927871704,
1669881215644374629,p08_student,True,1,1402,44,1.2048568725585938,
1669881215644374629,p09_entrepreneur,True,1,1403,44,1.2070097923278809,
1669881215644374629,p10_artist,True,1,1401,44,1.2020342350006104,
1669881215644374629,p11_senior,True,1,1402,44,1.203678846359253,
1669881215644374629,p12_activist,True,1,1406,44,1.197270154953003,
1670176926835107543,p01_genz_meme,True,1,1356,44,3.668086051940918,
1670176926835107543,p02_fitness,True,1,1347,44,1.1659178733825684,
1670176926835107543,p03_parent,True,1,1349,44,1.19510817527771,
1670176926835107543,p04_tech_pro,True,1,1350,44,1.1816151142120361,
1670176926835107543,p05_fashion,True,1,1346,44,1.167738676071167,
1670176926835107543,p06_foodie,True,1,1357,44,1.1859049797058105,
1670176926835107543,p07_traveler,True,1,1347,44,1.178441047668457,
1670176926835107543,p08_student,True,1,1351,44,1.1780190467834473,
1670176926835107543,p09_entrepreneur,True,1,1352,44,1.1797637939453125,
1670176926835107543,p10_artist,True,1,1350,44,1.1824297904968262,
1670176926835107543,p11_senior,True,1,1351,44,1.1792380809783936,
1670176926835107543,p12_activist,True,1,1355,44,1.175384759902954,
1670424781176423052,p01_genz_meme,True,1,1527,44,3.822948932647705,
1670424781176423052,p02_fitness,True,1,1518,44,1.3226699829101562,
1670424781176423052,p03_parent,True,1,1520,44,1.344447135925293,
1670424781176423052,p04_tech_pro,True,1,1521,44,1.336035966873169,
1670424781176423052,p05_fashion,True,1,1517,44,1.3588800430297852,
1670424781176423052,p06_foodie,True,1,1528,44,1.32863187789917,
1670424781176423052,p07_traveler,True,1,1518,44,1.3288068771362305,
1670424781176423052,p08_student,True,1,1522,44,1.3369500637054443,
1670424781176423052,p09_entrepreneur,True,1,1523,44,1.3364548683166504,
1670424781176423052,p10_artist,True,1,1521,44,1.3341329097747803,
1670424781176423052,p11_senior,True,1,1522,44,1.3306140899658203,
1670424781176423052,p12_activist,True,1,1526,44,1.3383018970489502,
1671182564822672054,p01_genz_meme,True,1,1372,44,3.8752598762512207,
1671182564822672054,p02_fitness,True,1,1363,44,1.1650588512420654,
1671182564822672054,p03_parent,True,1,1365,44,1.2230923175811768,
1671182564822672054,p04_tech_pro,True,1,1366,44,1.2614049911499023,
1671182564822672054,p05_fashion,True,1,1362,44,1.1702120304107666,
1671182564822672054,p06_foodie,True,1,1373,44,1.1728887557983398,
1671182564822672054,p07_traveler,True,1,1363,44,1.1719958782196045,
1671182564822672054,p08_student,True,1,1367,44,1.1810648441314697,
1671182564822672054,p09_entrepreneur,True,1,1368,44,1.179811954498291,
1671182564822672054,p10_artist,True,1,1366,44,1.1832151412963867,
1671182564822672054,p11_senior,True,1,1367,44,1.1847920417785645,
1671182564822672054,p12_activist,True,1,1371,44,1.1746690273284912,
1671603566122527613,p01_genz_meme,True,1,1261,44,3.571284055709839,
1671603566122527613,p02_fitness,True,1,1252,44,1.0455820560455322,
1671603566122527613,p03_parent,True,1,1254,44,1.081183910369873,
1671603566122527613,p04_tech_pro,True,1,1255,44,1.0715320110321045,
1671603566122527613,p05_fashion,True,1,1251,44,1.056678056716919,
1671603566122527613,p06_foodie,True,1,1262,44,1.067870855331421,
1671603566122527613,p07_traveler,True,1,1252,44,1.0640299320220947,
1671603566122527613,p08_student,True,1,1256,44,1.0737979412078857,
1671603566122527613,p09_entrepreneur,True,1,1257,44,1.067967176437378,
1671603566122527613,p10_artist,True,1,1255,44,1.0890512466430664,
1671603566122527613,p11_senior,True,1,1256,44,1.0734808444976807,
1671603566122527613,p12_activist,True,1,1260,44,1.0702807903289795,
1671923162114536910,p01_genz_meme,True,1,1550,44,3.8610470294952393,
1671923162114536910,p02_fitness,True,1,1541,44,1.329455852508545,
1671923162114536910,p03_parent,True,1,1543,44,1.349423885345459,
1671923162114536910,p04_tech_pro,True,1,1544,44,1.3369600772857666,
1671923162114536910,p05_fashion,True,1,1540,44,1.3552978038787842,
1671923162114536910,p06_foodie,True,1,1551,44,1.3578622341156006,
1671923162114536910,p07_traveler,True,1,1541,44,1.3323688507080078,
1671923162114536910,p08_student,True,1,1545,44,1.3373000621795654,
1671923162114536910,p09_entrepreneur,True,1,1546,44,1.3386046886444092,
1671923162114536910,p10_artist,True,1,1544,44,1.3385710716247559,
1671923162114536910,p11_senior,True,1,1545,44,1.3385579586029053,
1671923162114536910,p12_activist,True,1,1549,44,1.3454041481018066,
1672369322603309307,p01_genz_meme,True,1,1381,44,3.8584091663360596,
1672369322603309307,p02_fitness,True,1,1372,44,1.1669690608978271,
1672369322603309307,p03_parent,True,1,1374,44,1.1882598400115967,
1672369322603309307,p04_tech_pro,True,1,1375,44,1.180577039718628,
1672369322603309307,p05_fashion,True,1,1371,44,1.1710379123687744,
1672369322603309307,p06_foodie,True,1,1382,44,1.1830620765686035,
1672369322603309307,p07_traveler,True,1,1372,44,1.1763379573822021,
1672369322603309307,p08_student,True,1,1376,44,1.199690818786621,
1672369322603309307,p09_entrepreneur,True,1,1377,44,1.1726961135864258,
1672369322603309307,p10_artist,True,1,1375,44,1.1806509494781494,
1672369322603309307,p11_senior,True,1,1376,44,1.171372652053833,
1672369322603309307,p12_activist,True,1,1380,44,1.1815390586853027,
1672507421187573458,p01_genz_meme,True,1,1372,44,3.8842198848724365,
1672507421187573458,p02_fitness,True,1,1363,44,1.1592178344726562,
1672507421187573458,p03_parent,True,1,1365,44,1.178161859512329,
1672507421187573458,p04_tech_pro,True,1,1366,44,1.1746370792388916,
1672507421187573458,p05_fashion,True,1,1362,44,1.172699213027954,
1672507421187573458,p06_foodie,True,1,1373,44,1.1718289852142334,
1672507421187573458,p07_traveler,True,1,1363,44,1.1755216121673584,
1672507421187573458,p08_student,True,1,1367,44,1.1686639785766602,
1672507421187573458,p09_entrepreneur,True,1,1368,44,1.1711080074310303,
1672507421187573458,p10_artist,True,1,1366,44,1.1694331169128418,
1672507421187573458,p11_senior,True,1,1367,44,1.1752781867980957,
1672507421187573458,p12_activist,True,1,1371,44,1.1707549095153809,
1672542042674614386,p01_genz_meme,True,1,1258,44,3.593136787414551,
1672542042674614386,p02_fitness,True,1,1249,44,1.040221929550171,
1672542042674614386,p03_parent,True,1,1251,44,1.077516794204712,
1672542042674614386,p04_tech_pro,True,1,1252,44,1.0671441555023193,
1672542042674614386,p05_fashion,True,1,1248,44,1.0693719387054443,
1672542042674614386,p06_foodie,True,1,1259,44,1.06327486038208,
1672542042674614386,p07_traveler,True,1,1249,44,1.0618162155151367,
1672542042674614386,p08_student,True,1,1253,44,1.0658090114593506,
1672542042674614386,p09_entrepreneur,True,1,1254,44,1.0600800514221191,
1672542042674614386,p10_artist,True,1,1252,44,1.0593349933624268,
1672542042674614386,p11_senior,True,1,1253,44,1.0596997737884521,
1672542042674614386,p12_activist,True,1,1257,44,1.065857172012329,
1672563588463563346,p01_genz_meme,True,1,1330,44,3.5757951736450195,
1672563588463563346,p02_fitness,True,1,1321,44,1.0734000205993652,
1672563588463563346,p03_parent,True,1,1323,44,1.1000189781188965,
1672563588463563346,p04_tech_pro,True,1,1324,44,1.0871500968933105,
1672563588463563346,p05_fashion,True,1,1320,44,1.0747261047363281,
1672563588463563346,p06_foodie,True,1,1331,44,1.0893352031707764,
1672563588463563346,p07_traveler,True,1,1321,44,1.0984337329864502,
1672563588463563346,p08_student,True,1,1325,44,1.119737148284912,
1672563588463563346,p09_entrepreneur,True,1,1326,44,1.091660976409912,
1672563588463563346,p10_artist,True,1,1324,44,1.083874225616455,
1672563588463563346,p11_senior,True,1,1325,44,1.0853822231292725,
1672563588463563346,p12_activist,True,1,1329,44,1.0966527462005615,
1672655670882952250,p01_genz_meme,True,1,1386,44,3.6617419719696045,
1672655670882952250,p02_fitness,True,1,1377,44,1.1721041202545166,
1672655670882952250,p03_parent,True,1,1379,44,1.1968739032745361,
1672655670882952250,p04_tech_pro,True,1,1380,44,1.1904017925262451,
1672655670882952250,p05_fashion,True,1,1376,44,1.1882569789886475,
1672655670882952250,p06_foodie,True,1,1387,44,1.1855380535125732,
1672655670882952250,p07_traveler,True,1,1377,44,1.185297966003418,
1672655670882952250,p08_student,True,1,1381,44,1.1929693222045898,
1672655670882952250,p09_entrepreneur,True,1,1382,44,1.1890449523925781,
1672655670882952250,p10_artist,True,1,1380,44,1.183466911315918,
1672655670882952250,p11_senior,True,1,1381,44,1.1892831325531006,
1672655670882952250,p12_activist,True,1,1385,44,1.1846652030944824,
1673252718037503118,p01_genz_meme,True,1,1397,44,3.879127025604248,
1673252718037503118,p02_fitness,True,1,1388,44,1.1699800491333008,
1673252718037503118,p03_parent,True,1,1390,44,1.195777177810669,
1673252718037503118,p04_tech_pro,True,1,1391,44,1.1878299713134766,
1673252718037503118,p05_fashion,True,1,1387,44,1.1840248107910156,
1673252718037503118,p06_foodie,True,1,1398,44,1.185884952545166,
1673252718037503118,p07_traveler,True,1,1388,44,1.1832339763641357,
1673252718037503118,p08_student,True,1,1392,44,1.1824567317962646,
1673252718037503118,p09_entrepreneur,True,1,1393,44,1.1873321533203125,
1673252718037503118,p10_artist,True,1,1391,44,1.1829719543457031,
1673252718037503118,p11_senior,True,1,1392,44,1.1816987991333008,
1673252718037503118,p12_activist,True,1,1396,44,1.2627949714660645,
1673412582448814509,p01_genz_meme,True,1,1400,44,3.7341887950897217,
1673412582448814509,p02_fitness,True,1,1391,44,1.1797959804534912,
1673412582448814509,p03_parent,True,1,1393,44,1.2058398723602295,
1673412582448814509,p04_tech_pro,True,1,1394,44,1.1995651721954346,
1673412582448814509,p05_fashion,True,1,1390,44,1.1889653205871582,
1673412582448814509,p06_foodie,True,1,1401,44,1.1911208629608154,
1673412582448814509,p07_traveler,True,1,1391,44,1.1923270225524902,
1673412582448814509,p08_student,True,1,1395,44,1.1958129405975342,
1673412582448814509,p09_entrepreneur,True,1,1396,44,1.1968731880187988,
1673412582448814509,p10_artist,True,1,1394,44,1.1940758228302002,
1673412582448814509,p11_senior,True,1,1395,44,1.1922409534454346,
1673412582448814509,p12_activist,True,1,1399,44,1.1941397190093994,
1673646968729378955,p01_genz_meme,True,1,1538,44,3.8422698974609375,
1673646968729378955,p02_fitness,True,1,1529,44,1.3899352550506592,
1673646968729378955,p03_parent,True,1,1531,44,1.3430390357971191,
1673646968729378955,p04_tech_pro,True,1,1532,44,1.329503059387207,
1673646968729378955,p05_fashion,True,1,1528,44,1.3377768993377686,
1673646968729378955,p06_foodie,True,1,1539,44,1.3355438709259033,
1673646968729378955,p07_traveler,True,1,1529,44,1.3317372798919678,
1673646968729378955,p08_student,True,1,1533,44,1.3342461585998535,
1673646968729378955,p09_entrepreneur,True,1,1534,44,1.3343517780303955,
1673646968729378955,p10_artist,True,1,1532,44,1.3309826850891113,
1673646968729378955,p11_senior,True,1,1533,44,1.343163013458252,
1673646968729378955,p12_activist,True,1,1537,44,1.3315160274505615,
1674946142003096491,p01_genz_meme,True,1,1453,44,3.9229302406311035,
1674946142003096491,p02_fitness,True,1,1444,44,1.2582206726074219,
1674946142003096491,p03_parent,True,1,1446,44,1.228787899017334,
1674946142003096491,p04_tech_pro,True,1,1447,44,1.2096741199493408,
1674946142003096491,p05_fashion,True,1,1443,44,1.2105212211608887,
1674946142003096491,p06_foodie,True,1,1454,44,1.2079448699951172,
1674946142003096491,p07_traveler,True,1,1444,44,1.2058241367340088,
1674946142003096491,p08_student,True,1,1448,44,1.200659990310669,
1674946142003096491,p09_entrepreneur,True,1,1449,44,1.2118189334869385,
1674946142003096491,p10_artist,True,1,1447,44,1.2035720348358154,
1674946142003096491,p11_senior,True,1,1448,44,1.2111806869506836,
1674946142003096491,p12_activist,True,1,1452,44,1.2105422019958496,
1675676668570484500,p01_genz_meme,True,1,1301,44,3.7832069396972656,
1675676668570484500,p02_fitness,True,1,1292,44,1.0511260032653809,
1675676668570484500,p03_parent,True,1,1294,44,1.0808501243591309,
1675676668570484500,p04_tech_pro,True,1,1295,44,1.0767440795898438,
1675676668570484500,p05_fashion,True,1,1291,44,1.0635712146759033,
1675676668570484500,p06_foodie,True,1,1302,44,1.0714740753173828,
1675676668570484500,p07_traveler,True,1,1292,44,1.0753321647644043,
1675676668570484500,p08_student,True,1,1296,44,1.0732431411743164,
1675676668570484500,p09_entrepreneur,True,1,1297,44,1.0827679634094238,
1675676668570484500,p10_artist,True,1,1295,44,1.0683400630950928,
1675676668570484500,p11_senior,True,1,1296,44,1.0751538276672363,
1675676668570484500,p12_activist,True,1,1300,44,1.0765070915222168,
1676373276136573624,p01_genz_meme,True,1,1476,44,3.9781832695007324,
1676373276136573624,p02_fitness,True,1,1467,44,1.2004849910736084,
1676373276136573624,p03_parent,True,1,1469,44,1.2209160327911377,
1676373276136573624,p04_tech_pro,True,1,1470,44,1.2057430744171143,
1676373276136573624,p05_fashion,True,1,1466,44,1.2127079963684082,
1676373276136573624,p06_foodie,True,1,1477,44,1.2074289321899414,
1676373276136573624,p07_traveler,True,1,1467,44,1.2025761604309082,
1676373276136573624,p08_student,True,1,1471,44,1.2235350608825684,
1676373276136573624,p09_entrepreneur,True,1,1472,44,1.2186009883880615,
1676373276136573624,p10_artist,True,1,1470,44,1.2137670516967773,
1676373276136573624,p11_senior,True,1,1471,44,1.2081069946289062,
1676373276136573624,p12_activist,True,1,1475,44,1.2086701393127441,
1676642976838182325,p01_genz_meme,True,1,1443,44,3.8885140419006348,
1676642976838182325,p02_fitness,True,1,1434,44,1.1950669288635254,
1676642976838182325,p03_parent,True,1,1436,44,1.221755027770996,
1676642976838182325,p04_tech_pro,True,1,1437,44,1.2104401588439941,
1676642976838182325,p05_fashion,True,1,1433,44,1.2110059261322021,
1676642976838182325,p06_foodie,True,1,1444,44,1.2072219848632812,
1676642976838182325,p07_traveler,True,1,1434,44,1.2100269794464111,
1676642976838182325,p08_student,True,1,1438,44,1.2133228778839111,
1676642976838182325,p09_entrepreneur,True,1,1439,44,1.209604024887085,
1676642976838182325,p10_artist,True,1,1437,44,1.210731029510498,
1676642976838182325,p11_senior,True,1,1438,44,1.2034907341003418,
1676642976838182325,p12_activist,True,1,1442,44,1.204427719116211,
1677742036201011501,p01_genz_meme,True,1,1281,44,3.750685214996338,
1677742036201011501,p02_fitness,True,1,1272,44,1.0488848686218262,
1677742036201011501,p03_parent,True,1,1274,44,1.0799379348754883,
1677742036201011501,p04_tech_pro,True,1,1275,44,1.1461920738220215,
1677742036201011501,p05_fashion,True,1,1271,44,1.0680289268493652,
1677742036201011501,p06_foodie,True,1,1282,44,1.057325839996338,
1677742036201011501,p07_traveler,True,1,1272,44,1.061924934387207,
1677742036201011501,p08_student,True,1,1276,44,1.0676801204681396,
1677742036201011501,p09_entrepreneur,True,1,1277,44,1.0640411376953125,
1677742036201011501,p10_artist,True,1,1275,44,1.0638277530670166,
1677742036201011501,p11_senior,True,1,1276,44,1.068033218383789,
1677742036201011501,p12_activist,True,1,1280,44,1.0613510608673096,
1677911491988240307,p01_genz_meme,True,1,1349,44,3.8641791343688965,
1677911491988240307,p02_fitness,True,1,1340,44,1.075927972793579,
1677911491988240307,p03_parent,True,1,1342,44,1.1081750392913818,
1677911491988240307,p04_tech_pro,True,1,1343,44,1.0931272506713867,
1677911491988240307,p05_fashion,True,1,1339,44,1.081697940826416,
1677911491988240307,p06_foodie,True,1,1350,44,1.0911641120910645,
1677911491988240307,p07_traveler,True,1,1340,44,1.0906729698181152,
1677911491988240307,p08_student,True,1,1344,44,1.092883825302124,
1677911491988240307,p09_entrepreneur,True,1,1345,44,1.0909488201141357,
1677911491988240307,p10_artist,True,1,1343,44,1.0979061126708984,
1677911491988240307,p11_senior,True,1,1344,44,1.0965421199798584,
1677911491988240307,p12_activist,True,1,1348,44,1.101038932800293,
1677972998203572043,p01_genz_meme,True,1,1318,44,3.776020050048828,
1677972998203572043,p02_fitness,True,1,1309,44,1.0587499141693115,
1677972998203572043,p03_parent,True,1,1311,44,1.0873851776123047,
1677972998203572043,p04_tech_pro,True,1,1312,44,1.0827369689941406,
1677972998203572043,p05_fashion,True,1,1308,44,1.0748260021209717,
1677972998203572043,p06_foodie,True,1,1319,44,1.0792551040649414,
1677972998203572043,p07_traveler,True,1,1309,44,1.0748779773712158,
1677972998203572043,p08_student,True,1,1313,44,1.0776138305664062,
1677972998203572043,p09_entrepreneur,True,1,1314,44,1.076606035232544,
1677972998203572043,p10_artist,True,1,1312,44,1.083043098449707,
1677972998203572043,p11_senior,True,1,1313,44,1.0861797332763672,
1677972998203572043,p12_activist,True,1,1317,44,1.078092098236084,
1678469525807672476,p01_genz_meme,True,1,1321,44,3.8205268383026123,
1678469525807672476,p02_fitness,True,1,1312,44,1.0588741302490234,
1678469525807672476,p03_parent,True,1,1314,44,1.090595006942749,
1678469525807672476,p04_tech_pro,True,1,1315,44,1.0867040157318115,
1678469525807672476,p05_fashion,True,1,1311,44,1.076282024383545,
1678469525807672476,p06_foodie,True,1,1322,44,1.0810840129852295,
1678469525807672476,p07_traveler,True,1,1312,44,1.073483943939209,
1678469525807672476,p08_student,True,1,1316,44,1.0874080657958984,
1678469525807672476,p09_entrepreneur,True,1,1317,44,1.112494707107544,
1678469525807672476,p10_artist,True,1,1315,44,1.0854268074035645,
1678469525807672476,p11_senior,True,1,1316,44,1.0786960124969482,
1678469525807672476,p12_activist,True,1,1320,44,1.075174331665039,
1678633873636083259,p01_genz_meme,True,1,1401,44,3.8434150218963623,
1678633873636083259,p02_fitness,True,1,1392,44,1.1887648105621338,
1678633873636083259,p03_parent,True,1,1394,44,1.2103211879730225,
1678633873636083259,p04_tech_pro,True,1,1395,44,1.2245168685913086,
1678633873636083259,p05_fashion,True,1,1391,44,1.2087609767913818,
1678633873636083259,p06_foodie,True,1,1402,44,1.1857318878173828,
1678633873636083259,p07_traveler,True,1,1392,44,1.1973040103912354,
1678633873636083259,p08_student,True,1,1396,44,1.2122468948364258,
1678633873636083259,p09_entrepreneur,True,1,1397,44,1.199103832244873,
1678633873636083259,p10_artist,True,1,1395,44,1.1891319751739502,
1678633873636083259,p11_senior,True,1,1396,44,1.1950531005859375,
1678633873636083259,p12_activist,True,1,1400,44,1.210040807723999,
1679370352945234038,p01_genz_meme,True,1,1442,44,4.035309076309204,
1679370352945234038,p02_fitness,True,1,1433,44,1.1937782764434814,
1679370352945234038,p03_parent,True,1,1435,44,1.2155630588531494,
1679370352945234038,p04_tech_pro,True,1,1436,44,1.204474925994873,
1679370352945234038,p05_fashion,True,1,1432,44,1.201509952545166,
1679370352945234038,p06_foodie,True,1,1443,44,1.2119560241699219,
1679370352945234038,p07_traveler,True,1,1433,44,1.2056150436401367,
1679370352945234038,p08_student,True,1,1437,44,1.2019760608673096,
1679370352945234038,p09_entrepreneur,True,1,1438,44,1.2041919231414795,
1679370352945234038,p10_artist,True,1,1436,44,1.2118980884552002,
1679370352945234038,p11_senior,True,1,1437,44,1.2084951400756836,
1679370352945234038,p12_activist,True,1,1441,44,1.2025489807128906,
1679371338403492791,p01_genz_meme,True,1,1406,44,3.9029908180236816,
1679371338403492791,p02_fitness,True,1,1397,44,1.1775317192077637,
1679371338403492791,p03_parent,True,1,1399,44,1.1937353610992432,
1679371338403492791,p04_tech_pro,True,1,1400,44,1.1902611255645752,
1679371338403492791,p05_fashion,True,1,1396,44,1.1788949966430664,
1679371338403492791,p06_foodie,True,1,1407,44,1.1846327781677246,
1679371338403492791,p07_traveler,True,1,1397,44,1.1952712535858154,
1679371338403492791,p08_student,True,1,1401,44,1.212116003036499,
1679371338403492791,p09_entrepreneur,True,1,1402,44,1.1968638896942139,
1679371338403492791,p10_artist,True,1,1400,44,1.1775541305541992,
1679371338403492791,p11_senior,True,1,1401,44,1.1886441707611084,
1679371338403492791,p12_activist,True,1,1405,44,1.1915667057037354,
1679841164607507003,p01_genz_meme,True,1,1533,44,4.013636827468872,
1679841164607507003,p02_fitness,True,1,1524,44,1.3209269046783447,
1679841164607507003,p03_parent,True,1,1526,44,1.3402209281921387,
1679841164607507003,p04_tech_pro,True,1,1527,44,1.3249189853668213,
1679841164607507003,p05_fashion,True,1,1523,44,1.3243439197540283,
1679841164607507003,p06_foodie,True,1,1534,44,1.3563239574432373,
1679841164607507003,p07_traveler,True,1,1524,44,1.379390001296997,
1679841164607507003,p08_student,True,1,1528,44,1.320720911026001,
1679841164607507003,p09_entrepreneur,True,1,1529,44,1.3252909183502197,
1679841164607507003,p10_artist,True,1,1527,44,1.332369327545166,
1679841164607507003,p11_senior,True,1,1528,44,1.3391849994659424,
1679841164607507003,p12_activist,True,1,1532,44,1.3384270668029785,
1680188931181477438,p01_genz_meme,True,1,1305,44,3.816622018814087,
1680188931181477438,p02_fitness,True,1,1296,44,1.1131250858306885,
1680188931181477438,p03_parent,True,1,1298,44,1.1962628364562988,
1680188931181477438,p04_tech_pro,True,1,1299,44,1.0691561698913574,
1680188931181477438,p05_fashion,True,1,1295,44,1.063533067703247,
1680188931181477438,p06_foodie,True,1,1306,44,1.0683069229125977,
1680188931181477438,p07_traveler,True,1,1296,44,1.065065860748291,
1680188931181477438,p08_student,True,1,1300,44,1.0685288906097412,
1680188931181477438,p09_entrepreneur,True,1,1301,44,1.068760633468628,
1680188931181477438,p10_artist,True,1,1299,44,1.067903995513916,
1680188931181477438,p11_senior,True,1,1300,44,1.06496262550354,
1680188931181477438,p12_activist,True,1,1304,44,1.0923969745635986,
1681567557238623923,p01_genz_meme,True,1,1309,44,3.601594924926758,
1681567557238623923,p02_fitness,True,1,1300,44,1.0558216571807861,
1681567557238623923,p03_parent,True,1,1302,44,1.0859367847442627,
1681567557238623923,p04_tech_pro,True,1,1303,44,1.0788559913635254,
1681567557238623923,p05_fashion,True,1,1299,44,1.0684590339660645,
1681567557238623923,p06_foodie,True,1,1310,44,1.080725908279419,
1681567557238623923,p07_traveler,True,1,1300,44,1.0776698589324951,
1681567557238623923,p08_student,True,1,1304,44,1.0937259197235107,
1681567557238623923,p09_entrepreneur,True,1,1305,44,1.078948974609375,
1681567557238623923,p10_artist,True,1,1303,44,1.0751299858093262,
1681567557238623923,p11_senior,True,1,1304,44,1.0750041007995605,
1681567557238623923,p12_activist,True,1,1308,44,1.0832397937774658,
1681749035595273914,p01_genz_meme,True,1,1340,44,3.8412582874298096,
1681749035595273914,p02_fitness,True,1,1331,44,1.055006980895996,
1681749035595273914,p03_parent,True,1,1333,44,1.0906221866607666,
1681749035595273914,p04_tech_pro,True,1,1334,44,1.105999231338501,
1681749035595273914,p05_fashion,True,1,1330,44,1.060046911239624,
1681749035595273914,p06_foodie,True,1,1341,44,1.0683562755584717,
1681749035595273914,p07_traveler,True,1,1331,44,1.0727882385253906,
1681749035595273914,p08_student,True,1,1335,44,1.080186128616333,
1681749035595273914,p09_entrepreneur,True,1,1336,44,1.0753037929534912,
1681749035595273914,p10_artist,True,1,1334,44,1.0768373012542725,
1681749035595273914,p11_senior,True,1,1335,44,1.0718998908996582,
1681749035595273914,p12_activist,True,1,1339,44,1.0874788761138916,
1682857871848667649,p01_genz_meme,True,1,1319,44,3.5754270553588867,
1682857871848667649,p02_fitness,True,1,1310,44,1.0660531520843506,
1682857871848667649,p03_parent,True,1,1312,44,1.0986831188201904,
1682857871848667649,p04_tech_pro,True,1,1313,44,1.0834112167358398,
1682857871848667649,p05_fashion,True,1,1309,44,1.0762579441070557,
1682857871848667649,p06_foodie,True,1,1320,44,1.0858750343322754,
1682857871848667649,p07_traveler,True,1,1310,44,1.0897409915924072,
1682857871848667649,p08_student,True,1,1314,44,1.087913990020752,
1682857871848667649,p09_entrepreneur,True,1,1315,44,1.0898041725158691,
1682857871848667649,p10_artist,True,1,1313,44,1.083022117614746,
1682857871848667649,p11_senior,True,1,1314,44,1.0750389099121094,
1682857871848667649,p12_activist,True,1,1318,44,1.0938589572906494,
1682988981237860388,p01_genz_meme,True,1,1308,44,3.5731470584869385,
1682988981237860388,p02_fitness,True,1,1299,44,1.0646309852600098,
1682988981237860388,p03_parent,True,1,1301,44,1.1011919975280762,
1682988981237860388,p04_tech_pro,True,1,1302,44,1.0835411548614502,
1682988981237860388,p05_fashion,True,1,1298,44,1.0665228366851807,
1682988981237860388,p06_foodie,True,1,1309,44,1.0794909000396729,
1682988981237860388,p07_traveler,True,1,1299,44,1.0826969146728516,
1682988981237860388,p08_student,True,1,1303,44,1.0770821571350098,
1682988981237860388,p09_entrepreneur,True,1,1304,44,1.074639081954956,
1682988981237860388,p10_artist,True,1,1302,44,1.074596881866455,
1682988981237860388,p11_senior,True,1,1303,44,1.0822460651397705,
1682988981237860388,p12_activist,True,1,1307,44,1.084867238998413,
1683282195082156369,p01_genz_meme,True,1,1390,44,3.6781129837036133,
1683282195082156369,p02_fitness,True,1,1381,44,1.1776680946350098,
1683282195082156369,p03_parent,True,1,1383,44,1.2021770477294922,
1683282195082156369,p04_tech_pro,True,1,1384,44,1.197077751159668,
1683282195082156369,p05_fashion,True,1,1380,44,1.1934058666229248,
1683282195082156369,p06_foodie,True,1,1391,44,1.212874174118042,
1683282195082156369,p07_traveler,True,1,1381,44,1.186960220336914,
1683282195082156369,p08_student,True,1,1385,44,1.1831538677215576,
1683282195082156369,p09_entrepreneur,True,1,1386,44,1.1891999244689941,
1683282195082156369,p10_artist,True,1,1384,44,1.1979107856750488,
1683282195082156369,p11_senior,True,1,1385,44,1.1923770904541016,
1683282195082156369,p12_activist,True,1,1389,44,1.187042236328125,
1683836974187058045,p01_genz_meme,True,1,1306,44,3.798788070678711,
1683836974187058045,p02_fitness,True,1,1297,44,1.053373098373413,
1683836974187058045,p03_parent,True,1,1299,44,1.077003002166748,
1683836974187058045,p04_tech_pro,True,1,1300,44,1.079286813735962,
1683836974187058045,p05_fashion,True,1,1296,44,1.0788278579711914,
1683836974187058045,p06_foodie,True,1,1307,44,1.0639479160308838,
1683836974187058045,p07_traveler,True,1,1297,44,1.0683319568634033,
1683836974187058045,p08_student,True,1,1301,44,1.0729920864105225,
1683836974187058045,p09_entrepreneur,True,1,1302,44,1.0658612251281738,
1683836974187058045,p10_artist,True,1,1300,44,1.076207160949707,
1683836974187058045,p11_senior,True,1,1301,44,1.1544041633605957,
1683836974187058045,p12_activist,True,1,1305,44,1.160571813583374,
1686487485409966788,p01_genz_meme,True,1,1326,44,3.8224918842315674,
1686487485409966788,p02_fitness,True,1,1317,44,1.0502569675445557,
1686487485409966788,p03_parent,True,1,1319,44,1.108212947845459,
1686487485409966788,p04_tech_pro,True,1,1320,44,1.1151049137115479,
1686487485409966788,p05_fashion,True,1,1316,44,1.0582411289215088,
1686487485409966788,p06_foodie,True,1,1327,44,1.0590331554412842,
1686487485409966788,p07_traveler,True,1,1317,44,1.099565029144287,
1686487485409966788,p08_student,True,1,1321,44,1.098355770111084,
1686487485409966788,p09_entrepreneur,True,1,1322,44,1.081679105758667,
1686487485409966788,p10_artist,True,1,1320,44,1.0711970329284668,
1686487485409966788,p11_senior,True,1,1321,44,1.0629949569702148,
1686487485409966788,p12_activist,True,1,1325,44,1.07029390335083,
1686629576746070638,p01_genz_meme,True,1,1275,44,3.6008589267730713,
1686629576746070638,p02_fitness,True,1,1266,44,1.0509932041168213,
1686629576746070638,p03_parent,True,1,1268,44,1.081456184387207,
1686629576746070638,p04_tech_pro,True,1,1269,44,1.0756762027740479,
1686629576746070638,p05_fashion,True,1,1265,44,1.0635409355163574,
1686629576746070638,p06_foodie,True,1,1276,44,1.063481092453003,
1686629576746070638,p07_traveler,True,1,1266,44,1.0719060897827148,
1686629576746070638,p08_student,True,1,1270,44,1.0834801197052002,
1686629576746070638,p09_entrepreneur,True,1,1271,44,1.0805408954620361,
1686629576746070638,p10_artist,True,1,1269,44,1.0672848224639893,
1686629576746070638,p11_senior,True,1,1270,44,1.0745508670806885,
1686629576746070638,p12_activist,True,1,1274,44,1.0738790035247803,
1686972582187236248,p01_genz_meme,True,1,1347,44,3.6943259239196777,
1686972582187236248,p02_fitness,True,1,1338,44,1.0775201320648193,
1686972582187236248,p03_parent,True,1,1340,44,1.111860990524292,
1686972582187236248,p04_tech_pro,True,1,1341,44,1.187135934829712,
1686972582187236248,p05_fashion,True,1,1337,44,1.0822360515594482,
1686972582187236248,p06_foodie,True,1,1348,44,1.1706862449645996,
1686972582187236248,p07_traveler,True,1,1338,44,1.0957460403442383,
1686972582187236248,p08_student,True,1,1342,44,1.1810722351074219,
1686972582187236248,p09_entrepreneur,True,1,1343,44,1.1714098453521729,
1686972582187236248,p10_artist,True,1,1341,44,1.1635839939117432,
1686972582187236248,p11_senior,True,1,1342,44,1.1704199314117432,
1686972582187236248,p12_activist,True,1,1346,44,1.1841518878936768,
1687259864680918065,p01_genz_meme,True,1,1349,44,3.776123046875,
1687259864680918065,p02_fitness,True,1,1340,44,1.0946459770202637,
1687259864680918065,p03_parent,True,1,1342,44,1.110253095626831,
1687259864680918065,p04_tech_pro,True,1,1343,44,1.0906918048858643,
1687259864680918065,p05_fashion,True,1,1339,44,1.0915541648864746,
1687259864680918065,p06_foodie,True,1,1350,44,1.101250171661377,
1687259864680918065,p07_traveler,True,1,1340,44,1.0962927341461182,
1687259864680918065,p08_student,True,1,1344,44,1.0870110988616943,
1687259864680918065,p09_entrepreneur,True,1,1345,44,1.0938177108764648,
1687259864680918065,p10_artist,True,1,1343,44,1.087357759475708,
1687259864680918065,p11_senior,True,1,1344,44,1.095890998840332,
1687259864680918065,p12_activist,True,1,1348,44,1.1024980545043945,
1687546432782957918,p01_genz_meme,True,1,1315,44,3.7705647945404053,
1687546432782957918,p02_fitness,True,1,1306,44,1.0625672340393066,
1687546432782957918,p03_parent,True,1,1308,44,1.0899021625518799,
1687546432782957918,p04_tech_pro,True,1,1309,44,1.0760681629180908,
1687546432782957918,p05_fashion,True,1,1305,44,1.0672378540039062,
1687546432782957918,p06_foodie,True,1,1316,44,1.0816948413848877,
1687546432782957918,p07_traveler,True,1,1306,44,1.0799241065979004,
1687546432782957918,p08_student,True,1,1310,44,1.0805387496948242,
1687546432782957918,p09_entrepreneur,True,1,1311,44,1.0815863609313965,
1687546432782957918,p10_artist,True,1,1309,44,1.0880720615386963,
1687546432782957918,p11_senior,True,1,1310,44,1.085752248764038,
1687546432782957918,p12_activist,True,1,1314,44,1.077497959136963,
1688851168997226396,p01_genz_meme,True,1,1288,44,3.76135516166687,
1688851168997226396,p02_fitness,True,1,1279,44,1.0480530261993408,
1688851168997226396,p03_parent,True,1,1281,44,1.078265905380249,
1688851168997226396,p04_tech_pro,True,1,1282,44,1.0724151134490967,
1688851168997226396,p05_fashion,True,1,1278,44,1.073889970779419,
1688851168997226396,p06_foodie,True,1,1289,44,1.083277940750122,
1688851168997226396,p07_traveler,True,1,1279,44,1.0629911422729492,
1688851168997226396,p08_student,True,1,1283,44,1.076611042022705,
1688851168997226396,p09_entrepreneur,True,1,1284,44,1.0812900066375732,
1688851168997226396,p10_artist,True,1,1282,44,1.1006970405578613,
1688851168997226396,p11_senior,True,1,1283,44,1.0700867176055908,
1688851168997226396,p12_activist,True,1,1287,44,1.069403886795044,
1690005696856442104,p01_genz_meme,True,1,1298,44,3.7589099407196045,
1690005696856442104,p02_fitness,True,1,1289,44,1.0503160953521729,
1690005696856442104,p03_parent,True,1,1291,44,1.0798957347869873,
1690005696856442104,p04_tech_pro,True,1,1292,44,1.0746028423309326,
1690005696856442104,p05_fashion,True,1,1288,44,1.0609538555145264,
1690005696856442104,p06_foodie,True,1,1299,44,1.0635688304901123,
1690005696856442104,p07_traveler,True,1,1289,44,1.0671648979187012,
1690005696856442104,p08_student,True,1,1293,44,1.0653681755065918,
1690005696856442104,p09_entrepreneur,True,1,1294,44,1.0810377597808838,
1690005696856442104,p10_artist,True,1,1292,44,1.0656070709228516,
1690005696856442104,p11_senior,True,1,1293,44,1.068782091140747,
1690005696856442104,p12_activist,True,1,1297,44,1.0736310482025146,
1690209889451086620,p01_genz_meme,True,1,1275,44,3.5951461791992188,
1690209889451086620,p02_fitness,True,1,1266,44,1.0545380115509033,
1690209889451086620,p03_parent,True,1,1268,44,1.0808818340301514,
1690209889451086620,p04_tech_pro,True,1,1269,44,1.0838227272033691,
1690209889451086620,p05_fashion,True,1,1265,44,1.0754759311676025,
1690209889451086620,p06_foodie,True,1,1276,44,1.0709619522094727,
1690209889451086620,p07_traveler,True,1,1266,44,1.0698258876800537,
1690209889451086620,p08_student,True,1,1270,44,1.0796887874603271,
1690209889451086620,p09_entrepreneur,True,1,1271,44,1.0773098468780518,
1690209889451086620,p10_artist,True,1,1269,44,1.0762958526611328,
1690209889451086620,p11_senior,True,1,1270,44,1.0742247104644775,
1690209889451086620,p12_activist,True,1,1274,44,1.0804767608642578,
1690265033676135913,p01_genz_meme,True,1,1334,44,3.80928373336792,
1690265033676135913,p02_fitness,True,1,1325,44,1.0686321258544922,
1690265033676135913,p03_parent,True,1,1327,44,1.1246418952941895,
1690265033676135913,p04_tech_pro,True,1,1328,44,1.1247837543487549,
1690265033676135913,p05_fashion,True,1,1324,44,1.0754880905151367,
1690265033676135913,p06_foodie,True,1,1335,44,1.081484079360962,
1690265033676135913,p07_traveler,True,1,1325,44,1.0850169658660889,
1690265033676135913,p08_student,True,1,1329,44,1.0915939807891846,
1690265033676135913,p09_entrepreneur,True,1,1330,44,1.2116742134094238,
1690265033676135913,p10_artist,True,1,1328,44,1.0896661281585693,
1690265033676135913,p11_senior,True,1,1329,44,1.0731520652770996,
1690265033676135913,p12_activist,True,1,1333,44,1.0913188457489014,
1690311749716548854,p01_genz_meme,True,1,1385,44,3.693143129348755,
1690311749716548854,p02_fitness,True,1,1376,44,1.1763670444488525,
1690311749716548854,p03_parent,True,1,1378,44,1.2103190422058105,
1690311749716548854,p04_tech_pro,True,1,1379,44,1.190215826034546,
1690311749716548854,p05_fashion,True,1,1375,44,1.1806089878082275,
1690311749716548854,p06_foodie,True,1,1386,44,1.1904850006103516,
1690311749716548854,p07_traveler,True,1,1376,44,1.1949827671051025,
1690311749716548854,p08_student,True,1,1380,44,1.1899809837341309,
1690311749716548854,p09_entrepreneur,True,1,1381,44,1.191122055053711,
1690311749716548854,p10_artist,True,1,1379,44,1.1840236186981201,
1690311749716548854,p11_senior,True,1,1380,44,1.1909589767456055,
1690311749716548854,p12_activist,True,1,1384,44,1.2046520709991455,
1690961138546028022,p01_genz_meme,True,1,1377,44,3.7049789428710938,
1690961138546028022,p02_fitness,True,1,1368,44,1.2040691375732422,
1690961138546028022,p03_parent,True,1,1370,44,1.1910672187805176,
1690961138546028022,p04_tech_pro,True,1,1371,44,1.1788232326507568,
1690961138546028022,p05_fashion,True,1,1367,44,1.19334077835083,
1690961138546028022,p06_foodie,True,1,1378,44,1.199571132659912,
1690961138546028022,p07_traveler,True,1,1368,44,1.1829371452331543,
1690961138546028022,p08_student,True,1,1372,44,1.1798207759857178,
1690961138546028022,p09_entrepreneur,True,1,1373,44,1.200366735458374,
1690961138546028022,p10_artist,True,1,1371,44,1.203962802886963,
1690961138546028022,p11_senior,True,1,1372,44,1.1839799880981445,
1690961138546028022,p12_activist,True,1,1376,44,1.1849048137664795,
1691354593471927585,p01_genz_meme,True,1,1449,44,3.936553955078125,
1691354593471927585,p02_fitness,True,1,1440,44,1.189018964767456,
1691354593471927585,p03_parent,True,1,1442,44,1.2206997871398926,
1691354593471927585,p04_tech_pro,True,1,1443,44,1.2145118713378906,
1691354593471927585,p05_fashion,True,1,1439,44,1.199092149734497,
1691354593471927585,p06_foodie,True,1,1450,44,1.206441879272461,
1691354593471927585,p07_traveler,True,1,1440,44,1.2016291618347168,
1691354593471927585,p08_student,True,1,1444,44,1.2143340110778809,
1691354593471927585,p09_entrepreneur,True,1,1445,44,1.2092618942260742,
1691354593471927585,p10_artist,True,1,1443,44,1.2010409832000732,
1691354593471927585,p11_senior,True,1,1444,44,1.2216517925262451,
1691354593471927585,p12_activist,True,1,1448,44,1.2621521949768066,
1692350662580645777,p01_genz_meme,True,1,1480,44,3.9915719032287598,
1692350662580645777,p02_fitness,True,1,1471,44,1.3245570659637451,
1692350662580645777,p03_parent,True,1,1473,44,1.3220160007476807,
1692350662580645777,p04_tech_pro,True,1,1474,44,1.303807020187378,
1692350662580645777,p05_fashion,True,1,1470,44,1.3125460147857666,
1692350662580645777,p06_foodie,True,1,1481,44,1.31870698928833,
1692350662580645777,p07_traveler,True,1,1471,44,1.3076341152191162,
1692350662580645777,p08_student,True,1,1475,44,1.304663896560669,
1692350662580645777,p09_entrepreneur,True,1,1476,44,1.3127107620239258,
1692350662580645777,p10_artist,True,1,1474,44,1.3478379249572754,
1692350662580645777,p11_senior,True,1,1475,44,1.3002350330352783,
1692350662580645777,p12_activist,True,1,1479,44,1.3125061988830566,
1692420703682392583,p01_genz_meme,True,1,1273,44,3.7144601345062256,
1692420703682392583,p02_fitness,True,1,1264,44,1.0496020317077637,
1692420703682392583,p03_parent,True,1,1266,44,1.0786511898040771,
1692420703682392583,p04_tech_pro,True,1,1267,44,1.0959680080413818,
1692420703682392583,p05_fashion,True,1,1263,44,1.0608782768249512,
1692420703682392583,p06_foodie,True,1,1274,44,1.0619800090789795,
1692420703682392583,p07_traveler,True,1,1264,44,1.06679105758667,
1692420703682392583,p08_student,True,1,1268,44,1.0711719989776611,
1692420703682392583,p09_entrepreneur,True,1,1269,44,1.0795009136199951,
1692420703682392583,p10_artist,True,1,1267,44,1.0646960735321045,
1692420703682392583,p11_senior,True,1,1268,44,1.0685532093048096,
1692420703682392583,p12_activist,True,1,1272,44,1.0692009925842285,
1693575363564534032,p01_genz_meme,True,1,1398,44,3.607746124267578,
1693575363564534032,p02_fitness,True,1,1389,44,1.1829309463500977,
1693575363564534032,p03_parent,True,1,1391,44,1.2126080989837646,
1693575363564534032,p04_tech_pro,True,1,1392,44,1.2046232223510742,
1693575363564534032,p05_fashion,True,1,1388,44,1.1905109882354736,
1693575363564534032,p06_foodie,True,1,1399,44,1.1937401294708252,
1693575363564534032,p07_traveler,True,1,1389,44,1.2013192176818848,
1693575363564534032,p08_student,True,1,1393,44,1.2008209228515625,
1693575363564534032,p09_entrepreneur,True,1,1394,44,1.189704179763794,
1693575363564534032,p10_artist,True,1,1392,44,1.188424825668335,
1693575363564534032,p11_senior,True,1,1393,44,1.1969940662384033,
1693575363564534032,p12_activist,True,1,1397,44,1.1987342834472656,
1694071859476080768,p01_genz_meme,True,1,1541,44,3.976839780807495,
1694071859476080768,p02_fitness,True,1,1532,44,1.3193438053131104,
1694071859476080768,p03_parent,True,1,1534,44,1.3369522094726562,
1694071859476080768,p04_tech_pro,True,1,1535,44,1.3251879215240479,
1694071859476080768,p05_fashion,True,1,1531,44,1.3298609256744385,
1694071859476080768,p06_foodie,True,1,1542,44,1.350484848022461,
1694071859476080768,p07_traveler,True,1,1532,44,1.3279049396514893,
1694071859476080768,p08_student,True,1,1536,44,1.3304247856140137,
1694071859476080768,p09_entrepreneur,True,1,1537,44,1.331089735031128,
1694071859476080768,p10_artist,True,1,1535,44,1.3936691284179688,
1694071859476080768,p11_senior,True,1,1536,44,1.342533826828003,
1694071859476080768,p12_activist,True,1,1540,44,1.329963207244873,
1694259746629793407,p01_genz_meme,True,1,1318,44,3.707789182662964,
1694259746629793407,p02_fitness,True,1,1309,44,1.0728387832641602,
1694259746629793407,p03_parent,True,1,1311,44,1.1124958992004395,
1694259746629793407,p04_tech_pro,True,1,1312,44,1.087569236755371,
1694259746629793407,p05_fashion,True,1,1308,44,1.076336145401001,
1694259746629793407,p06_foodie,True,1,1319,44,1.0877830982208252,
1694259746629793407,p07_traveler,True,1,1309,44,1.0881140232086182,
1694259746629793407,p08_student,True,1,1313,44,1.0945181846618652,
1694259746629793407,p09_entrepreneur,True,1,1314,44,1.084256649017334,
1694259746629793407,p10_artist,True,1,1312,44,1.0854599475860596,
1694259746629793407,p11_senior,True,1,1313,44,1.0880420207977295,
1694259746629793407,p12_activist,True,1,1317,44,1.094703197479248,
1695609249923993497,p01_genz_meme,True,1,1299,44,3.749221086502075,
1695609249923993497,p02_fitness,True,1,1290,44,1.0584502220153809,
1695609249923993497,p03_parent,True,1,1292,44,1.0911779403686523,
1695609249923993497,p04_tech_pro,True,1,1293,44,1.0794410705566406,
1695609249923993497,p05_fashion,True,1,1289,44,1.0630929470062256,
1695609249923993497,p06_foodie,True,1,1300,44,1.0757808685302734,
1695609249923993497,p07_traveler,True,1,1290,44,1.0947391986846924,
1695609249923993497,p08_student,True,1,1294,44,1.0792369842529297,
1695609249923993497,p09_entrepreneur,True,1,1295,44,1.0740389823913574,
1695609249923993497,p10_artist,True,1,1293,44,1.0787608623504639,
1695609249923993497,p11_senior,True,1,1294,44,1.0943412780761719,
1695609249923993497,p12_activist,True,1,1298,44,1.1328341960906982,
1696065182940757592,p01_genz_meme,True,1,1406,44,3.6099069118499756,
1696065182940757592,p02_fitness,True,1,1397,44,1.1882781982421875,
1696065182940757592,p03_parent,True,1,1399,44,1.217005729675293,
1696065182940757592,p04_tech_pro,True,1,1400,44,1.2008938789367676,
1696065182940757592,p05_fashion,True,1,1396,44,1.1917049884796143,
1696065182940757592,p06_foodie,True,1,1407,44,1.201970100402832,
1696065182940757592,p07_traveler,True,1,1397,44,1.2001769542694092,
1696065182940757592,p08_student,True,1,1401,44,1.1976549625396729,
1696065182940757592,p09_entrepreneur,True,1,1402,44,1.2050848007202148,
1696065182940757592,p10_artist,True,1,1400,44,1.1981589794158936,
1696065182940757592,p11_senior,True,1,1401,44,1.2025270462036133,
1696065182940757592,p12_activist,True,1,1405,44,1.19618821144104,
1696553628976692549,p01_genz_meme,True,1,1300,44,3.7200961112976074,
1696553628976692549,p02_fitness,True,1,1291,44,1.0620989799499512,
1696553628976692549,p03_parent,True,1,1293,44,1.1050469875335693,
1696553628976692549,p04_tech_pro,True,1,1294,44,1.0895359516143799,
1696553628976692549,p05_fashion,True,1,1290,44,1.0847387313842773,
1696553628976692549,p06_foodie,True,1,1301,44,1.0796129703521729,
1696553628976692549,p07_traveler,True,1,1291,44,1.0763771533966064,
1696553628976692549,p08_student,True,1,1295,44,1.0853569507598877,
1696553628976692549,p09_entrepreneur,True,1,1296,44,1.1420691013336182,
1696553628976692549,p10_artist,True,1,1294,44,1.1655628681182861,
1696553628976692549,p11_senior,True,1,1295,44,1.0741372108459473,
1696553628976692549,p12_activist,True,1,1299,44,1.070432186126709,
1697302402679409182,p01_genz_meme,True,1,1309,44,3.7097368240356445,
1697302402679409182,p02_fitness,True,1,1300,44,1.056020975112915,
1697302402679409182,p03_parent,True,1,1302,44,1.1018311977386475,
1697302402679409182,p04_tech_pro,True,1,1303,44,1.1097321510314941,
1697302402679409182,p05_fashion,True,1,1299,44,1.0856239795684814,
1697302402679409182,p06_foodie,True,1,1310,44,1.0863020420074463,
1697302402679409182,p07_traveler,True,1,1300,44,1.0714750289916992,
1697302402679409182,p08_student,True,1,1304,44,1.0706050395965576,
1697302402679409182,p09_entrepreneur,True,1,1305,44,1.0818860530853271,
1697302402679409182,p10_artist,True,1,1303,44,1.0701801776885986,
1697302402679409182,p11_senior,True,1,1304,44,1.0761308670043945,
1697302402679409182,p12_activist,True,1,1308,44,1.0740110874176025,
1697594121010298731,p01_genz_meme,True,1,1375,44,3.8931658267974854,
1697594121010298731,p02_fitness,True,1,1366,44,1.0884370803833008,
1697594121010298731,p03_parent,True,1,1368,44,1.124006748199463,
1697594121010298731,p04_tech_pro,True,1,1369,44,1.108302116394043,
1697594121010298731,p05_fashion,True,1,1365,44,1.0949430465698242,
1697594121010298731,p06_foodie,True,1,1376,44,1.1781909465789795,
1697594121010298731,p07_traveler,True,1,1366,44,1.0956101417541504,
1697594121010298731,p08_student,True,1,1370,44,1.106855869293213,
1697594121010298731,p09_entrepreneur,True,1,1371,44,1.1909241676330566,
1697594121010298731,p10_artist,True,1,1369,44,1.0922150611877441,
1697594121010298731,p11_senior,True,1,1370,44,1.1010940074920654,
1697594121010298731,p12_activist,True,1,1374,44,1.1862027645111084,
1698957738380197921,p01_genz_meme,True,1,1346,44,3.7788639068603516,
1698957738380197921,p02_fitness,True,1,1337,44,1.0831210613250732,
1698957738380197921,p03_parent,True,1,1339,44,1.200977087020874,
1698957738380197921,p04_tech_pro,True,1,1340,44,1.1560869216918945,
1698957738380197921,p05_fashion,True,1,1336,44,1.1079432964324951,
1698957738380197921,p06_foodie,True,1,1347,44,1.184546947479248,
1698957738380197921,p07_traveler,True,1,1337,44,1.103032112121582,
1698957738380197921,p08_student,True,1,1341,44,1.239743947982788,
1698957738380197921,p09_entrepreneur,True,1,1342,44,1.1927189826965332,
1698957738380197921,p10_artist,True,1,1340,44,1.089479923248291,
1698957738380197921,p11_senior,True,1,1341,44,1.2096178531646729,
1698957738380197921,p12_activist,True,1,1345,44,1.189596176147461,
1700227840640219236,p01_genz_meme,True,1,1313,44,3.784938097000122,
1700227840640219236,p02_fitness,True,1,1304,44,1.0712289810180664,
1700227840640219236,p03_parent,True,1,1306,44,1.1088950634002686,
1700227840640219236,p04_tech_pro,True,1,1307,44,1.0830020904541016,
1700227840640219236,p05_fashion,True,1,1303,44,1.0824840068817139,
1700227840640219236,p06_foodie,True,1,1314,44,1.098994255065918,
1700227840640219236,p07_traveler,True,1,1304,44,1.0746300220489502,
1700227840640219236,p08_student,True,1,1308,44,1.073390245437622,
1700227840640219236,p09_entrepreneur,True,1,1309,44,1.0820610523223877,
1700227840640219236,p10_artist,True,1,1307,44,1.0801937580108643,
1700227840640219236,p11_senior,True,1,1308,44,1.073004961013794,
1700227840640219236,p12_activist,True,1,1312,44,1.0741381645202637,
1700400315083535746,p01_genz_meme,True,1,1433,44,3.9176199436187744,
1700400315083535746,p02_fitness,True,1,1424,44,1.1917638778686523,
1700400315083535746,p03_parent,True,1,1426,44,1.290557861328125,
1700400315083535746,p04_tech_pro,True,1,1427,44,1.2831010818481445,
1700400315083535746,p05_fashion,True,1,1423,44,1.2707479000091553,
1700400315083535746,p06_foodie,True,1,1434,44,1.2341208457946777,
1700400315083535746,p07_traveler,True,1,1424,44,1.203104019165039,
1700400315083535746,p08_student,True,1,1428,44,1.2183291912078857,
1700400315083535746,p09_entrepreneur,True,1,1429,44,1.2142841815948486,
1700400315083535746,p10_artist,True,1,1427,44,1.2008399963378906,
1700400315083535746,p11_senior,True,1,1428,44,1.1977007389068604,
1700400315083535746,p12_activist,True,1,1432,44,1.233497142791748,
1701516926553027222,p01_genz_meme,True,1,1397,44,3.9388949871063232,
1701516926553027222,p02_fitness,True,1,1388,44,1.2047860622406006,
1701516926553027222,p03_parent,True,1,1390,44,1.239184856414795,
1701516926553027222,p04_tech_pro,True,1,1391,44,1.1949129104614258,
1701516926553027222,p05_fashion,True,1,1387,44,1.1867759227752686,
1701516926553027222,p06_foodie,True,1,1398,44,1.208463191986084,
1701516926553027222,p07_traveler,True,1,1388,44,1.1977858543395996,
1701516926553027222,p08_student,True,1,1392,44,1.19478178024292,
1701516926553027222,p09_entrepreneur,True,1,1393,44,1.2025337219238281,
1701516926553027222,p10_artist,True,1,1391,44,1.1971688270568848,
1701516926553027222,p11_senior,True,1,1392,44,1.1930301189422607,
1701516926553027222,p12_activist,True,1,1396,44,1.190863847732544,
1703725206923054818,p01_genz_meme,True,1,1643,44,3.9744088649749756,
1703725206923054818,p02_fitness,True,1,1634,44,1.4667680263519287,
1703725206923054818,p03_parent,True,1,1636,44,1.5151660442352295,
1703725206923054818,p04_tech_pro,True,1,1637,44,1.475904941558838,
1703725206923054818,p05_fashion,True,1,1633,44,1.466681957244873,
1703725206923054818,p06_foodie,True,1,1644,44,1.4757308959960938,
1703725206923054818,p07_traveler,True,1,1634,44,1.4764087200164795,
1703725206923054818,p08_student,True,1,1638,44,1.4784579277038574,
1703725206923054818,p09_entrepreneur,True,1,1639,44,1.468285322189331,
1703725206923054818,p10_artist,True,1,1637,44,1.4731378555297852,
1703725206923054818,p11_senior,True,1,1638,44,1.4768898487091064,
1703725206923054818,p12_activist,True,1,1642,44,1.4772238731384277,
1703890533528429283,p01_genz_meme,True,1,1300,44,3.8034281730651855,
1703890533528429283,p02_fitness,True,1,1291,44,1.0553290843963623,
1703890533528429283,p03_parent,True,1,1293,44,1.0831351280212402,
1703890533528429283,p04_tech_pro,True,1,1294,44,1.0735371112823486,
1703890533528429283,p05_fashion,True,1,1290,44,1.07576584815979,
1703890533528429283,p06_foodie,True,1,1301,44,1.1023650169372559,
1703890533528429283,p07_traveler,True,1,1291,44,1.0718142986297607,
1703890533528429283,p08_student,True,1,1295,44,1.0700640678405762,
1703890533528429283,p09_entrepreneur,True,1,1296,44,1.0734779834747314,
1703890533528429283,p10_artist,True,1,1294,44,1.0800280570983887,
1703890533528429283,p11_senior,True,1,1295,44,1.0778610706329346,
1703890533528429283,p12_activist,True,1,1299,44,1.0732018947601318,
1704156807691648423,p01_genz_meme,True,1,1310,44,3.586610794067383,
1704156807691648423,p02_fitness,True,1,1301,44,1.0662589073181152,
1704156807691648423,p03_parent,True,1,1303,44,1.0964679718017578,
1704156807691648423,p04_tech_pro,True,1,1304,44,1.0971918106079102,
1704156807691648423,p05_fashion,True,1,1300,44,1.080887794494629,
1704156807691648423,p06_foodie,True,1,1311,44,1.0794689655303955,
1704156807691648423,p07_traveler,True,1,1301,44,1.0806870460510254,
1704156807691648423,p08_student,True,1,1305,44,1.0892019271850586,
1704156807691648423,p09_entrepreneur,True,1,1306,44,1.0875084400177002,
1704156807691648423,p10_artist,True,1,1304,44,1.0945169925689697,
1704156807691648423,p11_senior,True,1,1305,44,1.086014986038208,
1704156807691648423,p12_activist,True,1,1309,44,1.0821399688720703,
1705475088570501331,p01_genz_meme,True,1,1364,44,3.679236888885498,
1705475088570501331,p02_fitness,True,1,1355,44,1.163478136062622,
1705475088570501331,p03_parent,True,1,1357,44,1.189180850982666,
1705475088570501331,p04_tech_pro,True,1,1358,44,1.1838006973266602,
1705475088570501331,p05_fashion,True,1,1354,44,1.1755588054656982,
1705475088570501331,p06_foodie,True,1,1365,44,1.1807217597961426,
1705475088570501331,p07_traveler,True,1,1355,44,1.2437348365783691,
1705475088570501331,p08_student,True,1,1359,44,1.2305071353912354,
1705475088570501331,p09_entrepreneur,True,1,1360,44,1.167212963104248,
1705475088570501331,p10_artist,True,1,1358,44,1.1735458374023438,
1705475088570501331,p11_senior,True,1,1359,44,1.1767711639404297,
1705475088570501331,p12_activist,True,1,1363,44,1.1834077835083008,
1705920260840031251,p01_genz_meme,True,1,1302,44,3.8124852180480957,
1705920260840031251,p02_fitness,True,1,1293,44,1.052485704421997,
1705920260840031251,p03_parent,True,1,1295,44,1.0844879150390625,
1705920260840031251,p04_tech_pro,True,1,1296,44,1.0786969661712646,
1705920260840031251,p05_fashion,True,1,1292,44,1.1511402130126953,
1705920260840031251,p06_foodie,True,1,1303,44,1.0792829990386963,
1705920260840031251,p07_traveler,True,1,1293,44,1.0616581439971924,
1705920260840031251,p08_student,True,1,1297,44,1.0694968700408936,
1705920260840031251,p09_entrepreneur,True,1,1298,44,1.0756022930145264,
1705920260840031251,p10_artist,True,1,1296,44,1.0694890022277832,
1705920260840031251,p11_senior,True,1,1297,44,1.0769150257110596,
1705920260840031251,p12_activist,True,1,1301,44,1.0704851150512695,
1706063357498724245,p01_genz_meme,True,1,1351,44,3.7748968601226807,
1706063357498724245,p02_fitness,True,1,1342,44,1.071394920349121,
1706063357498724245,p03_parent,True,1,1344,44,1.1013967990875244,
1706063357498724245,p04_tech_pro,True,1,1345,44,1.0867931842803955,
1706063357498724245,p05_fashion,True,1,1341,44,1.0865809917449951,
1706063357498724245,p06_foodie,True,1,1352,44,1.0935611724853516,
1706063357498724245,p07_traveler,True,1,1342,44,1.0878159999847412,
1706063357498724245,p08_student,True,1,1346,44,1.0863170623779297,
1706063357498724245,p09_entrepreneur,True,1,1347,44,1.0846519470214844,
1706063357498724245,p10_artist,True,1,1345,44,1.0890748500823975,
1706063357498724245,p11_senior,True,1,1346,44,1.0950028896331787,
1706063357498724245,p12_activist,True,1,1350,44,1.0909228324890137,
1706229012743043149,p01_genz_meme,True,1,1397,44,3.9786412715911865,
1706229012743043149,p02_fitness,True,1,1388,44,1.1659531593322754,
1706229012743043149,p03_parent,True,1,1390,44,1.1958668231964111,
1706229012743043149,p04_tech_pro,True,1,1391,44,1.1830699443817139,
1706229012743043149,p05_fashion,True,1,1387,44,1.176900863647461,
1706229012743043149,p06_foodie,True,1,1398,44,1.208177089691162,
1706229012743043149,p07_traveler,True,1,1388,44,1.1779170036315918,
1706229012743043149,p08_student,True,1,1392,44,1.1716570854187012,
1706229012743043149,p09_entrepreneur,True,1,1393,44,1.1773781776428223,
1706229012743043149,p10_artist,True,1,1391,44,1.1829018592834473,
1706229012743043149,p11_senior,True,1,1392,44,1.183340072631836,
1706229012743043149,p12_activist,True,1,1396,44,1.179819107055664,
1706752769041287201,p01_genz_meme,True,1,1283,44,3.583953857421875,
1706752769041287201,p02_fitness,True,1,1274,44,1.059070110321045,
1706752769041287201,p03_parent,True,1,1276,44,1.086704969406128,
1706752769041287201,p04_tech_pro,True,1,1277,44,1.0779330730438232,
1706752769041287201,p05_fashion,True,1,1273,44,1.0755772590637207,
1706752769041287201,p06_foodie,True,1,1284,44,1.0697169303894043,
1706752769041287201,p07_traveler,True,1,1274,44,1.0749309062957764,
1706752769041287201,p08_student,True,1,1278,44,1.0758209228515625,
1706752769041287201,p09_entrepreneur,True,1,1279,44,1.0744187831878662,
1706752769041287201,p10_artist,True,1,1277,44,1.076380968093872,
1706752769041287201,p11_senior,True,1,1278,44,1.0765860080718994,
1706752769041287201,p12_activist,True,1,1282,44,1.0775630474090576,
1707542968565853461,p01_genz_meme,True,1,1293,44,3.7636008262634277,
1707542968565853461,p02_fitness,True,1,1284,44,1.052901029586792,
1707542968565853461,p03_parent,True,1,1286,44,1.0847821235656738,
1707542968565853461,p04_tech_pro,True,1,1287,44,1.0737106800079346,
1707542968565853461,p05_fashion,True,1,1283,44,1.0608429908752441,
1707542968565853461,p06_foodie,True,1,1294,44,1.0705537796020508,
1707542968565853461,p07_traveler,True,1,1284,44,1.0675902366638184,
1707542968565853461,p08_student,True,1,1288,44,1.0764591693878174,
1707542968565853461,p09_entrepreneur,True,1,1289,44,1.0762648582458496,
1707542968565853461,p10_artist,True,1,1287,44,1.0783159732818604,
1707542968565853461,p11_senior,True,1,1288,44,1.071739912033081,
1707542968565853461,p12_activist,True,1,1292,44,1.0723028182983398,
1707931371811319626,p01_genz_meme,True,1,1387,44,3.947601079940796,
1707931371811319626,p02_fitness,True,1,1378,44,1.169693946838379,
1707931371811319626,p03_parent,True,1,1380,44,1.1960711479187012,
1707931371811319626,p04_tech_pro,True,1,1381,44,1.1937007904052734,
1707931371811319626,p05_fashion,True,1,1377,44,1.178091049194336,
1707931371811319626,p06_foodie,True,1,1388,44,1.1828320026397705,
1707931371811319626,p07_traveler,True,1,1378,44,1.1870603561401367,
1707931371811319626,p08_student,True,1,1382,44,1.193770170211792,
1707931371811319626,p09_entrepreneur,True,1,1383,44,1.1870810985565186,
1707931371811319626,p10_artist,True,1,1381,44,1.2007009983062744,
1707931371811319626,p11_senior,True,1,1382,44,1.1819767951965332,
1707931371811319626,p12_activist,True,1,1386,44,1.1968941688537598,
1708902337635295806,p01_genz_meme,True,1,1496,44,4.026110887527466,
1708902337635295806,p02_fitness,True,1,1487,44,1.2261028289794922,
1708902337635295806,p03_parent,True,1,1489,44,1.3412210941314697,
1708902337635295806,p04_tech_pro,True,1,1490,44,1.3129558563232422,
1708902337635295806,p05_fashion,True,1,1486,44,1.231342077255249,
1708902337635295806,p06_foodie,True,1,1497,44,1.327970027923584,
1708902337635295806,p07_traveler,True,1,1487,44,1.2224409580230713,
1708902337635295806,p08_student,True,1,1491,44,1.3165099620819092,
1708902337635295806,p09_entrepreneur,True,1,1492,44,1.3122241497039795,
1708902337635295806,p10_artist,True,1,1490,44,1.310133934020996,
1708902337635295806,p11_senior,True,1,1491,44,1.30914306640625,
1708902337635295806,p12_activist,True,1,1495,44,1.3758831024169922,
1708910816486787118,p01_genz_meme,True,1,1339,44,3.800381898880005,
1708910816486787118,p02_fitness,True,1,1330,44,1.0677189826965332,
1708910816486787118,p03_parent,True,1,1332,44,1.1185059547424316,
1708910816486787118,p04_tech_pro,True,1,1333,44,1.1120359897613525,
1708910816486787118,p05_fashion,True,1,1329,44,1.0852000713348389,
1708910816486787118,p06_foodie,True,1,1340,44,1.093513011932373,
1708910816486787118,p07_traveler,True,1,1330,44,1.0905001163482666,
1708910816486787118,p08_student,True,1,1334,44,1.081632137298584,
1708910816486787118,p09_entrepreneur,True,1,1335,44,1.086446762084961,
1708910816486787118,p10_artist,True,1,1333,44,1.0892679691314697,
1708910816486787118,p11_senior,True,1,1334,44,1.0882282257080078,
1708910816486787118,p12_activist,True,1,1338,44,1.0985310077667236,
1709814569285164210,p01_genz_meme,True,1,1305,44,3.778477907180786,
1709814569285164210,p02_fitness,True,1,1296,44,1.0591349601745605,
1709814569285164210,p03_parent,True,1,1298,44,1.0864441394805908,
1709814569285164210,p04_tech_pro,True,1,1299,44,1.072016716003418,
1709814569285164210,p05_fashion,True,1,1295,44,1.064943790435791,
1709814569285164210,p06_foodie,True,1,1306,44,1.0724608898162842,
1709814569285164210,p07_traveler,True,1,1296,44,1.0763227939605713,
1709814569285164210,p08_student,True,1,1300,44,1.079138994216919,
1709814569285164210,p09_entrepreneur,True,1,1301,44,1.0687611103057861,
1709814569285164210,p10_artist,True,1,1299,44,1.0693087577819824,
1709814569285164210,p11_senior,True,1,1300,44,1.0745680332183838,
1709814569285164210,p12_activist,True,1,1304,44,1.0762169361114502,
1709849951334589128,p01_genz_meme,True,1,1419,44,4.223107814788818,
1709849951334589128,p02_fitness,True,1,1410,44,1.1840629577636719,
1709849951334589128,p03_parent,True,1,1412,44,1.2173619270324707,
1709849951334589128,p04_tech_pro,True,1,1413,44,1.2296619415283203,
1709849951334589128,p05_fashion,True,1,1409,44,1.1892552375793457,
1709849951334589128,p06_foodie,True,1,1420,44,1.2628769874572754,
1709849951334589128,p07_traveler,True,1,1410,44,1.2271997928619385,
1709849951334589128,p08_student,True,1,1414,44,1.1837148666381836,
1709849951334589128,p09_entrepreneur,True,1,1415,44,1.1938669681549072,
1709849951334589128,p10_artist,True,1,1413,44,1.2107388973236084,
1709849951334589128,p11_senior,True,1,1414,44,1.2053120136260986,
1709849951334589128,p12_activist,True,1,1418,44,1.1987440586090088,
1710469101364657957,p01_genz_meme,True,1,1321,44,3.802018165588379,
1710469101364657957,p02_fitness,True,1,1312,44,1.0584099292755127,
1710469101364657957,p03_parent,True,1,1314,44,1.0886898040771484,
1710469101364657957,p04_tech_pro,True,1,1315,44,1.0784409046173096,
1710469101364657957,p05_fashion,True,1,1311,44,1.0717158317565918,
1710469101364657957,p06_foodie,True,1,1322,44,1.077082872390747,
1710469101364657957,p07_traveler,True,1,1312,44,1.0710890293121338,
1710469101364657957,p08_student,True,1,1316,44,1.0784718990325928,
1710469101364657957,p09_entrepreneur,True,1,1317,44,1.0849192142486572,
1710469101364657957,p10_artist,True,1,1315,44,1.0819449424743652,
1710469101364657957,p11_senior,True,1,1316,44,1.0765957832336426,
1710469101364657957,p12_activist,True,1,1320,44,1.0764098167419434,
1710974448414553328,p01_genz_meme,True,1,1379,44,3.7007548809051514,
1710974448414553328,p02_fitness,True,1,1370,44,1.1753573417663574,
1710974448414553328,p03_parent,True,1,1372,44,1.209540843963623,
1710974448414553328,p04_tech_pro,True,1,1373,44,1.1910772323608398,
1710974448414553328,p05_fashion,True,1,1369,44,1.1797430515289307,
1710974448414553328,p06_foodie,True,1,1380,44,1.1934168338775635,
1710974448414553328,p07_traveler,True,1,1370,44,1.1841237545013428,
1710974448414553328,p08_student,True,1,1374,44,1.1941602230072021,
1710974448414553328,p09_entrepreneur,True,1,1375,44,1.2011220455169678,
1710974448414553328,p10_artist,True,1,1373,44,1.1910550594329834,
1710974448414553328,p11_senior,True,1,1374,44,1.1930959224700928,
1710974448414553328,p12_activist,True,1,1378,44,1.1876661777496338,
1711209386222799423,p01_genz_meme,True,1,1272,44,3.5811362266540527,
1711209386222799423,p02_fitness,True,1,1263,44,1.0582692623138428,
1711209386222799423,p03_parent,True,1,1265,44,1.1051928997039795,
1711209386222799423,p04_tech_pro,True,1,1266,44,1.0693058967590332,
1711209386222799423,p05_fashion,True,1,1262,44,1.0615241527557373,
1711209386222799423,p06_foodie,True,1,1273,44,1.071624994277954,
1711209386222799423,p07_traveler,True,1,1263,44,1.0676100254058838,
1711209386222799423,p08_student,True,1,1267,44,1.0751078128814697,
1711209386222799423,p09_entrepreneur,True,1,1268,44,1.0716440677642822,
1711209386222799423,p10_artist,True,1,1266,44,1.0690999031066895,
1711209386222799423,p11_senior,True,1,1267,44,1.066972017288208,
1711209386222799423,p12_activist,True,1,1271,44,1.0746209621429443,
1711977768075773832,p01_genz_meme,True,1,1270,44,3.5912299156188965,
1711977768075773832,p02_fitness,True,1,1261,44,1.052556037902832,
1711977768075773832,p03_parent,True,1,1263,44,1.0786848068237305,
1711977768075773832,p04_tech_pro,True,1,1264,44,1.0842959880828857,
1711977768075773832,p05_fashion,True,1,1260,44,1.0599241256713867,
1711977768075773832,p06_foodie,True,1,1271,44,1.066220998764038,
1711977768075773832,p07_traveler,True,1,1261,44,1.068190097808838,
1711977768075773832,p08_student,True,1,1265,44,1.0646207332611084,
1711977768075773832,p09_entrepreneur,True,1,1266,44,1.0665600299835205,
1711977768075773832,p10_artist,True,1,1264,44,1.0693929195404053,
1711977768075773832,p11_senior,True,1,1265,44,1.070741891860962,
1711977768075773832,p12_activist,True,1,1269,44,1.0765340328216553,
1712549780871651327,p01_genz_meme,True,1,1284,44,3.563328981399536,
1712549780871651327,p02_fitness,True,1,1275,44,1.0516188144683838,
1712549780871651327,p03_parent,True,1,1277,44,1.075143814086914,
1712549780871651327,p04_tech_pro,True,1,1278,44,1.07755708694458,
1712549780871651327,p05_fashion,True,1,1274,44,1.0662038326263428,
1712549780871651327,p06_foodie,True,1,1285,44,1.0730199813842773,
1712549780871651327,p07_traveler,True,1,1275,44,1.076969861984253,
1712549780871651327,p08_student,True,1,1279,44,1.0755620002746582,
1712549780871651327,p09_entrepreneur,True,1,1280,44,1.0669069290161133,
1712549780871651327,p10_artist,True,1,1278,44,1.115729808807373,
1712549780871651327,p11_senior,True,1,1279,44,1.3081040382385254,
1712549780871651327,p12_activist,True,1,1283,44,1.1024279594421387,
1712711456176078903,p01_genz_meme,True,1,1315,44,3.623552083969116,
1712711456176078903,p02_fitness,True,1,1306,44,1.0802171230316162,
1712711456176078903,p03_parent,True,1,1308,44,1.1200528144836426,
1712711456176078903,p04_tech_pro,True,1,1309,44,1.127678394317627,
1712711456176078903,p05_fashion,True,1,1305,44,1.1135289669036865,
1712711456176078903,p06_foodie,True,1,1316,44,1.1192219257354736,
1712711456176078903,p07_traveler,True,1,1306,44,1.1657710075378418,
1712711456176078903,p08_student,True,1,1310,44,1.0909888744354248,
1712711456176078903,p09_entrepreneur,True,1,1311,44,1.0859839916229248,
1712711456176078903,p10_artist,True,1,1309,44,1.0879628658294678,
1712711456176078903,p11_senior,True,1,1310,44,1.0978939533233643,
1712711456176078903,p12_activist,True,1,1314,44,1.0942790508270264,
1712812918359337441,p01_genz_meme,True,1,1312,44,3.876879930496216,
1712812918359337441,p02_fitness,True,1,1303,44,1.2323966026306152,
1712812918359337441,p03_parent,True,1,1305,44,1.1418218612670898,
1712812918359337441,p04_tech_pro,True,1,1306,44,1.0881099700927734,
1712812918359337441,p05_fashion,True,1,1302,44,1.0838160514831543,
1712812918359337441,p06_foodie,True,1,1313,44,1.0751152038574219,
1712812918359337441,p07_traveler,True,1,1303,44,1.0795791149139404,
1712812918359337441,p08_student,True,1,1307,44,1.1011748313903809,
1712812918359337441,p09_entrepreneur,True,1,1308,44,1.0850911140441895,
1712812918359337441,p10_artist,True,1,1306,44,1.0698130130767822,
1712812918359337441,p11_senior,True,1,1307,44,1.0710761547088623,
1712812918359337441,p12_activist,True,1,1311,44,1.0822930335998535,
1713261579427329096,p01_genz_meme,True,1,1420,44,3.9227688312530518,
1713261579427329096,p02_fitness,True,1,1411,44,1.1917750835418701,
1713261579427329096,p03_parent,True,1,1413,44,1.2100830078125,
1713261579427329096,p04_tech_pro,True,1,1414,44,1.2214279174804688,
1713261579427329096,p05_fashion,True,1,1410,44,1.2036278247833252,
1713261579427329096,p06_foodie,True,1,1421,44,1.2006721496582031,
1713261579427329096,p07_traveler,True,1,1411,44,1.2111318111419678,
1713261579427329096,p08_student,True,1,1415,44,1.207369089126587,
1713261579427329096,p09_entrepreneur,True,1,1416,44,1.2026257514953613,
1713261579427329096,p10_artist,True,1,1414,44,1.200423002243042,
1713261579427329096,p11_senior,True,1,1415,44,1.2034151554107666,
1713261579427329096,p12_activist,True,1,1419,44,1.2042109966278076,
1713598728595653819,p01_genz_meme,True,1,1323,44,3.612191915512085,
1713598728595653819,p02_fitness,True,1,1314,44,1.0755598545074463,
1713598728595653819,p03_parent,True,1,1316,44,1.1103131771087646,
1713598728595653819,p04_tech_pro,True,1,1317,44,1.103917121887207,
1713598728595653819,p05_fashion,True,1,1313,44,1.0873432159423828,
1713598728595653819,p06_foodie,True,1,1324,44,1.0885748863220215,
1713598728595653819,p07_traveler,True,1,1314,44,1.0911381244659424,
1713598728595653819,p08_student,True,1,1318,44,1.1099770069122314,
1713598728595653819,p09_entrepreneur,True,1,1319,44,1.1012229919433594,
1713598728595653819,p10_artist,True,1,1317,44,1.0958657264709473,
1713598728595653819,p11_senior,True,1,1318,44,1.098012924194336,
1713598728595653819,p12_activist,True,1,1322,44,1.1051981449127197,
1714273784722041679,p01_genz_meme,True,1,1316,44,3.7827348709106445,
1714273784722041679,p02_fitness,True,1,1307,44,1.0772287845611572,
1714273784722041679,p03_parent,True,1,1309,44,1.1102631092071533,
1714273784722041679,p04_tech_pro,True,1,1310,44,1.0872628688812256,
1714273784722041679,p05_fashion,True,1,1306,44,1.077726125717163,
1714273784722041679,p06_foodie,True,1,1317,44,1.0907080173492432,
1714273784722041679,p07_traveler,True,1,1307,44,1.0825181007385254,
1714273784722041679,p08_student,True,1,1311,44,1.1858129501342773,
1714273784722041679,p09_entrepreneur,True,1,1312,44,1.125478982925415,
1714273784722041679,p10_artist,True,1,1310,44,1.0658509731292725,
1714273784722041679,p11_senior,True,1,1311,44,1.101119041442871,
1714273784722041679,p12_activist,True,1,1315,44,1.0999031066894531,
1714554686545443755,p01_genz_meme,True,1,1332,44,3.787058115005493,
1714554686545443755,p02_fitness,True,1,1323,44,1.0711607933044434,
1714554686545443755,p03_parent,True,1,1325,44,1.098161220550537,
1714554686545443755,p04_tech_pro,True,1,1326,44,1.0934689044952393,
1714554686545443755,p05_fashion,True,1,1322,44,1.0793359279632568,
1714554686545443755,p06_foodie,True,1,1333,44,1.0915710926055908,
1714554686545443755,p07_traveler,True,1,1323,44,1.0869128704071045,
1714554686545443755,p08_student,True,1,1327,44,1.093308925628662,
1714554686545443755,p09_entrepreneur,True,1,1328,44,1.0791869163513184,
1714554686545443755,p10_artist,True,1,1326,44,1.086148977279663,
1714554686545443755,p11_senior,True,1,1327,44,1.090914011001587,
1714554686545443755,p12_activist,True,1,1331,44,1.0948450565338135,
1714616778660964411,p01_genz_meme,True,1,1369,44,3.6930689811706543,
1714616778660964411,p02_fitness,True,1,1360,44,1.1716830730438232,
1714616778660964411,p03_parent,True,1,1362,44,1.2033107280731201,
1714616778660964411,p04_tech_pro,True,1,1363,44,1.184096097946167,
1714616778660964411,p05_fashion,True,1,1359,44,1.1813371181488037,
1714616778660964411,p06_foodie,True,1,1370,44,1.187100887298584,
1714616778660964411,p07_traveler,True,1,1360,44,1.1841280460357666,
1714616778660964411,p08_student,True,1,1364,44,1.1866192817687988,
1714616778660964411,p09_entrepreneur,True,1,1365,44,1.194209098815918,
1714616778660964411,p10_artist,True,1,1363,44,1.179934024810791,
1714616778660964411,p11_senior,True,1,1364,44,1.180933952331543,
1714616778660964411,p12_activist,True,1,1368,44,1.1873927116394043,
1715588840172787986,p01_genz_meme,True,1,1323,44,3.7817862033843994,
1715588840172787986,p02_fitness,True,1,1314,44,1.0641870498657227,
1715588840172787986,p03_parent,True,1,1316,44,1.0967826843261719,
1715588840172787986,p04_tech_pro,True,1,1317,44,1.1011199951171875,
1715588840172787986,p05_fashion,True,1,1313,44,1.076517105102539,
1715588840172787986,p06_foodie,True,1,1324,44,1.0861330032348633,
1715588840172787986,p07_traveler,True,1,1314,44,1.073580026626587,
1715588840172787986,p08_student,True,1,1318,44,1.0790479183197021,
1715588840172787986,p09_entrepreneur,True,1,1319,44,1.0818259716033936,
1715588840172787986,p10_artist,True,1,1317,44,1.0814290046691895,
1715588840172787986,p11_senior,True,1,1318,44,1.0788049697875977,
1715588840172787986,p12_activist,True,1,1322,44,1.0787699222564697,
1715816410070242880,p01_genz_meme,True,1,1302,44,3.908540964126587,
1715816410070242880,p02_fitness,True,1,1293,44,1.0557630062103271,
1715816410070242880,p03_parent,True,1,1295,44,1.0885438919067383,
1715816410070242880,p04_tech_pro,True,1,1296,44,1.071126937866211,
1715816410070242880,p05_fashion,True,1,1292,44,1.0618312358856201,
1715816410070242880,p06_foodie,True,1,1303,44,1.070573091506958,
1715816410070242880,p07_traveler,True,1,1293,44,1.0738892555236816,
1715816410070242880,p08_student,True,1,1297,44,1.072342872619629,
1715816410070242880,p09_entrepreneur,True,1,1298,44,1.0751020908355713,
1715816410070242880,p10_artist,True,1,1296,44,1.0691330432891846,
1715816410070242880,p11_senior,True,1,1297,44,1.075218915939331,
1715816410070242880,p12_activist,True,1,1301,44,1.0771229267120361,
1715920859037564621,p01_genz_meme,True,1,1400,44,3.896010160446167,
1715920859037564621,p02_fitness,True,1,1391,44,1.1743509769439697,
1715920859037564621,p03_parent,True,1,1393,44,1.2017362117767334,
1715920859037564621,p04_tech_pro,True,1,1394,44,1.199751853942871,
1715920859037564621,p05_fashion,True,1,1390,44,1.1830310821533203,
1715920859037564621,p06_foodie,True,1,1401,44,1.196488857269287,
1715920859037564621,p07_traveler,True,1,1391,44,1.201066017150879,
1715920859037564621,p08_student,True,1,1395,44,1.1958880424499512,
1715920859037564621,p09_entrepreneur,True,1,1396,44,1.2185900211334229,
1715920859037564621,p10_artist,True,1,1394,44,1.1840429306030273,
1715920859037564621,p11_senior,True,1,1395,44,1.218379020690918,
1715920859037564621,p12_activist,True,1,1399,44,1.1953670978546143,
1716013033555687166,p01_genz_meme,True,1,1407,44,3.7513089179992676,
1716013033555687166,p02_fitness,True,1,1398,44,1.1815001964569092,
1716013033555687166,p03_parent,True,1,1400,44,1.2113327980041504,
1716013033555687166,p04_tech_pro,True,1,1401,44,1.2061071395874023,
1716013033555687166,p05_fashion,True,1,1397,44,1.1955609321594238,
1716013033555687166,p06_foodie,True,1,1408,44,1.1988496780395508,
1716013033555687166,p07_traveler,True,1,1398,44,1.1988160610198975,
1716013033555687166,p08_student,True,1,1402,44,1.1970009803771973,
1716013033555687166,p09_entrepreneur,True,1,1403,44,1.2021238803863525,
1716013033555687166,p10_artist,True,1,1401,44,1.1984272003173828,
1716013033555687166,p11_senior,True,1,1402,44,1.2001001834869385,
1716013033555687166,p12_activist,True,1,1406,44,1.1994500160217285,
1716907584211321238,p01_genz_meme,True,1,1294,44,3.815764904022217,
1716907584211321238,p02_fitness,True,1,1285,44,1.0525250434875488,
1716907584211321238,p03_parent,True,1,1287,44,1.0911290645599365,
1716907584211321238,p04_tech_pro,True,1,1288,44,1.0947751998901367,
1716907584211321238,p05_fashion,True,1,1284,44,1.0544679164886475,
1716907584211321238,p06_foodie,True,1,1295,44,1.0669479370117188,
1716907584211321238,p07_traveler,True,1,1285,44,1.0679528713226318,
1716907584211321238,p08_student,True,1,1289,44,1.0782630443572998,
1716907584211321238,p09_entrepreneur,True,1,1290,44,1.0773670673370361,
1716907584211321238,p10_artist,True,1,1288,44,1.074425220489502,
1716907584211321238,p11_senior,True,1,1289,44,1.066192865371704,
1716907584211321238,p12_activist,True,1,1293,44,1.0789968967437744,
1718251969765770462,p01_genz_meme,True,1,1407,44,3.7534499168395996,
1718251969765770462,p02_fitness,True,1,1398,44,1.1891319751739502,
1718251969765770462,p03_parent,True,1,1400,44,1.2147138118743896,
1718251969765770462,p04_tech_pro,True,1,1401,44,1.1946969032287598,
1718251969765770462,p05_fashion,True,1,1397,44,1.1921699047088623,
1718251969765770462,p06_foodie,True,1,1408,44,1.1969082355499268,
1718251969765770462,p07_traveler,True,1,1398,44,1.2028911113739014,
1718251969765770462,p08_student,True,1,1402,44,1.2035939693450928,
1718251969765770462,p09_entrepreneur,True,1,1403,44,1.1930370330810547,
1718251969765770462,p10_artist,True,1,1401,44,1.1952288150787354,
1718251969765770462,p11_senior,True,1,1402,44,1.201357126235962,
1718251969765770462,p12_activist,True,1,1406,44,1.225996732711792,
1719777253959001284,p01_genz_meme,True,1,1336,44,3.592498302459717,
1719777253959001284,p02_fitness,True,1,1327,44,1.083228349685669,
1719777253959001284,p03_parent,True,1,1329,44,1.1070919036865234,
1719777253959001284,p04_tech_pro,True,1,1330,44,1.0988597869873047,
1719777253959001284,p05_fashion,True,1,1326,44,1.093275785446167,
1719777253959001284,p06_foodie,True,1,1337,44,1.103600263595581,
1719777253959001284,p07_traveler,True,1,1327,44,1.0987119674682617,
1719777253959001284,p08_student,True,1,1331,44,1.0989460945129395,
1719777253959001284,p09_entrepreneur,True,1,1332,44,1.0982840061187744,
1719777253959001284,p10_artist,True,1,1330,44,1.09975004196167,
1719777253959001284,p11_senior,True,1,1331,44,1.0987060070037842,
1719777253959001284,p12_activist,True,1,1335,44,1.1022820472717285,
1719990159119758541,p01_genz_meme,True,1,1361,44,3.871601104736328,
1719990159119758541,p02_fitness,True,1,1352,44,1.0801951885223389,
1719990159119758541,p03_parent,True,1,1354,44,1.111102819442749,
1719990159119758541,p04_tech_pro,True,1,1355,44,1.1058728694915771,
1719990159119758541,p05_fashion,True,1,1351,44,1.1207222938537598,
1719990159119758541,p06_foodie,True,1,1362,44,1.2951781749725342,
1719990159119758541,p07_traveler,True,1,1352,44,1.1475529670715332,
1719990159119758541,p08_student,True,1,1356,44,1.088902235031128,
1719990159119758541,p09_entrepreneur,True,1,1357,44,1.1638739109039307,
1719990159119758541,p10_artist,True,1,1355,44,1.1201019287109375,
1719990159119758541,p11_senior,True,1,1356,44,1.1027147769927979,
1719990159119758541,p12_activist,True,1,1360,44,1.1016771793365479,
1720048643228390513,p01_genz_meme,True,1,1284,44,3.804888963699341,
1720048643228390513,p02_fitness,True,1,1275,44,1.0513803958892822,
1720048643228390513,p03_parent,True,1,1277,44,1.0800418853759766,
1720048643228390513,p04_tech_pro,True,1,1278,44,1.0752201080322266,
1720048643228390513,p05_fashion,True,1,1274,44,1.0663726329803467,
1720048643228390513,p06_foodie,True,1,1285,44,1.080322027206421,
1720048643228390513,p07_traveler,True,1,1275,44,1.069908857345581,
1720048643228390513,p08_student,True,1,1279,44,1.0682079792022705,
1720048643228390513,p09_entrepreneur,True,1,1280,44,1.0747790336608887,
1720048643228390513,p10_artist,True,1,1278,44,1.0727770328521729,
1720048643228390513,p11_senior,True,1,1279,44,1.0763888359069824,
1720048643228390513,p12_activist,True,1,1283,44,1.0692939758300781,
1720169470078981689,p01_genz_meme,True,1,1278,44,3.5946602821350098,
1720169470078981689,p02_fitness,True,1,1269,44,1.053229808807373,
1720169470078981689,p03_parent,True,1,1271,44,1.0895228385925293,
1720169470078981689,p04_tech_pro,True,1,1272,44,1.07663893699646,
1720169470078981689,p05_fashion,True,1,1268,44,1.065901756286621,
1720169470078981689,p06_foodie,True,1,1279,44,1.0704283714294434,
1720169470078981689,p07_traveler,True,1,1269,44,1.0688340663909912,
1720169470078981689,p08_student,True,1,1273,44,1.0753791332244873,
1720169470078981689,p09_entrepreneur,True,1,1274,44,1.1016781330108643,
1720169470078981689,p10_artist,True,1,1272,44,1.0687639713287354,
1720169470078981689,p11_senior,True,1,1273,44,1.0730020999908447,
1720169470078981689,p12_activist,True,1,1277,44,1.0802772045135498,
1720393905440312189,p01_genz_meme,True,1,1359,44,3.7400128841400146,
1720393905440312189,p02_fitness,True,1,1350,44,1.16434907913208,
1720393905440312189,p03_parent,True,1,1352,44,1.1929559707641602,
1720393905440312189,p04_tech_pro,True,1,1353,44,1.1806058883666992,
1720393905440312189,p05_fashion,True,1,1349,44,1.1727969646453857,
1720393905440312189,p06_foodie,True,1,1360,44,1.1794860363006592,
1720393905440312189,p07_traveler,True,1,1350,44,1.1835949420928955,
1720393905440312189,p08_student,True,1,1354,44,1.1882359981536865,
1720393905440312189,p09_entrepreneur,True,1,1355,44,1.1784238815307617,
1720393905440312189,p10_artist,True,1,1353,44,1.179987907409668,
1720393905440312189,p11_senior,True,1,1354,44,1.178905963897705,
1720393905440312189,p12_activist,True,1,1358,44,1.1811301708221436,
1720625682234974404,p01_genz_meme,True,1,1288,44,3.7846288681030273,
1720625682234974404,p02_fitness,True,1,1279,44,1.048379898071289,
1720625682234974404,p03_parent,True,1,1281,44,1.0760798454284668,
1720625682234974404,p04_tech_pro,True,1,1282,44,1.0755667686462402,
1720625682234974404,p05_fashion,True,1,1278,44,1.0607991218566895,
1720625682234974404,p06_foodie,True,1,1289,44,1.070596694946289,
1720625682234974404,p07_traveler,True,1,1279,44,1.0789010524749756,
1720625682234974404,p08_student,True,1,1283,44,1.0712249279022217,
1720625682234974404,p09_entrepreneur,True,1,1284,44,1.0652401447296143,
1720625682234974404,p10_artist,True,1,1282,44,1.068789005279541,
1720625682234974404,p11_senior,True,1,1283,44,1.0730466842651367,
1720625682234974404,p12_activist,True,1,1287,44,1.0756499767303467,
1721450873622424412,p01_genz_meme,True,1,1264,44,3.551240921020508,
1721450873622424412,p02_fitness,True,1,1255,44,1.0469377040863037,
1721450873622424412,p03_parent,True,1,1257,44,1.0810456275939941,
1721450873622424412,p04_tech_pro,True,1,1258,44,1.0722260475158691,
1721450873622424412,p05_fashion,True,1,1254,44,1.0574238300323486,
1721450873622424412,p06_foodie,True,1,1265,44,1.0917439460754395,
1721450873622424412,p07_traveler,True,1,1255,44,1.068835973739624,
1721450873622424412,p08_student,True,1,1259,44,1.0578970909118652,
1721450873622424412,p09_entrepreneur,True,1,1260,44,1.0594840049743652,
1721450873622424412,p10_artist,True,1,1258,44,1.0721571445465088,
1721450873622424412,p11_senior,True,1,1259,44,1.0912060737609863,
1721450873622424412,p12_activist,True,1,1263,44,1.0629899501800537,
1722595353381061923,p01_genz_meme,True,1,1415,44,3.7975380420684814,
1722595353381061923,p02_fitness,True,1,1406,44,1.1832470893859863,
1722595353381061923,p03_parent,True,1,1408,44,1.2086730003356934,
1722595353381061923,p04_tech_pro,True,1,1409,44,1.2036981582641602,
1722595353381061923,p05_fashion,True,1,1405,44,1.2072200775146484,
1722595353381061923,p06_foodie,True,1,1416,44,1.1910619735717773,
1722595353381061923,p07_traveler,True,1,1406,44,1.1954257488250732,
1722595353381061923,p08_student,True,1,1410,44,1.1984870433807373,
1722595353381061923,p09_entrepreneur,True,1,1411,44,1.2104723453521729,
1722595353381061923,p10_artist,True,1,1409,44,1.2041869163513184,
1722595353381061923,p11_senior,True,1,1410,44,1.1964950561523438,
1722595353381061923,p12_activist,True,1,1414,44,1.206592082977295,
1723228650915404811,p01_genz_meme,True,1,1566,44,4.036739826202393,
1723228650915404811,p02_fitness,True,1,1557,44,1.3334290981292725,
1723228650915404811,p03_parent,True,1,1559,44,1.3509559631347656,
1723228650915404811,p04_tech_pro,True,1,1560,44,1.3929369449615479,
1723228650915404811,p05_fashion,True,1,1556,44,1.3457038402557373,
1723228650915404811,p06_foodie,True,1,1567,44,1.3409600257873535,
1723228650915404811,p07_traveler,True,1,1557,44,1.3442890644073486,
1723228650915404811,p08_student,True,1,1561,44,1.3478798866271973,
1723228650915404811,p09_entrepreneur,True,1,1562,44,1.3429441452026367,
1723228650915404811,p10_artist,True,1,1560,44,1.345761775970459,
1723228650915404811,p11_senior,True,1,1561,44,1.3704209327697754,
1723228650915404811,p12_activist,True,1,1565,44,1.3382418155670166,
1723529013002860450,p01_genz_meme,True,1,1298,44,3.636715888977051,
1723529013002860450,p02_fitness,True,1,1289,44,1.0573408603668213,
1723529013002860450,p03_parent,True,1,1291,44,1.0903151035308838,
1723529013002860450,p04_tech_pro,True,1,1292,44,1.0871868133544922,
1723529013002860450,p05_fashion,True,1,1288,44,1.076113224029541,
1723529013002860450,p06_foodie,True,1,1299,44,1.0796430110931396,
1723529013002860450,p07_traveler,True,1,1289,44,1.0745060443878174,
1723529013002860450,p08_student,True,1,1293,44,1.0784687995910645,
1723529013002860450,p09_entrepreneur,True,1,1294,44,1.0864441394805908,
1723529013002860450,p10_artist,True,1,1292,44,1.0835561752319336,
1723529013002860450,p11_senior,True,1,1293,44,1.0881590843200684,
1723529013002860450,p12_activist,True,1,1297,44,1.0805602073669434,
1724211289880750067,p01_genz_meme,True,1,1519,44,4.0321478843688965,
1724211289880750067,p02_fitness,True,1,1510,44,1.3155708312988281,
1724211289880750067,p03_parent,True,1,1512,44,1.3277218341827393,
1724211289880750067,p04_tech_pro,True,1,1513,44,1.3286049365997314,
1724211289880750067,p05_fashion,True,1,1509,44,1.3269081115722656,
1724211289880750067,p06_foodie,True,1,1520,44,1.3257930278778076,
1724211289880750067,p07_traveler,True,1,1510,44,1.3193089962005615,
1724211289880750067,p08_student,True,1,1514,44,1.325247049331665,
1724211289880750067,p09_entrepreneur,True,1,1515,44,1.31927490234375,
1724211289880750067,p10_artist,True,1,1513,44,1.3170771598815918,
1724211289880750067,p11_senior,True,1,1514,44,1.323918104171753,
1724211289880750067,p12_activist,True,1,1518,44,1.3338351249694824,
1725009271055529597,p01_genz_meme,True,1,1284,44,3.797830820083618,
1725009271055529597,p02_fitness,True,1,1275,44,1.0565991401672363,
1725009271055529597,p03_parent,True,1,1277,44,1.0798521041870117,
1725009271055529597,p04_tech_pro,True,1,1278,44,1.1129341125488281,
1725009271055529597,p05_fashion,True,1,1274,44,1.1122338771820068,
1725009271055529597,p06_foodie,True,1,1285,44,1.0761260986328125,
1725009271055529597,p07_traveler,True,1,1275,44,1.0623419284820557,
1725009271055529597,p08_student,True,1,1279,44,1.062701940536499,
1725009271055529597,p09_entrepreneur,True,1,1280,44,1.0687119960784912,
1725009271055529597,p10_artist,True,1,1278,44,1.068532943725586,
1725009271055529597,p11_senior,True,1,1279,44,1.071444034576416,
1725009271055529597,p12_activist,True,1,1283,44,1.0689589977264404,
1725148780092544271,p01_genz_meme,True,1,1409,44,3.7140421867370605,
1725148780092544271,p02_fitness,True,1,1400,44,1.188627004623413,
1725148780092544271,p03_parent,True,1,1402,44,1.2125020027160645,
1725148780092544271,p04_tech_pro,True,1,1403,44,1.2092549800872803,
1725148780092544271,p05_fashion,True,1,1399,44,1.194382667541504,
1725148780092544271,p06_foodie,True,1,1410,44,1.2001700401306152,
1725148780092544271,p07_traveler,True,1,1400,44,1.203611135482788,
1725148780092544271,p08_student,True,1,1404,44,1.2112329006195068,
1725148780092544271,p09_entrepreneur,True,1,1405,44,1.2133188247680664,
1725148780092544271,p10_artist,True,1,1403,44,1.2126238346099854,
1725148780092544271,p11_senior,True,1,1404,44,1.1993510723114014,
1725148780092544271,p12_activist,True,1,1408,44,1.2025039196014404,
1725334780436580900,p01_genz_meme,True,1,1339,44,3.8646068572998047,
1725334780436580900,p02_fitness,True,1,1330,44,1.0627217292785645,
1725334780436580900,p03_parent,True,1,1332,44,1.0917348861694336,
1725334780436580900,p04_tech_pro,True,1,1333,44,1.0864200592041016,
1725334780436580900,p05_fashion,True,1,1329,44,1.086042881011963,
1725334780436580900,p06_foodie,True,1,1340,44,1.1186730861663818,
1725334780436580900,p07_traveler,True,1,1330,44,1.0805339813232422,
1725334780436580900,p08_student,True,1,1334,44,1.0924949645996094,
1725334780436580900,p09_entrepreneur,True,1,1335,44,1.0894241333007812,
1725334780436580900,p10_artist,True,1,1333,44,1.0708591938018799,
1725334780436580900,p11_senior,True,1,1334,44,1.081550121307373,
1725334780436580900,p12_activist,True,1,1338,44,1.0830957889556885,
1726281449487121353,p01_genz_meme,True,1,1291,44,3.7914252281188965,
1726281449487121353,p02_fitness,True,1,1282,44,1.0599710941314697,
1726281449487121353,p03_parent,True,1,1284,44,1.0976502895355225,
1726281449487121353,p04_tech_pro,True,1,1285,44,1.0878539085388184,
1726281449487121353,p05_fashion,True,1,1281,44,1.0657050609588623,
1726281449487121353,p06_foodie,True,1,1292,44,1.0709929466247559,
1726281449487121353,p07_traveler,True,1,1282,44,1.0776770114898682,
1726281449487121353,p08_student,True,1,1286,44,1.0876359939575195,
1726281449487121353,p09_entrepreneur,True,1,1287,44,1.0761480331420898,
1726281449487121353,p10_artist,True,1,1285,44,1.0744812488555908,
1726281449487121353,p11_senior,True,1,1286,44,1.0784671306610107,
1726281449487121353,p12_activist,True,1,1290,44,1.092029094696045,
1726904015970087503,p01_genz_meme,True,1,1417,44,3.94887113571167,
1726904015970087503,p02_fitness,True,1,1408,44,1.196782112121582,
1726904015970087503,p03_parent,True,1,1410,44,1.2179269790649414,
1726904015970087503,p04_tech_pro,True,1,1411,44,1.2146289348602295,
1726904015970087503,p05_fashion,True,1,1407,44,1.1916320323944092,
1726904015970087503,p06_foodie,True,1,1418,44,1.2068920135498047,
1726904015970087503,p07_traveler,True,1,1408,44,1.1992390155792236,
1726904015970087503,p08_student,True,1,1412,44,1.1973607540130615,
1726904015970087503,p09_entrepreneur,True,1,1413,44,1.1974351406097412,
1726904015970087503,p10_artist,True,1,1411,44,1.2199969291687012,
1726904015970087503,p11_senior,True,1,1412,44,1.2164978981018066,
1726904015970087503,p12_activist,True,1,1416,44,1.1962659358978271,
1727624698285909915,p01_genz_meme,True,1,1306,44,3.7156519889831543,
1727624698285909915,p02_fitness,True,1,1297,44,1.0684618949890137,
1727624698285909915,p03_parent,True,1,1299,44,1.1053428649902344,
1727624698285909915,p04_tech_pro,True,1,1300,44,1.0936508178710938,
1727624698285909915,p05_fashion,True,1,1296,44,1.0860159397125244,
1727624698285909915,p06_foodie,True,1,1307,44,1.0927989482879639,
1727624698285909915,p07_traveler,True,1,1297,44,1.0792570114135742,
1727624698285909915,p08_student,True,1,1301,44,1.0820369720458984,
1727624698285909915,p09_entrepreneur,True,1,1302,44,1.089449405670166,
1727624698285909915,p10_artist,True,1,1300,44,1.0925610065460205,
1727624698285909915,p11_senior,True,1,1301,44,1.0833709239959717,
1727624698285909915,p12_activist,True,1,1305,44,1.0868380069732666,
1727673030166213891,p01_genz_meme,True,1,1373,44,3.958244800567627,
1727673030166213891,p02_fitness,True,1,1364,44,1.1713600158691406,
1727673030166213891,p03_parent,True,1,1366,44,1.1950228214263916,
1727673030166213891,p04_tech_pro,True,1,1367,44,1.187244176864624,
1727673030166213891,p05_fashion,True,1,1363,44,1.1776540279388428,
1727673030166213891,p06_foodie,True,1,1374,44,1.1836950778961182,
1727673030166213891,p07_traveler,True,1,1364,44,1.1807570457458496,
1727673030166213891,p08_student,True,1,1368,44,1.1860368251800537,
1727673030166213891,p09_entrepreneur,True,1,1369,44,1.1885929107666016,
1727673030166213891,p10_artist,True,1,1367,44,1.1861917972564697,
1727673030166213891,p11_senior,True,1,1368,44,1.18094801902771,
1727673030166213891,p12_activist,True,1,1372,44,1.1790218353271484,
1727843678830966896,p01_genz_meme,True,1,1466,44,3.9367599487304688,
1727843678830966896,p02_fitness,True,1,1457,44,1.230334997177124,
1727843678830966896,p03_parent,True,1,1459,44,1.2431118488311768,
1727843678830966896,p04_tech_pro,True,1,1460,44,1.21376633644104,
1727843678830966896,p05_fashion,True,1,1456,44,1.2129619121551514,
1727843678830966896,p06_foodie,True,1,1467,44,1.229846715927124,
1727843678830966896,p07_traveler,True,1,1457,44,1.230398178100586,
1727843678830966896,p08_student,True,1,1461,44,1.2208549976348877,
1727843678830966896,p09_entrepreneur,True,1,1462,44,1.2245540618896484,
1727843678830966896,p10_artist,True,1,1460,44,1.2205188274383545,
1727843678830966896,p11_senior,True,1,1461,44,1.226902961730957,
1727843678830966896,p12_activist,True,1,1465,44,1.2197489738464355,
1729101587307823120,p01_genz_meme,True,1,1288,44,3.797506809234619,
1729101587307823120,p02_fitness,True,1,1279,44,1.0554769039154053,
1729101587307823120,p03_parent,True,1,1281,44,1.0864448547363281,
1729101587307823120,p04_tech_pro,True,1,1282,44,1.0740439891815186,
1729101587307823120,p05_fashion,True,1,1278,44,1.0725898742675781,
1729101587307823120,p06_foodie,True,1,1289,44,1.0793449878692627,
1729101587307823120,p07_traveler,True,1,1279,44,1.0678699016571045,
1729101587307823120,p08_student,True,1,1283,44,1.0735280513763428,
1729101587307823120,p09_entrepreneur,True,1,1284,44,1.0709588527679443,
1729101587307823120,p10_artist,True,1,1282,44,1.076174259185791,
1729101587307823120,p11_senior,True,1,1283,44,1.0719959735870361,
1729101587307823120,p12_activist,True,1,1287,44,1.0741808414459229,
1729450002964738936,p01_genz_meme,True,1,1361,44,3.892645835876465,
1729450002964738936,p02_fitness,True,1,1352,44,1.084096908569336,
1729450002964738936,p03_parent,True,1,1354,44,1.1959919929504395,
1729450002964738936,p04_tech_pro,True,1,1355,44,1.1875338554382324,
1729450002964738936,p05_fashion,True,1,1351,44,1.0925209522247314,
1729450002964738936,p06_foodie,True,1,1362,44,1.188976764678955,
1729450002964738936,p07_traveler,True,1,1352,44,1.1004142761230469,
1729450002964738936,p08_student,True,1,1356,44,1.191277265548706,
1729450002964738936,p09_entrepreneur,True,1,1357,44,1.1991207599639893,
1729450002964738936,p10_artist,True,1,1355,44,1.1750540733337402,
1729450002964738936,p11_senior,True,1,1356,44,1.168457269668579,
1729450002964738936,p12_activist,True,1,1360,44,1.172152042388916,
1729535904340893077,p01_genz_meme,True,1,1282,44,3.7997097969055176,
1729535904340893077,p02_fitness,True,1,1273,44,1.0811619758605957,
1729535904340893077,p03_parent,True,1,1275,44,1.0878567695617676,
1729535904340893077,p04_tech_pro,True,1,1276,44,1.0782451629638672,
1729535904340893077,p05_fashion,True,1,1272,44,1.0676941871643066,
1729535904340893077,p06_foodie,True,1,1283,44,1.0768508911132812,
1729535904340893077,p07_traveler,True,1,1273,44,1.0670990943908691,
1729535904340893077,p08_student,True,1,1277,44,1.0697331428527832,
1729535904340893077,p09_entrepreneur,True,1,1278,44,1.0682439804077148,
1729535904340893077,p10_artist,True,1,1276,44,1.0667462348937988,
1729535904340893077,p11_senior,True,1,1277,44,1.0726568698883057,
1729535904340893077,p12_activist,True,1,1281,44,1.076568841934204,
1729568732285526259,p01_genz_meme,True,1,1290,44,3.7768518924713135,
1729568732285526259,p02_fitness,True,1,1281,44,1.0562310218811035,
1729568732285526259,p03_parent,True,1,1283,44,1.085456132888794,
1729568732285526259,p04_tech_pro,True,1,1284,44,1.0771992206573486,
1729568732285526259,p05_fashion,True,1,1280,44,1.0571401119232178,
1729568732285526259,p06_foodie,True,1,1291,44,1.0721068382263184,
1729568732285526259,p07_traveler,True,1,1281,44,1.072157859802246,
1729568732285526259,p08_student,True,1,1285,44,1.0688347816467285,
1729568732285526259,p09_entrepreneur,True,1,1286,44,1.0746400356292725,
1729568732285526259,p10_artist,True,1,1284,44,1.0702190399169922,
1729568732285526259,p11_senior,True,1,1285,44,1.0761878490447998,
1729568732285526259,p12_activist,True,1,1289,44,1.0833899974822998,
1729976425605367517,p01_genz_meme,True,1,1378,44,3.8813700675964355,
1729976425605367517,p02_fitness,True,1,1369,44,1.2088208198547363,
1729976425605367517,p03_parent,True,1,1371,44,1.2120702266693115,
1729976425605367517,p04_tech_pro,True,1,1372,44,1.1728911399841309,
1729976425605367517,p05_fashion,True,1,1368,44,1.1757879257202148,
1729976425605367517,p06_foodie,True,1,1379,44,1.188715934753418,
1729976425605367517,p07_traveler,True,1,1369,44,1.178713083267212,
1729976425605367517,p08_student,True,1,1373,44,1.1777887344360352,
1729976425605367517,p09_entrepreneur,True,1,1374,44,1.1842451095581055,
1729976425605367517,p10_artist,True,1,1372,44,1.1891510486602783,
1729976425605367517,p11_senior,True,1,1373,44,1.1851060390472412,
1729976425605367517,p12_activist,True,1,1377,44,1.1852481365203857,
1730507407103480161,p01_genz_meme,True,1,1334,44,3.6245267391204834,
1730507407103480161,p02_fitness,True,1,1325,44,1.0807950496673584,
1730507407103480161,p03_parent,True,1,1327,44,1.1963367462158203,
1730507407103480161,p04_tech_pro,True,1,1328,44,1.1008589267730713,
1730507407103480161,p05_fashion,True,1,1324,44,1.0942661762237549,
1730507407103480161,p06_foodie,True,1,1335,44,1.1111760139465332,
1730507407103480161,p07_traveler,True,1,1325,44,1.0951769351959229,
1730507407103480161,p08_student,True,1,1329,44,1.0988309383392334,
1730507407103480161,p09_entrepreneur,True,1,1330,44,1.0998620986938477,
1730507407103480161,p10_artist,True,1,1328,44,1.1004469394683838,
1730507407103480161,p11_senior,True,1,1329,44,1.111375093460083,
1730507407103480161,p12_activist,True,1,1333,44,1.0964162349700928,
1730837196587277352,p01_genz_meme,True,1,1350,44,3.719210147857666,
1730837196587277352,p02_fitness,True,1,1341,44,1.1648199558258057,
1730837196587277352,p03_parent,True,1,1343,44,1.1902308464050293,
1730837196587277352,p04_tech_pro,True,1,1344,44,1.1827902793884277,
1730837196587277352,p05_fashion,True,1,1340,44,1.0955820083618164,
1730837196587277352,p06_foodie,True,1,1351,44,1.1894350051879883,
1730837196587277352,p07_traveler,True,1,1341,44,1.1843321323394775,
1730837196587277352,p08_student,True,1,1345,44,1.218163013458252,
1730837196587277352,p09_entrepreneur,True,1,1346,44,1.1922080516815186,
1730837196587277352,p10_artist,True,1,1344,44,1.176084041595459,
1730837196587277352,p11_senior,True,1,1345,44,1.1872761249542236,
1730837196587277352,p12_activist,True,1,1349,44,1.189507007598877,
1731296514256319570,p01_genz_meme,True,1,1285,44,3.5935182571411133,
1731296514256319570,p02_fitness,True,1,1276,44,1.065727949142456,
1731296514256319570,p03_parent,True,1,1278,44,1.111241102218628,
1731296514256319570,p04_tech_pro,True,1,1279,44,1.0781068801879883,
1731296514256319570,p05_fashion,True,1,1275,44,1.0703809261322021,
1731296514256319570,p06_foodie,True,1,1286,44,1.0782339572906494,
1731296514256319570,p07_traveler,True,1,1276,44,1.0789949893951416,
1731296514256319570,p08_student,True,1,1280,44,1.0848932266235352,
1731296514256319570,p09_entrepreneur,True,1,1281,44,1.0795891284942627,
1731296514256319570,p10_artist,True,1,1279,44,1.094655990600586,
1731296514256319570,p11_senior,True,1,1280,44,1.155867338180542,
1731296514256319570,p12_activist,True,1,1284,44,1.1356170177459717,
1731456509899273451,p01_genz_meme,True,1,1426,44,3.8824057579040527,
1731456509899273451,p02_fitness,True,1,1417,44,1.195693016052246,
1731456509899273451,p03_parent,True,1,1419,44,1.2208278179168701,
1731456509899273451,p04_tech_pro,True,1,1420,44,1.208711862564087,
1731456509899273451,p05_fashion,True,1,1416,44,1.202610969543457,
1731456509899273451,p06_foodie,True,1,1427,44,1.2261509895324707,
1731456509899273451,p07_traveler,True,1,1417,44,1.2101597785949707,
1731456509899273451,p08_student,True,1,1421,44,1.2023670673370361,
1731456509899273451,p09_entrepreneur,True,1,1422,44,1.2069909572601318,
1731456509899273451,p10_artist,True,1,1420,44,1.2106878757476807,
1731456509899273451,p11_senior,True,1,1421,44,1.2006220817565918,
1731456509899273451,p12_activist,True,1,1425,44,1.2346949577331543,
1731603071187620562,p01_genz_meme,True,1,1464,44,3.97367000579834,
1731603071187620562,p02_fitness,True,1,1455,44,1.204707145690918,
1731603071187620562,p03_parent,True,1,1457,44,1.2300763130187988,
1731603071187620562,p04_tech_pro,True,1,1458,44,1.2232420444488525,
1731603071187620562,p05_fashion,True,1,1454,44,1.2117490768432617,
1731603071187620562,p06_foodie,True,1,1465,44,1.2272241115570068,
1731603071187620562,p07_traveler,True,1,1455,44,1.218808889389038,
1731603071187620562,p08_student,True,1,1459,44,1.2228381633758545,
1731603071187620562,p09_entrepreneur,True,1,1460,44,1.2227718830108643,
1731603071187620562,p10_artist,True,1,1458,44,1.225513219833374,
1731603071187620562,p11_senior,True,1,1459,44,1.2153778076171875,
1731603071187620562,p12_activist,True,1,1463,44,1.2212510108947754,
1732150782595224465,p01_genz_meme,True,1,1276,44,3.587399959564209,
1732150782595224465,p02_fitness,True,1,1267,44,1.0663518905639648,
1732150782595224465,p03_parent,True,1,1269,44,1.1226780414581299,
1732150782595224465,p04_tech_pro,True,1,1270,44,1.0826599597930908,
1732150782595224465,p05_fashion,True,1,1266,44,1.0701701641082764,
1732150782595224465,p06_foodie,True,1,1277,44,1.07542085647583,
1732150782595224465,p07_traveler,True,1,1267,44,1.078188180923462,
1732150782595224465,p08_student,True,1,1271,44,1.07672119140625,
1732150782595224465,p09_entrepreneur,True,1,1272,44,1.0752170085906982,
1732150782595224465,p10_artist,True,1,1270,44,1.0806777477264404,
1732150782595224465,p11_senior,True,1,1271,44,1.0786371231079102,
1732150782595224465,p12_activist,True,1,1275,44,1.0925319194793701,
1733583803501769055,p01_genz_meme,True,1,1379,44,3.723403215408325,
1733583803501769055,p02_fitness,True,1,1370,44,1.1777780055999756,
1733583803501769055,p03_parent,True,1,1372,44,1.2049648761749268,
1733583803501769055,p04_tech_pro,True,1,1373,44,1.1959857940673828,
1733583803501769055,p05_fashion,True,1,1369,44,1.1819169521331787,
1733583803501769055,p06_foodie,True,1,1380,44,1.212270975112915,
1733583803501769055,p07_traveler,True,1,1370,44,1.2124431133270264,
1733583803501769055,p08_student,True,1,1374,44,1.1920807361602783,
1733583803501769055,p09_entrepreneur,True,1,1375,44,1.1894221305847168,
1733583803501769055,p10_artist,True,1,1373,44,1.1967649459838867,
1733583803501769055,p11_senior,True,1,1374,44,1.196803092956543,
1733583803501769055,p12_activist,True,1,1378,44,1.2239530086517334,
1734328224118479449,p01_genz_meme,True,1,1294,44,3.9682300090789795,
1734328224118479449,p02_fitness,True,1,1285,44,1.0538699626922607,
1734328224118479449,p03_parent,True,1,1287,44,1.0873630046844482,
1734328224118479449,p04_tech_pro,True,1,1288,44,1.076521873474121,
1734328224118479449,p05_fashion,True,1,1284,44,1.073669195175171,
1734328224118479449,p06_foodie,True,1,1295,44,1.069629192352295,
1734328224118479449,p07_traveler,True,1,1285,44,1.078855037689209,
1734328224118479449,p08_student,True,1,1289,44,1.0812358856201172,
1734328224118479449,p09_entrepreneur,True,1,1290,44,1.081063985824585,
1734328224118479449,p10_artist,True,1,1288,44,1.0843162536621094,
1734328224118479449,p11_senior,True,1,1289,44,1.0762979984283447,
1734328224118479449,p12_activist,True,1,1293,44,1.088240146636963,
1734381093355522327,p01_genz_meme,True,1,1633,44,3.987565040588379,
1734381093355522327,p02_fitness,True,1,1624,44,1.459855079650879,
1734381093355522327,p03_parent,True,1,1626,44,1.4948742389678955,
1734381093355522327,p04_tech_pro,True,1,1627,44,1.464637041091919,
1734381093355522327,p05_fashion,True,1,1623,44,1.4664959907531738,
1734381093355522327,p06_foodie,True,1,1634,44,1.475511074066162,
1734381093355522327,p07_traveler,True,1,1624,44,1.484623670578003,
1734381093355522327,p08_student,True,1,1628,44,1.463212013244629,
1734381093355522327,p09_entrepreneur,True,1,1629,44,1.5123088359832764,
1734381093355522327,p10_artist,True,1,1627,44,1.4807581901550293,
1734381093355522327,p11_senior,True,1,1628,44,1.483731985092163,
1734381093355522327,p12_activist,True,1,1632,44,1.4733150005340576,
1735031510586073360,p01_genz_meme,True,1,1301,44,3.8276798725128174,
1735031510586073360,p02_fitness,True,1,1292,44,1.0608739852905273,
1735031510586073360,p03_parent,True,1,1294,44,1.0917789936065674,
1735031510586073360,p04_tech_pro,True,1,1295,44,1.0956029891967773,
1735031510586073360,p05_fashion,True,1,1291,44,1.0713720321655273,
1735031510586073360,p06_foodie,True,1,1302,44,1.0758628845214844,
1735031510586073360,p07_traveler,True,1,1292,44,1.0796818733215332,
1735031510586073360,p08_student,True,1,1296,44,1.080702304840088,
1735031510586073360,p09_entrepreneur,True,1,1297,44,1.100721836090088,
1735031510586073360,p10_artist,True,1,1295,44,1.0796780586242676,
1735031510586073360,p11_senior,True,1,1296,44,1.0731070041656494,
1735031510586073360,p12_activist,True,1,1300,44,1.0847249031066895,
1735137685036904663,p01_genz_meme,True,1,1490,44,4.01475715637207,
1735137685036904663,p02_fitness,True,1,1481,44,1.2089102268218994,
1735137685036904663,p03_parent,True,1,1483,44,1.2333357334136963,
1735137685036904663,p04_tech_pro,True,1,1484,44,1.2183029651641846,
1735137685036904663,p05_fashion,True,1,1480,44,1.2222797870635986,
1735137685036904663,p06_foodie,True,1,1491,44,1.2366337776184082,
1735137685036904663,p07_traveler,True,1,1481,44,1.2349109649658203,
1735137685036904663,p08_student,True,1,1485,44,1.2303791046142578,
1735137685036904663,p09_entrepreneur,True,1,1486,44,1.2419629096984863,
1735137685036904663,p10_artist,True,1,1484,44,1.219257116317749,
1735137685036904663,p11_senior,True,1,1485,44,1.2218329906463623,
1735137685036904663,p12_activist,True,1,1489,44,1.220599889755249,
1735726291203947940,p01_genz_meme,True,1,1261,44,3.6114721298217773,
1735726291203947940,p02_fitness,True,1,1252,44,1.0633139610290527,
1735726291203947940,p03_parent,True,1,1254,44,1.091845989227295,
1735726291203947940,p04_tech_pro,True,1,1255,44,1.0792429447174072,
1735726291203947940,p05_fashion,True,1,1251,44,1.0674707889556885,
1735726291203947940,p06_foodie,True,1,1262,44,1.1101570129394531,
1735726291203947940,p07_traveler,True,1,1252,44,1.066586971282959,
1735726291203947940,p08_student,True,1,1256,44,1.0763828754425049,
1735726291203947940,p09_entrepreneur,True,1,1257,44,1.0760750770568848,
1735726291203947940,p10_artist,True,1,1255,44,1.0859692096710205,
1735726291203947940,p11_senior,True,1,1256,44,1.0836269855499268,
1735726291203947940,p12_activist,True,1,1260,44,1.0749309062957764,
1736539887824212010,p01_genz_meme,True,1,1307,44,3.6178648471832275,
1736539887824212010,p02_fitness,True,1,1298,44,1.0713810920715332,
1736539887824212010,p03_parent,True,1,1300,44,1.1042940616607666,
1736539887824212010,p04_tech_pro,True,1,1301,44,1.0993211269378662,
1736539887824212010,p05_fashion,True,1,1297,44,1.0915768146514893,
1736539887824212010,p06_foodie,True,1,1308,44,1.0894269943237305,
1736539887824212010,p07_traveler,True,1,1298,44,1.089359998703003,
1736539887824212010,p08_student,True,1,1302,44,1.1020820140838623,
1736539887824212010,p09_entrepreneur,True,1,1303,44,1.0919926166534424,
1736539887824212010,p10_artist,True,1,1301,44,1.0915298461914062,
1736539887824212010,p11_senior,True,1,1302,44,1.092961072921753,
1736539887824212010,p12_activist,True,1,1306,44,1.0937888622283936,
1736603627797338644,p01_genz_meme,True,1,1282,44,3.8378849029541016,
1736603627797338644,p02_fitness,True,1,1273,44,1.0542347431182861,
1736603627797338644,p03_parent,True,1,1275,44,1.088160753250122,
1736603627797338644,p04_tech_pro,True,1,1276,44,1.0783791542053223,
1736603627797338644,p05_fashion,True,1,1272,44,1.0753231048583984,
1736603627797338644,p06_foodie,True,1,1283,44,1.0767018795013428,
1736603627797338644,p07_traveler,True,1,1273,44,1.0732038021087646,
1736603627797338644,p08_student,True,1,1277,44,1.0746376514434814,
1736603627797338644,p09_entrepreneur,True,1,1278,44,1.1101608276367188,
1736603627797338644,p10_artist,True,1,1276,44,1.0957598686218262,
1736603627797338644,p11_senior,True,1,1277,44,1.093324899673462,
1736603627797338644,p12_activist,True,1,1281,44,1.070605993270874,
1737964218073131255,p01_genz_meme,True,1,1267,44,3.6123580932617188,
1737964218073131255,p02_fitness,True,1,1258,44,1.0537991523742676,
1737964218073131255,p03_parent,True,1,1260,44,1.1175849437713623,
1737964218073131255,p04_tech_pro,True,1,1261,44,1.095506191253662,
1737964218073131255,p05_fashion,True,1,1257,44,1.0671260356903076,
1737964218073131255,p06_foodie,True,1,1268,44,1.069700002670288,
1737964218073131255,p07_traveler,True,1,1258,44,1.0690600872039795,
1737964218073131255,p08_student,True,1,1262,44,1.0779602527618408,
1737964218073131255,p09_entrepreneur,True,1,1263,44,1.0820727348327637,
1737964218073131255,p10_artist,True,1,1261,44,1.078321933746338,
1737964218073131255,p11_senior,True,1,1262,44,1.1920299530029297,
1737964218073131255,p12_activist,True,1,1266,44,1.0785188674926758,
1738526800949894158,p01_genz_meme,True,1,1329,44,3.804898977279663,
1738526800949894158,p02_fitness,True,1,1320,44,1.073519229888916,
1738526800949894158,p03_parent,True,1,1322,44,1.1136059761047363,
1738526800949894158,p04_tech_pro,True,1,1323,44,1.1059160232543945,
1738526800949894158,p05_fashion,True,1,1319,44,1.0861060619354248,
1738526800949894158,p06_foodie,True,1,1330,44,1.094848871231079,
1738526800949894158,p07_traveler,True,1,1320,44,1.0946238040924072,
1738526800949894158,p08_student,True,1,1324,44,1.1045780181884766,
1738526800949894158,p09_entrepreneur,True,1,1325,44,1.097580909729004,
1738526800949894158,p10_artist,True,1,1323,44,1.0911860466003418,
1738526800949894158,p11_senior,True,1,1324,44,1.0971288681030273,
1738526800949894158,p12_activist,True,1,1328,44,1.1030128002166748,
1738792626625984927,p01_genz_meme,True,1,1291,44,3.652160167694092,
1738792626625984927,p02_fitness,True,1,1282,44,1.0575549602508545,
1738792626625984927,p03_parent,True,1,1284,44,1.126204013824463,
1738792626625984927,p04_tech_pro,True,1,1285,44,1.1062889099121094,
1738792626625984927,p05_fashion,True,1,1281,44,1.113896131515503,
1738792626625984927,p06_foodie,True,1,1292,44,1.1048169136047363,
1738792626625984927,p07_traveler,True,1,1282,44,1.0762708187103271,
1738792626625984927,p08_student,True,1,1286,44,1.0976860523223877,
1738792626625984927,p09_entrepreneur,True,1,1287,44,1.0992391109466553,
1738792626625984927,p10_artist,True,1,1285,44,1.173710823059082,
1738792626625984927,p11_senior,True,1,1286,44,1.1115291118621826,
1738792626625984927,p12_activist,True,1,1290,44,1.0776779651641846,
1739571231409005857,p01_genz_meme,True,1,1353,44,3.8249340057373047,
1739571231409005857,p02_fitness,True,1,1344,44,1.0851242542266846,
1739571231409005857,p03_parent,True,1,1346,44,1.1225380897521973,
1739571231409005857,p04_tech_pro,True,1,1347,44,1.1090540885925293,
1739571231409005857,p05_fashion,True,1,1343,44,1.1040959358215332,
1739571231409005857,p06_foodie,True,1,1354,44,1.1136369705200195,
1739571231409005857,p07_traveler,True,1,1344,44,1.1098442077636719,
1739571231409005857,p08_student,True,1,1348,44,1.109044075012207,
1739571231409005857,p09_entrepreneur,True,1,1349,44,1.1149649620056152,
1739571231409005857,p10_artist,True,1,1347,44,1.1140689849853516,
1739571231409005857,p11_senior,True,1,1348,44,1.1091208457946777,
1739571231409005857,p12_activist,True,1,1352,44,1.104997158050537,
1739614529685461900,p01_genz_meme,True,1,1358,44,3.9313528537750244,
1739614529685461900,p02_fitness,True,1,1349,44,1.0899391174316406,
1739614529685461900,p03_parent,True,1,1351,44,1.1227240562438965,
1739614529685461900,p04_tech_pro,True,1,1352,44,1.1075599193572998,
1739614529685461900,p05_fashion,True,1,1348,44,1.1005828380584717,
1739614529685461900,p06_foodie,True,1,1359,44,1.1172208786010742,
1739614529685461900,p07_traveler,True,1,1349,44,1.1049261093139648,
1739614529685461900,p08_student,True,1,1353,44,1.107131004333496,
1739614529685461900,p09_entrepreneur,True,1,1354,44,1.1125130653381348,
1739614529685461900,p10_artist,True,1,1352,44,1.137096881866455,
1739614529685461900,p11_senior,True,1,1353,44,1.1364338397979736,
1739614529685461900,p12_activist,True,1,1357,44,1.1139109134674072,
1740003189163265029,p01_genz_meme,True,1,1376,44,3.7793359756469727,
1740003189163265029,p02_fitness,True,1,1367,44,1.1871981620788574,
1740003189163265029,p03_parent,True,1,1369,44,1.2187299728393555,
1740003189163265029,p04_tech_pro,True,1,1370,44,1.2029590606689453,
1740003189163265029,p05_fashion,True,1,1366,44,1.2081060409545898,
1740003189163265029,p06_foodie,True,1,1377,44,1.2028851509094238,
1740003189163265029,p07_traveler,True,1,1367,44,1.1969830989837646,
1740003189163265029,p08_student,True,1,1371,44,1.197704792022705,
1740003189163265029,p09_entrepreneur,True,1,1372,44,1.2071847915649414,
1740003189163265029,p10_artist,True,1,1370,44,1.1999030113220215,
1740003189163265029,p11_senior,True,1,1371,44,1.206002950668335,
1740003189163265029,p12_activist,True,1,1375,44,1.215088129043579,
1740622911141813861,p01_genz_meme,True,1,1316,44,3.8383989334106445,
1740622911141813861,p02_fitness,True,1,1307,44,1.0676989555358887,
1740622911141813861,p03_parent,True,1,1309,44,1.121845006942749,
1740622911141813861,p04_tech_pro,True,1,1310,44,1.0945730209350586,
1740622911141813861,p05_fashion,True,1,1306,44,1.0853748321533203,
1740622911141813861,p06_foodie,True,1,1317,44,1.0899858474731445,
1740622911141813861,p07_traveler,True,1,1307,44,1.0944249629974365,
1740622911141813861,p08_student,True,1,1311,44,1.0987298488616943,
1740622911141813861,p09_entrepreneur,True,1,1312,44,1.0845038890838623,
1740622911141813861,p10_artist,True,1,1310,44,1.0864579677581787,
1740622911141813861,p11_senior,True,1,1311,44,1.0931141376495361,
1740622911141813861,p12_activist,True,1,1315,44,1.1185522079467773,
1740705208345276878,p01_genz_meme,True,1,1369,44,3.9902150630950928,
1740705208345276878,p02_fitness,True,1,1360,44,1.112558126449585,
1740705208345276878,p03_parent,True,1,1362,44,1.2319881916046143,
1740705208345276878,p04_tech_pro,True,1,1363,44,1.198457956314087,
1740705208345276878,p05_fashion,True,1,1359,44,1.1010692119598389,
1740705208345276878,p06_foodie,True,1,1370,44,1.2056610584259033,
1740705208345276878,p07_traveler,True,1,1360,44,1.116745948791504,
1740705208345276878,p08_student,True,1,1364,44,1.194659948348999,
1740705208345276878,p09_entrepreneur,True,1,1365,44,1.1877670288085938,
1740705208345276878,p10_artist,True,1,1363,44,1.195702075958252,
1740705208345276878,p11_senior,True,1,1364,44,1.1980350017547607,
1740705208345276878,p12_activist,True,1,1368,44,1.200016975402832,
1740716153858622578,p01_genz_meme,True,1,1645,44,4.339910984039307,
1740716153858622578,p02_fitness,True,1,1636,44,1.563938856124878,
1740716153858622578,p03_parent,True,1,1638,44,1.493433952331543,
1740716153858622578,p04_tech_pro,True,1,1639,44,1.5026109218597412,
1740716153858622578,p05_fashion,True,1,1635,44,1.4871578216552734,
1740716153858622578,p06_foodie,True,1,1646,44,1.4952740669250488,
1740716153858622578,p07_traveler,True,1,1636,44,1.4860529899597168,
1740716153858622578,p08_student,True,1,1640,44,1.5053660869598389,
1740716153858622578,p09_entrepreneur,True,1,1641,44,1.4869277477264404,
1740716153858622578,p10_artist,True,1,1639,44,1.483839988708496,
1740716153858622578,p11_senior,True,1,1640,44,1.4826350212097168,
1740716153858622578,p12_activist,True,1,1644,44,1.482409954071045,
1741489691678756999,p01_genz_meme,True,1,1294,44,3.865769147872925,
1741489691678756999,p02_fitness,True,1,1285,44,1.0664210319519043,
1741489691678756999,p03_parent,True,1,1287,44,1.1123712062835693,
1741489691678756999,p04_tech_pro,True,1,1288,44,1.1078338623046875,
1741489691678756999,p05_fashion,True,1,1284,44,1.0996103286743164,
1741489691678756999,p06_foodie,True,1,1295,44,1.0870029926300049,
1741489691678756999,p07_traveler,True,1,1285,44,1.0767061710357666,
1741489691678756999,p08_student,True,1,1289,44,1.0751619338989258,
1741489691678756999,p09_entrepreneur,True,1,1290,44,1.0847773551940918,
1741489691678756999,p10_artist,True,1,1288,44,1.0794250965118408,
1741489691678756999,p11_senior,True,1,1289,44,1.0777602195739746,
1741489691678756999,p12_activist,True,1,1293,44,1.0765650272369385,
1742274277858009635,p01_genz_meme,True,1,1319,44,3.8190250396728516,
1742274277858009635,p02_fitness,True,1,1310,44,1.06553316116333,
1742274277858009635,p03_parent,True,1,1312,44,1.1031849384307861,
1742274277858009635,p04_tech_pro,True,1,1313,44,1.098865270614624,
1742274277858009635,p05_fashion,True,1,1309,44,1.0780370235443115,
1742274277858009635,p06_foodie,True,1,1320,44,1.0845458507537842,
1742274277858009635,p07_traveler,True,1,1310,44,1.0851659774780273,
1742274277858009635,p08_student,True,1,1314,44,1.090122938156128,
1742274277858009635,p09_entrepreneur,True,1,1315,44,1.0894813537597656,
1742274277858009635,p10_artist,True,1,1313,44,1.084744930267334,
1742274277858009635,p11_senior,True,1,1314,44,1.0812561511993408,
1742274277858009635,p12_activist,True,1,1318,44,1.0909018516540527,
1742714961711655464,p01_genz_meme,True,1,1404,44,3.9378161430358887,
1742714961711655464,p02_fitness,True,1,1395,44,1.1859760284423828,
1742714961711655464,p03_parent,True,1,1397,44,1.2176001071929932,
1742714961711655464,p04_tech_pro,True,1,1398,44,1.1995861530303955,
1742714961711655464,p05_fashion,True,1,1394,44,1.1939888000488281,
1742714961711655464,p06_foodie,True,1,1405,44,1.2081189155578613,
1742714961711655464,p07_traveler,True,1,1395,44,1.2012250423431396,
1742714961711655464,p08_student,True,1,1399,44,1.20908522605896,
1742714961711655464,p09_entrepreneur,True,1,1400,44,1.202043056488037,
1742714961711655464,p10_artist,True,1,1398,44,1.2023959159851074,
1742714961711655464,p11_senior,True,1,1399,44,1.2054088115692139,
1742714961711655464,p12_activist,True,1,1403,44,1.2128868103027344,
1743009180318213939,p01_genz_meme,True,1,1290,44,3.7899138927459717,
1743009180318213939,p02_fitness,True,1,1281,44,1.0594851970672607,
1743009180318213939,p03_parent,True,1,1283,44,1.094177007675171,
1743009180318213939,p04_tech_pro,True,1,1284,44,1.085555076599121,
1743009180318213939,p05_fashion,True,1,1280,44,1.1106297969818115,
1743009180318213939,p06_foodie,True,1,1291,44,1.136540174484253,
1743009180318213939,p07_traveler,True,1,1281,44,1.08890700340271,
1743009180318213939,p08_student,True,1,1285,44,1.0657970905303955,
1743009180318213939,p09_entrepreneur,True,1,1286,44,1.0737309455871582,
1743009180318213939,p10_artist,True,1,1284,44,1.081050157546997,
1743009180318213939,p11_senior,True,1,1285,44,1.0802421569824219,
1743009180318213939,p12_activist,True,1,1289,44,1.0923409461975098,
1743431345889938044,p01_genz_meme,True,1,1414,44,3.758549928665161,
1743431345889938044,p02_fitness,True,1,1405,44,1.2033140659332275,
1743431345889938044,p03_parent,True,1,1407,44,1.2297229766845703,
1743431345889938044,p04_tech_pro,True,1,1408,44,1.2158317565917969,
1743431345889938044,p05_fashion,True,1,1404,44,1.2091310024261475,
1743431345889938044,p06_foodie,True,1,1415,44,1.2211658954620361,
1743431345889938044,p07_traveler,True,1,1405,44,1.219372034072876,
1743431345889938044,p08_student,True,1,1409,44,1.224233865737915,
1743431345889938044,p09_entrepreneur,True,1,1410,44,1.2196402549743652,
1743431345889938044,p10_artist,True,1,1408,44,1.213191032409668,
1743431345889938044,p11_senior,True,1,1409,44,1.2152659893035889,
1743431345889938044,p12_activist,True,1,1413,44,1.2180829048156738,
1743666408577057116,p01_genz_meme,True,1,1320,44,3.8741419315338135,
1743666408577057116,p02_fitness,True,1,1311,44,1.0774850845336914,
1743666408577057116,p03_parent,True,1,1313,44,1.1162018775939941,
1743666408577057116,p04_tech_pro,True,1,1314,44,1.0929009914398193,
1743666408577057116,p05_fashion,True,1,1310,44,1.0809130668640137,
1743666408577057116,p06_foodie,True,1,1321,44,1.0892102718353271,
1743666408577057116,p07_traveler,True,1,1311,44,1.0942871570587158,
1743666408577057116,p08_student,True,1,1315,44,1.101991891860962,
1743666408577057116,p09_entrepreneur,True,1,1316,44,1.0915977954864502,
1743666408577057116,p10_artist,True,1,1314,44,1.0972847938537598,
1743666408577057116,p11_senior,True,1,1315,44,1.100403070449829,
1743666408577057116,p12_activist,True,1,1319,44,1.096344232559204,
1744128344171436936,p01_genz_meme,True,1,1550,44,4.077102899551392,
1744128344171436936,p02_fitness,True,1,1541,44,1.3732008934020996,
1744128344171436936,p03_parent,True,1,1543,44,1.3692231178283691,
1744128344171436936,p04_tech_pro,True,1,1544,44,1.3436388969421387,
1744128344171436936,p05_fashion,True,1,1540,44,1.358940839767456,
1744128344171436936,p06_foodie,True,1,1551,44,1.4026880264282227,
1744128344171436936,p07_traveler,True,1,1541,44,1.3520891666412354,
1744128344171436936,p08_student,True,1,1545,44,1.341325044631958,
1744128344171436936,p09_entrepreneur,True,1,1546,44,1.3527419567108154,
1744128344171436936,p10_artist,True,1,1544,44,1.3541629314422607,
1744128344171436936,p11_senior,True,1,1545,44,1.3437597751617432,
1744128344171436936,p12_activist,True,1,1549,44,1.3551979064941406,
1744478422242408812,p01_genz_meme,True,1,1411,44,3.992687225341797,
1744478422242408812,p02_fitness,True,1,1402,44,1.191220998764038,
1744478422242408812,p03_parent,True,1,1404,44,1.2429969310760498,
1744478422242408812,p04_tech_pro,True,1,1405,44,1.2435252666473389,
1744478422242408812,p05_fashion,True,1,1401,44,1.2082157135009766,
1744478422242408812,p06_foodie,True,1,1412,44,1.227475881576538,
1744478422242408812,p07_traveler,True,1,1402,44,1.210677146911621,
1744478422242408812,p08_student,True,1,1406,44,1.23191499710083,
1744478422242408812,p09_entrepreneur,True,1,1407,44,1.2177107334136963,
1744478422242408812,p10_artist,True,1,1405,44,1.2209839820861816,
1744478422242408812,p11_senior,True,1,1406,44,1.2189013957977295,
1744478422242408812,p12_activist,True,1,1410,44,1.2155978679656982,
1745189459471612309,p01_genz_meme,True,1,1463,44,3.9987871646881104,
1745189459471612309,p02_fitness,True,1,1454,44,1.2225027084350586,
1745189459471612309,p03_parent,True,1,1456,44,1.2452318668365479,
1745189459471612309,p04_tech_pro,True,1,1457,44,1.2299931049346924,
1745189459471612309,p05_fashion,True,1,1453,44,1.228550910949707,
1745189459471612309,p06_foodie,True,1,1464,44,1.2411589622497559,
1745189459471612309,p07_traveler,True,1,1454,44,1.2307429313659668,
1745189459471612309,p08_student,True,1,1458,44,1.242002010345459,
1745189459471612309,p09_entrepreneur,True,1,1459,44,1.236548900604248,
1745189459471612309,p10_artist,True,1,1457,44,1.233729600906372,
1745189459471612309,p11_senior,True,1,1458,44,1.2338659763336182,
1745189459471612309,p12_activist,True,1,1462,44,1.232926845550537,
1745937116531466240,p01_genz_meme,True,1,1330,44,3.675083875656128,
1745937116531466240,p02_fitness,True,1,1321,44,1.090378999710083,
1745937116531466240,p03_parent,True,1,1323,44,1.133868932723999,
1745937116531466240,p04_tech_pro,True,1,1324,44,1.1165471076965332,
1745937116531466240,p05_fashion,True,1,1320,44,1.100902795791626,
1745937116531466240,p06_foodie,True,1,1331,44,1.110912799835205,
1745937116531466240,p07_traveler,True,1,1321,44,1.1065726280212402,
1745937116531466240,p08_student,True,1,1325,44,1.1470768451690674,
1745937116531466240,p09_entrepreneur,True,1,1326,44,1.125586748123169,
1745937116531466240,p10_artist,True,1,1324,44,1.104132890701294,
1745937116531466240,p11_senior,True,1,1325,44,1.1139719486236572,
1745937116531466240,p12_activist,True,1,1329,44,1.1115949153900146,
1746586380605546232,p01_genz_meme,True,1,1380,44,3.7371957302093506,
1746586380605546232,p02_fitness,True,1,1371,44,1.1885969638824463,
1746586380605546232,p03_parent,True,1,1373,44,1.2388288974761963,
1746586380605546232,p04_tech_pro,True,1,1374,44,1.2044789791107178,
1746586380605546232,p05_fashion,True,1,1370,44,1.2053852081298828,
1746586380605546232,p06_foodie,True,1,1381,44,1.2087481021881104,
1746586380605546232,p07_traveler,True,1,1371,44,1.212705135345459,
1746586380605546232,p08_student,True,1,1375,44,1.2073321342468262,
1746586380605546232,p09_entrepreneur,True,1,1376,44,1.2068090438842773,
1746586380605546232,p10_artist,True,1,1374,44,1.2047019004821777,
1746586380605546232,p11_senior,True,1,1375,44,1.2050650119781494,
1746586380605546232,p12_activist,True,1,1379,44,1.2393169403076172,
1746728564819365835,p01_genz_meme,True,1,1338,44,3.758363962173462,
1746728564819365835,p02_fitness,True,1,1329,44,1.0960350036621094,
1746728564819365835,p03_parent,True,1,1331,44,1.1351191997528076,
1746728564819365835,p04_tech_pro,True,1,1332,44,1.112048864364624,
1746728564819365835,p05_fashion,True,1,1328,44,1.1080927848815918,
1746728564819365835,p06_foodie,True,1,1339,44,1.1173689365386963,
1746728564819365835,p07_traveler,True,1,1329,44,1.118865966796875,
1746728564819365835,p08_student,True,1,1333,44,1.1190431118011475,
1746728564819365835,p09_entrepreneur,True,1,1334,44,1.117070198059082,
1746728564819365835,p10_artist,True,1,1332,44,1.111825942993164,
1746728564819365835,p11_senior,True,1,1333,44,1.1154942512512207,
1746728564819365835,p12_activist,True,1,1337,44,1.1136889457702637,
1747549211392816436,p01_genz_meme,True,1,1308,44,3.861881732940674,
1747549211392816436,p02_fitness,True,1,1299,44,1.0691678524017334,
1747549211392816436,p03_parent,True,1,1301,44,1.1091892719268799,
1747549211392816436,p04_tech_pro,True,1,1302,44,1.0914902687072754,
1747549211392816436,p05_fashion,True,1,1298,44,1.0867679119110107,
1747549211392816436,p06_foodie,True,1,1309,44,1.094353199005127,
1747549211392816436,p07_traveler,True,1,1299,44,1.0857980251312256,
1747549211392816436,p08_student,True,1,1303,44,1.0903329849243164,
1747549211392816436,p09_entrepreneur,True,1,1304,44,1.0915710926055908,
1747549211392816436,p10_artist,True,1,1302,44,1.0889930725097656,
1747549211392816436,p11_senior,True,1,1303,44,1.0940639972686768,
1747549211392816436,p12_activist,True,1,1307,44,1.09928560256958,
1748669185687614869,p01_genz_meme,True,1,1819,44,4.511502027511597,
1748669185687614869,p02_fitness,True,1,1810,44,1.6272368431091309,
1748669185687614869,p03_parent,True,1,1812,44,1.6534199714660645,
1748669185687614869,p04_tech_pro,True,1,1813,44,1.6272048950195312,
1748669185687614869,p05_fashion,True,1,1809,44,1.643841028213501,
1748669185687614869,p06_foodie,True,1,1820,44,1.6425578594207764,
1748669185687614869,p07_traveler,True,1,1810,44,1.6327641010284424,
1748669185687614869,p08_student,True,1,1814,44,1.6452360153198242,
1748669185687614869,p09_entrepreneur,True,1,1815,44,1.6338989734649658,
1748669185687614869,p10_artist,True,1,1813,44,1.6268391609191895,
1748669185687614869,p11_senior,True,1,1814,44,1.7181980609893799,
1748669185687614869,p12_activist,True,1,1818,44,1.7389259338378906,
1748718798254736275,p01_genz_meme,True,1,1328,44,3.944700002670288,
1748718798254736275,p02_fitness,True,1,1319,44,1.0819027423858643,
1748718798254736275,p03_parent,True,1,1321,44,1.110733985900879,
1748718798254736275,p04_tech_pro,True,1,1322,44,1.085014820098877,
1748718798254736275,p05_fashion,True,1,1318,44,1.0731561183929443,
1748718798254736275,p06_foodie,True,1,1329,44,1.090000867843628,
1748718798254736275,p07_traveler,True,1,1319,44,1.086313009262085,
1748718798254736275,p08_student,True,1,1323,44,1.0871329307556152,
1748718798254736275,p09_entrepreneur,True,1,1324,44,1.083348035812378,
1748718798254736275,p10_artist,True,1,1322,44,1.0892961025238037,
1748718798254736275,p11_senior,True,1,1323,44,1.092987060546875,
1748718798254736275,p12_activist,True,1,1327,44,1.0839548110961914,
1748805534424629669,p01_genz_meme,True,1,1307,44,3.8416929244995117,
1748805534424629669,p02_fitness,True,1,1298,44,1.0681371688842773,
1748805534424629669,p03_parent,True,1,1300,44,1.1126441955566406,
1748805534424629669,p04_tech_pro,True,1,1301,44,1.092369794845581,
1748805534424629669,p05_fashion,True,1,1297,44,1.0777699947357178,
1748805534424629669,p06_foodie,True,1,1308,44,1.088597059249878,
1748805534424629669,p07_traveler,True,1,1298,44,1.0843899250030518,
1748805534424629669,p08_student,True,1,1302,44,1.0936152935028076,
1748805534424629669,p09_entrepreneur,True,1,1303,44,1.0930628776550293,
1748805534424629669,p10_artist,True,1,1301,44,1.0946731567382812,
1748805534424629669,p11_senior,True,1,1302,44,1.0861799716949463,
1748805534424629669,p12_activist,True,1,1306,44,1.0939631462097168,
1749362061261069357,p01_genz_meme,True,1,1731,44,4.278942823410034,
1749362061261069357,p02_fitness,True,1,1722,44,1.5302929878234863,
1749362061261069357,p03_parent,True,1,1724,44,1.5435116291046143,
1749362061261069357,p04_tech_pro,True,1,1725,44,1.6043322086334229,
1749362061261069357,p05_fashion,True,1,1721,44,1.5223731994628906,
1749362061261069357,p06_foodie,True,1,1732,44,1.6303858757019043,
1749362061261069357,p07_traveler,True,1,1722,44,1.533376932144165,
1749362061261069357,p08_student,True,1,1726,44,1.6192598342895508,
1749362061261069357,p09_entrepreneur,True,1,1727,44,1.6048109531402588,
1749362061261069357,p10_artist,True,1,1725,44,1.607483148574829,
1749362061261069357,p11_senior,True,1,1726,44,1.5980002880096436,
1749362061261069357,p12_activist,True,1,1730,44,1.59964919090271,
1749667088924728037,p01_genz_meme,True,1,1371,44,3.74904203414917,
1749667088924728037,p02_fitness,True,1,1362,44,1.1865789890289307,
1749667088924728037,p03_parent,True,1,1364,44,1.2125592231750488,
1749667088924728037,p04_tech_pro,True,1,1365,44,1.2011699676513672,
1749667088924728037,p05_fashion,True,1,1361,44,1.2466957569122314,
1749667088924728037,p06_foodie,True,1,1372,44,1.264228105545044,
1749667088924728037,p07_traveler,True,1,1362,44,1.1917290687561035,
1749667088924728037,p08_student,True,1,1366,44,1.20224928855896,
1749667088924728037,p09_entrepreneur,True,1,1367,44,1.203540325164795,
1749667088924728037,p10_artist,True,1,1365,44,1.2004470825195312,
1749667088924728037,p11_senior,True,1,1366,44,1.2023859024047852,
1749667088924728037,p12_activist,True,1,1370,44,1.2040839195251465,
1749854058908635099,p01_genz_meme,True,1,1411,44,3.7610480785369873,
1749854058908635099,p02_fitness,True,1,1402,44,1.2192070484161377,
1749854058908635099,p03_parent,True,1,1404,44,1.2370996475219727,
1749854058908635099,p04_tech_pro,True,1,1405,44,1.2174499034881592,
1749854058908635099,p05_fashion,True,1,1401,44,1.2095091342926025,
1749854058908635099,p06_foodie,True,1,1412,44,1.2260851860046387,
1749854058908635099,p07_traveler,True,1,1402,44,1.2173070907592773,
1749854058908635099,p08_student,True,1,1406,44,1.2143900394439697,
1749854058908635099,p09_entrepreneur,True,1,1407,44,1.238724708557129,
1749854058908635099,p10_artist,True,1,1405,44,1.2452521324157715,
1749854058908635099,p11_senior,True,1,1406,44,1.2137610912322998,
1749854058908635099,p12_activist,True,1,1410,44,1.2233600616455078,
1750269053707364767,p01_genz_meme,True,1,1364,44,3.7447831630706787,
1750269053707364767,p02_fitness,True,1,1355,44,1.1811740398406982,
1750269053707364767,p03_parent,True,1,1357,44,1.2205469608306885,
1750269053707364767,p04_tech_pro,True,1,1358,44,1.2048149108886719,
1750269053707364767,p05_fashion,True,1,1354,44,1.19610595703125,
1750269053707364767,p06_foodie,True,1,1365,44,1.203160047531128,
1750269053707364767,p07_traveler,True,1,1355,44,1.1970560550689697,
1750269053707364767,p08_student,True,1,1359,44,1.2042510509490967,
1750269053707364767,p09_entrepreneur,True,1,1360,44,1.2007789611816406,
1750269053707364767,p10_artist,True,1,1358,44,1.1997179985046387,
1750269053707364767,p11_senior,True,1,1359,44,1.19911789894104,
1750269053707364767,p12_activist,True,1,1363,44,1.2071712017059326,
1750642148431520408,p01_genz_meme,True,1,1263,44,3.6398329734802246,
1750642148431520408,p02_fitness,True,1,1254,44,1.0588171482086182,
1750642148431520408,p03_parent,True,1,1256,44,1.1053860187530518,
1750642148431520408,p04_tech_pro,True,1,1257,44,1.0859079360961914,
1750642148431520408,p05_fashion,True,1,1253,44,1.0758352279663086,
1750642148431520408,p06_foodie,True,1,1264,44,1.0838110446929932,
1750642148431520408,p07_traveler,True,1,1254,44,1.0866491794586182,
1750642148431520408,p08_student,True,1,1258,44,1.0841789245605469,
1750642148431520408,p09_entrepreneur,True,1,1259,44,1.084563970565796,
1750642148431520408,p10_artist,True,1,1257,44,1.0836200714111328,
1750642148431520408,p11_senior,True,1,1258,44,1.0828959941864014,
1750642148431520408,p12_activist,True,1,1262,44,1.0847477912902832,
1751084046593390385,p01_genz_meme,True,1,1366,44,3.9288339614868164,
1751084046593390385,p02_fitness,True,1,1357,44,1.13462495803833,
1751084046593390385,p03_parent,True,1,1359,44,1.138807773590088,
1751084046593390385,p04_tech_pro,True,1,1360,44,1.1168549060821533,
1751084046593390385,p05_fashion,True,1,1356,44,1.1144628524780273,
1751084046593390385,p06_foodie,True,1,1367,44,1.22127103805542,
1751084046593390385,p07_traveler,True,1,1357,44,1.1172261238098145,
1751084046593390385,p08_student,True,1,1361,44,1.2070517539978027,
1751084046593390385,p09_entrepreneur,True,1,1362,44,1.1937141418457031,
1751084046593390385,p10_artist,True,1,1360,44,1.1106290817260742,
1751084046593390385,p11_senior,True,1,1361,44,1.205688238143921,
1751084046593390385,p12_activist,True,1,1365,44,1.1967370510101318,
1751489985124668817,p01_genz_meme,True,1,1280,44,3.6466753482818604,
1751489985124668817,p02_fitness,True,1,1271,44,1.0639009475708008,
1751489985124668817,p03_parent,True,1,1273,44,1.1071360111236572,
1751489985124668817,p04_tech_pro,True,1,1274,44,1.1687486171722412,
1751489985124668817,p05_fashion,True,1,1270,44,1.135802984237671,
1751489985124668817,p06_foodie,True,1,1281,44,1.1068439483642578,
1751489985124668817,p07_traveler,True,1,1271,44,1.0890860557556152,
1751489985124668817,p08_student,True,1,1275,44,1.0747978687286377,
1751489985124668817,p09_entrepreneur,True,1,1276,44,1.0833678245544434,
1751489985124668817,p10_artist,True,1,1274,44,1.0922050476074219,
1751489985124668817,p11_senior,True,1,1275,44,1.0884027481079102,
1751489985124668817,p12_activist,True,1,1279,44,1.0907258987426758,
1754020364595449403,p01_genz_meme,True,1,1317,44,3.694035053253174,
1754020364595449403,p02_fitness,True,1,1308,44,1.0791046619415283,
1754020364595449403,p03_parent,True,1,1310,44,1.1306121349334717,
1754020364595449403,p04_tech_pro,True,1,1311,44,1.1133570671081543,
1754020364595449403,p05_fashion,True,1,1307,44,1.0976409912109375,
1754020364595449403,p06_foodie,True,1,1318,44,1.1084098815917969,
1754020364595449403,p07_traveler,True,1,1308,44,1.1042101383209229,
1754020364595449403,p08_student,True,1,1312,44,1.1299636363983154,
1754020364595449403,p09_entrepreneur,True,1,1313,44,1.1243090629577637,
1754020364595449403,p10_artist,True,1,1311,44,1.1017537117004395,
1754020364595449403,p11_senior,True,1,1312,44,1.1035618782043457,
1754020364595449403,p12_activist,True,1,1316,44,1.1021559238433838,
1754034935766998118,p01_genz_meme,True,1,1325,44,3.8772737979888916,
1754034935766998118,p02_fitness,True,1,1316,44,1.0853512287139893,
1754034935766998118,p03_parent,True,1,1318,44,1.123971939086914,
1754034935766998118,p04_tech_pro,True,1,1319,44,1.1024730205535889,
1754034935766998118,p05_fashion,True,1,1315,44,1.0963051319122314,
1754034935766998118,p06_foodie,True,1,1326,44,1.1073951721191406,
1754034935766998118,p07_traveler,True,1,1316,44,1.1087491512298584,
1754034935766998118,p08_student,True,1,1320,44,1.1179370880126953,
1754034935766998118,p09_entrepreneur,True,1,1321,44,1.1008269786834717,
1754034935766998118,p10_artist,True,1,1319,44,1.1039297580718994,
1754034935766998118,p11_senior,True,1,1320,44,1.1025421619415283,
1754034935766998118,p12_activist,True,1,1324,44,1.122189998626709,
1754379830725765707,p01_genz_meme,True,1,1268,44,3.6616530418395996,
1754379830725765707,p02_fitness,True,1,1259,44,1.0758600234985352,
1754379830725765707,p03_parent,True,1,1261,44,1.114192008972168,
1754379830725765707,p04_tech_pro,True,1,1262,44,1.085632085800171,
1754379830725765707,p05_fashion,True,1,1258,44,1.076308012008667,
1754379830725765707,p06_foodie,True,1,1269,44,1.0951251983642578,
1754379830725765707,p07_traveler,True,1,1259,44,1.0888559818267822,
1754379830725765707,p08_student,True,1,1263,44,1.0886032581329346,
1754379830725765707,p09_entrepreneur,True,1,1264,44,1.1037781238555908,
1754379830725765707,p10_artist,True,1,1262,44,1.0957458019256592,
1754379830725765707,p11_senior,True,1,1263,44,1.0891189575195312,
1754379830725765707,p12_activist,True,1,1267,44,1.1349422931671143,
1754440993769583879,p01_genz_meme,True,1,1284,44,3.6389667987823486,
1754440993769583879,p02_fitness,True,1,1275,44,1.0756850242614746,
1754440993769583879,p03_parent,True,1,1277,44,1.1204440593719482,
1754440993769583879,p04_tech_pro,True,1,1278,44,1.0949301719665527,
1754440993769583879,p05_fashion,True,1,1274,44,1.0849707126617432,
1754440993769583879,p06_foodie,True,1,1285,44,1.1057391166687012,
1754440993769583879,p07_traveler,True,1,1275,44,1.1012001037597656,
1754440993769583879,p08_student,True,1,1279,44,1.0994386672973633,
1754440993769583879,p09_entrepreneur,True,1,1280,44,1.0962088108062744,
1754440993769583879,p10_artist,True,1,1278,44,1.0930759906768799,
1754440993769583879,p11_senior,True,1,1279,44,1.1047117710113525,
1754440993769583879,p12_activist,True,1,1283,44,1.0997340679168701,
1754609234636210139,p01_genz_meme,True,1,1281,44,3.8208367824554443,
1754609234636210139,p02_fitness,True,1,1272,44,1.0649058818817139,
1754609234636210139,p03_parent,True,1,1274,44,1.1100471019744873,
1754609234636210139,p04_tech_pro,True,1,1275,44,1.0862960815429688,
1754609234636210139,p05_fashion,True,1,1271,44,1.0860569477081299,
1754609234636210139,p06_foodie,True,1,1282,44,1.0975961685180664,
1754609234636210139,p07_traveler,True,1,1272,44,1.0872929096221924,
1754609234636210139,p08_student,True,1,1276,44,1.086245059967041,
1754609234636210139,p09_entrepreneur,True,1,1277,44,1.0799810886383057,
1754609234636210139,p10_artist,True,1,1275,44,1.0945849418640137,
1754609234636210139,p11_senior,True,1,1276,44,1.0899598598480225,
1754609234636210139,p12_activist,True,1,1280,44,1.0913159847259521,
1754672090181866205,p01_genz_meme,True,1,1310,44,3.8521037101745605,
1754672090181866205,p02_fitness,True,1,1301,44,1.0803840160369873,
1754672090181866205,p03_parent,True,1,1303,44,1.129122018814087,
1754672090181866205,p04_tech_pro,True,1,1304,44,1.0999481678009033,
1754672090181866205,p05_fashion,True,1,1300,44,1.1273539066314697,
1754672090181866205,p06_foodie,True,1,1311,44,1.097808837890625,
1754672090181866205,p07_traveler,True,1,1301,44,1.0881850719451904,
1754672090181866205,p08_student,True,1,1305,44,1.0897939205169678,
1754672090181866205,p09_entrepreneur,True,1,1306,44,1.106733798980713,
1754672090181866205,p10_artist,True,1,1304,44,1.102997064590454,
1754672090181866205,p11_senior,True,1,1305,44,1.0965707302093506,
1754672090181866205,p12_activist,True,1,1309,44,1.0917141437530518,
1754700626111250759,p01_genz_meme,True,1,1334,44,3.8622241020202637,
1754700626111250759,p02_fitness,True,1,1325,44,1.0811488628387451,
1754700626111250759,p03_parent,True,1,1327,44,1.1264488697052002,
1754700626111250759,p04_tech_pro,True,1,1328,44,1.1071360111236572,
1754700626111250759,p05_fashion,True,1,1324,44,1.0970940589904785,
1754700626111250759,p06_foodie,True,1,1335,44,1.1053321361541748,
1754700626111250759,p07_traveler,True,1,1325,44,1.1017820835113525,
1754700626111250759,p08_student,True,1,1329,44,1.111232042312622,
1754700626111250759,p09_entrepreneur,True,1,1330,44,1.1131489276885986,
1754700626111250759,p10_artist,True,1,1328,44,1.0979588031768799,
1754700626111250759,p11_senior,True,1,1329,44,1.1028828620910645,
1754700626111250759,p12_activist,True,1,1333,44,1.1056687831878662,
1754772403220084026,p01_genz_meme,True,1,1500,44,4.081447124481201,
1754772403220084026,p02_fitness,True,1,1491,44,1.32828688621521,
1754772403220084026,p03_parent,True,1,1493,44,1.353743076324463,
1754772403220084026,p04_tech_pro,True,1,1494,44,1.3379426002502441,
1754772403220084026,p05_fashion,True,1,1490,44,1.332021951675415,
1754772403220084026,p06_foodie,True,1,1501,44,1.3411221504211426,
1754772403220084026,p07_traveler,True,1,1491,44,1.3480958938598633,
1754772403220084026,p08_student,True,1,1495,44,1.3385047912597656,
1754772403220084026,p09_entrepreneur,True,1,1496,44,1.3554511070251465,
1754772403220084026,p10_artist,True,1,1494,44,1.339735746383667,
1754772403220084026,p11_senior,True,1,1495,44,1.3449149131774902,
1754772403220084026,p12_activist,True,1,1499,44,1.3364579677581787,
1755341708247537873,p01_genz_meme,True,1,1366,44,3.940762996673584,
1755341708247537873,p02_fitness,True,1,1357,44,1.0971498489379883,
1755341708247537873,p03_parent,True,1,1359,44,1.1278307437896729,
1755341708247537873,p04_tech_pro,True,1,1360,44,1.1217310428619385,
1755341708247537873,p05_fashion,True,1,1356,44,1.1092770099639893,
1755341708247537873,p06_foodie,True,1,1367,44,1.1971631050109863,
1755341708247537873,p07_traveler,True,1,1357,44,1.1043720245361328,
1755341708247537873,p08_student,True,1,1361,44,1.120987892150879,
1755341708247537873,p09_entrepreneur,True,1,1362,44,1.1275701522827148,
1755341708247537873,p10_artist,True,1,1360,44,1.121640920639038,
1755341708247537873,p11_senior,True,1,1361,44,1.1138677597045898,
1755341708247537873,p12_activist,True,1,1365,44,1.1154680252075195,
1755347255492480642,p01_genz_meme,True,1,1429,44,4.0138561725616455,
1755347255492480642,p02_fitness,True,1,1420,44,1.1957910060882568,
1755347255492480642,p03_parent,True,1,1422,44,1.2366540431976318,
1755347255492480642,p04_tech_pro,True,1,1423,44,1.2547340393066406,
1755347255492480642,p05_fashion,True,1,1419,44,1.250317096710205,
1755347255492480642,p06_foodie,True,1,1430,44,1.2052459716796875,
1755347255492480642,p07_traveler,True,1,1420,44,1.2033050060272217,
1755347255492480642,p08_student,True,1,1424,44,1.2089900970458984,
1755347255492480642,p09_entrepreneur,True,1,1425,44,1.2104909420013428,
1755347255492480642,p10_artist,True,1,1423,44,1.2099957466125488,
1755347255492480642,p11_senior,True,1,1424,44,1.2120046615600586,
1755347255492480642,p12_activist,True,1,1428,44,1.2150189876556396,
1755349570790332192,p01_genz_meme,True,1,1478,44,4.011919975280762,
1755349570790332192,p02_fitness,True,1,1469,44,1.2281999588012695,
1755349570790332192,p03_parent,True,1,1471,44,1.2512760162353516,
1755349570790332192,p04_tech_pro,True,1,1472,44,1.23455810546875,
1755349570790332192,p05_fashion,True,1,1468,44,1.240614891052246,
1755349570790332192,p06_foodie,True,1,1479,44,1.2511560916900635,
1755349570790332192,p07_traveler,True,1,1469,44,1.2379670143127441,
1755349570790332192,p08_student,True,1,1473,44,1.24527907371521,
1755349570790332192,p09_entrepreneur,True,1,1474,44,1.2468242645263672,
1755349570790332192,p10_artist,True,1,1472,44,1.238663911819458,
1755349570790332192,p11_senior,True,1,1473,44,1.243769884109497,
1755349570790332192,p12_activist,True,1,1477,44,1.2535810470581055,
1755844423634437199,p01_genz_meme,True,1,1266,44,3.6438488960266113,
1755844423634437199,p02_fitness,True,1,1257,44,1.0626468658447266,
1755844423634437199,p03_parent,True,1,1259,44,1.1125001907348633,
1755844423634437199,p04_tech_pro,True,1,1260,44,1.0981628894805908,
1755844423634437199,p05_fashion,True,1,1256,44,1.0746769905090332,
1755844423634437199,p06_foodie,True,1,1267,44,1.0868570804595947,
1755844423634437199,p07_traveler,True,1,1257,44,1.085785150527954,
1755844423634437199,p08_student,True,1,1261,44,1.0925040245056152,
1755844423634437199,p09_entrepreneur,True,1,1262,44,1.091325044631958,
1755844423634437199,p10_artist,True,1,1260,44,1.0855119228363037,
1755844423634437199,p11_senior,True,1,1261,44,1.0957889556884766,
1755844423634437199,p12_activist,True,1,1265,44,1.0898540019989014,
1756019526020256192,p01_genz_meme,True,1,1314,44,3.652523994445801,
1756019526020256192,p02_fitness,True,1,1305,44,1.0842621326446533,
1756019526020256192,p03_parent,True,1,1307,44,1.1313838958740234,
1756019526020256192,p04_tech_pro,True,1,1308,44,1.103971004486084,
1756019526020256192,p05_fashion,True,1,1304,44,1.0927021503448486,
1756019526020256192,p06_foodie,True,1,1315,44,1.1076972484588623,
1756019526020256192,p07_traveler,True,1,1305,44,1.127776861190796,
1756019526020256192,p08_student,True,1,1309,44,1.1287879943847656,
1756019526020256192,p09_entrepreneur,True,1,1310,44,1.1008670330047607,
1756019526020256192,p10_artist,True,1,1308,44,1.0946931838989258,
1756019526020256192,p11_senior,True,1,1309,44,1.1172871589660645,
1756019526020256192,p12_activist,True,1,1313,44,1.1200652122497559,
1756118648061070166,p01_genz_meme,True,1,1395,44,3.9635629653930664,
1756118648061070166,p02_fitness,True,1,1386,44,1.197610855102539,
1756118648061070166,p03_parent,True,1,1388,44,1.2246241569519043,
1756118648061070166,p04_tech_pro,True,1,1389,44,1.2134552001953125,
1756118648061070166,p05_fashion,True,1,1385,44,1.2060191631317139,
1756118648061070166,p06_foodie,True,1,1396,44,1.2210900783538818,
1756118648061070166,p07_traveler,True,1,1386,44,1.215419054031372,
1756118648061070166,p08_student,True,1,1390,44,1.2059621810913086,
1756118648061070166,p09_entrepreneur,True,1,1391,44,1.2076821327209473,
1756118648061070166,p10_artist,True,1,1389,44,1.2094006538391113,
1756118648061070166,p11_senior,True,1,1390,44,1.230468988418579,
1756118648061070166,p12_activist,True,1,1394,44,1.2896356582641602,
1756733559283718281,p01_genz_meme,True,1,1357,44,3.9301199913024902,
1756733559283718281,p02_fitness,True,1,1348,44,1.084010124206543,
1756733559283718281,p03_parent,True,1,1350,44,1.1310679912567139,
1756733559283718281,p04_tech_pro,True,1,1351,44,1.104491949081421,
1756733559283718281,p05_fashion,True,1,1347,44,1.0954179763793945,
1756733559283718281,p06_foodie,True,1,1358,44,1.107372760772705,
1756733559283718281,p07_traveler,True,1,1348,44,1.1101629734039307,
1756733559283718281,p08_student,True,1,1352,44,1.1224656105041504,
1756733559283718281,p09_entrepreneur,True,1,1353,44,1.120615005493164,
1756733559283718281,p10_artist,True,1,1351,44,1.1142640113830566,
1756733559283718281,p11_senior,True,1,1352,44,1.1063170433044434,
1756733559283718281,p12_activist,True,1,1356,44,1.1105890274047852,
1756813589103420566,p01_genz_meme,True,1,1308,44,3.688537836074829,
1756813589103420566,p02_fitness,True,1,1299,44,1.0777318477630615,
1756813589103420566,p03_parent,True,1,1301,44,1.1317079067230225,
1756813589103420566,p04_tech_pro,True,1,1302,44,1.1092090606689453,
1756813589103420566,p05_fashion,True,1,1298,44,1.0992798805236816,
1756813589103420566,p06_foodie,True,1,1309,44,1.1055221557617188,
1756813589103420566,p07_traveler,True,1,1299,44,1.100395917892456,
1756813589103420566,p08_student,True,1,1303,44,1.1057689189910889,
1756813589103420566,p09_entrepreneur,True,1,1304,44,1.1024699211120605,
1756813589103420566,p10_artist,True,1,1302,44,1.107755184173584,
1756813589103420566,p11_senior,True,1,1303,44,1.1030089855194092,
1756813589103420566,p12_activist,True,1,1307,44,1.113295078277588,
1756998296269683590,p01_genz_meme,True,1,1453,44,3.9638259410858154,
1756998296269683590,p02_fitness,True,1,1444,44,1.220318078994751,
1756998296269683590,p03_parent,True,1,1446,44,1.2520830631256104,
1756998296269683590,p04_tech_pro,True,1,1447,44,1.2273049354553223,
1756998296269683590,p05_fashion,True,1,1443,44,1.2250022888183594,
1756998296269683590,p06_foodie,True,1,1454,44,1.249614953994751,
1756998296269683590,p07_traveler,True,1,1444,44,1.2405798435211182,
1756998296269683590,p08_student,True,1,1448,44,1.2322900295257568,
1756998296269683590,p09_entrepreneur,True,1,1449,44,1.2379589080810547,
1756998296269683590,p10_artist,True,1,1447,44,1.2257699966430664,
1756998296269683590,p11_senior,True,1,1448,44,1.245689868927002,
1756998296269683590,p12_activist,True,1,1452,44,1.232539176940918,
1757380731622967453,p01_genz_meme,True,1,1297,44,3.8654510974884033,
1757380731622967453,p02_fitness,True,1,1288,44,1.0726120471954346,
1757380731622967453,p03_parent,True,1,1290,44,1.1149539947509766,
1757380731622967453,p04_tech_pro,True,1,1291,44,1.093982219696045,
1757380731622967453,p05_fashion,True,1,1287,44,1.1128361225128174,
1757380731622967453,p06_foodie,True,1,1298,44,1.0956928730010986,
1757380731622967453,p07_traveler,True,1,1288,44,1.0831120014190674,
1757380731622967453,p08_student,True,1,1292,44,1.0877721309661865,
1757380731622967453,p09_entrepreneur,True,1,1293,44,1.092174768447876,
1757380731622967453,p10_artist,True,1,1291,44,1.0926427841186523,
1757380731622967453,p11_senior,True,1,1292,44,1.0851500034332275,
1757380731622967453,p12_activist,True,1,1296,44,1.0924079418182373,
1757415449823470432,p01_genz_meme,True,1,1366,44,3.77317476272583,
1757415449823470432,p02_fitness,True,1,1357,44,1.2038419246673584,
1757415449823470432,p03_parent,True,1,1359,44,1.2683849334716797,
1757415449823470432,p04_tech_pro,True,1,1360,44,1.2125911712646484,
1757415449823470432,p05_fashion,True,1,1356,44,1.1929450035095215,
1757415449823470432,p06_foodie,True,1,1367,44,1.2041280269622803,
1757415449823470432,p07_traveler,True,1,1357,44,1.2092890739440918,
1757415449823470432,p08_student,True,1,1361,44,1.2139678001403809,
1757415449823470432,p09_entrepreneur,True,1,1362,44,1.237380027770996,
1757415449823470432,p10_artist,True,1,1360,44,1.2219781875610352,
1757415449823470432,p11_senior,True,1,1361,44,1.1974050998687744,
1757415449823470432,p12_activist,True,1,1365,44,1.2031090259552002,
1757430896347864480,p01_genz_meme,True,1,1334,44,3.766202211380005,
1757430896347864480,p02_fitness,True,1,1325,44,1.0929839611053467,
1757430896347864480,p03_parent,True,1,1327,44,1.1423940658569336,
1757430896347864480,p04_tech_pro,True,1,1328,44,1.1210341453552246,
1757430896347864480,p05_fashion,True,1,1324,44,1.1080989837646484,
1757430896347864480,p06_foodie,True,1,1335,44,1.1226119995117188,
1757430896347864480,p07_traveler,True,1,1325,44,1.1288120746612549,
1757430896347864480,p08_student,True,1,1329,44,1.1208877563476562,
1757430896347864480,p09_entrepreneur,True,1,1330,44,1.1220989227294922,
1757430896347864480,p10_artist,True,1,1328,44,1.108996868133545,
1757430896347864480,p11_senior,True,1,1329,44,1.148327112197876,
1757430896347864480,p12_activist,True,1,1333,44,1.131314754486084,
1757904207079227084,p01_genz_meme,True,1,1284,44,3.7805731296539307,
1757904207079227084,p02_fitness,True,1,1275,44,1.0694620609283447,
1757904207079227084,p03_parent,True,1,1277,44,1.1108248233795166,
1757904207079227084,p04_tech_pro,True,1,1278,44,1.0899450778961182,
1757904207079227084,p05_fashion,True,1,1274,44,1.0882370471954346,
1757904207079227084,p06_foodie,True,1,1285,44,1.0953888893127441,
1757904207079227084,p07_traveler,True,1,1275,44,1.090149164199829,
1757904207079227084,p08_student,True,1,1279,44,1.0823242664337158,
1757904207079227084,p09_entrepreneur,True,1,1280,44,1.0883848667144775,
1757904207079227084,p10_artist,True,1,1278,44,1.0896129608154297,
1757904207079227084,p11_senior,True,1,1279,44,1.093461036682129,
1757904207079227084,p12_activist,True,1,1283,44,1.0913519859313965,
1758783157934486689,p01_genz_meme,True,1,1613,44,4.011670827865601,
1758783157934486689,p02_fitness,True,1,1604,44,1.4400408267974854,
1758783157934486689,p03_parent,True,1,1606,44,1.4947140216827393,
1758783157934486689,p04_tech_pro,True,1,1607,44,1.4763729572296143,
1758783157934486689,p05_fashion,True,1,1603,44,1.4449889659881592,
1758783157934486689,p06_foodie,True,1,1614,44,1.4916021823883057,
1758783157934486689,p07_traveler,True,1,1604,44,1.4425239562988281,
1758783157934486689,p08_student,True,1,1608,44,1.4882738590240479,
1758783157934486689,p09_entrepreneur,True,1,1609,44,1.47812819480896,
1758783157934486689,p10_artist,True,1,1607,44,1.4835221767425537,
1758783157934486689,p11_senior,True,1,1608,44,1.495110034942627,
1758783157934486689,p12_activist,True,1,1612,44,1.4814479351043701,
1759072630817925738,p01_genz_meme,True,1,1301,44,3.7937300205230713,
1759072630817925738,p02_fitness,True,1,1292,44,1.0787310600280762,
1759072630817925738,p03_parent,True,1,1294,44,1.11985182762146,
1759072630817925738,p04_tech_pro,True,1,1295,44,1.0977559089660645,
1759072630817925738,p05_fashion,True,1,1291,44,1.093926191329956,
1759072630817925738,p06_foodie,True,1,1302,44,1.1105408668518066,
1759072630817925738,p07_traveler,True,1,1292,44,1.098024845123291,
1759072630817925738,p08_student,True,1,1296,44,1.0963170528411865,
1759072630817925738,p09_entrepreneur,True,1,1297,44,1.1141269207000732,
1759072630817925738,p10_artist,True,1,1295,44,1.1191260814666748,
1759072630817925738,p11_senior,True,1,1296,44,1.0986151695251465,
1759072630817925738,p12_activist,True,1,1300,44,1.0978727340698242,
1759231372935043728,p01_genz_meme,True,1,1309,44,3.5766139030456543,
1759231372935043728,p02_fitness,True,1,1300,44,1.0836362838745117,
1759231372935043728,p03_parent,True,1,1302,44,1.134483814239502,
1759231372935043728,p04_tech_pro,True,1,1303,44,1.1173100471496582,
1759231372935043728,p05_fashion,True,1,1299,44,1.1074440479278564,
1759231372935043728,p06_foodie,True,1,1310,44,1.112605094909668,
1759231372935043728,p07_traveler,True,1,1300,44,1.114758014678955,
1759231372935043728,p08_student,True,1,1304,44,1.105337142944336,
1759231372935043728,p09_entrepreneur,True,1,1305,44,1.1112239360809326,
1759231372935043728,p10_artist,True,1,1303,44,1.108224868774414,
1759231372935043728,p11_senior,True,1,1304,44,1.099226951599121,
1759231372935043728,p12_activist,True,1,1308,44,1.1078479290008545,
1759270780971091412,p01_genz_meme,True,1,1393,44,4.0504209995269775,
1759270780971091412,p02_fitness,True,1,1384,44,1.2007019519805908,
1759270780971091412,p03_parent,True,1,1386,44,1.2473700046539307,
1759270780971091412,p04_tech_pro,True,1,1387,44,1.2194957733154297,
1759270780971091412,p05_fashion,True,1,1383,44,1.2025642395019531,
1759270780971091412,p06_foodie,True,1,1394,44,1.219900131225586,
1759270780971091412,p07_traveler,True,1,1384,44,1.2250442504882812,
1759270780971091412,p08_student,True,1,1388,44,1.2193257808685303,
1759270780971091412,p09_entrepreneur,True,1,1389,44,1.21372389793396,
1759270780971091412,p10_artist,True,1,1387,44,1.2084300518035889,
1759270780971091412,p11_senior,True,1,1388,44,1.216092824935913,
1759270780971091412,p12_activist,True,1,1392,44,1.2931571006774902,
1759566649030887831,p01_genz_meme,True,1,1346,44,3.9519848823547363,
1759566649030887831,p02_fitness,True,1,1337,44,1.1413509845733643,
1759566649030887831,p03_parent,True,1,1339,44,1.1643648147583008,
1759566649030887831,p04_tech_pro,True,1,1340,44,1.118434190750122,
1759566649030887831,p05_fashion,True,1,1336,44,1.1079490184783936,
1759566649030887831,p06_foodie,True,1,1347,44,1.1328980922698975,
1759566649030887831,p07_traveler,True,1,1337,44,1.1130719184875488,
1759566649030887831,p08_student,True,1,1341,44,1.1181890964508057,
1759566649030887831,p09_entrepreneur,True,1,1342,44,1.1204402446746826,
1759566649030887831,p10_artist,True,1,1340,44,1.1213479042053223,
1759566649030887831,p11_senior,True,1,1341,44,1.1145968437194824,
1759566649030887831,p12_activist,True,1,1345,44,1.1162910461425781,
1759647395204073306,p01_genz_meme,True,1,1371,44,3.960918664932251,
1759647395204073306,p02_fitness,True,1,1362,44,1.1808910369873047,
1759647395204073306,p03_parent,True,1,1364,44,1.2160980701446533,
1759647395204073306,p04_tech_pro,True,1,1365,44,1.2044463157653809,
1759647395204073306,p05_fashion,True,1,1361,44,1.1917750835418701,
1759647395204073306,p06_foodie,True,1,1372,44,1.204477071762085,
1759647395204073306,p07_traveler,True,1,1362,44,1.2008931636810303,
1759647395204073306,p08_student,True,1,1366,44,1.201225996017456,
1759647395204073306,p09_entrepreneur,True,1,1367,44,1.213054895401001,
1759647395204073306,p10_artist,True,1,1365,44,1.1992261409759521,
1759647395204073306,p11_senior,True,1,1366,44,1.2037911415100098,
1759647395204073306,p12_activist,True,1,1370,44,1.2014782428741455,
1759962097036650638,p01_genz_meme,True,1,1320,44,3.84136700630188,
1759962097036650638,p02_fitness,True,1,1311,44,1.085906744003296,
1759962097036650638,p03_parent,True,1,1313,44,1.1399950981140137,
1759962097036650638,p04_tech_pro,True,1,1314,44,1.1084821224212646,
1759962097036650638,p05_fashion,True,1,1310,44,1.103992223739624,
1759962097036650638,p06_foodie,True,1,1321,44,1.1210260391235352,
1759962097036650638,p07_traveler,True,1,1311,44,1.1054210662841797,
1759962097036650638,p08_student,True,1,1315,44,1.1057400703430176,
1759962097036650638,p09_entrepreneur,True,1,1316,44,1.1113111972808838,
1759962097036650638,p10_artist,True,1,1314,44,1.1089279651641846,
1759962097036650638,p11_senior,True,1,1315,44,1.116631031036377,
1759962097036650638,p12_activist,True,1,1319,44,1.1241421699523926,
1760130180675632539,p01_genz_meme,True,1,1275,44,3.8068759441375732,
1760130180675632539,p02_fitness,True,1,1266,44,1.1579461097717285,
1760130180675632539,p03_parent,True,1,1268,44,1.2199838161468506,
1760130180675632539,p04_tech_pro,True,1,1269,44,1.1198620796203613,
1760130180675632539,p05_fashion,True,1,1265,44,1.1182169914245605,
1760130180675632539,p06_foodie,True,1,1276,44,1.1607110500335693,
1760130180675632539,p07_traveler,True,1,1266,44,1.1257493495941162,
1760130180675632539,p08_student,True,1,1270,44,1.1226391792297363,
1760130180675632539,p09_entrepreneur,True,1,1271,44,1.1853899955749512,
1760130180675632539,p10_artist,True,1,1269,44,1.127532958984375,
1760130180675632539,p11_senior,True,1,1270,44,1.1191258430480957,
1760130180675632539,p12_activist,True,1,1274,44,1.0966689586639404,
1760370856942382343,p01_genz_meme,True,1,1373,44,3.8003880977630615,
1760370856942382343,p02_fitness,True,1,1364,44,1.2267088890075684,
1760370856942382343,p03_parent,True,1,1366,44,1.2811939716339111,
1760370856942382343,p04_tech_pro,True,1,1367,44,1.2759151458740234,
1760370856942382343,p05_fashion,True,1,1363,44,1.3126029968261719,
1760370856942382343,p06_foodie,True,1,1374,44,1.2405357360839844,
1760370856942382343,p07_traveler,True,1,1364,44,1.243109941482544,
1760370856942382343,p08_student,True,1,1368,44,1.22194504737854,
1760370856942382343,p09_entrepreneur,True,1,1369,44,1.2192730903625488,
1760370856942382343,p10_artist,True,1,1367,44,1.2065820693969727,
1760370856942382343,p11_senior,True,1,1368,44,1.2054431438446045,
1760370856942382343,p12_activist,True,1,1372,44,1.2124390602111816,
1760371411085913177,p01_genz_meme,True,1,1371,44,3.7773239612579346,
1760371411085913177,p02_fitness,True,1,1362,44,1.1884489059448242,
1760371411085913177,p03_parent,True,1,1364,44,1.2346010208129883,
1760371411085913177,p04_tech_pro,True,1,1365,44,1.2059590816497803,
1760371411085913177,p05_fashion,True,1,1361,44,1.2127439975738525,
1760371411085913177,p06_foodie,True,1,1372,44,1.2117478847503662,
1760371411085913177,p07_traveler,True,1,1362,44,1.2101659774780273,
1760371411085913177,p08_student,True,1,1366,44,1.2250046730041504,
1760371411085913177,p09_entrepreneur,True,1,1367,44,1.2466199398040771,
1760371411085913177,p10_artist,True,1,1365,44,1.2330539226531982,
1760371411085913177,p11_senior,True,1,1366,44,1.2110002040863037,
1760371411085913177,p12_activist,True,1,1370,44,1.211737871170044,
1761215869521072127,p01_genz_meme,True,1,1288,44,3.6595869064331055,
1761215869521072127,p02_fitness,True,1,1279,44,1.076127052307129,
1761215869521072127,p03_parent,True,1,1281,44,1.1167888641357422,
1761215869521072127,p04_tech_pro,True,1,1282,44,1.0953118801116943,
1761215869521072127,p05_fashion,True,1,1278,44,1.0962638854980469,
1761215869521072127,p06_foodie,True,1,1289,44,1.1117048263549805,
1761215869521072127,p07_traveler,True,1,1279,44,1.0982437133789062,
1761215869521072127,p08_student,True,1,1283,44,1.0933542251586914,
1761215869521072127,p09_entrepreneur,True,1,1284,44,1.0999891757965088,
1761215869521072127,p10_artist,True,1,1282,44,1.122413158416748,
1761215869521072127,p11_senior,True,1,1283,44,1.1188719272613525,
1761215869521072127,p12_activist,True,1,1287,44,1.0976059436798096,
1761228218382568594,p01_genz_meme,True,1,1335,44,3.8881678581237793,
1761228218382568594,p02_fitness,True,1,1326,44,1.0919711589813232,
1761228218382568594,p03_parent,True,1,1328,44,1.1238689422607422,
1761228218382568594,p04_tech_pro,True,1,1329,44,1.110154151916504,
1761228218382568594,p05_fashion,True,1,1325,44,1.1074159145355225,
1761228218382568594,p06_foodie,True,1,1336,44,1.1108460426330566,
1761228218382568594,p07_traveler,True,1,1326,44,1.1052088737487793,
1761228218382568594,p08_student,True,1,1330,44,1.1358909606933594,
1761228218382568594,p09_entrepreneur,True,1,1331,44,1.152108907699585,
1761228218382568594,p10_artist,True,1,1329,44,1.1375188827514648,
1761228218382568594,p11_senior,True,1,1330,44,1.09873366355896,
1761228218382568594,p12_activist,True,1,1334,44,1.107119083404541,
1761307458942387522,p01_genz_meme,True,1,1261,44,3.7752158641815186,
1761307458942387522,p02_fitness,True,1,1252,44,1.0713682174682617,
1761307458942387522,p03_parent,True,1,1254,44,1.1080551147460938,
1761307458942387522,p04_tech_pro,True,1,1255,44,1.1029682159423828,
1761307458942387522,p05_fashion,True,1,1251,44,1.0840890407562256,
1761307458942387522,p06_foodie,True,1,1262,44,1.0895960330963135,
1761307458942387522,p07_traveler,True,1,1252,44,1.0854358673095703,
1761307458942387522,p08_student,True,1,1256,44,1.0899300575256348,
1761307458942387522,p09_entrepreneur,True,1,1257,44,1.097872018814087,
1761307458942387522,p10_artist,True,1,1255,44,1.0819499492645264,
1761307458942387522,p11_senior,True,1,1256,44,1.0778720378875732,
1761307458942387522,p12_activist,True,1,1260,44,1.0842161178588867,
1761348032634474076,p01_genz_meme,True,1,1283,44,3.8375391960144043,
1761348032634474076,p02_fitness,True,1,1274,44,1.0664470195770264,
1761348032634474076,p03_parent,True,1,1276,44,1.1339426040649414,
1761348032634474076,p04_tech_pro,True,1,1277,44,1.0969572067260742,
1761348032634474076,p05_fashion,True,1,1273,44,1.0713012218475342,
1761348032634474076,p06_foodie,True,1,1284,44,1.090648889541626,
1761348032634474076,p07_traveler,True,1,1274,44,1.0821001529693604,
1761348032634474076,p08_student,True,1,1278,44,1.0924782752990723,
1761348032634474076,p09_entrepreneur,True,1,1279,44,1.0854899883270264,
1761348032634474076,p10_artist,True,1,1277,44,1.0950889587402344,
1761348032634474076,p11_senior,True,1,1278,44,1.0821590423583984,
1761348032634474076,p12_activist,True,1,1282,44,1.0968680381774902,
1762042256829464447,p01_genz_meme,True,1,1293,44,3.870504856109619,
1762042256829464447,p02_fitness,True,1,1284,44,1.0745980739593506,
1762042256829464447,p03_parent,True,1,1286,44,1.1200788021087646,
1762042256829464447,p04_tech_pro,True,1,1287,44,1.0913701057434082,
1762042256829464447,p05_fashion,True,1,1283,44,1.0753819942474365,
1762042256829464447,p06_foodie,True,1,1294,44,1.0950140953063965,
1762042256829464447,p07_traveler,True,1,1284,44,1.0896110534667969,
1762042256829464447,p08_student,True,1,1288,44,1.0885281562805176,
1762042256829464447,p09_entrepreneur,True,1,1289,44,1.0922517776489258,
1762042256829464447,p10_artist,True,1,1287,44,1.089798927307129,
1762042256829464447,p11_senior,True,1,1288,44,1.0945148468017578,
1762042256829464447,p12_activist,True,1,1292,44,1.104727029800415,
1762107515501418187,p01_genz_meme,True,1,1285,44,3.8255951404571533,
1762107515501418187,p02_fitness,True,1,1276,44,1.067497968673706,
1762107515501418187,p03_parent,True,1,1278,44,1.1172690391540527,
1762107515501418187,p04_tech_pro,True,1,1279,44,1.088515043258667,
1762107515501418187,p05_fashion,True,1,1275,44,1.0764789581298828,
1762107515501418187,p06_foodie,True,1,1286,44,1.102842092514038,
1762107515501418187,p07_traveler,True,1,1276,44,1.0918080806732178,
1762107515501418187,p08_student,True,1,1280,44,1.1018280982971191,
1762107515501418187,p09_entrepreneur,True,1,1281,44,1.0926337242126465,
1762107515501418187,p10_artist,True,1,1279,44,1.0847699642181396,
1762107515501418187,p11_senior,True,1,1280,44,1.0879108905792236,
1762107515501418187,p12_activist,True,1,1284,44,1.0885350704193115,
1762127328681368963,p01_genz_meme,True,1,1335,44,3.822061061859131,
1762127328681368963,p02_fitness,True,1,1326,44,1.1130561828613281,
1762127328681368963,p03_parent,True,1,1328,44,1.118891954421997,
1762127328681368963,p04_tech_pro,True,1,1329,44,1.1003358364105225,
1762127328681368963,p05_fashion,True,1,1325,44,1.0940947532653809,
1762127328681368963,p06_foodie,True,1,1336,44,1.1097967624664307,
1762127328681368963,p07_traveler,True,1,1326,44,1.0987491607666016,
1762127328681368963,p08_student,True,1,1330,44,1.1049690246582031,
1762127328681368963,p09_entrepreneur,True,1,1331,44,1.10933518409729,
1762127328681368963,p10_artist,True,1,1329,44,1.109895944595337,
1762127328681368963,p11_senior,True,1,1330,44,1.104707956314087,
1762127328681368963,p12_activist,True,1,1334,44,1.106719970703125,
1762308169538716911,p01_genz_meme,True,1,1302,44,3.640101194381714,
1762308169538716911,p02_fitness,True,1,1293,44,1.0834989547729492,
1762308169538716911,p03_parent,True,1,1295,44,1.1110870838165283,
1762308169538716911,p04_tech_pro,True,1,1296,44,1.0943520069122314,
1762308169538716911,p05_fashion,True,1,1292,44,1.0906696319580078,
1762308169538716911,p06_foodie,True,1,1303,44,1.1042706966400146,
1762308169538716911,p07_traveler,True,1,1293,44,1.0985078811645508,
1762308169538716911,p08_student,True,1,1297,44,1.095902919769287,
1762308169538716911,p09_entrepreneur,True,1,1298,44,1.201725959777832,
1762308169538716911,p10_artist,True,1,1296,44,1.1829042434692383,
1762308169538716911,p11_senior,True,1,1297,44,1.0825998783111572,
1762308169538716911,p12_activist,True,1,1301,44,1.0840051174163818,
1762416705307875762,p01_genz_meme,True,1,1314,44,3.870112180709839,
1762416705307875762,p02_fitness,True,1,1305,44,1.0729658603668213,
1762416705307875762,p03_parent,True,1,1307,44,1.1093723773956299,
1762416705307875762,p04_tech_pro,True,1,1308,44,1.1041150093078613,
1762416705307875762,p05_fashion,True,1,1304,44,1.0865228176116943,
1762416705307875762,p06_foodie,True,1,1315,44,1.1101963520050049,
1762416705307875762,p07_traveler,True,1,1305,44,1.2314677238464355,
1762416705307875762,p08_student,True,1,1309,44,1.1976230144500732,
1762416705307875762,p09_entrepreneur,True,1,1310,44,1.0974781513214111,
1762416705307875762,p10_artist,True,1,1308,44,1.081991195678711,
1762416705307875762,p11_senior,True,1,1309,44,1.089148759841919,
1762416705307875762,p12_activist,True,1,1313,44,1.096177101135254,
1763257231263200306,p01_genz_meme,True,1,1281,44,3.6723320484161377,
1763257231263200306,p02_fitness,True,1,1272,44,1.0710792541503906,
1763257231263200306,p03_parent,True,1,1274,44,1.116729736328125,
1763257231263200306,p04_tech_pro,True,1,1275,44,1.0863442420959473,
1763257231263200306,p05_fashion,True,1,1271,44,1.0774288177490234,
1763257231263200306,p06_foodie,True,1,1282,44,1.0821878910064697,
1763257231263200306,p07_traveler,True,1,1272,44,1.0865399837493896,
1763257231263200306,p08_student,True,1,1276,44,1.094560146331787,
1763257231263200306,p09_entrepreneur,True,1,1277,44,1.0843617916107178,
1763257231263200306,p10_artist,True,1,1275,44,1.08921480178833,
1763257231263200306,p11_senior,True,1,1276,44,1.085658073425293,
1763257231263200306,p12_activist,True,1,1280,44,1.0891058444976807,
1763568215272876125,p01_genz_meme,True,1,1361,44,3.9085631370544434,
1763568215272876125,p02_fitness,True,1,1352,44,1.0900640487670898,
1763568215272876125,p03_parent,True,1,1354,44,1.1288549900054932,
1763568215272876125,p04_tech_pro,True,1,1355,44,1.1134471893310547,
1763568215272876125,p05_fashion,True,1,1351,44,1.1018190383911133,
1763568215272876125,p06_foodie,True,1,1362,44,1.2059111595153809,
1763568215272876125,p07_traveler,True,1,1352,44,1.1394548416137695,
1763568215272876125,p08_student,True,1,1356,44,1.119042158126831,
1763568215272876125,p09_entrepreneur,True,1,1357,44,1.1059150695800781,
1763568215272876125,p10_artist,True,1,1355,44,1.1116337776184082,
1763568215272876125,p11_senior,True,1,1356,44,1.1172380447387695,
1763568215272876125,p12_activist,True,1,1360,44,1.1218280792236328,
1763669727160582078,p01_genz_meme,True,1,1455,44,3.793347120285034,
1763669727160582078,p02_fitness,True,1,1446,44,1.2216200828552246,
1763669727160582078,p03_parent,True,1,1448,44,1.258409023284912,
1763669727160582078,p04_tech_pro,True,1,1449,44,1.240138053894043,
1763669727160582078,p05_fashion,True,1,1445,44,1.245818853378296,
1763669727160582078,p06_foodie,True,1,1456,44,1.2438631057739258,
1763669727160582078,p07_traveler,True,1,1446,44,1.227828025817871,
1763669727160582078,p08_student,True,1,1450,44,1.2370738983154297,
1763669727160582078,p09_entrepreneur,True,1,1451,44,1.2422378063201904,
1763669727160582078,p10_artist,True,1,1449,44,1.2352440357208252,
1763669727160582078,p11_senior,True,1,1450,44,1.2322211265563965,
1763669727160582078,p12_activist,True,1,1454,44,1.2373571395874023,
1763974537726173096,p01_genz_meme,True,1,1302,44,3.816756010055542,
1763974537726173096,p02_fitness,True,1,1293,44,1.0690340995788574,
1763974537726173096,p03_parent,True,1,1295,44,1.112799882888794,
1763974537726173096,p04_tech_pro,True,1,1296,44,1.0943682193756104,
1763974537726173096,p05_fashion,True,1,1292,44,1.1032109260559082,
1763974537726173096,p06_foodie,True,1,1303,44,1.0786712169647217,
1763974537726173096,p07_traveler,True,1,1293,44,1.088592767715454,
1763974537726173096,p08_student,True,1,1297,44,1.0890576839447021,
1763974537726173096,p09_entrepreneur,True,1,1298,44,1.089468002319336,
1763974537726173096,p10_artist,True,1,1296,44,1.0995891094207764,
1763974537726173096,p11_senior,True,1,1297,44,1.0942118167877197,
1763974537726173096,p12_activist,True,1,1301,44,1.0900332927703857,
1764419799318750746,p01_genz_meme,True,1,1402,44,3.777941942214966,
1764419799318750746,p02_fitness,True,1,1393,44,1.1990766525268555,
1764419799318750746,p03_parent,True,1,1395,44,1.2332758903503418,
1764419799318750746,p04_tech_pro,True,1,1396,44,1.211240291595459,
1764419799318750746,p05_fashion,True,1,1392,44,1.202873706817627,
1764419799318750746,p06_foodie,True,1,1403,44,1.2109360694885254,
1764419799318750746,p07_traveler,True,1,1393,44,1.218022108078003,
1764419799318750746,p08_student,True,1,1397,44,1.21474289894104,
1764419799318750746,p09_entrepreneur,True,1,1398,44,1.2089993953704834,
1764419799318750746,p10_artist,True,1,1396,44,1.2077000141143799,
1764419799318750746,p11_senior,True,1,1397,44,1.2074439525604248,
1764419799318750746,p12_activist,True,1,1401,44,1.2100958824157715,
1764540500903117234,p01_genz_meme,True,1,1336,44,3.6457679271698,
1764540500903117234,p02_fitness,True,1,1327,44,1.0934419631958008,
1764540500903117234,p03_parent,True,1,1329,44,1.1201958656311035,
1764540500903117234,p04_tech_pro,True,1,1330,44,1.1012110710144043,
1764540500903117234,p05_fashion,True,1,1326,44,1.0998082160949707,
1764540500903117234,p06_foodie,True,1,1337,44,1.1187620162963867,
1764540500903117234,p07_traveler,True,1,1327,44,1.1180660724639893,
1764540500903117234,p08_student,True,1,1331,44,1.1021511554718018,
1764540500903117234,p09_entrepreneur,True,1,1332,44,1.1041290760040283,
1764540500903117234,p10_artist,True,1,1330,44,1.1057648658752441,
1764540500903117234,p11_senior,True,1,1331,44,1.1176581382751465,
1764540500903117234,p12_activist,True,1,1335,44,1.1108899116516113,
1764843031243350710,p01_genz_meme,True,1,1406,44,3.735278844833374,
1764843031243350710,p02_fitness,True,1,1397,44,1.1997480392456055,
1764843031243350710,p03_parent,True,1,1399,44,1.2260210514068604,
1764843031243350710,p04_tech_pro,True,1,1400,44,1.2173049449920654,
1764843031243350710,p05_fashion,True,1,1396,44,1.2309942245483398,
1764843031243350710,p06_foodie,True,1,1407,44,1.212244987487793,
1764843031243350710,p07_traveler,True,1,1397,44,1.2064998149871826,
1764843031243350710,p08_student,True,1,1401,44,1.2177908420562744,
1764843031243350710,p09_entrepreneur,True,1,1402,44,1.2207379341125488,
1764843031243350710,p10_artist,True,1,1400,44,1.211441993713379,
1764843031243350710,p11_senior,True,1,1401,44,1.2120819091796875,
1764843031243350710,p12_activist,True,1,1405,44,1.2150301933288574,
1764935029350685054,p01_genz_meme,True,1,1333,44,3.6378839015960693,
1764935029350685054,p02_fitness,True,1,1324,44,1.082054853439331,
1764935029350685054,p03_parent,True,1,1326,44,1.1237010955810547,
1764935029350685054,p04_tech_pro,True,1,1327,44,1.1202740669250488,
1764935029350685054,p05_fashion,True,1,1323,44,1.094141960144043,
1764935029350685054,p06_foodie,True,1,1334,44,1.110680103302002,
1764935029350685054,p07_traveler,True,1,1324,44,1.1090586185455322,
1764935029350685054,p08_student,True,1,1328,44,1.108767032623291,
1764935029350685054,p09_entrepreneur,True,1,1329,44,1.1073858737945557,
1764935029350685054,p10_artist,True,1,1327,44,1.1097242832183838,
1764935029350685054,p11_senior,True,1,1328,44,1.103626012802124,
1764935029350685054,p12_activist,True,1,1332,44,1.1116139888763428,
1765484174095194627,p01_genz_meme,True,1,1444,44,3.7520360946655273,
1765484174095194627,p02_fitness,True,1,1435,44,1.2138261795043945,
1765484174095194627,p03_parent,True,1,1437,44,1.254784107208252,
1765484174095194627,p04_tech_pro,True,1,1438,44,1.226884126663208,
1765484174095194627,p05_fashion,True,1,1434,44,1.2190802097320557,
1765484174095194627,p06_foodie,True,1,1445,44,1.2285292148590088,
1765484174095194627,p07_traveler,True,1,1435,44,1.3173620700836182,
1765484174095194627,p08_student,True,1,1439,44,1.2676129341125488,
1765484174095194627,p09_entrepreneur,True,1,1440,44,1.21517014503479,
1765484174095194627,p10_artist,True,1,1438,44,1.2442069053649902,
1765484174095194627,p11_senior,True,1,1439,44,1.2668230533599854,
1765484174095194627,p12_activist,True,1,1443,44,1.2306170463562012,
1766107764625783516,p01_genz_meme,True,1,1311,44,3.81427001953125,
1766107764625783516,p02_fitness,True,1,1302,44,1.0717837810516357,
1766107764625783516,p03_parent,True,1,1304,44,1.1119182109832764,
1766107764625783516,p04_tech_pro,True,1,1305,44,1.1006639003753662,
1766107764625783516,p05_fashion,True,1,1301,44,1.0931410789489746,
1766107764625783516,p06_foodie,True,1,1312,44,1.1014869213104248,
1766107764625783516,p07_traveler,True,1,1302,44,1.092297077178955,
1766107764625783516,p08_student,True,1,1306,44,1.0899171829223633,
1766107764625783516,p09_entrepreneur,True,1,1307,44,1.102635145187378,
1766107764625783516,p10_artist,True,1,1305,44,1.107288122177124,
1766107764625783516,p11_senior,True,1,1306,44,1.1014530658721924,
1766107764625783516,p12_activist,True,1,1310,44,1.093869924545288,
1766267546711208070,p01_genz_meme,True,1,1287,44,3.8406448364257812,
1766267546711208070,p02_fitness,True,1,1278,44,1.0618219375610352,
1766267546711208070,p03_parent,True,1,1280,44,1.0942280292510986,
1766267546711208070,p04_tech_pro,True,1,1281,44,1.079693078994751,
1766267546711208070,p05_fashion,True,1,1277,44,1.0769939422607422,
1766267546711208070,p06_foodie,True,1,1288,44,1.0829429626464844,
1766267546711208070,p07_traveler,True,1,1278,44,1.077099084854126,
1766267546711208070,p08_student,True,1,1282,44,1.0799500942230225,
1766267546711208070,p09_entrepreneur,True,1,1283,44,1.0908401012420654,
1766267546711208070,p10_artist,True,1,1281,44,1.077401876449585,
1766267546711208070,p11_senior,True,1,1282,44,1.0787360668182373,
1766267546711208070,p12_activist,True,1,1286,44,1.0769736766815186,
1766327417432355455,p01_genz_meme,True,1,1405,44,3.97009015083313,
1766327417432355455,p02_fitness,True,1,1396,44,1.1931312084197998,
1766327417432355455,p03_parent,True,1,1398,44,1.2313048839569092,
1766327417432355455,p04_tech_pro,True,1,1399,44,1.215466022491455,
1766327417432355455,p05_fashion,True,1,1395,44,1.1961162090301514,
1766327417432355455,p06_foodie,True,1,1406,44,1.202383041381836,
1766327417432355455,p07_traveler,True,1,1396,44,1.2252588272094727,
1766327417432355455,p08_student,True,1,1400,44,1.2323582172393799,
1766327417432355455,p09_entrepreneur,True,1,1401,44,1.2053279876708984,
1766327417432355455,p10_artist,True,1,1399,44,1.1935651302337646,
1766327417432355455,p11_senior,True,1,1400,44,1.2119951248168945,
1766327417432355455,p12_activist,True,1,1404,44,1.2075331211090088,
1766516944398623262,p01_genz_meme,True,1,1275,44,3.7767350673675537,
1766516944398623262,p02_fitness,True,1,1266,44,1.1030969619750977,
1766516944398623262,p03_parent,True,1,1268,44,1.1493067741394043,
1766516944398623262,p04_tech_pro,True,1,1269,44,1.084676742553711,
1766516944398623262,p05_fashion,True,1,1265,44,1.078664779663086,
1766516944398623262,p06_foodie,True,1,1276,44,1.075352668762207,
1766516944398623262,p07_traveler,True,1,1266,44,1.0917348861694336,
1766516944398623262,p08_student,True,1,1270,44,1.1047980785369873,
1766516944398623262,p09_entrepreneur,True,1,1271,44,1.0767271518707275,
1766516944398623262,p10_artist,True,1,1269,44,1.0848841667175293,
1766516944398623262,p11_senior,True,1,1270,44,1.1602871417999268,
1766516944398623262,p12_activist,True,1,1274,44,1.1795508861541748,
1766995991099256954,p01_genz_meme,True,1,1279,44,3.8458361625671387,
1766995991099256954,p02_fitness,True,1,1270,44,1.0731091499328613,
1766995991099256954,p03_parent,True,1,1272,44,1.1190228462219238,
1766995991099256954,p04_tech_pro,True,1,1273,44,1.0894532203674316,
1766995991099256954,p05_fashion,True,1,1269,44,1.0788230895996094,
1766995991099256954,p06_foodie,True,1,1280,44,1.091858148574829,
1766995991099256954,p07_traveler,True,1,1270,44,1.0763859748840332,
1766995991099256954,p08_student,True,1,1274,44,1.0738470554351807,
1766995991099256954,p09_entrepreneur,True,1,1275,44,1.0867249965667725,
1766995991099256954,p10_artist,True,1,1273,44,1.092404842376709,
1766995991099256954,p11_senior,True,1,1274,44,1.0718920230865479,
1766995991099256954,p12_activist,True,1,1278,44,1.0764548778533936,
1767041178694737862,p01_genz_meme,True,1,1310,44,3.8192009925842285,
1767041178694737862,p02_fitness,True,1,1301,44,1.0693409442901611,
1767041178694737862,p03_parent,True,1,1303,44,1.1027247905731201,
1767041178694737862,p04_tech_pro,True,1,1304,44,1.0889058113098145,
1767041178694737862,p05_fashion,True,1,1300,44,1.0827171802520752,
1767041178694737862,p06_foodie,True,1,1311,44,1.09104585647583,
1767041178694737862,p07_traveler,True,1,1301,44,1.077463150024414,
1767041178694737862,p08_student,True,1,1305,44,1.0813319683074951,
1767041178694737862,p09_entrepreneur,True,1,1306,44,1.091324806213379,
1767041178694737862,p10_artist,True,1,1304,44,1.0997648239135742,
1767041178694737862,p11_senior,True,1,1305,44,1.0962579250335693,
1767041178694737862,p12_activist,True,1,1309,44,1.0906832218170166,
1767765302822576135,p01_genz_meme,True,1,1314,44,3.6164019107818604,
1767765302822576135,p02_fitness,True,1,1305,44,1.0753509998321533,
1767765302822576135,p03_parent,True,1,1307,44,1.117447853088379,
1767765302822576135,p04_tech_pro,True,1,1308,44,1.102734088897705,
1767765302822576135,p05_fashion,True,1,1304,44,1.1016199588775635,
1767765302822576135,p06_foodie,True,1,1315,44,1.0983998775482178,
1767765302822576135,p07_traveler,True,1,1305,44,1.100450038909912,
1767765302822576135,p08_student,True,1,1309,44,1.1043341159820557,
1767765302822576135,p09_entrepreneur,True,1,1310,44,1.1056370735168457,
1767765302822576135,p10_artist,True,1,1308,44,1.0968787670135498,
1767765302822576135,p11_senior,True,1,1309,44,1.097933053970337,
1767765302822576135,p12_activist,True,1,1313,44,1.1341958045959473,
1768215004228012929,p01_genz_meme,True,1,1337,44,3.8169729709625244,
1768215004228012929,p02_fitness,True,1,1328,44,1.0762569904327393,
1768215004228012929,p03_parent,True,1,1330,44,1.140043020248413,
1768215004228012929,p04_tech_pro,True,1,1331,44,1.104633092880249,
1768215004228012929,p05_fashion,True,1,1327,44,1.085240125656128,
1768215004228012929,p06_foodie,True,1,1338,44,1.0957000255584717,
1768215004228012929,p07_traveler,True,1,1328,44,1.1024150848388672,
1768215004228012929,p08_student,True,1,1332,44,1.1183769702911377,
1768215004228012929,p09_entrepreneur,True,1,1333,44,1.0991199016571045,
1768215004228012929,p10_artist,True,1,1331,44,1.1046559810638428,
1768215004228012929,p11_senior,True,1,1332,44,1.099088191986084,
1768215004228012929,p12_activist,True,1,1336,44,1.1071138381958008,
1768259668171666148,p01_genz_meme,True,1,1440,44,4.048151254653931,
1768259668171666148,p02_fitness,True,1,1431,44,1.1863739490509033,
1768259668171666148,p03_parent,True,1,1433,44,1.2251029014587402,
1768259668171666148,p04_tech_pro,True,1,1434,44,1.2060768604278564,
1768259668171666148,p05_fashion,True,1,1430,44,1.200265884399414,
1768259668171666148,p06_foodie,True,1,1441,44,1.2134881019592285,
1768259668171666148,p07_traveler,True,1,1431,44,1.207002878189087,
1768259668171666148,p08_student,True,1,1435,44,1.2096397876739502,
1768259668171666148,p09_entrepreneur,True,1,1436,44,1.2093231678009033,
1768259668171666148,p10_artist,True,1,1434,44,1.207118034362793,
1768259668171666148,p11_senior,True,1,1435,44,1.2111458778381348,
1768259668171666148,p12_activist,True,1,1439,44,1.2061958312988281,
1769025525140315073,p01_genz_meme,True,1,1263,44,3.676774263381958,
1769025525140315073,p02_fitness,True,1,1254,44,1.0581920146942139,
1769025525140315073,p03_parent,True,1,1256,44,1.094655990600586,
1769025525140315073,p04_tech_pro,True,1,1257,44,1.086272954940796,
1769025525140315073,p05_fashion,True,1,1253,44,1.1562211513519287,
1769025525140315073,p06_foodie,True,1,1264,44,1.1408576965332031,
1769025525140315073,p07_traveler,True,1,1254,44,1.0634369850158691,
1769025525140315073,p08_student,True,1,1258,44,1.0708050727844238,
1769025525140315073,p09_entrepreneur,True,1,1259,44,1.1064560413360596,
1769025525140315073,p10_artist,True,1,1257,44,1.1168630123138428,
1769025525140315073,p11_senior,True,1,1258,44,1.0697369575500488,
1769025525140315073,p12_activist,True,1,1262,44,1.0760550498962402,
1769054579696540793,p01_genz_meme,True,1,1435,44,3.763420820236206,
1769054579696540793,p02_fitness,True,1,1426,44,1.209402084350586,
1769054579696540793,p03_parent,True,1,1428,44,1.230849027633667,
1769054579696540793,p04_tech_pro,True,1,1429,44,1.224579095840454,
1769054579696540793,p05_fashion,True,1,1425,44,1.2177331447601318,
1769054579696540793,p06_foodie,True,1,1436,44,1.222398042678833,
1769054579696540793,p07_traveler,True,1,1426,44,1.2165460586547852,
1769054579696540793,p08_student,True,1,1430,44,1.2289741039276123,
1769054579696540793,p09_entrepreneur,True,1,1431,44,1.2227158546447754,
1769054579696540793,p10_artist,True,1,1429,44,1.2248449325561523,
1769054579696540793,p11_senior,True,1,1430,44,1.2181568145751953,
1769054579696540793,p12_activist,True,1,1434,44,1.2289280891418457,
1769133864297905776,p01_genz_meme,True,1,1296,44,3.7885701656341553,
1769133864297905776,p02_fitness,True,1,1287,44,1.059546947479248,
1769133864297905776,p03_parent,True,1,1289,44,1.1091928482055664,
1769133864297905776,p04_tech_pro,True,1,1290,44,1.1698110103607178,
1769133864297905776,p05_fashion,True,1,1286,44,1.080660104751587,
1769133864297905776,p06_foodie,True,1,1297,44,1.0734450817108154,
1769133864297905776,p07_traveler,True,1,1287,44,1.0904269218444824,
1769133864297905776,p08_student,True,1,1291,44,1.082993984222412,
1769133864297905776,p09_entrepreneur,True,1,1292,44,1.0727250576019287,
1769133864297905776,p10_artist,True,1,1290,44,1.073047161102295,
1769133864297905776,p11_senior,True,1,1291,44,1.0815060138702393,
1769133864297905776,p12_activist,True,1,1295,44,1.0888969898223877,
1769507508860528795,p01_genz_meme,True,1,1302,44,3.807654857635498,
1769507508860528795,p02_fitness,True,1,1293,44,1.0871241092681885,
1769507508860528795,p03_parent,True,1,1295,44,1.1114368438720703,
1769507508860528795,p04_tech_pro,True,1,1296,44,1.0795621871948242,
1769507508860528795,p05_fashion,True,1,1292,44,1.07442045211792,
1769507508860528795,p06_foodie,True,1,1303,44,1.084580898284912,
1769507508860528795,p07_traveler,True,1,1293,44,1.082503080368042,
1769507508860528795,p08_student,True,1,1297,44,1.075212001800537,
1769507508860528795,p09_entrepreneur,True,1,1298,44,1.0825819969177246,
1769507508860528795,p10_artist,True,1,1296,44,1.074455976486206,
1769507508860528795,p11_senior,True,1,1297,44,1.08011794090271,
1769507508860528795,p12_activist,True,1,1301,44,1.0858428478240967,
1770506195226724817,p01_genz_meme,True,1,1286,44,3.877707004547119,
1770506195226724817,p02_fitness,True,1,1277,44,1.055548906326294,
1770506195226724817,p03_parent,True,1,1279,44,1.100996971130371,
1770506195226724817,p04_tech_pro,True,1,1280,44,1.0735881328582764,
1770506195226724817,p05_fashion,True,1,1276,44,1.0676758289337158,
1770506195226724817,p06_foodie,True,1,1287,44,1.0848901271820068,
1770506195226724817,p07_traveler,True,1,1277,44,1.0715641975402832,
1770506195226724817,p08_student,True,1,1281,44,1.0722711086273193,
1770506195226724817,p09_entrepreneur,True,1,1282,44,1.076517105102539,
1770506195226724817,p10_artist,True,1,1280,44,1.0701909065246582,
1770506195226724817,p11_senior,True,1,1281,44,1.0790421962738037,
1770506195226724817,p12_activist,True,1,1285,44,1.0794119834899902,
1770926908361199491,p01_genz_meme,True,1,1415,44,3.7288620471954346,
1770926908361199491,p02_fitness,True,1,1406,44,1.1915550231933594,
1770926908361199491,p03_parent,True,1,1408,44,1.2194430828094482,
1770926908361199491,p04_tech_pro,True,1,1409,44,1.2080159187316895,
1770926908361199491,p05_fashion,True,1,1405,44,1.207636833190918,
1770926908361199491,p06_foodie,True,1,1416,44,1.208785057067871,
1770926908361199491,p07_traveler,True,1,1406,44,1.2050518989562988,
1770926908361199491,p08_student,True,1,1410,44,1.211245059967041,
1770926908361199491,p09_entrepreneur,True,1,1411,44,1.2393410205841064,
1770926908361199491,p10_artist,True,1,1409,44,1.2112088203430176,
1770926908361199491,p11_senior,True,1,1410,44,1.2011280059814453,
1770926908361199491,p12_activist,True,1,1414,44,1.213637113571167,
1771238934806811677,p01_genz_meme,True,1,1353,44,3.8819799423217773,
1771238934806811677,p02_fitness,True,1,1344,44,1.0639119148254395,
1771238934806811677,p03_parent,True,1,1346,44,1.1073849201202393,
1771238934806811677,p04_tech_pro,True,1,1347,44,1.0926189422607422,
1771238934806811677,p05_fashion,True,1,1343,44,1.07719087600708,
1771238934806811677,p06_foodie,True,1,1354,44,1.0816168785095215,
1771238934806811677,p07_traveler,True,1,1344,44,1.086928129196167,
1771238934806811677,p08_student,True,1,1348,44,1.0921761989593506,
1771238934806811677,p09_entrepreneur,True,1,1349,44,1.094825029373169,
1771238934806811677,p10_artist,True,1,1347,44,1.0982012748718262,
1771238934806811677,p11_senior,True,1,1348,44,1.124521017074585,
1771238934806811677,p12_activist,True,1,1352,44,1.1037421226501465,
1771315222611725013,p01_genz_meme,True,1,1506,44,3.852942943572998,
1771315222611725013,p02_fitness,True,1,1497,44,1.3229379653930664,
1771315222611725013,p03_parent,True,1,1499,44,1.3408551216125488,
1771315222611725013,p04_tech_pro,True,1,1500,44,1.3289690017700195,
1771315222611725013,p05_fashion,True,1,1496,44,1.3278720378875732,
1771315222611725013,p06_foodie,True,1,1507,44,1.340925931930542,
1771315222611725013,p07_traveler,True,1,1497,44,1.329300880432129,
1771315222611725013,p08_student,True,1,1501,44,1.3324337005615234,
1771315222611725013,p09_entrepreneur,True,1,1502,44,1.341864824295044,
1771315222611725013,p10_artist,True,1,1500,44,1.3446557521820068,
1771315222611725013,p11_senior,True,1,1501,44,1.3325159549713135,
1771315222611725013,p12_activist,True,1,1505,44,1.3278799057006836,
1771941957132865428,p01_genz_meme,True,1,1614,44,4.129673957824707,
1771941957132865428,p02_fitness,True,1,1605,44,1.3613381385803223,
1771941957132865428,p03_parent,True,1,1607,44,1.3803613185882568,
1771941957132865428,p04_tech_pro,True,1,1608,44,1.362320899963379,
1771941957132865428,p05_fashion,True,1,1604,44,1.3709611892700195,
1771941957132865428,p06_foodie,True,1,1615,44,1.3801562786102295,
1771941957132865428,p07_traveler,True,1,1605,44,1.3779199123382568,
1771941957132865428,p08_student,True,1,1609,44,1.3694589138031006,
1771941957132865428,p09_entrepreneur,True,1,1610,44,1.373802900314331,
1771941957132865428,p10_artist,True,1,1608,44,1.3702359199523926,
1771941957132865428,p11_senior,True,1,1609,44,1.3802480697631836,
1771941957132865428,p12_activist,True,1,1613,44,1.3745830059051514,
1772012346203924580,p01_genz_meme,True,1,1585,44,4.049985647201538,
1772012346203924580,p02_fitness,True,1,1576,44,1.3468637466430664,
1772012346203924580,p03_parent,True,1,1578,44,1.36305570602417,
1772012346203924580,p04_tech_pro,True,1,1579,44,1.361293077468872,
1772012346203924580,p05_fashion,True,1,1575,44,1.3521170616149902,
1772012346203924580,p06_foodie,True,1,1586,44,1.3575069904327393,
1772012346203924580,p07_traveler,True,1,1576,44,1.3664638996124268,
1772012346203924580,p08_student,True,1,1580,44,1.354578971862793,
1772012346203924580,p09_entrepreneur,True,1,1581,44,1.3482916355133057,
1772012346203924580,p10_artist,True,1,1579,44,1.3504939079284668,
1772012346203924580,p11_senior,True,1,1580,44,1.3551599979400635,
1772012346203924580,p12_activist,True,1,1584,44,1.356706142425537,
1772027922549115117,p01_genz_meme,True,1,1326,44,3.9706709384918213,
1772027922549115117,p02_fitness,True,1,1317,44,1.074704885482788,
1772027922549115117,p03_parent,True,1,1319,44,1.1024792194366455,
1772027922549115117,p04_tech_pro,True,1,1320,44,1.0965402126312256,
1772027922549115117,p05_fashion,True,1,1316,44,1.0837841033935547,
1772027922549115117,p06_foodie,True,1,1327,44,1.0928771495819092,
1772027922549115117,p07_traveler,True,1,1317,44,1.088313102722168,
1772027922549115117,p08_student,True,1,1321,44,1.0916690826416016,
1772027922549115117,p09_entrepreneur,True,1,1322,44,1.089751958847046,
1772027922549115117,p10_artist,True,1,1320,44,1.0949680805206299,
1772027922549115117,p11_senior,True,1,1321,44,1.0937778949737549,
1772027922549115117,p12_activist,True,1,1325,44,1.0894877910614014,
1772334275073704143,p01_genz_meme,True,1,1321,44,3.657996892929077,
1772334275073704143,p02_fitness,True,1,1312,44,1.0723271369934082,
1772334275073704143,p03_parent,True,1,1314,44,1.107173204421997,
1772334275073704143,p04_tech_pro,True,1,1315,44,1.100236177444458,
1772334275073704143,p05_fashion,True,1,1311,44,1.0980618000030518,
1772334275073704143,p06_foodie,True,1,1322,44,1.099095106124878,
1772334275073704143,p07_traveler,True,1,1312,44,1.090792179107666,
1772334275073704143,p08_student,True,1,1316,44,1.0952208042144775,
1772334275073704143,p09_entrepreneur,True,1,1317,44,1.1016440391540527,
1772334275073704143,p10_artist,True,1,1315,44,1.0957317352294922,
1772334275073704143,p11_senior,True,1,1316,44,1.0926790237426758,
1772334275073704143,p12_activist,True,1,1320,44,1.099250316619873,
1772521662048488283,p01_genz_meme,True,1,1517,44,4.047309160232544,
1772521662048488283,p02_fitness,True,1,1508,44,1.328598976135254,
1772521662048488283,p03_parent,True,1,1510,44,1.3349671363830566,
1772521662048488283,p04_tech_pro,True,1,1511,44,1.3340179920196533,
1772521662048488283,p05_fashion,True,1,1507,44,1.3261539936065674,
1772521662048488283,p06_foodie,True,1,1518,44,1.338184118270874,
1772521662048488283,p07_traveler,True,1,1508,44,1.3406500816345215,
1772521662048488283,p08_student,True,1,1512,44,1.3416521549224854,
1772521662048488283,p09_entrepreneur,True,1,1513,44,1.326310157775879,
1772521662048488283,p10_artist,True,1,1511,44,1.324800968170166,
1772521662048488283,p11_senior,True,1,1512,44,1.340817928314209,
1772521662048488283,p12_activist,True,1,1516,44,1.3310279846191406,
1772752393396296245,p01_genz_meme,True,1,1309,44,3.8174219131469727,
1772752393396296245,p02_fitness,True,1,1300,44,1.0641810894012451,
1772752393396296245,p03_parent,True,1,1302,44,1.0956220626831055,
1772752393396296245,p04_tech_pro,True,1,1303,44,1.0873539447784424,
1772752393396296245,p05_fashion,True,1,1299,44,1.0756938457489014,
1772752393396296245,p06_foodie,True,1,1310,44,1.0842258930206299,
1772752393396296245,p07_traveler,True,1,1300,44,1.1802260875701904,
1772752393396296245,p08_student,True,1,1304,44,1.0872342586517334,
1772752393396296245,p09_entrepreneur,True,1,1305,44,1.0744340419769287,
1772752393396296245,p10_artist,True,1,1303,44,1.0808460712432861,
1772752393396296245,p11_senior,True,1,1304,44,1.08194899559021,
1772752393396296245,p12_activist,True,1,1308,44,1.0803229808807373,
1773346295542862473,p01_genz_meme,True,1,1426,44,3.9968321323394775,
1773346295542862473,p02_fitness,True,1,1417,44,1.2162220478057861,
1773346295542862473,p03_parent,True,1,1419,44,1.2400891780853271,
1773346295542862473,p04_tech_pro,True,1,1420,44,1.1803638935089111,
1773346295542862473,p05_fashion,True,1,1416,44,1.1808311939239502,
1773346295542862473,p06_foodie,True,1,1427,44,1.1898620128631592,
1773346295542862473,p07_traveler,True,1,1417,44,1.1947619915008545,
1773346295542862473,p08_student,True,1,1421,44,1.1959140300750732,
1773346295542862473,p09_entrepreneur,True,1,1422,44,1.2012488842010498,
1773346295542862473,p10_artist,True,1,1420,44,1.1874310970306396,
1773346295542862473,p11_senior,True,1,1421,44,1.1930348873138428,
1773346295542862473,p12_activist,True,1,1425,44,1.2050511837005615,
1773425055109703525,p01_genz_meme,True,1,1450,44,3.896418809890747,
1773425055109703525,p02_fitness,True,1,1441,44,1.2020399570465088,
1773425055109703525,p03_parent,True,1,1443,44,1.2294940948486328,
1773425055109703525,p04_tech_pro,True,1,1444,44,1.2131710052490234,
1773425055109703525,p05_fashion,True,1,1440,44,1.2076480388641357,
1773425055109703525,p06_foodie,True,1,1451,44,1.216540813446045,
1773425055109703525,p07_traveler,True,1,1441,44,1.222987174987793,
1773425055109703525,p08_student,True,1,1445,44,1.2129719257354736,
1773425055109703525,p09_entrepreneur,True,1,1446,44,1.2142839431762695,
1773425055109703525,p10_artist,True,1,1444,44,1.2163000106811523,
1773425055109703525,p11_senior,True,1,1445,44,1.2204599380493164,
1773425055109703525,p12_activist,True,1,1449,44,1.2171719074249268,
1773947601944865241,p01_genz_meme,True,1,1339,44,3.8096799850463867,
1773947601944865241,p02_fitness,True,1,1330,44,1.074549913406372,
1773947601944865241,p03_parent,True,1,1332,44,1.1026368141174316,
1773947601944865241,p04_tech_pro,True,1,1333,44,1.1028180122375488,
1773947601944865241,p05_fashion,True,1,1329,44,1.0973448753356934,
1773947601944865241,p06_foodie,True,1,1340,44,1.0962450504302979,
1773947601944865241,p07_traveler,True,1,1330,44,1.0884978771209717,
1773947601944865241,p08_student,True,1,1334,44,1.0977189540863037,
1773947601944865241,p09_entrepreneur,True,1,1335,44,1.1044998168945312,
1773947601944865241,p10_artist,True,1,1333,44,1.1010510921478271,
1773947601944865241,p11_senior,True,1,1334,44,1.0920541286468506,
1773947601944865241,p12_activist,True,1,1338,44,1.0958878993988037,
1774394365842788518,p01_genz_meme,True,1,1278,44,3.781059741973877,
1774394365842788518,p02_fitness,True,1,1269,44,1.0513668060302734,
1774394365842788518,p03_parent,True,1,1271,44,1.0843710899353027,
1774394365842788518,p04_tech_pro,True,1,1272,44,1.0867071151733398,
1774394365842788518,p05_fashion,True,1,1268,44,1.0920140743255615,
1774394365842788518,p06_foodie,True,1,1279,44,1.0636212825775146,
1774394365842788518,p07_traveler,True,1,1269,44,1.064765214920044,
1774394365842788518,p08_student,True,1,1273,44,1.0756471157073975,
1774394365842788518,p09_entrepreneur,True,1,1274,44,1.0710699558258057,
1774394365842788518,p10_artist,True,1,1272,44,1.075209140777588,
1774394365842788518,p11_senior,True,1,1273,44,1.0736780166625977,
1774394365842788518,p12_activist,True,1,1277,44,1.0774526596069336,
1774736791539833333,p01_genz_meme,True,1,1333,44,3.831773281097412,
1774736791539833333,p02_fitness,True,1,1324,44,1.0721070766448975,
1774736791539833333,p03_parent,True,1,1326,44,1.105875015258789,
1774736791539833333,p04_tech_pro,True,1,1327,44,1.1080491542816162,
1774736791539833333,p05_fashion,True,1,1323,44,1.0895180702209473,
1774736791539833333,p06_foodie,True,1,1334,44,1.0937230587005615,
1774736791539833333,p07_traveler,True,1,1324,44,1.0902819633483887,
1774736791539833333,p08_student,True,1,1328,44,1.0948131084442139,
1774736791539833333,p09_entrepreneur,True,1,1329,44,1.0988752841949463,
1774736791539833333,p10_artist,True,1,1327,44,1.091329574584961,
1774736791539833333,p11_senior,True,1,1328,44,1.0963528156280518,
1774736791539833333,p12_activist,True,1,1332,44,1.091475009918213,
1775155512824847014,p01_genz_meme,True,1,1344,44,3.6985700130462646,
1775155512824847014,p02_fitness,True,1,1335,44,1.0862300395965576,
1775155512824847014,p03_parent,True,1,1337,44,1.1274561882019043,
1775155512824847014,p04_tech_pro,True,1,1338,44,1.113671064376831,
1775155512824847014,p05_fashion,True,1,1334,44,1.0946428775787354,
1775155512824847014,p06_foodie,True,1,1345,44,1.1820878982543945,
1775155512824847014,p07_traveler,True,1,1335,44,1.1028227806091309,
1775155512824847014,p08_student,True,1,1339,44,1.1171348094940186,
1775155512824847014,p09_entrepreneur,True,1,1340,44,1.1120738983154297,
1775155512824847014,p10_artist,True,1,1338,44,1.1215896606445312,
1775155512824847014,p11_senior,True,1,1339,44,1.2556438446044922,
1775155512824847014,p12_activist,True,1,1343,44,1.2670090198516846,
1775663309460436190,p01_genz_meme,True,1,1285,44,3.757319927215576,
1775663309460436190,p02_fitness,True,1,1276,44,1.0639970302581787,
1775663309460436190,p03_parent,True,1,1278,44,1.106297254562378,
1775663309460436190,p04_tech_pro,True,1,1279,44,1.1197340488433838,
1775663309460436190,p05_fashion,True,1,1275,44,1.078484058380127,
1775663309460436190,p06_foodie,True,1,1286,44,1.0752220153808594,
1775663309460436190,p07_traveler,True,1,1276,44,1.0811598300933838,
1775663309460436190,p08_student,True,1,1280,44,1.0765588283538818,
1775663309460436190,p09_entrepreneur,True,1,1281,44,1.0873680114746094,
1775663309460436190,p10_artist,True,1,1279,44,1.0816271305084229,
1775663309460436190,p11_senior,True,1,1280,44,1.11350417137146,
1775663309460436190,p12_activist,True,1,1284,44,1.0952048301696777,
1776187095636082291,p01_genz_meme,True,1,1377,44,4.09878396987915,
1776187095636082291,p02_fitness,True,1,1368,44,1.1015608310699463,
1776187095636082291,p03_parent,True,1,1370,44,1.121129035949707,
1776187095636082291,p04_tech_pro,True,1,1371,44,1.1030199527740479,
1776187095636082291,p05_fashion,True,1,1367,44,1.1012840270996094,
1776187095636082291,p06_foodie,True,1,1378,44,1.1174092292785645,
1776187095636082291,p07_traveler,True,1,1368,44,1.1039941310882568,
1776187095636082291,p08_student,True,1,1372,44,1.1096441745758057,
1776187095636082291,p09_entrepreneur,True,1,1373,44,1.1053478717803955,
1776187095636082291,p10_artist,True,1,1371,44,1.10331392288208,
1776187095636082291,p11_senior,True,1,1372,44,1.1044838428497314,
1776187095636082291,p12_activist,True,1,1376,44,1.1107449531555176,
1776472676284423569,p01_genz_meme,True,1,1461,44,3.8114991188049316,
1776472676284423569,p02_fitness,True,1,1452,44,1.2229390144348145,
1776472676284423569,p03_parent,True,1,1454,44,1.24753999710083,
1776472676284423569,p04_tech_pro,True,1,1455,44,1.2346928119659424,
1776472676284423569,p05_fashion,True,1,1451,44,1.2362267971038818,
1776472676284423569,p06_foodie,True,1,1462,44,1.2401010990142822,
1776472676284423569,p07_traveler,True,1,1452,44,1.230668067932129,
1776472676284423569,p08_student,True,1,1456,44,1.2376890182495117,
1776472676284423569,p09_entrepreneur,True,1,1457,44,1.2423460483551025,
1776472676284423569,p10_artist,True,1,1455,44,1.235231876373291,
1776472676284423569,p11_senior,True,1,1456,44,1.2390642166137695,
1776472676284423569,p12_activist,True,1,1460,44,1.242751121520996,
1776544735324044796,p01_genz_meme,True,1,1556,44,4.096785068511963,
1776544735324044796,p02_fitness,True,1,1547,44,1.3437182903289795,
1776544735324044796,p03_parent,True,1,1549,44,1.3710901737213135,
1776544735324044796,p04_tech_pro,True,1,1550,44,1.351982831954956,
1776544735324044796,p05_fashion,True,1,1546,44,1.350682020187378,
1776544735324044796,p06_foodie,True,1,1557,44,1.3587219715118408,
1776544735324044796,p07_traveler,True,1,1547,44,1.3561608791351318,
1776544735324044796,p08_student,True,1,1551,44,1.3493192195892334,
1776544735324044796,p09_entrepreneur,True,1,1552,44,1.3604717254638672,
1776544735324044796,p10_artist,True,1,1550,44,1.3553111553192139,
1776544735324044796,p11_senior,True,1,1551,44,1.352290153503418,
1776544735324044796,p12_activist,True,1,1555,44,1.3593039512634277,
1776842920910124127,p01_genz_meme,True,1,1332,44,3.757833957672119,
1776842920910124127,p02_fitness,True,1,1323,44,1.0802688598632812,
1776842920910124127,p03_parent,True,1,1325,44,1.1160671710968018,
1776842920910124127,p04_tech_pro,True,1,1326,44,1.1113719940185547,
1776842920910124127,p05_fashion,True,1,1322,44,1.117074728012085,
1776842920910124127,p06_foodie,True,1,1333,44,1.1040000915527344,
1776842920910124127,p07_traveler,True,1,1323,44,1.0973289012908936,
1776842920910124127,p08_student,True,1,1327,44,1.1305289268493652,
1776842920910124127,p09_entrepreneur,True,1,1328,44,1.101438045501709,
1776842920910124127,p10_artist,True,1,1326,44,1.0951898097991943,
1776842920910124127,p11_senior,True,1,1327,44,1.0985620021820068,
1776842920910124127,p12_activist,True,1,1331,44,1.104013204574585,
1777873235825463908,p01_genz_meme,True,1,1409,44,3.7622599601745605,
1777873235825463908,p02_fitness,True,1,1400,44,1.1969568729400635,
1777873235825463908,p03_parent,True,1,1402,44,1.2821321487426758,
1777873235825463908,p04_tech_pro,True,1,1403,44,1.3172919750213623,
1777873235825463908,p05_fashion,True,1,1399,44,1.2003490924835205,
1777873235825463908,p06_foodie,True,1,1410,44,1.2007689476013184,
1777873235825463908,p07_traveler,True,1,1400,44,1.2149620056152344,
1777873235825463908,p08_student,True,1,1404,44,1.2144510746002197,
1777873235825463908,p09_entrepreneur,True,1,1405,44,1.2098519802093506,
1777873235825463908,p10_artist,True,1,1403,44,1.2133479118347168,
1777873235825463908,p11_senior,True,1,1404,44,1.2173476219177246,
1777873235825463908,p12_activist,True,1,1408,44,1.217069149017334,
1778018482332768407,p01_genz_meme,True,1,1352,44,3.743349075317383,
1778018482332768407,p02_fitness,True,1,1343,44,1.1690642833709717,
1778018482332768407,p03_parent,True,1,1345,44,1.1950478553771973,
1778018482332768407,p04_tech_pro,True,1,1346,44,1.186323881149292,
1778018482332768407,p05_fashion,True,1,1342,44,1.171227216720581,
1778018482332768407,p06_foodie,True,1,1353,44,1.1874198913574219,
1778018482332768407,p07_traveler,True,1,1343,44,1.188976764678955,
1778018482332768407,p08_student,True,1,1347,44,1.185230016708374,
1778018482332768407,p09_entrepreneur,True,1,1348,44,1.1909382343292236,
1778018482332768407,p10_artist,True,1,1346,44,1.2125141620635986,
1778018482332768407,p11_senior,True,1,1347,44,1.1839911937713623,
1778018482332768407,p12_activist,True,1,1351,44,1.179819107055664,
1778312347996492933,p01_genz_meme,True,1,1550,44,3.894216775894165,
1778312347996492933,p02_fitness,True,1,1541,44,1.3396837711334229,
1778312347996492933,p03_parent,True,1,1543,44,1.366797924041748,
1778312347996492933,p04_tech_pro,True,1,1544,44,1.3531630039215088,
1778312347996492933,p05_fashion,True,1,1540,44,1.3518948554992676,
1778312347996492933,p06_foodie,True,1,1551,44,1.3540258407592773,
1778312347996492933,p07_traveler,True,1,1541,44,1.3475110530853271,
1778312347996492933,p08_student,True,1,1545,44,1.3459110260009766,
1778312347996492933,p09_entrepreneur,True,1,1546,44,1.3513681888580322,
1778312347996492933,p10_artist,True,1,1544,44,1.3456649780273438,
1778312347996492933,p11_senior,True,1,1545,44,1.3479220867156982,
1778312347996492933,p12_activist,True,1,1549,44,1.3580589294433594,
1778401602978263293,p01_genz_meme,True,1,1338,44,3.7799010276794434,
1778401602978263293,p02_fitness,True,1,1329,44,1.0848660469055176,
1778401602978263293,p03_parent,True,1,1331,44,1.1187500953674316,
1778401602978263293,p04_tech_pro,True,1,1332,44,1.1055059432983398,
1778401602978263293,p05_fashion,True,1,1328,44,1.1100809574127197,
1778401602978263293,p06_foodie,True,1,1339,44,1.1276578903198242,
1778401602978263293,p07_traveler,True,1,1329,44,1.1293127536773682,
1778401602978263293,p08_student,True,1,1333,44,1.153433084487915,
1778401602978263293,p09_entrepreneur,True,1,1334,44,1.1405489444732666,
1778401602978263293,p10_artist,True,1,1332,44,1.157520055770874,
1778401602978263293,p11_senior,True,1,1333,44,1.108842134475708,
1778401602978263293,p12_activist,True,1,1337,44,1.1047606468200684,
1778435646676773467,p01_genz_meme,True,1,1414,44,4.03233003616333,
1778435646676773467,p02_fitness,True,1,1405,44,1.1913301944732666,
1778435646676773467,p03_parent,True,1,1407,44,1.2468678951263428,
1778435646676773467,p04_tech_pro,True,1,1408,44,1.32100510597229,
1778435646676773467,p05_fashion,True,1,1404,44,1.3706998825073242,
1778435646676773467,p06_foodie,True,1,1415,44,1.293827772140503,
1778435646676773467,p07_traveler,True,1,1405,44,1.198958158493042,
1778435646676773467,p08_student,True,1,1409,44,1.2006208896636963,
1778435646676773467,p09_entrepreneur,True,1,1410,44,1.2113819122314453,
1778435646676773467,p10_artist,True,1,1408,44,1.20322585105896,
1778435646676773467,p11_senior,True,1,1409,44,1.2078890800476074,
1778435646676773467,p12_activist,True,1,1413,44,1.2183051109313965,
1779226066554939346,p01_genz_meme,True,1,1349,44,3.8284740447998047,
1779226066554939346,p02_fitness,True,1,1340,44,1.0898871421813965,
1779226066554939346,p03_parent,True,1,1342,44,1.143876075744629,
1779226066554939346,p04_tech_pro,True,1,1343,44,1.1063647270202637,
1779226066554939346,p05_fashion,True,1,1339,44,1.0855238437652588,
1779226066554939346,p06_foodie,True,1,1350,44,1.2247419357299805,
1779226066554939346,p07_traveler,True,1,1340,44,1.1814939975738525,
1779226066554939346,p08_student,True,1,1344,44,1.0911517143249512,
1779226066554939346,p09_entrepreneur,True,1,1345,44,1.1264476776123047,
1779226066554939346,p10_artist,True,1,1343,44,1.1178438663482666,
1779226066554939346,p11_senior,True,1,1344,44,1.1454548835754395,
1779226066554939346,p12_activist,True,1,1348,44,1.1117908954620361,
1779280158429283231,p01_genz_meme,True,1,1395,44,4.050249099731445,
1779280158429283231,p02_fitness,True,1,1386,44,1.2111880779266357,
1779280158429283231,p03_parent,True,1,1388,44,1.2188479900360107,
1779280158429283231,p04_tech_pro,True,1,1389,44,1.2057521343231201,
1779280158429283231,p05_fashion,True,1,1385,44,1.2029058933258057,
1779280158429283231,p06_foodie,True,1,1396,44,1.2107899188995361,
1779280158429283231,p07_traveler,True,1,1386,44,1.1976637840270996,
1779280158429283231,p08_student,True,1,1390,44,1.2037150859832764,
1779280158429283231,p09_entrepreneur,True,1,1391,44,1.2169229984283447,
1779280158429283231,p10_artist,True,1,1389,44,1.206050157546997,
1779280158429283231,p11_senior,True,1,1390,44,1.1932001113891602,
1779280158429283231,p12_activist,True,1,1394,44,1.202510118484497,
1779920628288151931,p01_genz_meme,True,1,1541,44,4.08343505859375,
1779920628288151931,p02_fitness,True,1,1532,44,1.3335039615631104,
1779920628288151931,p03_parent,True,1,1534,44,1.358849048614502,
1779920628288151931,p04_tech_pro,True,1,1535,44,1.3411142826080322,
1779920628288151931,p05_fashion,True,1,1531,44,1.3441212177276611,
1779920628288151931,p06_foodie,True,1,1542,44,1.3517448902130127,
1779920628288151931,p07_traveler,True,1,1532,44,1.347839117050171,
1779920628288151931,p08_student,True,1,1536,44,1.3364059925079346,
1779920628288151931,p09_entrepreneur,True,1,1537,44,1.3485479354858398,
1779920628288151931,p10_artist,True,1,1535,44,1.3406190872192383,
1779920628288151931,p11_senior,True,1,1536,44,1.3411047458648682,
1779920628288151931,p12_activist,True,1,1540,44,1.347372055053711,
1779987908767746971,p01_genz_meme,True,1,1492,44,3.8657479286193848,
1779987908767746971,p02_fitness,True,1,1483,44,1.3151111602783203,
1779987908767746971,p03_parent,True,1,1485,44,1.336379051208496,
1779987908767746971,p04_tech_pro,True,1,1486,44,1.3435518741607666,
1779987908767746971,p05_fashion,True,1,1482,44,1.3259050846099854,
1779987908767746971,p06_foodie,True,1,1493,44,1.326329231262207,
1779987908767746971,p07_traveler,True,1,1483,44,1.3222839832305908,
1779987908767746971,p08_student,True,1,1487,44,1.331737756729126,
1779987908767746971,p09_entrepreneur,True,1,1488,44,1.3243849277496338,
1779987908767746971,p10_artist,True,1,1486,44,1.3231840133666992,
1779987908767746971,p11_senior,True,1,1487,44,1.3261988162994385,
1779987908767746971,p12_activist,True,1,1491,44,1.3221461772918701,
1780127826613595827,p01_genz_meme,True,1,1353,44,3.842349052429199,
1780127826613595827,p02_fitness,True,1,1344,44,1.0893330574035645,
1780127826613595827,p03_parent,True,1,1346,44,1.11322021484375,
1780127826613595827,p04_tech_pro,True,1,1347,44,1.1100609302520752,
1780127826613595827,p05_fashion,True,1,1343,44,1.100147008895874,
1780127826613595827,p06_foodie,True,1,1354,44,1.1140398979187012,
1780127826613595827,p07_traveler,True,1,1344,44,1.0962848663330078,
1780127826613595827,p08_student,True,1,1348,44,1.106525182723999,
1780127826613595827,p09_entrepreneur,True,1,1349,44,1.0992169380187988,
1780127826613595827,p10_artist,True,1,1347,44,1.1018691062927246,
1780127826613595827,p11_senior,True,1,1348,44,1.1075317859649658,
1780127826613595827,p12_activist,True,1,1352,44,1.099445104598999,
1780729677343081842,p01_genz_meme,True,1,1408,44,3.989640951156616,
1780729677343081842,p02_fitness,True,1,1399,44,1.1851072311401367,
1780729677343081842,p03_parent,True,1,1401,44,1.2158751487731934,
1780729677343081842,p04_tech_pro,True,1,1402,44,1.2017271518707275,
1780729677343081842,p05_fashion,True,1,1398,44,1.1970200538635254,
1780729677343081842,p06_foodie,True,1,1409,44,1.2010490894317627,
1780729677343081842,p07_traveler,True,1,1399,44,1.2062180042266846,
1780729677343081842,p08_student,True,1,1403,44,1.209218978881836,
1780729677343081842,p09_entrepreneur,True,1,1404,44,1.2381582260131836,
1780729677343081842,p10_artist,True,1,1402,44,1.2074558734893799,
1780729677343081842,p11_senior,True,1,1403,44,1.2660961151123047,
1780729677343081842,p12_activist,True,1,1407,44,1.2362380027770996,
1780856133294766774,p01_genz_meme,True,1,1290,44,3.6062800884246826,
1780856133294766774,p02_fitness,True,1,1281,44,1.0633952617645264,
1780856133294766774,p03_parent,True,1,1283,44,1.099107027053833,
1780856133294766774,p04_tech_pro,True,1,1284,44,1.0835731029510498,
1780856133294766774,p05_fashion,True,1,1280,44,1.0719029903411865,
1780856133294766774,p06_foodie,True,1,1291,44,1.0841038227081299,
1780856133294766774,p07_traveler,True,1,1281,44,1.0849189758300781,
1780856133294766774,p08_student,True,1,1285,44,1.0886757373809814,
1780856133294766774,p09_entrepreneur,True,1,1286,44,1.0843398571014404,
1780856133294766774,p10_artist,True,1,1284,44,1.081341028213501,
1780856133294766774,p11_senior,True,1,1285,44,1.0950350761413574,
1780856133294766774,p12_activist,True,1,1289,44,1.1010260581970215,
1780940563332215865,p01_genz_meme,True,1,1453,44,4.00979471206665,
1780940563332215865,p02_fitness,True,1,1444,44,1.1994130611419678,
1780940563332215865,p03_parent,True,1,1446,44,1.2192890644073486,
1780940563332215865,p04_tech_pro,True,1,1447,44,1.2177681922912598,
1780940563332215865,p05_fashion,True,1,1443,44,1.2071759700775146,
1780940563332215865,p06_foodie,True,1,1454,44,1.209718942642212,
1780940563332215865,p07_traveler,True,1,1444,44,1.207519292831421,
1780940563332215865,p08_student,True,1,1448,44,1.2093818187713623,
1780940563332215865,p09_entrepreneur,True,1,1449,44,1.228461742401123,
1780940563332215865,p10_artist,True,1,1447,44,1.2108502388000488,
1780940563332215865,p11_senior,True,1,1448,44,1.2208929061889648,
1780940563332215865,p12_activist,True,1,1452,44,1.2186689376831055,
1781437716871034811,p01_genz_meme,True,1,1300,44,3.930222988128662,
1781437716871034811,p02_fitness,True,1,1291,44,1.0572621822357178,
1781437716871034811,p03_parent,True,1,1293,44,1.0916759967803955,
1781437716871034811,p04_tech_pro,True,1,1294,44,1.0834131240844727,
1781437716871034811,p05_fashion,True,1,1290,44,1.0744969844818115,
1781437716871034811,p06_foodie,True,1,1301,44,1.0784389972686768,
1781437716871034811,p07_traveler,True,1,1291,44,1.0720088481903076,
1781437716871034811,p08_student,True,1,1295,44,1.0759880542755127,
1781437716871034811,p09_entrepreneur,True,1,1296,44,1.0752880573272705,
1781437716871034811,p10_artist,True,1,1294,44,1.081110954284668,
1781437716871034811,p11_senior,True,1,1295,44,1.077664852142334,
1781437716871034811,p12_activist,True,1,1299,44,1.0850911140441895,
1781676658795575188,p01_genz_meme,True,1,1307,44,3.913928985595703,
1781676658795575188,p02_fitness,True,1,1298,44,1.0634067058563232,
1781676658795575188,p03_parent,True,1,1300,44,1.0999879837036133,
1781676658795575188,p04_tech_pro,True,1,1301,44,1.092261791229248,
1781676658795575188,p05_fashion,True,1,1297,44,1.0798730850219727,
1781676658795575188,p06_foodie,True,1,1308,44,1.0810439586639404,
1781676658795575188,p07_traveler,True,1,1298,44,1.0794198513031006,
1781676658795575188,p08_student,True,1,1302,44,1.0802240371704102,
1781676658795575188,p09_entrepreneur,True,1,1303,44,1.094292163848877,
1781676658795575188,p10_artist,True,1,1301,44,1.079651117324829,
1781676658795575188,p11_senior,True,1,1302,44,1.0975167751312256,
1781676658795575188,p12_activist,True,1,1306,44,1.1324732303619385,
1782258590834107038,p01_genz_meme,True,1,1379,44,3.7384297847747803,
1782258590834107038,p02_fitness,True,1,1370,44,1.1863818168640137,
1782258590834107038,p03_parent,True,1,1372,44,1.2270081043243408,
1782258590834107038,p04_tech_pro,True,1,1373,44,1.1992909908294678,
1782258590834107038,p05_fashion,True,1,1369,44,1.1812338829040527,
1782258590834107038,p06_foodie,True,1,1380,44,1.1959202289581299,
1782258590834107038,p07_traveler,True,1,1370,44,1.2093329429626465,
1782258590834107038,p08_student,True,1,1374,44,1.2215862274169922,
1782258590834107038,p09_entrepreneur,True,1,1375,44,1.189645767211914,
1782258590834107038,p10_artist,True,1,1373,44,1.1972579956054688,
1782258590834107038,p11_senior,True,1,1374,44,1.1988341808319092,
1782258590834107038,p12_activist,True,1,1378,44,1.207493782043457,
1782298960338209608,p01_genz_meme,True,1,1318,44,3.8068506717681885,
1782298960338209608,p02_fitness,True,1,1309,44,1.06868577003479,
1782298960338209608,p03_parent,True,1,1311,44,1.104783296585083,
1782298960338209608,p04_tech_pro,True,1,1312,44,1.1065340042114258,
1782298960338209608,p05_fashion,True,1,1308,44,1.0832092761993408,
1782298960338209608,p06_foodie,True,1,1319,44,1.084683895111084,
1782298960338209608,p07_traveler,True,1,1309,44,1.0839970111846924,
1782298960338209608,p08_student,True,1,1313,44,1.097722053527832,
1782298960338209608,p09_entrepreneur,True,1,1314,44,1.0855028629302979,
1782298960338209608,p10_artist,True,1,1312,44,1.0898709297180176,
1782298960338209608,p11_senior,True,1,1313,44,1.0971012115478516,
1782298960338209608,p12_activist,True,1,1317,44,1.0929322242736816,
1782541652481606410,p01_genz_meme,True,1,1454,44,3.769217014312744,
1782541652481606410,p02_fitness,True,1,1445,44,1.2144691944122314,
1782541652481606410,p03_parent,True,1,1447,44,1.2455520629882812,
1782541652481606410,p04_tech_pro,True,1,1448,44,1.270801305770874,
1782541652481606410,p05_fashion,True,1,1444,44,1.2192130088806152,
1782541652481606410,p06_foodie,True,1,1455,44,1.2186429500579834,
1782541652481606410,p07_traveler,True,1,1445,44,1.2240099906921387,
1782541652481606410,p08_student,True,1,1449,44,1.2265379428863525,
1782541652481606410,p09_entrepreneur,True,1,1450,44,1.245244026184082,
1782541652481606410,p10_artist,True,1,1448,44,1.2232089042663574,
1782541652481606410,p11_senior,True,1,1449,44,1.224606990814209,
1782541652481606410,p12_activist,True,1,1453,44,1.241117000579834,
1782570152619698762,p01_genz_meme,True,1,1580,44,3.9367728233337402,
1782570152619698762,p02_fitness,True,1,1571,44,1.3500480651855469,
1782570152619698762,p03_parent,True,1,1573,44,1.3823156356811523,
1782570152619698762,p04_tech_pro,True,1,1574,44,1.3599700927734375,
1782570152619698762,p05_fashion,True,1,1570,44,1.358515977859497,
1782570152619698762,p06_foodie,True,1,1581,44,1.36379075050354,
1782570152619698762,p07_traveler,True,1,1571,44,1.3637449741363525,
1782570152619698762,p08_student,True,1,1575,44,1.356825828552246,
1782570152619698762,p09_entrepreneur,True,1,1576,44,1.3599557876586914,
1782570152619698762,p10_artist,True,1,1574,44,1.3702330589294434,
1782570152619698762,p11_senior,True,1,1575,44,1.360044002532959,
1782570152619698762,p12_activist,True,1,1579,44,1.3629179000854492,
1782890027471210496,p01_genz_meme,True,1,1408,44,3.865175724029541,
1782890027471210496,p02_fitness,True,1,1399,44,1.1944446563720703,
1782890027471210496,p03_parent,True,1,1401,44,1.2230825424194336,
1782890027471210496,p04_tech_pro,True,1,1402,44,1.2065129280090332,
1782890027471210496,p05_fashion,True,1,1398,44,1.2084827423095703,
1782890027471210496,p06_foodie,True,1,1409,44,1.2067272663116455,
1782890027471210496,p07_traveler,True,1,1399,44,1.2158658504486084,
1782890027471210496,p08_student,True,1,1403,44,1.2083790302276611,
1782890027471210496,p09_entrepreneur,True,1,1404,44,1.2037019729614258,
1782890027471210496,p10_artist,True,1,1402,44,1.2214126586914062,
1782890027471210496,p11_senior,True,1,1403,44,1.2126519680023193,
1782890027471210496,p12_activist,True,1,1407,44,1.2110350131988525,
1783477822082297000,p01_genz_meme,True,1,1336,44,3.651273012161255,
1783477822082297000,p02_fitness,True,1,1327,44,1.1575918197631836,
1783477822082297000,p03_parent,True,1,1329,44,1.1367418766021729,
1783477822082297000,p04_tech_pro,True,1,1330,44,1.1001391410827637,
1783477822082297000,p05_fashion,True,1,1326,44,1.087327003479004,
1783477822082297000,p06_foodie,True,1,1337,44,1.1049039363861084,
1783477822082297000,p07_traveler,True,1,1327,44,1.1055829524993896,
1783477822082297000,p08_student,True,1,1331,44,1.099839210510254,
1783477822082297000,p09_entrepreneur,True,1,1332,44,1.1019549369812012,
1783477822082297000,p10_artist,True,1,1330,44,1.1484310626983643,
1783477822082297000,p11_senior,True,1,1331,44,1.1650221347808838,
1783477822082297000,p12_activist,True,1,1335,44,1.1836130619049072,
1783615637693046846,p01_genz_meme,True,1,1283,44,3.705219268798828,
1783615637693046846,p02_fitness,True,1,1274,44,1.1166200637817383,
1783615637693046846,p03_parent,True,1,1276,44,1.1032700538635254,
1783615637693046846,p04_tech_pro,True,1,1277,44,1.0733370780944824,
1783615637693046846,p05_fashion,True,1,1273,44,1.0698833465576172,
1783615637693046846,p06_foodie,True,1,1284,44,1.083324909210205,
1783615637693046846,p07_traveler,True,1,1274,44,1.0808179378509521,
1783615637693046846,p08_student,True,1,1278,44,1.0802178382873535,
1783615637693046846,p09_entrepreneur,True,1,1279,44,1.087251901626587,
1783615637693046846,p10_artist,True,1,1277,44,1.0860819816589355,
1783615637693046846,p11_senior,True,1,1278,44,1.0858240127563477,
1783615637693046846,p12_activist,True,1,1282,44,1.0883662700653076,
1784158336717305518,p01_genz_meme,True,1,1406,44,3.9200899600982666,
1784158336717305518,p02_fitness,True,1,1397,44,1.199112892150879,
1784158336717305518,p03_parent,True,1,1399,44,1.2315127849578857,
1784158336717305518,p04_tech_pro,True,1,1400,44,1.1969478130340576,
1784158336717305518,p05_fashion,True,1,1396,44,1.2232451438903809,
1784158336717305518,p06_foodie,True,1,1407,44,1.2645697593688965,
1784158336717305518,p07_traveler,True,1,1397,44,1.1994290351867676,
1784158336717305518,p08_student,True,1,1401,44,1.1985669136047363,
1784158336717305518,p09_entrepreneur,True,1,1402,44,1.2216782569885254,
1784158336717305518,p10_artist,True,1,1400,44,1.2427122592926025,
1784158336717305518,p11_senior,True,1,1401,44,1.286844253540039,
1784158336717305518,p12_activist,True,1,1405,44,1.2127890586853027,
1784252407716679852,p01_genz_meme,True,1,1296,44,3.6115190982818604,
1784252407716679852,p02_fitness,True,1,1287,44,1.066741943359375,
1784252407716679852,p03_parent,True,1,1289,44,1.1069560050964355,
1784252407716679852,p04_tech_pro,True,1,1290,44,1.0945048332214355,
1784252407716679852,p05_fashion,True,1,1286,44,1.0786468982696533,
1784252407716679852,p06_foodie,True,1,1297,44,1.0913128852844238,
1784252407716679852,p07_traveler,True,1,1287,44,1.0808827877044678,
1784252407716679852,p08_student,True,1,1291,44,1.0903282165527344,
1784252407716679852,p09_entrepreneur,True,1,1292,44,1.1904067993164062,
1784252407716679852,p10_artist,True,1,1290,44,1.153181791305542,
1784252407716679852,p11_senior,True,1,1291,44,1.0933570861816406,
1784252407716679852,p12_activist,True,1,1295,44,1.0804898738861084,
1784500101122051658,p01_genz_meme,True,1,1544,44,4.061338186264038,
1784500101122051658,p02_fitness,True,1,1535,44,1.3375821113586426,
1784500101122051658,p03_parent,True,1,1537,44,1.3594980239868164,
1784500101122051658,p04_tech_pro,True,1,1538,44,1.3389911651611328,
1784500101122051658,p05_fashion,True,1,1534,44,1.428847074508667,
1784500101122051658,p06_foodie,True,1,1545,44,1.3656203746795654,
1784500101122051658,p07_traveler,True,1,1535,44,1.3355340957641602,
1784500101122051658,p08_student,True,1,1539,44,1.346332311630249,
1784500101122051658,p09_entrepreneur,True,1,1540,44,1.414283037185669,
1784500101122051658,p10_artist,True,1,1538,44,1.3328557014465332,
1784500101122051658,p11_senior,True,1,1539,44,1.350477933883667,
1784500101122051658,p12_activist,True,1,1543,44,1.3451740741729736,
1784557148010971166,p01_genz_meme,True,1,1412,44,3.968991994857788,
1784557148010971166,p02_fitness,True,1,1403,44,1.1826937198638916,
1784557148010971166,p03_parent,True,1,1405,44,1.2203128337860107,
1784557148010971166,p04_tech_pro,True,1,1406,44,1.2115497589111328,
1784557148010971166,p05_fashion,True,1,1402,44,1.201977014541626,
1784557148010971166,p06_foodie,True,1,1413,44,1.2031259536743164,
1784557148010971166,p07_traveler,True,1,1403,44,1.200922966003418,
1784557148010971166,p08_student,True,1,1407,44,1.2163379192352295,
1784557148010971166,p09_entrepreneur,True,1,1408,44,1.2070059776306152,
1784557148010971166,p10_artist,True,1,1406,44,1.1987979412078857,
1784557148010971166,p11_senior,True,1,1407,44,1.2057409286499023,
1784557148010971166,p12_activist,True,1,1411,44,1.2128100395202637,
1784783273575185729,p01_genz_meme,True,1,1435,44,3.7399661540985107,
1784783273575185729,p02_fitness,True,1,1426,44,1.2073969841003418,
1784783273575185729,p03_parent,True,1,1428,44,1.2312030792236328,
1784783273575185729,p04_tech_pro,True,1,1429,44,1.2222819328308105,
1784783273575185729,p05_fashion,True,1,1425,44,1.2399802207946777,
1784783273575185729,p06_foodie,True,1,1436,44,1.2679543495178223,
1784783273575185729,p07_traveler,True,1,1426,44,1.2171311378479004,
1784783273575185729,p08_student,True,1,1430,44,1.22052001953125,
1784783273575185729,p09_entrepreneur,True,1,1431,44,1.2213749885559082,
1784783273575185729,p10_artist,True,1,1429,44,1.2216389179229736,
1784783273575185729,p11_senior,True,1,1430,44,1.2462899684906006,
1784783273575185729,p12_activist,True,1,1434,44,1.2125940322875977,
1784935910153781558,p01_genz_meme,True,1,1446,44,3.950695037841797,
1784935910153781558,p02_fitness,True,1,1437,44,1.204751968383789,
1784935910153781558,p03_parent,True,1,1439,44,1.2330951690673828,
1784935910153781558,p04_tech_pro,True,1,1440,44,1.2500991821289062,
1784935910153781558,p05_fashion,True,1,1436,44,1.2235958576202393,
1784935910153781558,p06_foodie,True,1,1447,44,1.2171809673309326,
1784935910153781558,p07_traveler,True,1,1437,44,1.222048044204712,
1784935910153781558,p08_student,True,1,1441,44,1.227766990661621,
1784935910153781558,p09_entrepreneur,True,1,1442,44,1.2223892211914062,
1784935910153781558,p10_artist,True,1,1440,44,1.219325065612793,
1784935910153781558,p11_senior,True,1,1441,44,1.2196149826049805,
1784935910153781558,p12_activist,True,1,1445,44,1.2227139472961426,
1785121285429747136,p01_genz_meme,True,1,1434,44,4.066003084182739,
1785121285429747136,p02_fitness,True,1,1425,44,1.2047669887542725,
1785121285429747136,p03_parent,True,1,1427,44,1.2359228134155273,
1785121285429747136,p04_tech_pro,True,1,1428,44,1.2182178497314453,
1785121285429747136,p05_fashion,True,1,1424,44,1.2053780555725098,
1785121285429747136,p06_foodie,True,1,1435,44,1.2229290008544922,
1785121285429747136,p07_traveler,True,1,1425,44,1.2145349979400635,
1785121285429747136,p08_student,True,1,1429,44,1.2186260223388672,
1785121285429747136,p09_entrepreneur,True,1,1430,44,1.2136659622192383,
1785121285429747136,p10_artist,True,1,1428,44,1.2125680446624756,
1785121285429747136,p11_senior,True,1,1429,44,1.2105908393859863,
1785121285429747136,p12_activist,True,1,1433,44,1.2177772521972656,
1785336868175772011,p01_genz_meme,True,1,1426,44,3.766127824783325,
1785336868175772011,p02_fitness,True,1,1417,44,1.205152988433838,
1785336868175772011,p03_parent,True,1,1419,44,1.2281639575958252,
1785336868175772011,p04_tech_pro,True,1,1420,44,1.2204070091247559,
1785336868175772011,p05_fashion,True,1,1416,44,1.2147221565246582,
1785336868175772011,p06_foodie,True,1,1427,44,1.2231941223144531,
1785336868175772011,p07_traveler,True,1,1417,44,1.218691110610962,
1785336868175772011,p08_student,True,1,1421,44,1.2268731594085693,
1785336868175772011,p09_entrepreneur,True,1,1422,44,1.248326063156128,
1785336868175772011,p10_artist,True,1,1420,44,1.2119522094726562,
1785336868175772011,p11_senior,True,1,1421,44,1.2116239070892334,
1785336868175772011,p12_activist,True,1,1425,44,1.2214372158050537,
1785686619368438323,p01_genz_meme,True,1,1269,44,3.616442918777466,
1785686619368438323,p02_fitness,True,1,1260,44,1.0559308528900146,
1785686619368438323,p03_parent,True,1,1262,44,1.0955641269683838,
1785686619368438323,p04_tech_pro,True,1,1263,44,1.0877559185028076,
1785686619368438323,p05_fashion,True,1,1259,44,1.0695137977600098,
1785686619368438323,p06_foodie,True,1,1270,44,1.0769307613372803,
1785686619368438323,p07_traveler,True,1,1260,44,1.0823938846588135,
1785686619368438323,p08_student,True,1,1264,44,1.0910191535949707,
1785686619368438323,p09_entrepreneur,True,1,1265,44,1.0796260833740234,
1785686619368438323,p10_artist,True,1,1263,44,1.0725739002227783,
1785686619368438323,p11_senior,True,1,1264,44,1.0798652172088623,
1785686619368438323,p12_activist,True,1,1268,44,1.085158109664917,
1785815545711810723,p01_genz_meme,True,1,1606,44,4.080605983734131,
1785815545711810723,p02_fitness,True,1,1597,44,1.3602240085601807,
1785815545711810723,p03_parent,True,1,1599,44,1.3677058219909668,
1785815545711810723,p04_tech_pro,True,1,1600,44,1.359400987625122,
1785815545711810723,p05_fashion,True,1,1596,44,1.4728996753692627,
1785815545711810723,p06_foodie,True,1,1607,44,1.378194808959961,
1785815545711810723,p07_traveler,True,1,1597,44,1.3490869998931885,
1785815545711810723,p08_student,True,1,1601,44,1.3592729568481445,
1785815545711810723,p09_entrepreneur,True,1,1602,44,1.3620870113372803,
1785815545711810723,p10_artist,True,1,1600,44,1.3593530654907227,
1785815545711810723,p11_senior,True,1,1601,44,1.3592679500579834,
1785815545711810723,p12_activist,True,1,1605,44,1.3707811832427979,
1785941053489285292,p01_genz_meme,True,1,1319,44,3.8283262252807617,
1785941053489285292,p02_fitness,True,1,1310,44,1.066378116607666,
1785941053489285292,p03_parent,True,1,1312,44,1.1011898517608643,
1785941053489285292,p04_tech_pro,True,1,1313,44,1.0931529998779297,
1785941053489285292,p05_fashion,True,1,1309,44,1.077242136001587,
1785941053489285292,p06_foodie,True,1,1320,44,1.0818700790405273,
1785941053489285292,p07_traveler,True,1,1310,44,1.085988998413086,
1785941053489285292,p08_student,True,1,1314,44,1.0962390899658203,
1785941053489285292,p09_entrepreneur,True,1,1315,44,1.0820972919464111,
1785941053489285292,p10_artist,True,1,1313,44,1.0787303447723389,
1785941053489285292,p11_senior,True,1,1314,44,1.0787627696990967,
1785941053489285292,p12_activist,True,1,1318,44,1.087284803390503,
1786060384979842768,p01_genz_meme,True,1,1374,44,3.876100778579712,
1786060384979842768,p02_fitness,True,1,1365,44,1.2655889987945557,
1786060384979842768,p03_parent,True,1,1367,44,1.2567920684814453,
1786060384979842768,p04_tech_pro,True,1,1368,44,1.1695060729980469,
1786060384979842768,p05_fashion,True,1,1364,44,1.1755778789520264,
1786060384979842768,p06_foodie,True,1,1375,44,1.1888487339019775,
1786060384979842768,p07_traveler,True,1,1365,44,1.1875019073486328,
1786060384979842768,p08_student,True,1,1369,44,1.1836459636688232,
1786060384979842768,p09_entrepreneur,True,1,1370,44,1.1841180324554443,
1786060384979842768,p10_artist,True,1,1368,44,1.1840920448303223,
1786060384979842768,p11_senior,True,1,1369,44,1.1837949752807617,
1786060384979842768,p12_activist,True,1,1373,44,1.18343186378479,
1786488256222118289,p01_genz_meme,True,1,1446,44,3.93978214263916,
1786488256222118289,p02_fitness,True,1,1437,44,1.1988589763641357,
1786488256222118289,p03_parent,True,1,1439,44,1.2212061882019043,
1786488256222118289,p04_tech_pro,True,1,1440,44,1.2175629138946533,
1786488256222118289,p05_fashion,True,1,1436,44,1.2781460285186768,
1786488256222118289,p06_foodie,True,1,1447,44,1.2150070667266846,
1786488256222118289,p07_traveler,True,1,1437,44,1.2040119171142578,
1786488256222118289,p08_student,True,1,1441,44,1.2181577682495117,
1786488256222118289,p09_entrepreneur,True,1,1442,44,1.2170159816741943,
1786488256222118289,p10_artist,True,1,1440,44,1.209784984588623,
1786488256222118289,p11_senior,True,1,1441,44,1.2082979679107666,
1786488256222118289,p12_activist,True,1,1445,44,1.212414026260376,
1786990070352616434,p01_genz_meme,True,1,1335,44,3.617856740951538,
1786990070352616434,p02_fitness,True,1,1326,44,1.08123779296875,
1786990070352616434,p03_parent,True,1,1328,44,1.115220069885254,
1786990070352616434,p04_tech_pro,True,1,1329,44,1.1002988815307617,
1786990070352616434,p05_fashion,True,1,1325,44,1.095426082611084,
1786990070352616434,p06_foodie,True,1,1336,44,1.112394094467163,
1786990070352616434,p07_traveler,True,1,1326,44,1.1078801155090332,
1786990070352616434,p08_student,True,1,1330,44,1.1017992496490479,
1786990070352616434,p09_entrepreneur,True,1,1331,44,1.0991501808166504,
1786990070352616434,p10_artist,True,1,1329,44,1.0981271266937256,
1786990070352616434,p11_senior,True,1,1330,44,1.1058721542358398,
1786990070352616434,p12_activist,True,1,1334,44,1.1003010272979736,
1787137740438251979,p01_genz_meme,True,1,1320,44,3.7971439361572266,
1787137740438251979,p02_fitness,True,1,1311,44,1.0645780563354492,
1787137740438251979,p03_parent,True,1,1313,44,1.10117506980896,
1787137740438251979,p04_tech_pro,True,1,1314,44,1.088752031326294,
1787137740438251979,p05_fashion,True,1,1310,44,1.0779790878295898,
1787137740438251979,p06_foodie,True,1,1321,44,1.0870029926300049,
1787137740438251979,p07_traveler,True,1,1311,44,1.0895826816558838,
1787137740438251979,p08_student,True,1,1315,44,1.085805892944336,
1787137740438251979,p09_entrepreneur,True,1,1316,44,1.0900440216064453,
1787137740438251979,p10_artist,True,1,1314,44,1.0833568572998047,
1787137740438251979,p11_senior,True,1,1315,44,1.0944499969482422,
1787137740438251979,p12_activist,True,1,1319,44,1.1239140033721924,
1788591769982806328,p01_genz_meme,True,1,1426,44,3.9347453117370605,
1788591769982806328,p02_fitness,True,1,1417,44,1.193084716796875,
1788591769982806328,p03_parent,True,1,1419,44,1.2209420204162598,
1788591769982806328,p04_tech_pro,True,1,1420,44,1.2067878246307373,
1788591769982806328,p05_fashion,True,1,1416,44,1.1940231323242188,
1788591769982806328,p06_foodie,True,1,1427,44,1.2242481708526611,
1788591769982806328,p07_traveler,True,1,1417,44,1.2057058811187744,
1788591769982806328,p08_student,True,1,1421,44,1.204092025756836,
1788591769982806328,p09_entrepreneur,True,1,1422,44,1.2081358432769775,
1788591769982806328,p10_artist,True,1,1420,44,1.2198529243469238,
1788591769982806328,p11_senior,True,1,1421,44,1.2051410675048828,
1788591769982806328,p12_activist,True,1,1425,44,1.2018890380859375,
1788603472552278881,p01_genz_meme,True,1,1462,44,3.9169111251831055,
1788603472552278881,p02_fitness,True,1,1453,44,1.2049579620361328,
1788603472552278881,p03_parent,True,1,1455,44,1.2328681945800781,
1788603472552278881,p04_tech_pro,True,1,1456,44,1.2143349647521973,
1788603472552278881,p05_fashion,True,1,1452,44,1.2131519317626953,
1788603472552278881,p06_foodie,True,1,1463,44,1.2186248302459717,
1788603472552278881,p07_traveler,True,1,1453,44,1.2178432941436768,
1788603472552278881,p08_student,True,1,1457,44,1.3363041877746582,
1788603472552278881,p09_entrepreneur,True,1,1458,44,1.2303049564361572,
1788603472552278881,p10_artist,True,1,1456,44,1.205923080444336,
1788603472552278881,p11_senior,True,1,1457,44,1.2225310802459717,
1788603472552278881,p12_activist,True,1,1461,44,1.22636079788208,
1788869785985315191,p01_genz_meme,True,1,1303,44,3.787590980529785,
1788869785985315191,p02_fitness,True,1,1294,44,1.0762999057769775,
1788869785985315191,p03_parent,True,1,1296,44,1.1078729629516602,
1788869785985315191,p04_tech_pro,True,1,1297,44,1.0843448638916016,
1788869785985315191,p05_fashion,True,1,1293,44,1.0658330917358398,
1788869785985315191,p06_foodie,True,1,1304,44,1.0697238445281982,
1788869785985315191,p07_traveler,True,1,1294,44,1.0811200141906738,
1788869785985315191,p08_student,True,1,1298,44,1.0840189456939697,
1788869785985315191,p09_entrepreneur,True,1,1299,44,1.0771617889404297,
1788869785985315191,p10_artist,True,1,1297,44,1.0735719203948975,
1788869785985315191,p11_senior,True,1,1298,44,1.0811660289764404,
1788869785985315191,p12_activist,True,1,1302,44,1.0777618885040283,
1789246792601302650,p01_genz_meme,True,1,1306,44,3.777848958969116,
1789246792601302650,p02_fitness,True,1,1297,44,1.0657329559326172,
1789246792601302650,p03_parent,True,1,1299,44,1.0976498126983643,
1789246792601302650,p04_tech_pro,True,1,1300,44,1.0790560245513916,
1789246792601302650,p05_fashion,True,1,1296,44,1.074038028717041,
1789246792601302650,p06_foodie,True,1,1307,44,1.0814878940582275,
1789246792601302650,p07_traveler,True,1,1297,44,1.0822529792785645,
1789246792601302650,p08_student,True,1,1301,44,1.0771279335021973,
1789246792601302650,p09_entrepreneur,True,1,1302,44,1.0767848491668701,
1789246792601302650,p10_artist,True,1,1300,44,1.074997901916504,
1789246792601302650,p11_senior,True,1,1301,44,1.0790009498596191,
1789246792601302650,p12_activist,True,1,1305,44,1.0747959613800049,
1789261158352557392,p01_genz_meme,True,1,1310,44,3.621713161468506,
1789261158352557392,p02_fitness,True,1,1301,44,1.0716021060943604,
1789261158352557392,p03_parent,True,1,1303,44,1.0984208583831787,
1789261158352557392,p04_tech_pro,True,1,1304,44,1.0880320072174072,
1789261158352557392,p05_fashion,True,1,1300,44,1.0819518566131592,
1789261158352557392,p06_foodie,True,1,1311,44,1.0993459224700928,
1789261158352557392,p07_traveler,True,1,1301,44,1.1038877964019775,
1789261158352557392,p08_student,True,1,1305,44,1.0996248722076416,
1789261158352557392,p09_entrepreneur,True,1,1306,44,1.0872042179107666,
1789261158352557392,p10_artist,True,1,1304,44,1.0865862369537354,
1789261158352557392,p11_senior,True,1,1305,44,1.0933868885040283,
1789261158352557392,p12_activist,True,1,1309,44,1.089404821395874,
1790196152130752433,p01_genz_meme,True,1,1377,44,3.8891379833221436,
1790196152130752433,p02_fitness,True,1,1368,44,1.1674213409423828,
1790196152130752433,p03_parent,True,1,1370,44,1.1948118209838867,
1790196152130752433,p04_tech_pro,True,1,1371,44,1.1852128505706787,
1790196152130752433,p05_fashion,True,1,1367,44,1.1832711696624756,
1790196152130752433,p06_foodie,True,1,1378,44,1.1842570304870605,
1790196152130752433,p07_traveler,True,1,1368,44,1.1829910278320312,
1790196152130752433,p08_student,True,1,1372,44,1.187788963317871,
1790196152130752433,p09_entrepreneur,True,1,1373,44,1.194044828414917,
1790196152130752433,p10_artist,True,1,1371,44,1.1895339488983154,
1790196152130752433,p11_senior,True,1,1372,44,1.1743559837341309,
1790196152130752433,p12_activist,True,1,1376,44,1.1898019313812256,
1790279633922236405,p01_genz_meme,True,1,1408,44,3.868147850036621,
1790279633922236405,p02_fitness,True,1,1399,44,1.1903250217437744,
1790279633922236405,p03_parent,True,1,1401,44,1.215285062789917,
1790279633922236405,p04_tech_pro,True,1,1402,44,1.204986810684204,
1790279633922236405,p05_fashion,True,1,1398,44,1.1923551559448242,
1790279633922236405,p06_foodie,True,1,1409,44,1.2106969356536865,
1790279633922236405,p07_traveler,True,1,1399,44,1.2070777416229248,
1790279633922236405,p08_student,True,1,1403,44,1.2014858722686768,
1790279633922236405,p09_entrepreneur,True,1,1404,44,1.2045619487762451,
1790279633922236405,p10_artist,True,1,1402,44,1.2013962268829346,
1790279633922236405,p11_senior,True,1,1403,44,1.2067110538482666,
1790279633922236405,p12_activist,True,1,1407,44,1.224039077758789,
1790766326923646337,p01_genz_meme,True,1,1277,44,3.581209659576416,
1790766326923646337,p02_fitness,True,1,1268,44,1.0632660388946533,
1790766326923646337,p03_parent,True,1,1270,44,1.0888071060180664,
1790766326923646337,p04_tech_pro,True,1,1271,44,1.0789427757263184,
1790766326923646337,p05_fashion,True,1,1267,44,1.068052053451538,
1790766326923646337,p06_foodie,True,1,1278,44,1.07061767578125,
1790766326923646337,p07_traveler,True,1,1268,44,1.0707910060882568,
1790766326923646337,p08_student,True,1,1272,44,1.0805270671844482,
1790766326923646337,p09_entrepreneur,True,1,1273,44,1.0749549865722656,
1790766326923646337,p10_artist,True,1,1271,44,1.0736188888549805,
1790766326923646337,p11_senior,True,1,1272,44,1.0951387882232666,
1790766326923646337,p12_activist,True,1,1276,44,1.0740480422973633,
1791120655022942128,p01_genz_meme,True,1,1537,44,3.8665268421173096,
1791120655022942128,p02_fitness,True,1,1528,44,1.3368277549743652,
1791120655022942128,p03_parent,True,1,1530,44,1.3471360206604004,
1791120655022942128,p04_tech_pro,True,1,1531,44,1.3419771194458008,
1791120655022942128,p05_fashion,True,1,1527,44,1.343937873840332,
1791120655022942128,p06_foodie,True,1,1538,44,1.3403751850128174,
1791120655022942128,p07_traveler,True,1,1528,44,1.341135025024414,
1791120655022942128,p08_student,True,1,1532,44,1.3392248153686523,
1791120655022942128,p09_entrepreneur,True,1,1533,44,1.349757194519043,
1791120655022942128,p10_artist,True,1,1531,44,1.3382060527801514,
1791120655022942128,p11_senior,True,1,1532,44,1.3400030136108398,
1791120655022942128,p12_activist,True,1,1536,44,1.3468210697174072,
1791339858812217030,p01_genz_meme,True,1,1435,44,3.9332971572875977,
1791339858812217030,p02_fitness,True,1,1426,44,1.2045960426330566,
1791339858812217030,p03_parent,True,1,1428,44,1.2399239540100098,
1791339858812217030,p04_tech_pro,True,1,1429,44,1.198225975036621,
1791339858812217030,p05_fashion,True,1,1425,44,1.2086737155914307,
1791339858812217030,p06_foodie,True,1,1436,44,1.2168998718261719,
1791339858812217030,p07_traveler,True,1,1426,44,1.2131242752075195,
1791339858812217030,p08_student,True,1,1430,44,1.208294153213501,
1791339858812217030,p09_entrepreneur,True,1,1431,44,1.2069082260131836,
1791339858812217030,p10_artist,True,1,1429,44,1.2092421054840088,
1791339858812217030,p11_senior,True,1,1430,44,1.2086708545684814,
1791339858812217030,p12_activist,True,1,1434,44,1.2089929580688477,
1791378566216571614,p01_genz_meme,True,1,1282,44,3.629517078399658,
1791378566216571614,p02_fitness,True,1,1273,44,1.057142972946167,
1791378566216571614,p03_parent,True,1,1275,44,1.0894250869750977,
1791378566216571614,p04_tech_pro,True,1,1276,44,1.0824108123779297,
1791378566216571614,p05_fashion,True,1,1272,44,1.0744848251342773,
1791378566216571614,p06_foodie,True,1,1283,44,1.0804111957550049,
1791378566216571614,p07_traveler,True,1,1273,44,1.0731098651885986,
1791378566216571614,p08_student,True,1,1277,44,1.0779709815979004,
1791378566216571614,p09_entrepreneur,True,1,1278,44,1.080496072769165,
1791378566216571614,p10_artist,True,1,1276,44,1.0782647132873535,
1791378566216571614,p11_senior,True,1,1277,44,1.0806629657745361,
1791378566216571614,p12_activist,True,1,1281,44,1.0793027877807617,
1791616906266246048,p01_genz_meme,True,1,1283,44,3.773508071899414,
1791616906266246048,p02_fitness,True,1,1274,44,1.05391263961792,
1791616906266246048,p03_parent,True,1,1276,44,1.0886657238006592,
1791616906266246048,p04_tech_pro,True,1,1277,44,1.0824151039123535,
1791616906266246048,p05_fashion,True,1,1273,44,1.0828306674957275,
1791616906266246048,p06_foodie,True,1,1284,44,1.0692529678344727,
1791616906266246048,p07_traveler,True,1,1274,44,1.0629549026489258,
1791616906266246048,p08_student,True,1,1278,44,1.0716168880462646,
1791616906266246048,p09_entrepreneur,True,1,1279,44,1.112941026687622,
1791616906266246048,p10_artist,True,1,1277,44,1.0968880653381348,
1791616906266246048,p11_senior,True,1,1278,44,1.0622200965881348,
1791616906266246048,p12_activist,True,1,1282,44,1.069525957107544,
1791714581681442615,p01_genz_meme,True,1,1423,44,4.065036058425903,
1791714581681442615,p02_fitness,True,1,1414,44,1.1845271587371826,
1791714581681442615,p03_parent,True,1,1416,44,1.2091262340545654,
1791714581681442615,p04_tech_pro,True,1,1417,44,1.203268051147461,
1791714581681442615,p05_fashion,True,1,1413,44,1.191471815109253,
1791714581681442615,p06_foodie,True,1,1424,44,1.195180892944336,
1791714581681442615,p07_traveler,True,1,1414,44,1.1949069499969482,
1791714581681442615,p08_student,True,1,1418,44,1.1982908248901367,
1791714581681442615,p09_entrepreneur,True,1,1419,44,1.1883578300476074,
1791714581681442615,p10_artist,True,1,1417,44,1.195199966430664,
1791714581681442615,p11_senior,True,1,1418,44,1.196026086807251,
1791714581681442615,p12_activist,True,1,1422,44,1.2023601531982422,
1792251351588139688,p01_genz_meme,True,1,1283,44,3.6193630695343018,
1792251351588139688,p02_fitness,True,1,1274,44,1.0624198913574219,
1792251351588139688,p03_parent,True,1,1276,44,1.0941569805145264,
1792251351588139688,p04_tech_pro,True,1,1277,44,1.0874629020690918,
1792251351588139688,p05_fashion,True,1,1273,44,1.0768418312072754,
1792251351588139688,p06_foodie,True,1,1284,44,1.0796160697937012,
1792251351588139688,p07_traveler,True,1,1274,44,1.0778350830078125,
1792251351588139688,p08_student,True,1,1278,44,1.0881133079528809,
1792251351588139688,p09_entrepreneur,True,1,1279,44,1.0878987312316895,
1792251351588139688,p10_artist,True,1,1277,44,1.0955729484558105,
1792251351588139688,p11_senior,True,1,1278,44,1.0862948894500732,
1792251351588139688,p12_activist,True,1,1282,44,1.0823910236358643,
1793010900758559979,p01_genz_meme,True,1,1295,44,3.851289987564087,
1793010900758559979,p02_fitness,True,1,1286,44,1.2267920970916748,
1793010900758559979,p03_parent,True,1,1288,44,1.0885899066925049,
1793010900758559979,p04_tech_pro,True,1,1289,44,1.0563011169433594,
1793010900758559979,p05_fashion,True,1,1285,44,1.071160078048706,
1793010900758559979,p06_foodie,True,1,1296,44,1.083630084991455,
1793010900758559979,p07_traveler,True,1,1286,44,1.0745630264282227,
1793010900758559979,p08_student,True,1,1290,44,1.075272798538208,
1793010900758559979,p09_entrepreneur,True,1,1291,44,1.0745222568511963,
1793010900758559979,p10_artist,True,1,1289,44,1.080698013305664,
1793010900758559979,p11_senior,True,1,1290,44,1.0775659084320068,
1793010900758559979,p12_activist,True,1,1294,44,1.0791099071502686,
1793901046612792395,p01_genz_meme,True,1,1428,44,3.937922954559326,
1793901046612792395,p02_fitness,True,1,1419,44,1.1906769275665283,
1793901046612792395,p03_parent,True,1,1421,44,1.2154769897460938,
1793901046612792395,p04_tech_pro,True,1,1422,44,1.2023651599884033,
1793901046612792395,p05_fashion,True,1,1418,44,1.2067348957061768,
1793901046612792395,p06_foodie,True,1,1429,44,1.2071819305419922,
1793901046612792395,p07_traveler,True,1,1419,44,1.2024469375610352,
1793901046612792395,p08_student,True,1,1423,44,1.2023680210113525,
1793901046612792395,p09_entrepreneur,True,1,1424,44,1.3249211311340332,
1793901046612792395,p10_artist,True,1,1422,44,1.2608351707458496,
1793901046612792395,p11_senior,True,1,1423,44,1.183440923690796,
1793901046612792395,p12_activist,True,1,1427,44,1.2081537246704102,
1794398031891060987,p01_genz_meme,True,1,1283,44,3.784266233444214,
1794398031891060987,p02_fitness,True,1,1274,44,1.050708293914795,
1794398031891060987,p03_parent,True,1,1276,44,1.0803368091583252,
1794398031891060987,p04_tech_pro,True,1,1277,44,1.1609792709350586,
1794398031891060987,p05_fashion,True,1,1273,44,1.0632877349853516,
1794398031891060987,p06_foodie,True,1,1284,44,1.0677828788757324,
1794398031891060987,p07_traveler,True,1,1274,44,1.0727407932281494,
1794398031891060987,p08_student,True,1,1278,44,1.0976238250732422,
1794398031891060987,p09_entrepreneur,True,1,1279,44,1.0769801139831543,
1794398031891060987,p10_artist,True,1,1277,44,1.0625791549682617,
1794398031891060987,p11_senior,True,1,1278,44,1.0702407360076904,
1794398031891060987,p12_activist,True,1,1282,44,1.0749480724334717,
1794615298163297370,p01_genz_meme,True,1,1275,44,3.7695541381835938,
1794615298163297370,p02_fitness,True,1,1266,44,1.0522119998931885,
1794615298163297370,p03_parent,True,1,1268,44,1.0891730785369873,
1794615298163297370,p04_tech_pro,True,1,1269,44,1.076275110244751,
1794615298163297370,p05_fashion,True,1,1265,44,1.0674290657043457,
1794615298163297370,p06_foodie,True,1,1276,44,1.0724282264709473,
1794615298163297370,p07_traveler,True,1,1266,44,1.0762207508087158,
1794615298163297370,p08_student,True,1,1270,44,1.0769588947296143,
1794615298163297370,p09_entrepreneur,True,1,1271,44,1.0753881931304932,
1794615298163297370,p10_artist,True,1,1269,44,1.071794033050537,
1794615298163297370,p11_senior,True,1,1270,44,1.0747697353363037,
1794615298163297370,p12_activist,True,1,1274,44,1.0843889713287354,
1794929369862652926,p01_genz_meme,True,1,1316,44,3.8386120796203613,
1794929369862652926,p02_fitness,True,1,1307,44,1.0577819347381592,
1794929369862652926,p03_parent,True,1,1309,44,1.0889570713043213,
1794929369862652926,p04_tech_pro,True,1,1310,44,1.0817601680755615,
1794929369862652926,p05_fashion,True,1,1306,44,1.0684080123901367,
1794929369862652926,p06_foodie,True,1,1317,44,1.080366849899292,
1794929369862652926,p07_traveler,True,1,1307,44,1.0825772285461426,
1794929369862652926,p08_student,True,1,1311,44,1.0800950527191162,
1794929369862652926,p09_entrepreneur,True,1,1312,44,1.0726118087768555,
1794929369862652926,p10_artist,True,1,1310,44,1.0723681449890137,
1794929369862652926,p11_senior,True,1,1311,44,1.0845539569854736,
1794929369862652926,p12_activist,True,1,1315,44,1.079603910446167,
1795126767919247446,p01_genz_meme,True,1,1550,44,4.315843820571899,
1795126767919247446,p02_fitness,True,1,1541,44,1.3277060985565186,
1795126767919247446,p03_parent,True,1,1543,44,1.3381068706512451,
1795126767919247446,p04_tech_pro,True,1,1544,44,1.320051908493042,
1795126767919247446,p05_fashion,True,1,1540,44,1.3265190124511719,
1795126767919247446,p06_foodie,True,1,1551,44,1.4236218929290771,
1795126767919247446,p07_traveler,True,1,1541,44,1.322645902633667,
1795126767919247446,p08_student,True,1,1545,44,1.325371265411377,
1795126767919247446,p09_entrepreneur,True,1,1546,44,1.3352389335632324,
1795126767919247446,p10_artist,True,1,1544,44,1.3523671627044678,
1795126767919247446,p11_senior,True,1,1545,44,1.33614182472229,
1795126767919247446,p12_activist,True,1,1549,44,1.3239970207214355,
1795757480787502258,p01_genz_meme,True,1,1318,44,3.6262028217315674,
1795757480787502258,p02_fitness,True,1,1309,44,1.074429988861084,
1795757480787502258,p03_parent,True,1,1311,44,1.1058697700500488,
1795757480787502258,p04_tech_pro,True,1,1312,44,1.0897362232208252,
1795757480787502258,p05_fashion,True,1,1308,44,1.085824966430664,
1795757480787502258,p06_foodie,True,1,1319,44,1.0921258926391602,
1795757480787502258,p07_traveler,True,1,1309,44,1.0895328521728516,
1795757480787502258,p08_student,True,1,1313,44,1.0963990688323975,
1795757480787502258,p09_entrepreneur,True,1,1314,44,1.0926599502563477,
1795757480787502258,p10_artist,True,1,1312,44,1.0849440097808838,
1795757480787502258,p11_senior,True,1,1313,44,1.0908830165863037,
1795757480787502258,p12_activist,True,1,1317,44,1.0979280471801758,
1795848875316185981,p01_genz_meme,True,1,1300,44,3.7318429946899414,
1795848875316185981,p02_fitness,True,1,1291,44,1.060121774673462,
1795848875316185981,p03_parent,True,1,1293,44,1.095325231552124,
1795848875316185981,p04_tech_pro,True,1,1294,44,1.0841197967529297,
1795848875316185981,p05_fashion,True,1,1290,44,1.0776634216308594,
1795848875316185981,p06_foodie,True,1,1301,44,1.091423749923706,
1795848875316185981,p07_traveler,True,1,1291,44,1.1060590744018555,
1795848875316185981,p08_student,True,1,1295,44,1.0806100368499756,
1795848875316185981,p09_entrepreneur,True,1,1296,44,1.0696337223052979,
1795848875316185981,p10_artist,True,1,1294,44,1.0778980255126953,
1795848875316185981,p11_senior,True,1,1295,44,1.0889618396759033,
1795848875316185981,p12_activist,True,1,1299,44,1.0863838195800781,
1796474519175888840,p01_genz_meme,True,1,1376,44,3.884910821914673,
1796474519175888840,p02_fitness,True,1,1367,44,1.170342206954956,
1796474519175888840,p03_parent,True,1,1369,44,1.1963047981262207,
1796474519175888840,p04_tech_pro,True,1,1370,44,1.1822242736816406,
1796474519175888840,p05_fashion,True,1,1366,44,1.1913211345672607,
1796474519175888840,p06_foodie,True,1,1377,44,1.1964819431304932,
1796474519175888840,p07_traveler,True,1,1367,44,1.1832098960876465,
1796474519175888840,p08_student,True,1,1371,44,1.1811861991882324,
1796474519175888840,p09_entrepreneur,True,1,1372,44,1.1910691261291504,
1796474519175888840,p10_artist,True,1,1370,44,1.1884486675262451,
1796474519175888840,p11_senior,True,1,1371,44,1.1821331977844238,
1796474519175888840,p12_activist,True,1,1375,44,1.1821980476379395,
1796867838640733370,p01_genz_meme,True,1,1309,44,3.7982017993927,
1796867838640733370,p02_fitness,True,1,1300,44,1.0619020462036133,
1796867838640733370,p03_parent,True,1,1302,44,1.0885720252990723,
1796867838640733370,p04_tech_pro,True,1,1303,44,1.0802009105682373,
1796867838640733370,p05_fashion,True,1,1299,44,1.076051950454712,
1796867838640733370,p06_foodie,True,1,1310,44,1.076451063156128,
1796867838640733370,p07_traveler,True,1,1300,44,1.0714750289916992,
1796867838640733370,p08_student,True,1,1304,44,1.0842640399932861,
1796867838640733370,p09_entrepreneur,True,1,1305,44,1.084611177444458,
1796867838640733370,p10_artist,True,1,1303,44,1.0764899253845215,
1796867838640733370,p11_senior,True,1,1304,44,1.0812578201293945,
1796867838640733370,p12_activist,True,1,1308,44,1.0809061527252197,
1796868837834382889,p01_genz_meme,True,1,1345,44,3.828605890274048,
1796868837834382889,p02_fitness,True,1,1336,44,1.0748119354248047,
1796868837834382889,p03_parent,True,1,1338,44,1.1079869270324707,
1796868837834382889,p04_tech_pro,True,1,1339,44,1.1040019989013672,
1796868837834382889,p05_fashion,True,1,1335,44,1.0831091403961182,
1796868837834382889,p06_foodie,True,1,1346,44,1.092134952545166,
1796868837834382889,p07_traveler,True,1,1336,44,1.0870039463043213,
1796868837834382889,p08_student,True,1,1340,44,1.096693992614746,
1796868837834382889,p09_entrepreneur,True,1,1341,44,1.0967631340026855,
1796868837834382889,p10_artist,True,1,1339,44,1.0934700965881348,
1796868837834382889,p11_senior,True,1,1340,44,1.0926339626312256,
1796868837834382889,p12_activist,True,1,1344,44,1.0941016674041748,
1797539663851730281,p01_genz_meme,True,1,1325,44,3.8052098751068115,
1797539663851730281,p02_fitness,True,1,1316,44,1.0626919269561768,
1797539663851730281,p03_parent,True,1,1318,44,1.1448371410369873,
1797539663851730281,p04_tech_pro,True,1,1319,44,1.0955922603607178,
1797539663851730281,p05_fashion,True,1,1315,44,1.0678000450134277,
1797539663851730281,p06_foodie,True,1,1326,44,1.0757827758789062,
1797539663851730281,p07_traveler,True,1,1316,44,1.0796051025390625,
1797539663851730281,p08_student,True,1,1320,44,1.1506009101867676,
1797539663851730281,p09_entrepreneur,True,1,1321,44,1.1562600135803223,
1797539663851730281,p10_artist,True,1,1319,44,1.067816972732544,
1797539663851730281,p11_senior,True,1,1320,44,1.0753278732299805,
1797539663851730281,p12_activist,True,1,1324,44,1.0834288597106934,
1798059839992019864,p01_genz_meme,True,1,1272,44,3.6086418628692627,
1798059839992019864,p02_fitness,True,1,1263,44,1.0554907321929932,
1798059839992019864,p03_parent,True,1,1265,44,1.0950100421905518,
1798059839992019864,p04_tech_pro,True,1,1266,44,1.0783801078796387,
1798059839992019864,p05_fashion,True,1,1262,44,1.0649340152740479,
1798059839992019864,p06_foodie,True,1,1273,44,1.077024221420288,
1798059839992019864,p07_traveler,True,1,1263,44,1.088758945465088,
1798059839992019864,p08_student,True,1,1267,44,1.0864722728729248,
1798059839992019864,p09_entrepreneur,True,1,1268,44,1.0692720413208008,
1798059839992019864,p10_artist,True,1,1266,44,1.0737321376800537,
1798059839992019864,p11_senior,True,1,1267,44,1.077977180480957,
1798059839992019864,p12_activist,True,1,1271,44,1.0778610706329346,
1798130261691678819,p01_genz_meme,True,1,1673,44,4.118887186050415,
1798130261691678819,p02_fitness,True,1,1664,44,1.5427610874176025,
1798130261691678819,p03_parent,True,1,1666,44,1.4829788208007812,
1798130261691678819,p04_tech_pro,True,1,1667,44,1.48189377784729,
1798130261691678819,p05_fashion,True,1,1663,44,1.482104778289795,
1798130261691678819,p06_foodie,True,1,1674,44,1.4903678894042969,
1798130261691678819,p07_traveler,True,1,1664,44,1.4817988872528076,
1798130261691678819,p08_student,True,1,1668,44,1.4823992252349854,
1798130261691678819,p09_entrepreneur,True,1,1669,44,1.4859132766723633,
1798130261691678819,p10_artist,True,1,1667,44,1.4829649925231934,
1798130261691678819,p11_senior,True,1,1668,44,1.4863190650939941,
1798130261691678819,p12_activist,True,1,1672,44,1.495267629623413,
1799037350144605252,p01_genz_meme,True,1,1261,44,3.5971059799194336,
1799037350144605252,p02_fitness,True,1,1252,44,1.0479447841644287,
1799037350144605252,p03_parent,True,1,1254,44,1.0798759460449219,
1799037350144605252,p04_tech_pro,True,1,1255,44,1.0738019943237305,
1799037350144605252,p05_fashion,True,1,1251,44,1.0653212070465088,
1799037350144605252,p06_foodie,True,1,1262,44,1.066215991973877,
1799037350144605252,p07_traveler,True,1,1252,44,1.0662741661071777,
1799037350144605252,p08_student,True,1,1256,44,1.0694000720977783,
1799037350144605252,p09_entrepreneur,True,1,1257,44,1.0633759498596191,
1799037350144605252,p10_artist,True,1,1255,44,1.07142972946167,
1799037350144605252,p11_senior,True,1,1256,44,1.0980148315429688,
1799037350144605252,p12_activist,True,1,1260,44,1.0832099914550781,
1799410118612187728,p01_genz_meme,True,1,1282,44,3.762953042984009,
1799410118612187728,p02_fitness,True,1,1273,44,1.0535669326782227,
1799410118612187728,p03_parent,True,1,1275,44,1.0834171772003174,
1799410118612187728,p04_tech_pro,True,1,1276,44,1.0684208869934082,
1799410118612187728,p05_fashion,True,1,1272,44,1.0597500801086426,
1799410118612187728,p06_foodie,True,1,1283,44,1.0714449882507324,
1799410118612187728,p07_traveler,True,1,1273,44,1.0707199573516846,
1799410118612187728,p08_student,True,1,1277,44,1.0620920658111572,
1799410118612187728,p09_entrepreneur,True,1,1278,44,1.0839498043060303,
1799410118612187728,p10_artist,True,1,1276,44,1.0621681213378906,
1799410118612187728,p11_senior,True,1,1277,44,1.070518970489502,
1799410118612187728,p12_activist,True,1,1281,44,1.0712158679962158,
1799412203414419820,p01_genz_meme,True,1,1433,44,3.9085729122161865,
1799412203414419820,p02_fitness,True,1,1424,44,1.1855058670043945,
1799412203414419820,p03_parent,True,1,1426,44,1.210853099822998,
1799412203414419820,p04_tech_pro,True,1,1427,44,1.2027308940887451,
1799412203414419820,p05_fashion,True,1,1423,44,1.1980760097503662,
1799412203414419820,p06_foodie,True,1,1434,44,1.2013630867004395,
1799412203414419820,p07_traveler,True,1,1424,44,1.197227954864502,
1799412203414419820,p08_student,True,1,1428,44,1.2004928588867188,
1799412203414419820,p09_entrepreneur,True,1,1429,44,1.2024579048156738,
1799412203414419820,p10_artist,True,1,1427,44,1.1976628303527832,
1799412203414419820,p11_senior,True,1,1428,44,1.195901870727539,
1799412203414419820,p12_activist,True,1,1432,44,1.2010011672973633,
1799477010218509041,p01_genz_meme,True,1,1364,44,3.8961410522460938,
1799477010218509041,p02_fitness,True,1,1355,44,1.0821528434753418,
1799477010218509041,p03_parent,True,1,1357,44,1.1148781776428223,
1799477010218509041,p04_tech_pro,True,1,1358,44,1.111938238143921,
1799477010218509041,p05_fashion,True,1,1354,44,1.0863120555877686,
1799477010218509041,p06_foodie,True,1,1365,44,1.0956120491027832,
1799477010218509041,p07_traveler,True,1,1355,44,1.099349021911621,
1799477010218509041,p08_student,True,1,1359,44,1.0993289947509766,
1799477010218509041,p09_entrepreneur,True,1,1360,44,1.0942130088806152,
1799477010218509041,p10_artist,True,1,1358,44,1.0885159969329834,
1799477010218509041,p11_senior,True,1,1359,44,1.0985488891601562,
1799477010218509041,p12_activist,True,1,1363,44,1.0977187156677246,
1799524252518789943,p01_genz_meme,True,1,1354,44,3.796915054321289,
1799524252518789943,p02_fitness,True,1,1345,44,1.082585096359253,
1799524252518789943,p03_parent,True,1,1347,44,1.1064720153808594,
1799524252518789943,p04_tech_pro,True,1,1348,44,1.0998222827911377,
1799524252518789943,p05_fashion,True,1,1344,44,1.0878081321716309,
1799524252518789943,p06_foodie,True,1,1355,44,1.0957112312316895,
1799524252518789943,p07_traveler,True,1,1345,44,1.0887668132781982,
1799524252518789943,p08_student,True,1,1349,44,1.1001038551330566,
1799524252518789943,p09_entrepreneur,True,1,1350,44,1.0967628955841064,
1799524252518789943,p10_artist,True,1,1348,44,1.092782735824585,
1799524252518789943,p11_senior,True,1,1349,44,1.0975706577301025,
1799524252518789943,p12_activist,True,1,1353,44,1.0948853492736816,
1799773098611087873,p01_genz_meme,True,1,1452,44,3.910676956176758,
1799773098611087873,p02_fitness,True,1,1443,44,1.201404094696045,
1799773098611087873,p03_parent,True,1,1445,44,1.2233116626739502,
1799773098611087873,p04_tech_pro,True,1,1446,44,1.2205190658569336,
1799773098611087873,p05_fashion,True,1,1442,44,1.2166049480438232,
1799773098611087873,p06_foodie,True,1,1453,44,1.211656093597412,
1799773098611087873,p07_traveler,True,1,1443,44,1.2138171195983887,
1799773098611087873,p08_student,True,1,1447,44,1.2163479328155518,
1799773098611087873,p09_entrepreneur,True,1,1448,44,1.2120888233184814,
1799773098611087873,p10_artist,True,1,1446,44,1.2235069274902344,
1799773098611087873,p11_senior,True,1,1447,44,1.2205729484558105,
1799773098611087873,p12_activist,True,1,1451,44,1.2138471603393555,
1799895360124345321,p01_genz_meme,True,1,1343,44,3.683799982070923,
1799895360124345321,p02_fitness,True,1,1334,44,1.1514639854431152,
1799895360124345321,p03_parent,True,1,1336,44,1.1108169555664062,
1799895360124345321,p04_tech_pro,True,1,1337,44,1.1011970043182373,
1799895360124345321,p05_fashion,True,1,1333,44,1.1023988723754883,
1799895360124345321,p06_foodie,True,1,1344,44,1.1793229579925537,
1799895360124345321,p07_traveler,True,1,1334,44,1.090071201324463,
1799895360124345321,p08_student,True,1,1338,44,1.0962469577789307,
1799895360124345321,p09_entrepreneur,True,1,1339,44,1.104982852935791,
1799895360124345321,p10_artist,True,1,1337,44,1.0997390747070312,
1799895360124345321,p11_senior,True,1,1338,44,1.0932750701904297,
1799895360124345321,p12_activist,True,1,1342,44,1.177367925643921,
1800077391205519238,p01_genz_meme,True,1,1308,44,3.7906200885772705,
1800077391205519238,p02_fitness,True,1,1299,44,1.0554800033569336,
1800077391205519238,p03_parent,True,1,1301,44,1.0962538719177246,
1800077391205519238,p04_tech_pro,True,1,1302,44,1.149479866027832,
1800077391205519238,p05_fashion,True,1,1298,44,1.112833023071289,
1800077391205519238,p06_foodie,True,1,1309,44,1.0705091953277588,
1800077391205519238,p07_traveler,True,1,1299,44,1.0668306350708008,
1800077391205519238,p08_student,True,1,1303,44,1.0778491497039795,
1800077391205519238,p09_entrepreneur,True,1,1304,44,1.0820159912109375,
1800077391205519238,p10_artist,True,1,1302,44,1.0785250663757324,
1800077391205519238,p11_senior,True,1,1303,44,1.0748291015625,
1800077391205519238,p12_activist,True,1,1307,44,1.078810214996338,
1800157071187239966,p01_genz_meme,True,1,1340,44,3.7151548862457275,
1800157071187239966,p02_fitness,True,1,1331,44,1.0751781463623047,
1800157071187239966,p03_parent,True,1,1333,44,1.1348581314086914,
1800157071187239966,p04_tech_pro,True,1,1334,44,1.1172401905059814,
1800157071187239966,p05_fashion,True,1,1330,44,1.0748019218444824,
1800157071187239966,p06_foodie,True,1,1341,44,1.0933341979980469,
1800157071187239966,p07_traveler,True,1,1331,44,1.095815896987915,
1800157071187239966,p08_student,True,1,1335,44,1.0965209007263184,
1800157071187239966,p09_entrepreneur,True,1,1336,44,1.0948872566223145,
1800157071187239966,p10_artist,True,1,1334,44,1.0939269065856934,
1800157071187239966,p11_senior,True,1,1335,44,1.090409278869629,
1800157071187239966,p12_activist,True,1,1339,44,1.0947411060333252,
1800283625275827539,p01_genz_meme,True,1,1279,44,3.791461944580078,
1800283625275827539,p02_fitness,True,1,1270,44,1.0488719940185547,
1800283625275827539,p03_parent,True,1,1272,44,1.0970988273620605,
1800283625275827539,p04_tech_pro,True,1,1273,44,1.0936079025268555,
1800283625275827539,p05_fashion,True,1,1269,44,1.0784509181976318,
1800283625275827539,p06_foodie,True,1,1280,44,1.0689589977264404,
1800283625275827539,p07_traveler,True,1,1270,44,1.0731701850891113,
1800283625275827539,p08_student,True,1,1274,44,1.076570987701416,
1800283625275827539,p09_entrepreneur,True,1,1275,44,1.0680608749389648,
1800283625275827539,p10_artist,True,1,1273,44,1.064253807067871,
1800283625275827539,p11_senior,True,1,1274,44,1.0674967765808105,
1800283625275827539,p12_activist,True,1,1278,44,1.06837797164917,
1800660134096209890,p01_genz_meme,True,1,1312,44,3.829699993133545,
1800660134096209890,p02_fitness,True,1,1303,44,1.057520866394043,
1800660134096209890,p03_parent,True,1,1305,44,1.0940887928009033,
1800660134096209890,p04_tech_pro,True,1,1306,44,1.0816047191619873,
1800660134096209890,p05_fashion,True,1,1302,44,1.0720369815826416,
1800660134096209890,p06_foodie,True,1,1313,44,1.08402681350708,
1800660134096209890,p07_traveler,True,1,1303,44,1.0832490921020508,
1800660134096209890,p08_student,True,1,1307,44,1.0862910747528076,
1800660134096209890,p09_entrepreneur,True,1,1308,44,1.0841240882873535,
1800660134096209890,p10_artist,True,1,1306,44,1.076911211013794,
1800660134096209890,p11_senior,True,1,1307,44,1.0963850021362305,
1800660134096209890,p12_activist,True,1,1311,44,1.1581661701202393,
1800735006476064126,p01_genz_meme,True,1,1376,44,3.923190116882324,
1800735006476064126,p02_fitness,True,1,1367,44,1.177229881286621,
1800735006476064126,p03_parent,True,1,1369,44,1.1922791004180908,
1800735006476064126,p04_tech_pro,True,1,1370,44,1.1840567588806152,
1800735006476064126,p05_fashion,True,1,1366,44,1.1753740310668945,
1800735006476064126,p06_foodie,True,1,1377,44,1.1937122344970703,
1800735006476064126,p07_traveler,True,1,1367,44,1.1829078197479248,
1800735006476064126,p08_student,True,1,1371,44,1.1798672676086426,
1800735006476064126,p09_entrepreneur,True,1,1372,44,1.1825752258300781,
1800735006476064126,p10_artist,True,1,1370,44,1.184264898300171,
1800735006476064126,p11_senior,True,1,1371,44,1.1743981838226318,
1800735006476064126,p12_activist,True,1,1375,44,1.178421974182129,
1801199761112404855,p01_genz_meme,True,1,1429,44,3.900533676147461,
1801199761112404855,p02_fitness,True,1,1420,44,1.1867048740386963,
1801199761112404855,p03_parent,True,1,1422,44,1.2152650356292725,
1801199761112404855,p04_tech_pro,True,1,1423,44,1.202415943145752,
1801199761112404855,p05_fashion,True,1,1419,44,1.2004458904266357,
1801199761112404855,p06_foodie,True,1,1430,44,1.2054510116577148,
1801199761112404855,p07_traveler,True,1,1420,44,1.2027060985565186,
1801199761112404855,p08_student,True,1,1424,44,1.2041678428649902,
1801199761112404855,p09_entrepreneur,True,1,1425,44,1.1981580257415771,
1801199761112404855,p10_artist,True,1,1423,44,1.2040300369262695,
1801199761112404855,p11_senior,True,1,1424,44,1.2062339782714844,
1801199761112404855,p12_activist,True,1,1428,44,1.208186149597168,
1801250543580221271,p01_genz_meme,True,1,1400,44,3.9500930309295654,
1801250543580221271,p02_fitness,True,1,1391,44,1.1816020011901855,
1801250543580221271,p03_parent,True,1,1393,44,1.198951244354248,
1801250543580221271,p04_tech_pro,True,1,1394,44,1.1875100135803223,
1801250543580221271,p05_fashion,True,1,1390,44,1.1900429725646973,
1801250543580221271,p06_foodie,True,1,1401,44,1.1927428245544434,
1801250543580221271,p07_traveler,True,1,1391,44,1.1877670288085938,
1801250543580221271,p08_student,True,1,1395,44,1.2496240139007568,
1801250543580221271,p09_entrepreneur,True,1,1396,44,1.226806879043579,
1801250543580221271,p10_artist,True,1,1394,44,1.1824147701263428,
1801250543580221271,p11_senior,True,1,1395,44,1.1928257942199707,
1801250543580221271,p12_activist,True,1,1399,44,1.1902198791503906,
1801638691796247356,p01_genz_meme,True,1,1327,44,3.6242008209228516,
1801638691796247356,p02_fitness,True,1,1318,44,1.0771348476409912,
1801638691796247356,p03_parent,True,1,1320,44,1.1006662845611572,
1801638691796247356,p04_tech_pro,True,1,1321,44,1.1006498336791992,
1801638691796247356,p05_fashion,True,1,1317,44,1.0905530452728271,
1801638691796247356,p06_foodie,True,1,1328,44,1.0978920459747314,
1801638691796247356,p07_traveler,True,1,1318,44,1.0897889137268066,
1801638691796247356,p08_student,True,1,1322,44,1.0938076972961426,
1801638691796247356,p09_entrepreneur,True,1,1323,44,1.089034080505371,
1801638691796247356,p10_artist,True,1,1321,44,1.099783182144165,
1801638691796247356,p11_senior,True,1,1322,44,1.0975103378295898,
1801638691796247356,p12_activist,True,1,1326,44,1.0962378978729248,
1802734881610669687,p01_genz_meme,True,1,1278,44,3.594034194946289,
1802734881610669687,p02_fitness,True,1,1269,44,1.0559632778167725,
1802734881610669687,p03_parent,True,1,1271,44,1.087303876876831,
1802734881610669687,p04_tech_pro,True,1,1272,44,1.082993984222412,
1802734881610669687,p05_fashion,True,1,1268,44,1.093700885772705,
1802734881610669687,p06_foodie,True,1,1279,44,1.0731868743896484,
1802734881610669687,p07_traveler,True,1,1269,44,1.0765790939331055,
1802734881610669687,p08_student,True,1,1273,44,1.0771970748901367,
1802734881610669687,p09_entrepreneur,True,1,1274,44,1.0758929252624512,
1802734881610669687,p10_artist,True,1,1272,44,1.0807390213012695,
1802734881610669687,p11_senior,True,1,1273,44,1.075289011001587,
1802734881610669687,p12_activist,True,1,1277,44,1.0767848491668701,
1803766585576393209,p01_genz_meme,True,1,1317,44,3.60964298248291,
1803766585576393209,p02_fitness,True,1,1308,44,1.0692522525787354,
1803766585576393209,p03_parent,True,1,1310,44,1.1055290699005127,
1803766585576393209,p04_tech_pro,True,1,1311,44,1.096538782119751,
1803766585576393209,p05_fashion,True,1,1307,44,1.0824670791625977,
1803766585576393209,p06_foodie,True,1,1318,44,1.1250770092010498,
1803766585576393209,p07_traveler,True,1,1308,44,1.0766708850860596,
1803766585576393209,p08_student,True,1,1312,44,1.0927839279174805,
1803766585576393209,p09_entrepreneur,True,1,1313,44,1.1109271049499512,
1803766585576393209,p10_artist,True,1,1311,44,1.111396074295044,
1803766585576393209,p11_senior,True,1,1312,44,1.0992000102996826,
1803766585576393209,p12_activist,True,1,1316,44,1.0916988849639893,
1803957552204220536,p01_genz_meme,True,1,1458,44,3.9590089321136475,
1803957552204220536,p02_fitness,True,1,1449,44,1.2077860832214355,
1803957552204220536,p03_parent,True,1,1451,44,1.2974629402160645,
1803957552204220536,p04_tech_pro,True,1,1452,44,1.2515900135040283,
1803957552204220536,p05_fashion,True,1,1448,44,1.201632022857666,
1803957552204220536,p06_foodie,True,1,1459,44,1.2182610034942627,
1803957552204220536,p07_traveler,True,1,1449,44,1.2238388061523438,
1803957552204220536,p08_student,True,1,1453,44,1.219970941543579,
1803957552204220536,p09_entrepreneur,True,1,1454,44,1.219817876815796,
1803957552204220536,p10_artist,True,1,1452,44,1.2154889106750488,
1803957552204220536,p11_senior,True,1,1453,44,1.2277979850769043,
1803957552204220536,p12_activist,True,1,1457,44,1.233004093170166,
1804379827493369819,p01_genz_meme,True,1,1644,44,4.164011001586914,
1804379827493369819,p02_fitness,True,1,1635,44,1.4714751243591309,
1804379827493369819,p03_parent,True,1,1637,44,1.4737920761108398,
1804379827493369819,p04_tech_pro,True,1,1638,44,1.4677550792694092,
1804379827493369819,p05_fashion,True,1,1634,44,1.4760842323303223,
1804379827493369819,p06_foodie,True,1,1645,44,1.4698340892791748,
1804379827493369819,p07_traveler,True,1,1635,44,1.5198447704315186,
1804379827493369819,p08_student,True,1,1639,44,1.4789929389953613,
1804379827493369819,p09_entrepreneur,True,1,1640,44,1.474424123764038,
1804379827493369819,p10_artist,True,1,1638,44,1.4674670696258545,
1804379827493369819,p11_senior,True,1,1639,44,1.4733061790466309,
1804379827493369819,p12_activist,True,1,1643,44,1.4730050563812256,
1804750998707817732,p01_genz_meme,True,1,1343,44,3.716578960418701,
1804750998707817732,p02_fitness,True,1,1334,44,1.0820820331573486,
1804750998707817732,p03_parent,True,1,1336,44,1.115940809249878,
1804750998707817732,p04_tech_pro,True,1,1337,44,1.102759838104248,
1804750998707817732,p05_fashion,True,1,1333,44,1.0970098972320557,
1804750998707817732,p06_foodie,True,1,1344,44,1.1887729167938232,
1804750998707817732,p07_traveler,True,1,1334,44,1.0966310501098633,
1804750998707817732,p08_student,True,1,1338,44,1.105468988418579,
1804750998707817732,p09_entrepreneur,True,1,1339,44,1.1095960140228271,
1804750998707817732,p10_artist,True,1,1337,44,1.109882116317749,
1804750998707817732,p11_senior,True,1,1338,44,1.1110808849334717,
1804750998707817732,p12_activist,True,1,1342,44,1.196197271347046,
1805110282536658077,p01_genz_meme,True,1,1458,44,3.9695980548858643,
1805110282536658077,p02_fitness,True,1,1449,44,1.2051851749420166,
1805110282536658077,p03_parent,True,1,1451,44,1.230813980102539,
1805110282536658077,p04_tech_pro,True,1,1452,44,1.2244551181793213,
1805110282536658077,p05_fashion,True,1,1448,44,1.209399938583374,
1805110282536658077,p06_foodie,True,1,1459,44,1.2203032970428467,
1805110282536658077,p07_traveler,True,1,1449,44,1.213027000427246,
1805110282536658077,p08_student,True,1,1453,44,1.2207908630371094,
1805110282536658077,p09_entrepreneur,True,1,1454,44,1.2310712337493896,
1805110282536658077,p10_artist,True,1,1452,44,1.296090841293335,
1805110282536658077,p11_senior,True,1,1453,44,1.2381739616394043,
1805110282536658077,p12_activist,True,1,1457,44,1.2107429504394531,
1805219182172471240,p01_genz_meme,True,1,1370,44,3.962275981903076,
1805219182172471240,p02_fitness,True,1,1361,44,1.1771419048309326,
1805219182172471240,p03_parent,True,1,1363,44,1.2004597187042236,
1805219182172471240,p04_tech_pro,True,1,1364,44,1.1899700164794922,
1805219182172471240,p05_fashion,True,1,1360,44,1.1809699535369873,
1805219182172471240,p06_foodie,True,1,1371,44,1.1900222301483154,
1805219182172471240,p07_traveler,True,1,1361,44,1.1898376941680908,
1805219182172471240,p08_student,True,1,1365,44,1.1880321502685547,
1805219182172471240,p09_entrepreneur,True,1,1366,44,1.1911168098449707,
1805219182172471240,p10_artist,True,1,1364,44,1.1819758415222168,
1805219182172471240,p11_senior,True,1,1365,44,1.192512035369873,
1805219182172471240,p12_activist,True,1,1369,44,1.1963801383972168,
1805235537934757438,p01_genz_meme,True,1,1305,44,3.785468101501465,
1805235537934757438,p02_fitness,True,1,1296,44,1.0568909645080566,
1805235537934757438,p03_parent,True,1,1298,44,1.0985219478607178,
1805235537934757438,p04_tech_pro,True,1,1299,44,1.0919859409332275,
1805235537934757438,p05_fashion,True,1,1295,44,1.1105778217315674,
1805235537934757438,p06_foodie,True,1,1306,44,1.090928077697754,
1805235537934757438,p07_traveler,True,1,1296,44,1.0739352703094482,
1805235537934757438,p08_student,True,1,1300,44,1.0905518531799316,
1805235537934757438,p09_entrepreneur,True,1,1301,44,1.0848360061645508,
1805235537934757438,p10_artist,True,1,1299,44,1.0878069400787354,
1805235537934757438,p11_senior,True,1,1300,44,1.0791029930114746,
1805235537934757438,p12_activist,True,1,1304,44,1.077517032623291,
1805330413990570643,p01_genz_meme,True,1,1294,44,3.806140899658203,
1805330413990570643,p02_fitness,True,1,1285,44,1.0593132972717285,
1805330413990570643,p03_parent,True,1,1287,44,1.0863432884216309,
1805330413990570643,p04_tech_pro,True,1,1288,44,1.0824081897735596,
1805330413990570643,p05_fashion,True,1,1284,44,1.0723421573638916,
1805330413990570643,p06_foodie,True,1,1295,44,1.0878188610076904,
1805330413990570643,p07_traveler,True,1,1285,44,1.0770838260650635,
1805330413990570643,p08_student,True,1,1289,44,1.0735700130462646,
1805330413990570643,p09_entrepreneur,True,1,1290,44,1.087165117263794,
1805330413990570643,p10_artist,True,1,1288,44,1.0913331508636475,
1805330413990570643,p11_senior,True,1,1289,44,1.0788652896881104,
1805330413990570643,p12_activist,True,1,1293,44,1.0721018314361572,
1805379088040632192,p01_genz_meme,True,1,1458,44,3.9316840171813965,
1805379088040632192,p02_fitness,True,1,1449,44,1.20583176612854,
1805379088040632192,p03_parent,True,1,1451,44,1.2277429103851318,
1805379088040632192,p04_tech_pro,True,1,1452,44,1.2251739501953125,
1805379088040632192,p05_fashion,True,1,1448,44,1.2177526950836182,
1805379088040632192,p06_foodie,True,1,1459,44,1.2240209579467773,
1805379088040632192,p07_traveler,True,1,1449,44,1.2162528038024902,
1805379088040632192,p08_student,True,1,1453,44,1.2941668033599854,
1805379088040632192,p09_entrepreneur,True,1,1454,44,1.2123260498046875,
1805379088040632192,p10_artist,True,1,1452,44,1.2147910594940186,
1805379088040632192,p11_senior,True,1,1453,44,1.2305669784545898,
1805379088040632192,p12_activist,True,1,1457,44,1.2704391479492188,
1806006746691824179,p01_genz_meme,True,1,1396,44,3.907071352005005,
1806006746691824179,p02_fitness,True,1,1387,44,1.1900701522827148,
1806006746691824179,p03_parent,True,1,1389,44,1.2097914218902588,
1806006746691824179,p04_tech_pro,True,1,1390,44,1.1961820125579834,
1806006746691824179,p05_fashion,True,1,1386,44,1.186086893081665,
1806006746691824179,p06_foodie,True,1,1397,44,1.2021088600158691,
1806006746691824179,p07_traveler,True,1,1387,44,1.1971659660339355,
1806006746691824179,p08_student,True,1,1391,44,1.191241979598999,
1806006746691824179,p09_entrepreneur,True,1,1392,44,1.1925418376922607,
1806006746691824179,p10_artist,True,1,1390,44,1.1969599723815918,
1806006746691824179,p11_senior,True,1,1391,44,1.190748929977417,
1806006746691824179,p12_activist,True,1,1395,44,1.188464879989624,
1806298123606515823,p01_genz_meme,True,1,1362,44,3.8957290649414062,
1806298123606515823,p02_fitness,True,1,1353,44,1.0815978050231934,
1806298123606515823,p03_parent,True,1,1355,44,1.1147198677062988,
1806298123606515823,p04_tech_pro,True,1,1356,44,1.1091628074645996,
1806298123606515823,p05_fashion,True,1,1352,44,1.0981760025024414,
1806298123606515823,p06_foodie,True,1,1363,44,1.1805241107940674,
1806298123606515823,p07_traveler,True,1,1353,44,1.0948810577392578,
1806298123606515823,p08_student,True,1,1357,44,1.1100451946258545,
1806298123606515823,p09_entrepreneur,True,1,1358,44,1.1110548973083496,
1806298123606515823,p10_artist,True,1,1356,44,1.1033549308776855,
1806298123606515823,p11_senior,True,1,1357,44,1.1458020210266113,
1806298123606515823,p12_activist,True,1,1361,44,1.2327790260314941,
1806904017270157998,p01_genz_meme,True,1,1315,44,3.793853759765625,
1806904017270157998,p02_fitness,True,1,1306,44,1.0663349628448486,
1806904017270157998,p03_parent,True,1,1308,44,1.1159906387329102,
1806904017270157998,p04_tech_pro,True,1,1309,44,1.100968360900879,
1806904017270157998,p05_fashion,True,1,1305,44,1.0749480724334717,
1806904017270157998,p06_foodie,True,1,1316,44,1.081740140914917,
1806904017270157998,p07_traveler,True,1,1306,44,1.0770859718322754,
1806904017270157998,p08_student,True,1,1310,44,1.0829379558563232,
1806904017270157998,p09_entrepreneur,True,1,1311,44,1.092782974243164,
1806904017270157998,p10_artist,True,1,1309,44,1.0848960876464844,
1806904017270157998,p11_senior,True,1,1310,44,1.0840849876403809,
1806904017270157998,p12_activist,True,1,1314,44,1.0875840187072754,
1807800867642936520,p01_genz_meme,True,1,1350,44,3.8965728282928467,
1807800867642936520,p02_fitness,True,1,1341,44,1.0892841815948486,
1807800867642936520,p03_parent,True,1,1343,44,1.126115083694458,
1807800867642936520,p04_tech_pro,True,1,1344,44,1.1019518375396729,
1807800867642936520,p05_fashion,True,1,1340,44,1.0945229530334473,
1807800867642936520,p06_foodie,True,1,1351,44,1.126920223236084,
1807800867642936520,p07_traveler,True,1,1341,44,1.1185507774353027,
1807800867642936520,p08_student,True,1,1345,44,1.1005911827087402,
1807800867642936520,p09_entrepreneur,True,1,1346,44,1.1008009910583496,
1807800867642936520,p10_artist,True,1,1344,44,1.1001982688903809,
1807800867642936520,p11_senior,True,1,1345,44,1.1039831638336182,
1807800867642936520,p12_activist,True,1,1349,44,1.108098030090332,
1807822221029494501,p01_genz_meme,True,1,1356,44,3.752913236618042,
1807822221029494501,p02_fitness,True,1,1347,44,1.1780211925506592,
1807822221029494501,p03_parent,True,1,1349,44,1.210554838180542,
1807822221029494501,p04_tech_pro,True,1,1350,44,1.187262773513794,
1807822221029494501,p05_fashion,True,1,1346,44,1.1807270050048828,
1807822221029494501,p06_foodie,True,1,1357,44,1.1921470165252686,
1807822221029494501,p07_traveler,True,1,1347,44,1.1933441162109375,
1807822221029494501,p08_student,True,1,1351,44,1.187985897064209,
1807822221029494501,p09_entrepreneur,True,1,1352,44,1.185981035232544,
1807822221029494501,p10_artist,True,1,1350,44,1.2025249004364014,
1807822221029494501,p11_senior,True,1,1351,44,1.2043490409851074,
1807822221029494501,p12_activist,True,1,1355,44,1.1987299919128418,
1808096043499639589,p01_genz_meme,True,1,1333,44,3.861928939819336,
1808096043499639589,p02_fitness,True,1,1324,44,1.0787179470062256,
1808096043499639589,p03_parent,True,1,1326,44,1.1192057132720947,
1808096043499639589,p04_tech_pro,True,1,1327,44,1.1135673522949219,
1808096043499639589,p05_fashion,True,1,1323,44,1.1715900897979736,
1808096043499639589,p06_foodie,True,1,1334,44,1.1243171691894531,
1808096043499639589,p07_traveler,True,1,1324,44,1.0779039859771729,
1808096043499639589,p08_student,True,1,1328,44,1.0874660015106201,
1808096043499639589,p09_entrepreneur,True,1,1329,44,1.109222173690796,
1808096043499639589,p10_artist,True,1,1327,44,1.1133370399475098,
1808096043499639589,p11_senior,True,1,1328,44,1.1001999378204346,
1808096043499639589,p12_activist,True,1,1332,44,1.0914788246154785,
1808125353724418933,p01_genz_meme,True,1,1321,44,3.8372039794921875,
1808125353724418933,p02_fitness,True,1,1312,44,1.0660760402679443,
1808125353724418933,p03_parent,True,1,1314,44,1.1112630367279053,
1808125353724418933,p04_tech_pro,True,1,1315,44,1.0969460010528564,
1808125353724418933,p05_fashion,True,1,1311,44,1.0764610767364502,
1808125353724418933,p06_foodie,True,1,1322,44,1.085937738418579,
1808125353724418933,p07_traveler,True,1,1312,44,1.0851049423217773,
1808125353724418933,p08_student,True,1,1316,44,1.0957741737365723,
1808125353724418933,p09_entrepreneur,True,1,1317,44,1.0959007740020752,
1808125353724418933,p10_artist,True,1,1315,44,1.0899112224578857,
1808125353724418933,p11_senior,True,1,1316,44,1.0908360481262207,
1808125353724418933,p12_activist,True,1,1320,44,1.0912766456604004,
1808296512029833090,p01_genz_meme,True,1,1423,44,3.753479242324829,
1808296512029833090,p02_fitness,True,1,1414,44,1.2047369480133057,
1808296512029833090,p03_parent,True,1,1416,44,1.3024802207946777,
1808296512029833090,p04_tech_pro,True,1,1417,44,1.2097499370574951,
1808296512029833090,p05_fashion,True,1,1413,44,1.2127199172973633,
1808296512029833090,p06_foodie,True,1,1424,44,1.2215640544891357,
1808296512029833090,p07_traveler,True,1,1414,44,1.2214741706848145,
1808296512029833090,p08_student,True,1,1418,44,1.2272436618804932,
1808296512029833090,p09_entrepreneur,True,1,1419,44,1.2205040454864502,
1808296512029833090,p10_artist,True,1,1417,44,1.210486888885498,
1808296512029833090,p11_senior,True,1,1418,44,1.2191269397735596,
1808296512029833090,p12_activist,True,1,1422,44,1.228719711303711,
1808414141670921407,p01_genz_meme,True,1,1305,44,3.833588123321533,
1808414141670921407,p02_fitness,True,1,1296,44,1.0611481666564941,
1808414141670921407,p03_parent,True,1,1298,44,1.1028940677642822,
1808414141670921407,p04_tech_pro,True,1,1299,44,1.0880122184753418,
1808414141670921407,p05_fashion,True,1,1295,44,1.0856938362121582,
1808414141670921407,p06_foodie,True,1,1306,44,1.0896570682525635,
1808414141670921407,p07_traveler,True,1,1296,44,1.0784797668457031,
1808414141670921407,p08_student,True,1,1300,44,1.0800139904022217,
1808414141670921407,p09_entrepreneur,True,1,1301,44,1.07938814163208,
1808414141670921407,p10_artist,True,1,1299,44,1.0775058269500732,
1808414141670921407,p11_senior,True,1,1300,44,1.07619309425354,
1808414141670921407,p12_activist,True,1,1304,44,1.0787677764892578,
1808454235970712708,p01_genz_meme,True,1,1332,44,3.824601173400879,
1808454235970712708,p02_fitness,True,1,1323,44,1.0750651359558105,
1808454235970712708,p03_parent,True,1,1325,44,1.102057933807373,
1808454235970712708,p04_tech_pro,True,1,1326,44,1.0973238945007324,
1808454235970712708,p05_fashion,True,1,1322,44,1.0945887565612793,
1808454235970712708,p06_foodie,True,1,1333,44,1.0942342281341553,
1808454235970712708,p07_traveler,True,1,1323,44,1.0908782482147217,
1808454235970712708,p08_student,True,1,1327,44,1.0906248092651367,
1808454235970712708,p09_entrepreneur,True,1,1328,44,1.1206982135772705,
1808454235970712708,p10_artist,True,1,1326,44,1.1273837089538574,
1808454235970712708,p11_senior,True,1,1327,44,1.0877799987792969,
1808454235970712708,p12_activist,True,1,1331,44,1.0893847942352295,
1808470016888937036,p01_genz_meme,True,1,1351,44,3.748288154602051,
1808470016888937036,p02_fitness,True,1,1342,44,1.163954257965088,
1808470016888937036,p03_parent,True,1,1344,44,1.1998679637908936,
1808470016888937036,p04_tech_pro,True,1,1345,44,1.1957628726959229,
1808470016888937036,p05_fashion,True,1,1341,44,1.1770708560943604,
1808470016888937036,p06_foodie,True,1,1352,44,1.1836237907409668,
1808470016888937036,p07_traveler,True,1,1342,44,1.2846992015838623,
1808470016888937036,p08_student,True,1,1346,44,1.1908888816833496,
1808470016888937036,p09_entrepreneur,True,1,1347,44,1.1810119152069092,
1808470016888937036,p10_artist,True,1,1345,44,1.188647985458374,
1808470016888937036,p11_senior,True,1,1346,44,1.1832749843597412,
1808470016888937036,p12_activist,True,1,1350,44,1.1930103302001953,
1808877848837021030,p01_genz_meme,True,1,1282,44,3.6094601154327393,
1808877848837021030,p02_fitness,True,1,1273,44,1.0637750625610352,
1808877848837021030,p03_parent,True,1,1275,44,1.1113190650939941,
1808877848837021030,p04_tech_pro,True,1,1276,44,1.0878491401672363,
1808877848837021030,p05_fashion,True,1,1272,44,1.0848360061645508,
1808877848837021030,p06_foodie,True,1,1283,44,1.087838888168335,
1808877848837021030,p07_traveler,True,1,1273,44,1.085216999053955,
1808877848837021030,p08_student,True,1,1277,44,1.0822789669036865,
1808877848837021030,p09_entrepreneur,True,1,1278,44,1.1534230709075928,
1808877848837021030,p10_artist,True,1,1276,44,1.1657202243804932,
1808877848837021030,p11_senior,True,1,1277,44,1.0793709754943848,
1808877848837021030,p12_activist,True,1,1281,44,1.0752580165863037,
1809049622699866782,p01_genz_meme,True,1,1282,44,3.7060396671295166,
1809049622699866782,p02_fitness,True,1,1273,44,1.0733051300048828,
1809049622699866782,p03_parent,True,1,1275,44,1.1052076816558838,
1809049622699866782,p04_tech_pro,True,1,1276,44,1.083247184753418,
1809049622699866782,p05_fashion,True,1,1272,44,1.0646610260009766,
1809049622699866782,p06_foodie,True,1,1283,44,1.0780489444732666,
1809049622699866782,p07_traveler,True,1,1273,44,1.0820350646972656,
1809049622699866782,p08_student,True,1,1277,44,1.079002857208252,
1809049622699866782,p09_entrepreneur,True,1,1278,44,1.0751380920410156,
1809049622699866782,p10_artist,True,1,1276,44,1.0745258331298828,
1809049622699866782,p11_senior,True,1,1277,44,1.07582426071167,
1809049622699866782,p12_activist,True,1,1281,44,1.0794179439544678,
1809729770298516011,p01_genz_meme,True,1,1363,44,3.896388292312622,
1809729770298516011,p02_fitness,True,1,1354,44,1.0983810424804688,
1809729770298516011,p03_parent,True,1,1356,44,1.124272108078003,
1809729770298516011,p04_tech_pro,True,1,1357,44,1.1131770610809326,
1809729770298516011,p05_fashion,True,1,1353,44,1.1054332256317139,
1809729770298516011,p06_foodie,True,1,1364,44,1.2034800052642822,
1809729770298516011,p07_traveler,True,1,1354,44,1.134584903717041,
1809729770298516011,p08_student,True,1,1358,44,1.1227188110351562,
1809729770298516011,p09_entrepreneur,True,1,1359,44,1.1133348941802979,
1809729770298516011,p10_artist,True,1,1357,44,1.1222569942474365,
1809729770298516011,p11_senior,True,1,1358,44,1.1797020435333252,
1809729770298516011,p12_activist,True,1,1362,44,1.1996827125549316,
1810093033983808928,p01_genz_meme,True,1,1518,44,3.884840965270996,
1810093033983808928,p02_fitness,True,1,1509,44,1.3369700908660889,
1810093033983808928,p03_parent,True,1,1511,44,1.3564300537109375,
1810093033983808928,p04_tech_pro,True,1,1512,44,1.3447151184082031,
1810093033983808928,p05_fashion,True,1,1508,44,1.3401458263397217,
1810093033983808928,p06_foodie,True,1,1519,44,1.3462650775909424,
1810093033983808928,p07_traveler,True,1,1509,44,1.3412339687347412,
1810093033983808928,p08_student,True,1,1513,44,1.482409954071045,
1810093033983808928,p09_entrepreneur,True,1,1514,44,1.3295762538909912,
1810093033983808928,p10_artist,True,1,1512,44,1.3543028831481934,
1810093033983808928,p11_senior,True,1,1513,44,1.3447222709655762,
1810093033983808928,p12_activist,True,1,1517,44,1.3547871112823486,
1810342555739282797,p01_genz_meme,True,1,1501,44,4.053039073944092,
1810342555739282797,p02_fitness,True,1,1492,44,1.3196008205413818,
1810342555739282797,p03_parent,True,1,1494,44,1.3578836917877197,
1810342555739282797,p04_tech_pro,True,1,1495,44,1.3225059509277344,
1810342555739282797,p05_fashion,True,1,1491,44,1.326380968093872,
1810342555739282797,p06_foodie,True,1,1502,44,1.324012041091919,
1810342555739282797,p07_traveler,True,1,1492,44,1.3194260597229004,
1810342555739282797,p08_student,True,1,1496,44,1.330446720123291,
1810342555739282797,p09_entrepreneur,True,1,1497,44,1.343595027923584,
1810342555739282797,p10_artist,True,1,1495,44,1.3273463249206543,
1810342555739282797,p11_senior,True,1,1496,44,1.3236961364746094,
1810342555739282797,p12_activist,True,1,1500,44,1.336745023727417,
1810344189762758304,p01_genz_meme,True,1,1374,44,3.8297250270843506,
1810344189762758304,p02_fitness,True,1,1365,44,1.1891698837280273,
1810344189762758304,p03_parent,True,1,1367,44,1.2214162349700928,
1810344189762758304,p04_tech_pro,True,1,1368,44,1.2830278873443604,
1810344189762758304,p05_fashion,True,1,1364,44,1.2508080005645752,
1810344189762758304,p06_foodie,True,1,1375,44,1.2038028240203857,
1810344189762758304,p07_traveler,True,1,1365,44,1.2106990814208984,
1810344189762758304,p08_student,True,1,1369,44,1.2050659656524658,
1810344189762758304,p09_entrepreneur,True,1,1370,44,1.2236192226409912,
1810344189762758304,p10_artist,True,1,1368,44,1.2236812114715576,
1810344189762758304,p11_senior,True,1,1369,44,1.2163527011871338,
1810344189762758304,p12_activist,True,1,1373,44,1.2003681659698486,
1811048051025744172,p01_genz_meme,True,1,1273,44,3.658651113510132,
1811048051025744172,p02_fitness,True,1,1264,44,1.0630648136138916,
1811048051025744172,p03_parent,True,1,1266,44,1.1065189838409424,
1811048051025744172,p04_tech_pro,True,1,1267,44,1.089073896408081,
1811048051025744172,p05_fashion,True,1,1263,44,1.0815339088439941,
1811048051025744172,p06_foodie,True,1,1274,44,1.0849180221557617,
1811048051025744172,p07_traveler,True,1,1264,44,1.0785589218139648,
1811048051025744172,p08_student,True,1,1268,44,1.08729887008667,
1811048051025744172,p09_entrepreneur,True,1,1269,44,1.1858270168304443,
1811048051025744172,p10_artist,True,1,1267,44,1.1053929328918457,
1811048051025744172,p11_senior,True,1,1268,44,1.0754640102386475,
1811048051025744172,p12_activist,True,1,1272,44,1.0878987312316895,
1811123424959759285,p01_genz_meme,True,1,1299,44,3.843684196472168,
1811123424959759285,p02_fitness,True,1,1290,44,1.0690319538116455,
1811123424959759285,p03_parent,True,1,1292,44,1.1057109832763672,
1811123424959759285,p04_tech_pro,True,1,1293,44,1.0946640968322754,
1811123424959759285,p05_fashion,True,1,1289,44,1.0896830558776855,
1811123424959759285,p06_foodie,True,1,1300,44,1.0804908275604248,
1811123424959759285,p07_traveler,True,1,1290,44,1.0751161575317383,
1811123424959759285,p08_student,True,1,1294,44,1.0848898887634277,
1811123424959759285,p09_entrepreneur,True,1,1295,44,1.0862650871276855,
1811123424959759285,p10_artist,True,1,1293,44,1.082888126373291,
1811123424959759285,p11_senior,True,1,1294,44,1.0827081203460693,
1811123424959759285,p12_activist,True,1,1298,44,1.0968561172485352,
1811326272674950865,p01_genz_meme,True,1,1459,44,3.677471876144409,
1811326272674950865,p02_fitness,True,1,1450,44,1.2216742038726807,
1811326272674950865,p03_parent,True,1,1452,44,1.249819278717041,
1811326272674950865,p04_tech_pro,True,1,1453,44,1.2630951404571533,
1811326272674950865,p05_fashion,True,1,1449,44,1.2325310707092285,
1811326272674950865,p06_foodie,True,1,1460,44,1.242156982421875,
1811326272674950865,p07_traveler,True,1,1450,44,1.2416419982910156,
1811326272674950865,p08_student,True,1,1454,44,1.2419648170471191,
1811326272674950865,p09_entrepreneur,True,1,1455,44,1.2341341972351074,
1811326272674950865,p10_artist,True,1,1453,44,1.231252908706665,
1811326272674950865,p11_senior,True,1,1454,44,1.2377679347991943,
1811326272674950865,p12_activist,True,1,1458,44,1.2400572299957275,
1811699354580561527,p01_genz_meme,True,1,1293,44,3.8148000240325928,
1811699354580561527,p02_fitness,True,1,1284,44,1.0644290447235107,
1811699354580561527,p03_parent,True,1,1286,44,1.0989887714385986,
1811699354580561527,p04_tech_pro,True,1,1287,44,1.0796539783477783,
1811699354580561527,p05_fashion,True,1,1283,44,1.071347951889038,
1811699354580561527,p06_foodie,True,1,1294,44,1.1015050411224365,
1811699354580561527,p07_traveler,True,1,1284,44,1.0861828327178955,
1811699354580561527,p08_student,True,1,1288,44,1.0762238502502441,
1811699354580561527,p09_entrepreneur,True,1,1289,44,1.073591947555542,
1811699354580561527,p10_artist,True,1,1287,44,1.076280117034912,
1811699354580561527,p11_senior,True,1,1288,44,1.0873148441314697,
1811699354580561527,p12_activist,True,1,1292,44,1.0829272270202637,
1811832413154623136,p01_genz_meme,True,1,1314,44,3.79801082611084,
1811832413154623136,p02_fitness,True,1,1305,44,1.0718348026275635,
1811832413154623136,p03_parent,True,1,1307,44,1.105071783065796,
1811832413154623136,p04_tech_pro,True,1,1308,44,1.0884971618652344,
1811832413154623136,p05_fashion,True,1,1304,44,1.1407597064971924,
1811832413154623136,p06_foodie,True,1,1315,44,1.143644094467163,
1811832413154623136,p07_traveler,True,1,1305,44,1.0809569358825684,
1811832413154623136,p08_student,True,1,1309,44,1.0785558223724365,
1811832413154623136,p09_entrepreneur,True,1,1310,44,1.0904908180236816,
1811832413154623136,p10_artist,True,1,1308,44,1.1322617530822754,
1811832413154623136,p11_senior,True,1,1309,44,1.1039118766784668,
1811832413154623136,p12_activist,True,1,1313,44,1.0904760360717773,
1812386260537158773,p01_genz_meme,True,1,1356,44,3.865415096282959,
1812386260537158773,p02_fitness,True,1,1347,44,1.09181809425354,
1812386260537158773,p03_parent,True,1,1349,44,1.126535177230835,
1812386260537158773,p04_tech_pro,True,1,1350,44,1.1177630424499512,
1812386260537158773,p05_fashion,True,1,1346,44,1.1034870147705078,
1812386260537158773,p06_foodie,True,1,1357,44,1.1106412410736084,
1812386260537158773,p07_traveler,True,1,1347,44,1.1033062934875488,
1812386260537158773,p08_student,True,1,1351,44,1.1075599193572998,
1812386260537158773,p09_entrepreneur,True,1,1352,44,1.1091248989105225,
1812386260537158773,p10_artist,True,1,1350,44,1.1111719608306885,
1812386260537158773,p11_senior,True,1,1351,44,1.1035850048065186,
1812386260537158773,p12_activist,True,1,1355,44,1.1065149307250977,
1812483015974517154,p01_genz_meme,True,1,1468,44,4.09089994430542,
1812483015974517154,p02_fitness,True,1,1459,44,1.209514856338501,
1812483015974517154,p03_parent,True,1,1461,44,1.2405822277069092,
1812483015974517154,p04_tech_pro,True,1,1462,44,1.2578239440917969,
1812483015974517154,p05_fashion,True,1,1458,44,1.229626178741455,
1812483015974517154,p06_foodie,True,1,1469,44,1.2292630672454834,
1812483015974517154,p07_traveler,True,1,1459,44,1.230114221572876,
1812483015974517154,p08_student,True,1,1463,44,1.2264430522918701,
1812483015974517154,p09_entrepreneur,True,1,1464,44,1.226151943206787,
1812483015974517154,p10_artist,True,1,1462,44,1.2243950366973877,
1812483015974517154,p11_senior,True,1,1463,44,1.250596046447754,
1812483015974517154,p12_activist,True,1,1467,44,1.23262619972229,
1812704075775615160,p01_genz_meme,True,1,1319,44,3.902194023132324,
1812704075775615160,p02_fitness,True,1,1310,44,1.114163875579834,
1812704075775615160,p03_parent,True,1,1312,44,1.1172759532928467,
1812704075775615160,p04_tech_pro,True,1,1313,44,1.0837349891662598,
1812704075775615160,p05_fashion,True,1,1309,44,1.0738787651062012,
1812704075775615160,p06_foodie,True,1,1320,44,1.0912833213806152,
1812704075775615160,p07_traveler,True,1,1310,44,1.087632179260254,
1812704075775615160,p08_student,True,1,1314,44,1.0806388854980469,
1812704075775615160,p09_entrepreneur,True,1,1315,44,1.078672170639038,
1812704075775615160,p10_artist,True,1,1313,44,1.0794072151184082,
1812704075775615160,p11_senior,True,1,1314,44,1.0844223499298096,
1812704075775615160,p12_activist,True,1,1318,44,1.0814909934997559,
1812767407385581541,p01_genz_meme,True,1,1578,44,3.9788432121276855,
1812767407385581541,p02_fitness,True,1,1569,44,1.357649803161621,
1812767407385581541,p03_parent,True,1,1571,44,1.3710551261901855,
1812767407385581541,p04_tech_pro,True,1,1572,44,1.3551599979400635,
1812767407385581541,p05_fashion,True,1,1568,44,1.3553037643432617,
1812767407385581541,p06_foodie,True,1,1579,44,1.3641180992126465,
1812767407385581541,p07_traveler,True,1,1569,44,1.3581969738006592,
1812767407385581541,p08_student,True,1,1573,44,1.3611929416656494,
1812767407385581541,p09_entrepreneur,True,1,1574,44,1.364128828048706,
1812767407385581541,p10_artist,True,1,1572,44,1.3588297367095947,
1812767407385581541,p11_senior,True,1,1573,44,1.3582518100738525,
1812767407385581541,p12_activist,True,1,1577,44,1.3661088943481445,
1813008814091043986,p01_genz_meme,True,1,1302,44,3.7839109897613525,
1813008814091043986,p02_fitness,True,1,1293,44,1.0610899925231934,
1813008814091043986,p03_parent,True,1,1295,44,1.1042869091033936,
1813008814091043986,p04_tech_pro,True,1,1296,44,1.0894031524658203,
1813008814091043986,p05_fashion,True,1,1292,44,1.0729968547821045,
1813008814091043986,p06_foodie,True,1,1303,44,1.1039528846740723,
1813008814091043986,p07_traveler,True,1,1293,44,1.0888800621032715,
1813008814091043986,p08_student,True,1,1297,44,1.0762159824371338,
1813008814091043986,p09_entrepreneur,True,1,1298,44,1.073347806930542,
1813008814091043986,p10_artist,True,1,1296,44,1.0781431198120117,
1813008814091043986,p11_senior,True,1,1297,44,1.0820329189300537,
1813008814091043986,p12_activist,True,1,1301,44,1.0866730213165283,
1813377277138814895,p01_genz_meme,True,1,1282,44,3.8104360103607178,
1813377277138814895,p02_fitness,True,1,1273,44,1.055567741394043,
1813377277138814895,p03_parent,True,1,1275,44,1.0955147743225098,
1813377277138814895,p04_tech_pro,True,1,1276,44,1.0766417980194092,
1813377277138814895,p05_fashion,True,1,1272,44,1.082082986831665,
1813377277138814895,p06_foodie,True,1,1283,44,1.081223964691162,
1813377277138814895,p07_traveler,True,1,1273,44,1.0734660625457764,
1813377277138814895,p08_student,True,1,1277,44,1.0754389762878418,
1813377277138814895,p09_entrepreneur,True,1,1278,44,1.081144094467163,
1813377277138814895,p10_artist,True,1,1276,44,1.1021769046783447,
1813377277138814895,p11_senior,True,1,1277,44,1.0894126892089844,
1813377277138814895,p12_activist,True,1,1281,44,1.0717639923095703,
1813789869371467942,p01_genz_meme,True,1,1313,44,3.816437005996704,
1813789869371467942,p02_fitness,True,1,1304,44,1.068166971206665,
1813789869371467942,p03_parent,True,1,1306,44,1.1142818927764893,
1813789869371467942,p04_tech_pro,True,1,1307,44,1.0929701328277588,
1813789869371467942,p05_fashion,True,1,1303,44,1.0825800895690918,
1813789869371467942,p06_foodie,True,1,1314,44,1.0922009944915771,
1813789869371467942,p07_traveler,True,1,1304,44,1.090169906616211,
1813789869371467942,p08_student,True,1,1308,44,1.0919201374053955,
1813789869371467942,p09_entrepreneur,True,1,1309,44,1.1852951049804688,
1813789869371467942,p10_artist,True,1,1307,44,1.1067728996276855,
1813789869371467942,p11_senior,True,1,1308,44,1.0850849151611328,
1813789869371467942,p12_activist,True,1,1312,44,1.0846021175384521,
1814029234793001516,p01_genz_meme,True,1,1471,44,3.90875506401062,
1814029234793001516,p02_fitness,True,1,1462,44,1.236152172088623,
1814029234793001516,p03_parent,True,1,1464,44,1.2623741626739502,
1814029234793001516,p04_tech_pro,True,1,1465,44,1.2433347702026367,
1814029234793001516,p05_fashion,True,1,1461,44,1.2392582893371582,
1814029234793001516,p06_foodie,True,1,1472,44,1.3318719863891602,
1814029234793001516,p07_traveler,True,1,1462,44,1.2416260242462158,
1814029234793001516,p08_student,True,1,1466,44,1.2548551559448242,
1814029234793001516,p09_entrepreneur,True,1,1467,44,1.251420021057129,
1814029234793001516,p10_artist,True,1,1465,44,1.2459278106689453,
1814029234793001516,p11_senior,True,1,1466,44,1.2431507110595703,
1814029234793001516,p12_activist,True,1,1470,44,1.3403141498565674,
1814182557124535038,p01_genz_meme,True,1,1622,44,4.174962043762207,
1814182557124535038,p02_fitness,True,1,1613,44,1.371635913848877,
1814182557124535038,p03_parent,True,1,1615,44,1.3862671852111816,
1814182557124535038,p04_tech_pro,True,1,1616,44,1.376413345336914,
1814182557124535038,p05_fashion,True,1,1612,44,1.3785548210144043,
1814182557124535038,p06_foodie,True,1,1623,44,1.4413502216339111,
1814182557124535038,p07_traveler,True,1,1613,44,1.3758759498596191,
1814182557124535038,p08_student,True,1,1617,44,1.3920397758483887,
1814182557124535038,p09_entrepreneur,True,1,1618,44,1.4109468460083008,
1814182557124535038,p10_artist,True,1,1616,44,1.3763251304626465,
1814182557124535038,p11_senior,True,1,1617,44,1.3949739933013916,
1814182557124535038,p12_activist,True,1,1621,44,1.4337108135223389,
1814509133459407785,p01_genz_meme,True,1,1347,44,3.9924111366271973,
1814509133459407785,p02_fitness,True,1,1338,44,1.1155390739440918,
1814509133459407785,p03_parent,True,1,1340,44,1.1611778736114502,
1814509133459407785,p04_tech_pro,True,1,1341,44,1.1002037525177002,
1814509133459407785,p05_fashion,True,1,1337,44,1.097795009613037,
1814509133459407785,p06_foodie,True,1,1348,44,1.111569881439209,
1814509133459407785,p07_traveler,True,1,1338,44,1.1126861572265625,
1814509133459407785,p08_student,True,1,1342,44,1.1060748100280762,
1814509133459407785,p09_entrepreneur,True,1,1343,44,1.1034748554229736,
1814509133459407785,p10_artist,True,1,1341,44,1.1043100357055664,
1814509133459407785,p11_senior,True,1,1342,44,1.1047139167785645,
1814509133459407785,p12_activist,True,1,1346,44,1.1119532585144043,
1814609211005143126,p01_genz_meme,True,1,1532,44,4.177433967590332,
1814609211005143126,p02_fitness,True,1,1523,44,1.3466970920562744,
1814609211005143126,p03_parent,True,1,1525,44,1.3527531623840332,
1814609211005143126,p04_tech_pro,True,1,1526,44,1.34804105758667,
1814609211005143126,p05_fashion,True,1,1522,44,1.342581033706665,
1814609211005143126,p06_foodie,True,1,1533,44,1.3449959754943848,
1814609211005143126,p07_traveler,True,1,1523,44,1.3560230731964111,
1814609211005143126,p08_student,True,1,1527,44,1.3353800773620605,
1814609211005143126,p09_entrepreneur,True,1,1528,44,1.3471260070800781,
1814609211005143126,p10_artist,True,1,1526,44,1.3335201740264893,
1814609211005143126,p11_senior,True,1,1527,44,1.3444900512695312,
1814609211005143126,p12_activist,True,1,1531,44,1.349247932434082,
1814810212244568801,p01_genz_meme,True,1,1321,44,3.8465960025787354,
1814810212244568801,p02_fitness,True,1,1312,44,1.0723609924316406,
1814810212244568801,p03_parent,True,1,1314,44,1.113746166229248,
1814810212244568801,p04_tech_pro,True,1,1315,44,1.0986912250518799,
1814810212244568801,p05_fashion,True,1,1311,44,1.0925371646881104,
1814810212244568801,p06_foodie,True,1,1322,44,1.0981159210205078,
1814810212244568801,p07_traveler,True,1,1312,44,1.1277461051940918,
1814810212244568801,p08_student,True,1,1316,44,1.1185197830200195,
1814810212244568801,p09_entrepreneur,True,1,1317,44,1.0868709087371826,
1814810212244568801,p10_artist,True,1,1315,44,1.0904638767242432,
1814810212244568801,p11_senior,True,1,1316,44,1.0946769714355469,
1814810212244568801,p12_activist,True,1,1320,44,1.1068909168243408,
1815319321845500447,p01_genz_meme,True,1,1431,44,3.9635791778564453,
1815319321845500447,p02_fitness,True,1,1422,44,1.2034602165222168,
1815319321845500447,p03_parent,True,1,1424,44,1.2444400787353516,
1815319321845500447,p04_tech_pro,True,1,1425,44,1.2255699634552002,
1815319321845500447,p05_fashion,True,1,1421,44,1.220447063446045,
1815319321845500447,p06_foodie,True,1,1432,44,1.22511887550354,
1815319321845500447,p07_traveler,True,1,1422,44,1.2161481380462646,
1815319321845500447,p08_student,True,1,1426,44,1.230633020401001,
1815319321845500447,p09_entrepreneur,True,1,1427,44,1.2189691066741943,
1815319321845500447,p10_artist,True,1,1425,44,1.2280733585357666,
1815319321845500447,p11_senior,True,1,1426,44,1.2127978801727295,
1815319321845500447,p12_activist,True,1,1430,44,1.2225000858306885,
1815465180268778778,p01_genz_meme,True,1,1858,44,4.356576919555664,
1815465180268778778,p02_fitness,True,1,1849,44,1.64609694480896,
1815465180268778778,p03_parent,True,1,1851,44,1.653864860534668,
1815465180268778778,p04_tech_pro,True,1,1852,44,1.638286828994751,
1815465180268778778,p05_fashion,True,1,1848,44,1.6407568454742432,
1815465180268778778,p06_foodie,True,1,1859,44,1.652233362197876,
1815465180268778778,p07_traveler,True,1,1849,44,1.6368088722229004,
1815465180268778778,p08_student,True,1,1853,44,1.6513280868530273,
1815465180268778778,p09_entrepreneur,True,1,1854,44,1.6599678993225098,
1815465180268778778,p10_artist,True,1,1852,44,1.6494452953338623,
1815465180268778778,p11_senior,True,1,1853,44,1.6538801193237305,
1815465180268778778,p12_activist,True,1,1857,44,1.7146952152252197,
1815533903360998066,p01_genz_meme,True,1,1361,44,3.7503390312194824,
1815533903360998066,p02_fitness,True,1,1352,44,1.174685001373291,
1815533903360998066,p03_parent,True,1,1354,44,1.2568280696868896,
1815533903360998066,p04_tech_pro,True,1,1355,44,1.230630874633789,
1815533903360998066,p05_fashion,True,1,1351,44,1.1777710914611816,
1815533903360998066,p06_foodie,True,1,1362,44,1.1988799571990967,
1815533903360998066,p07_traveler,True,1,1352,44,1.1925971508026123,
1815533903360998066,p08_student,True,1,1356,44,1.2051668167114258,
1815533903360998066,p09_entrepreneur,True,1,1357,44,1.1969938278198242,
1815533903360998066,p10_artist,True,1,1355,44,1.1879401206970215,
1815533903360998066,p11_senior,True,1,1356,44,1.1945548057556152,
1815533903360998066,p12_activist,True,1,1360,44,1.19744873046875,
1815747736587630855,p01_genz_meme,True,1,1275,44,3.632807970046997,
1815747736587630855,p02_fitness,True,1,1266,44,1.0593788623809814,
1815747736587630855,p03_parent,True,1,1268,44,1.0987448692321777,
1815747736587630855,p04_tech_pro,True,1,1269,44,1.0925989151000977,
1815747736587630855,p05_fashion,True,1,1265,44,1.0829682350158691,
1815747736587630855,p06_foodie,True,1,1276,44,1.0805480480194092,
1815747736587630855,p07_traveler,True,1,1266,44,1.0801630020141602,
1815747736587630855,p08_student,True,1,1270,44,1.1006951332092285,
1815747736587630855,p09_entrepreneur,True,1,1271,44,1.09523606300354,
1815747736587630855,p10_artist,True,1,1269,44,1.085946798324585,
1815747736587630855,p11_senior,True,1,1270,44,1.0906507968902588,
1815747736587630855,p12_activist,True,1,1274,44,1.0951118469238281,
1815953977645719689,p01_genz_meme,True,1,1291,44,3.8640289306640625,
1815953977645719689,p02_fitness,True,1,1282,44,1.060487985610962,
1815953977645719689,p03_parent,True,1,1284,44,1.1048860549926758,
1815953977645719689,p04_tech_pro,True,1,1285,44,1.087996006011963,
1815953977645719689,p05_fashion,True,1,1281,44,1.072235107421875,
1815953977645719689,p06_foodie,True,1,1292,44,1.0908269882202148,
1815953977645719689,p07_traveler,True,1,1282,44,1.084139108657837,
1815953977645719689,p08_student,True,1,1286,44,1.084017038345337,
1815953977645719689,p09_entrepreneur,True,1,1287,44,1.0931410789489746,
1815953977645719689,p10_artist,True,1,1285,44,1.0839459896087646,
1815953977645719689,p11_senior,True,1,1286,44,1.0871338844299316,
1815953977645719689,p12_activist,True,1,1290,44,1.0851330757141113,
1816019134623192701,p01_genz_meme,True,1,1371,44,3.8666701316833496,
1816019134623192701,p02_fitness,True,1,1362,44,1.1810500621795654,
1816019134623192701,p03_parent,True,1,1364,44,1.220911979675293,
1816019134623192701,p04_tech_pro,True,1,1365,44,1.2008931636810303,
1816019134623192701,p05_fashion,True,1,1361,44,1.2002160549163818,
1816019134623192701,p06_foodie,True,1,1372,44,1.2054400444030762,
1816019134623192701,p07_traveler,True,1,1362,44,1.2014899253845215,
1816019134623192701,p08_student,True,1,1366,44,1.1963388919830322,
1816019134623192701,p09_entrepreneur,True,1,1367,44,1.204996109008789,
1816019134623192701,p10_artist,True,1,1365,44,1.202901840209961,
1816019134623192701,p11_senior,True,1,1366,44,1.193511962890625,
1816019134623192701,p12_activist,True,1,1370,44,1.2014210224151611,
1816298933615791283,p01_genz_meme,True,1,1288,44,3.829636812210083,
1816298933615791283,p02_fitness,True,1,1279,44,1.0712981224060059,
1816298933615791283,p03_parent,True,1,1281,44,1.1097519397735596,
1816298933615791283,p04_tech_pro,True,1,1282,44,1.164431095123291,
1816298933615791283,p05_fashion,True,1,1278,44,1.1492490768432617,
1816298933615791283,p06_foodie,True,1,1289,44,1.0919990539550781,
1816298933615791283,p07_traveler,True,1,1279,44,1.0782639980316162,
1816298933615791283,p08_student,True,1,1283,44,1.0802388191223145,
1816298933615791283,p09_entrepreneur,True,1,1284,44,1.0832197666168213,
1816298933615791283,p10_artist,True,1,1282,44,1.0853118896484375,
1816298933615791283,p11_senior,True,1,1283,44,1.0868890285491943,
1816298933615791283,p12_activist,True,1,1287,44,1.0838241577148438,
1816388865206630608,p01_genz_meme,True,1,1420,44,4.053708076477051,
1816388865206630608,p02_fitness,True,1,1411,44,1.1984310150146484,
1816388865206630608,p03_parent,True,1,1413,44,1.264204740524292,
1816388865206630608,p04_tech_pro,True,1,1414,44,1.1945548057556152,
1816388865206630608,p05_fashion,True,1,1410,44,1.2147691249847412,
1816388865206630608,p06_foodie,True,1,1421,44,1.219851016998291,
1816388865206630608,p07_traveler,True,1,1411,44,1.212695837020874,
1816388865206630608,p08_student,True,1,1415,44,1.2289369106292725,
1816388865206630608,p09_entrepreneur,True,1,1416,44,1.23773193359375,
1816388865206630608,p10_artist,True,1,1414,44,1.2158410549163818,
1816388865206630608,p11_senior,True,1,1415,44,1.2116279602050781,
1816388865206630608,p12_activist,True,1,1419,44,1.2864038944244385,
1816833144952614812,p01_genz_meme,True,1,1362,44,3.969181776046753,
1816833144952614812,p02_fitness,True,1,1353,44,1.0945320129394531,
1816833144952614812,p03_parent,True,1,1355,44,1.143784999847412,
1816833144952614812,p04_tech_pro,True,1,1356,44,1.119339942932129,
1816833144952614812,p05_fashion,True,1,1352,44,1.1112172603607178,
1816833144952614812,p06_foodie,True,1,1363,44,1.201035976409912,
1816833144952614812,p07_traveler,True,1,1353,44,1.1257569789886475,
1816833144952614812,p08_student,True,1,1357,44,1.1456372737884521,
1816833144952614812,p09_entrepreneur,True,1,1358,44,1.1160290241241455,
1816833144952614812,p10_artist,True,1,1356,44,1.1142499446868896,
1816833144952614812,p11_senior,True,1,1357,44,1.1267850399017334,
1816833144952614812,p12_activist,True,1,1361,44,1.2138991355895996,
1818219908062078822,p01_genz_meme,True,1,1498,44,4.068453788757324,
1818219908062078822,p02_fitness,True,1,1489,44,1.3285682201385498,
1818219908062078822,p03_parent,True,1,1491,44,1.3517570495605469,
1818219908062078822,p04_tech_pro,True,1,1492,44,1.3226819038391113,
1818219908062078822,p05_fashion,True,1,1488,44,1.2503888607025146,
1818219908062078822,p06_foodie,True,1,1499,44,1.3591432571411133,
1818219908062078822,p07_traveler,True,1,1489,44,1.3313789367675781,
1818219908062078822,p08_student,True,1,1493,44,1.3264069557189941,
1818219908062078822,p09_entrepreneur,True,1,1494,44,1.3331999778747559,
1818219908062078822,p10_artist,True,1,1492,44,1.3213181495666504,
1818219908062078822,p11_senior,True,1,1493,44,1.3247249126434326,
1818219908062078822,p12_activist,True,1,1497,44,1.3378491401672363,
1818919233520482749,p01_genz_meme,True,1,1400,44,3.7628469467163086,
1818919233520482749,p02_fitness,True,1,1391,44,1.1995110511779785,
1818919233520482749,p03_parent,True,1,1393,44,1.228236198425293,
1818919233520482749,p04_tech_pro,True,1,1394,44,1.2093288898468018,
1818919233520482749,p05_fashion,True,1,1390,44,1.2058601379394531,
1818919233520482749,p06_foodie,True,1,1401,44,1.2106010913848877,
1818919233520482749,p07_traveler,True,1,1391,44,1.2135159969329834,
1818919233520482749,p08_student,True,1,1395,44,1.2116742134094238,
1818919233520482749,p09_entrepreneur,True,1,1396,44,1.2116601467132568,
1818919233520482749,p10_artist,True,1,1394,44,1.2224409580230713,
1818919233520482749,p11_senior,True,1,1395,44,1.2197470664978027,
1818919233520482749,p12_activist,True,1,1399,44,1.2462551593780518,
1819698698763286401,p01_genz_meme,True,1,1411,44,3.754215955734253,
1819698698763286401,p02_fitness,True,1,1402,44,1.1993768215179443,
1819698698763286401,p03_parent,True,1,1404,44,1.228527307510376,
1819698698763286401,p04_tech_pro,True,1,1405,44,1.2173418998718262,
1819698698763286401,p05_fashion,True,1,1401,44,1.2099440097808838,
1819698698763286401,p06_foodie,True,1,1412,44,1.2148528099060059,
1819698698763286401,p07_traveler,True,1,1402,44,1.2191240787506104,
1819698698763286401,p08_student,True,1,1406,44,1.2196109294891357,
1819698698763286401,p09_entrepreneur,True,1,1407,44,1.2184529304504395,
1819698698763286401,p10_artist,True,1,1405,44,1.2286438941955566,
1819698698763286401,p11_senior,True,1,1406,44,1.2063417434692383,
1819698698763286401,p12_activist,True,1,1410,44,1.215566873550415,
1819994255209531465,p01_genz_meme,True,1,1340,44,3.8532419204711914,
1819994255209531465,p02_fitness,True,1,1331,44,1.0834269523620605,
1819994255209531465,p03_parent,True,1,1333,44,1.1388001441955566,
1819994255209531465,p04_tech_pro,True,1,1334,44,1.12257981300354,
1819994255209531465,p05_fashion,True,1,1330,44,1.1090471744537354,
1819994255209531465,p06_foodie,True,1,1341,44,1.10469388961792,
1819994255209531465,p07_traveler,True,1,1331,44,1.108881950378418,
1819994255209531465,p08_student,True,1,1335,44,1.1128778457641602,
1819994255209531465,p09_entrepreneur,True,1,1336,44,1.1115493774414062,
1819994255209531465,p10_artist,True,1,1334,44,1.1119029521942139,
1819994255209531465,p11_senior,True,1,1335,44,1.1114251613616943,
1819994255209531465,p12_activist,True,1,1339,44,1.1156702041625977,
1820581266333060179,p01_genz_meme,True,1,1320,44,3.8531811237335205,
1820581266333060179,p02_fitness,True,1,1311,44,1.0826492309570312,
1820581266333060179,p03_parent,True,1,1313,44,1.1439769268035889,
1820581266333060179,p04_tech_pro,True,1,1314,44,1.1120779514312744,
1820581266333060179,p05_fashion,True,1,1310,44,1.0847527980804443,
1820581266333060179,p06_foodie,True,1,1321,44,1.091465950012207,
1820581266333060179,p07_traveler,True,1,1311,44,1.0982770919799805,
1820581266333060179,p08_student,True,1,1315,44,1.1099720001220703,
1820581266333060179,p09_entrepreneur,True,1,1316,44,1.0958759784698486,
1820581266333060179,p10_artist,True,1,1314,44,1.0923492908477783,
1820581266333060179,p11_senior,True,1,1315,44,1.0946009159088135,
1820581266333060179,p12_activist,True,1,1319,44,1.1048870086669922,
1820709868684954608,p01_genz_meme,True,1,1427,44,3.962407112121582,
1820709868684954608,p02_fitness,True,1,1418,44,1.20412015914917,
1820709868684954608,p03_parent,True,1,1420,44,1.231858253479004,
1820709868684954608,p04_tech_pro,True,1,1421,44,1.2242939472198486,
1820709868684954608,p05_fashion,True,1,1417,44,1.2136380672454834,
1820709868684954608,p06_foodie,True,1,1428,44,1.218407154083252,
1820709868684954608,p07_traveler,True,1,1418,44,1.2151689529418945,
1820709868684954608,p08_student,True,1,1422,44,1.2249300479888916,
1820709868684954608,p09_entrepreneur,True,1,1423,44,1.21510910987854,
1820709868684954608,p10_artist,True,1,1421,44,1.2163009643554688,
1820709868684954608,p11_senior,True,1,1422,44,1.2180311679840088,
1820709868684954608,p12_activist,True,1,1426,44,1.2167930603027344,
1821155117777607934,p01_genz_meme,True,1,1386,44,3.6560261249542236,
1821155117777607934,p02_fitness,True,1,1377,44,1.1921379566192627,
1821155117777607934,p03_parent,True,1,1379,44,1.2279901504516602,
1821155117777607934,p04_tech_pro,True,1,1380,44,1.2095222473144531,
1821155117777607934,p05_fashion,True,1,1376,44,1.2029609680175781,
1821155117777607934,p06_foodie,True,1,1387,44,1.212676763534546,
1821155117777607934,p07_traveler,True,1,1377,44,1.2105238437652588,
1821155117777607934,p08_student,True,1,1381,44,1.2432000637054443,
1821155117777607934,p09_entrepreneur,True,1,1382,44,1.2383091449737549,
1821155117777607934,p10_artist,True,1,1380,44,1.2107830047607422,
1821155117777607934,p11_senior,True,1,1381,44,1.3153963088989258,
1821155117777607934,p12_activist,True,1,1385,44,1.2677521705627441,
1821554166712984153,p01_genz_meme,True,1,1340,44,3.8539671897888184,
1821554166712984153,p02_fitness,True,1,1331,44,1.0956611633300781,
1821554166712984153,p03_parent,True,1,1333,44,1.2083871364593506,
1821554166712984153,p04_tech_pro,True,1,1334,44,1.0967929363250732,
1821554166712984153,p05_fashion,True,1,1330,44,1.1048600673675537,
1821554166712984153,p06_foodie,True,1,1341,44,1.10874605178833,
1821554166712984153,p07_traveler,True,1,1331,44,1.1124861240386963,
1821554166712984153,p08_student,True,1,1335,44,1.1067500114440918,
1821554166712984153,p09_entrepreneur,True,1,1336,44,1.1060149669647217,
1821554166712984153,p10_artist,True,1,1334,44,1.1089568138122559,
1821554166712984153,p11_senior,True,1,1335,44,1.1138739585876465,
1821554166712984153,p12_activist,True,1,1339,44,1.118323802947998,
1821645725282652643,p01_genz_meme,True,1,1426,44,4.173623085021973,
1821645725282652643,p02_fitness,True,1,1417,44,1.1927087306976318,
1821645725282652643,p03_parent,True,1,1419,44,1.2235987186431885,
1821645725282652643,p04_tech_pro,True,1,1420,44,1.1977288722991943,
1821645725282652643,p05_fashion,True,1,1416,44,1.201338768005371,
1821645725282652643,p06_foodie,True,1,1427,44,1.211832046508789,
1821645725282652643,p07_traveler,True,1,1417,44,1.2085180282592773,
1821645725282652643,p08_student,True,1,1421,44,1.2119510173797607,
1821645725282652643,p09_entrepreneur,True,1,1422,44,1.2082791328430176,
1821645725282652643,p10_artist,True,1,1420,44,1.2110328674316406,
1821645725282652643,p11_senior,True,1,1421,44,1.201063871383667,
1821645725282652643,p12_activist,True,1,1425,44,1.2085251808166504,
1821813795103125847,p01_genz_meme,True,1,1503,44,3.9306609630584717,
1821813795103125847,p02_fitness,True,1,1494,44,1.3315129280090332,
1821813795103125847,p03_parent,True,1,1496,44,1.3699400424957275,
1821813795103125847,p04_tech_pro,True,1,1497,44,1.353883981704712,
1821813795103125847,p05_fashion,True,1,1493,44,1.3430910110473633,
1821813795103125847,p06_foodie,True,1,1504,44,1.3459441661834717,
1821813795103125847,p07_traveler,True,1,1494,44,1.344641923904419,
1821813795103125847,p08_student,True,1,1498,44,1.3408329486846924,
1821813795103125847,p09_entrepreneur,True,1,1499,44,1.3421740531921387,
1821813795103125847,p10_artist,True,1,1497,44,1.3467118740081787,
1821813795103125847,p11_senior,True,1,1498,44,1.3474359512329102,
1821813795103125847,p12_activist,True,1,1502,44,1.3472239971160889,
1822080661261810327,p01_genz_meme,True,1,1276,44,3.6378629207611084,
1822080661261810327,p02_fitness,True,1,1267,44,1.0736892223358154,
1822080661261810327,p03_parent,True,1,1269,44,1.1218650341033936,
1822080661261810327,p04_tech_pro,True,1,1270,44,1.0861167907714844,
1822080661261810327,p05_fashion,True,1,1266,44,1.0808720588684082,
1822080661261810327,p06_foodie,True,1,1277,44,1.0977249145507812,
1822080661261810327,p07_traveler,True,1,1267,44,1.088879108428955,
1822080661261810327,p08_student,True,1,1271,44,1.093315839767456,
1822080661261810327,p09_entrepreneur,True,1,1272,44,1.0849997997283936,
1822080661261810327,p10_artist,True,1,1270,44,1.0895726680755615,
1822080661261810327,p11_senior,True,1,1271,44,1.0869569778442383,
1822080661261810327,p12_activist,True,1,1275,44,1.0892250537872314,
1822363262877709444,p01_genz_meme,True,1,1306,44,3.81974196434021,
1822363262877709444,p02_fitness,True,1,1297,44,1.0698699951171875,
1822363262877709444,p03_parent,True,1,1299,44,1.1132662296295166,
1822363262877709444,p04_tech_pro,True,1,1300,44,1.1121306419372559,
1822363262877709444,p05_fashion,True,1,1296,44,1.1068880558013916,
1822363262877709444,p06_foodie,True,1,1307,44,1.0852959156036377,
1822363262877709444,p07_traveler,True,1,1297,44,1.0849158763885498,
1822363262877709444,p08_student,True,1,1301,44,1.0911180973052979,
1822363262877709444,p09_entrepreneur,True,1,1302,44,1.0958352088928223,
1822363262877709444,p10_artist,True,1,1300,44,1.0880770683288574,
1822363262877709444,p11_senior,True,1,1301,44,1.0878050327301025,
1822363262877709444,p12_activist,True,1,1305,44,1.0904698371887207,
1822592806448133981,p01_genz_meme,True,1,1325,44,3.656147003173828,
1822592806448133981,p02_fitness,True,1,1316,44,1.0821762084960938,
1822592806448133981,p03_parent,True,1,1318,44,1.122426986694336,
1822592806448133981,p04_tech_pro,True,1,1319,44,1.1060218811035156,
1822592806448133981,p05_fashion,True,1,1315,44,1.1038892269134521,
1822592806448133981,p06_foodie,True,1,1326,44,1.1201348304748535,
1822592806448133981,p07_traveler,True,1,1316,44,1.1034011840820312,
1822592806448133981,p08_student,True,1,1320,44,1.1066129207611084,
1822592806448133981,p09_entrepreneur,True,1,1321,44,1.1156320571899414,
1822592806448133981,p10_artist,True,1,1319,44,1.12156081199646,
1822592806448133981,p11_senior,True,1,1320,44,1.1112730503082275,
1822592806448133981,p12_activist,True,1,1324,44,1.110910177230835,
1822704305728542401,p01_genz_meme,True,1,1460,44,4.011282920837402,
1822704305728542401,p02_fitness,True,1,1451,44,1.2180819511413574,
1822704305728542401,p03_parent,True,1,1453,44,1.2578561305999756,
1822704305728542401,p04_tech_pro,True,1,1454,44,1.2310330867767334,
1822704305728542401,p05_fashion,True,1,1450,44,1.2249469757080078,
1822704305728542401,p06_foodie,True,1,1461,44,1.2403678894042969,
1822704305728542401,p07_traveler,True,1,1451,44,1.2417471408843994,
1822704305728542401,p08_student,True,1,1455,44,1.230865240097046,
1822704305728542401,p09_entrepreneur,True,1,1456,44,1.230194091796875,
1822704305728542401,p10_artist,True,1,1454,44,1.2345092296600342,
1822704305728542401,p11_senior,True,1,1455,44,1.2631778717041016,
1822704305728542401,p12_activist,True,1,1459,44,1.234208106994629,
1822814539478413676,p01_genz_meme,True,1,1296,44,3.779808282852173,
1822814539478413676,p02_fitness,True,1,1287,44,1.0961148738861084,
1822814539478413676,p03_parent,True,1,1289,44,1.1496977806091309,
1822814539478413676,p04_tech_pro,True,1,1290,44,1.092817783355713,
1822814539478413676,p05_fashion,True,1,1286,44,1.121410846710205,
1822814539478413676,p06_foodie,True,1,1297,44,1.1313667297363281,
1822814539478413676,p07_traveler,True,1,1287,44,1.106215000152588,
1822814539478413676,p08_student,True,1,1291,44,1.1065490245819092,
1822814539478413676,p09_entrepreneur,True,1,1292,44,1.1099531650543213,
1822814539478413676,p10_artist,True,1,1290,44,1.1087250709533691,
1822814539478413676,p11_senior,True,1,1291,44,1.103769063949585,
1822814539478413676,p12_activist,True,1,1295,44,1.1034998893737793,
1823344341972962930,p01_genz_meme,True,1,1383,44,3.9934000968933105,
1823344341972962930,p02_fitness,True,1,1374,44,1.2001841068267822,
1823344341972962930,p03_parent,True,1,1376,44,1.2294321060180664,
1823344341972962930,p04_tech_pro,True,1,1377,44,1.2179131507873535,
1823344341972962930,p05_fashion,True,1,1373,44,1.193674087524414,
1823344341972962930,p06_foodie,True,1,1384,44,1.2150447368621826,
1823344341972962930,p07_traveler,True,1,1374,44,1.1969399452209473,
1823344341972962930,p08_student,True,1,1378,44,1.2093050479888916,
1823344341972962930,p09_entrepreneur,True,1,1379,44,1.20570707321167,
1823344341972962930,p10_artist,True,1,1377,44,1.2022929191589355,
1823344341972962930,p11_senior,True,1,1378,44,1.198448896408081,
1823344341972962930,p12_activist,True,1,1382,44,1.1981151103973389,
1824012703452989828,p01_genz_meme,True,1,1325,44,3.847306966781616,
1824012703452989828,p02_fitness,True,1,1316,44,1.1093149185180664,
1824012703452989828,p03_parent,True,1,1318,44,1.1548311710357666,
1824012703452989828,p04_tech_pro,True,1,1319,44,1.102816104888916,
1824012703452989828,p05_fashion,True,1,1315,44,1.0942211151123047,
1824012703452989828,p06_foodie,True,1,1326,44,1.1991660594940186,
1824012703452989828,p07_traveler,True,1,1316,44,1.1905908584594727,
1824012703452989828,p08_student,True,1,1320,44,1.0835378170013428,
1824012703452989828,p09_entrepreneur,True,1,1321,44,1.0923819541931152,
1824012703452989828,p10_artist,True,1,1319,44,1.0951001644134521,
1824012703452989828,p11_senior,True,1,1320,44,1.102585792541504,
1824012703452989828,p12_activist,True,1,1324,44,1.1077299118041992,
1824307438796298992,p01_genz_meme,True,1,1280,44,3.807420015335083,
1824307438796298992,p02_fitness,True,1,1271,44,1.0600180625915527,
1824307438796298992,p03_parent,True,1,1273,44,1.111340045928955,
1824307438796298992,p04_tech_pro,True,1,1274,44,1.090376853942871,
1824307438796298992,p05_fashion,True,1,1270,44,1.0759391784667969,
1824307438796298992,p06_foodie,True,1,1281,44,1.0894100666046143,
1824307438796298992,p07_traveler,True,1,1271,44,1.170300006866455,
1824307438796298992,p08_student,True,1,1275,44,1.1232168674468994,
1824307438796298992,p09_entrepreneur,True,1,1276,44,1.0712740421295166,
1824307438796298992,p10_artist,True,1,1274,44,1.0865957736968994,
1824307438796298992,p11_senior,True,1,1275,44,1.0851290225982666,
1824307438796298992,p12_activist,True,1,1279,44,1.0830237865447998,
1824637308030562935,p01_genz_meme,True,1,1266,44,3.632844924926758,
1824637308030562935,p02_fitness,True,1,1257,44,1.0650761127471924,
1824637308030562935,p03_parent,True,1,1259,44,1.1048390865325928,
1824637308030562935,p04_tech_pro,True,1,1260,44,1.0815868377685547,
1824637308030562935,p05_fashion,True,1,1256,44,1.082611083984375,
1824637308030562935,p06_foodie,True,1,1267,44,1.1211471557617188,
1824637308030562935,p07_traveler,True,1,1257,44,1.0888919830322266,
1824637308030562935,p08_student,True,1,1261,44,1.079005241394043,
1824637308030562935,p09_entrepreneur,True,1,1262,44,1.083508014678955,
1824637308030562935,p10_artist,True,1,1260,44,1.0909900665283203,
1824637308030562935,p11_senior,True,1,1261,44,1.0825419425964355,
1824637308030562935,p12_activist,True,1,1265,44,1.0801291465759277,
1824681273176777740,p01_genz_meme,True,1,1298,44,3.7251367568969727,
1824681273176777740,p02_fitness,True,1,1289,44,1.0623486042022705,
1824681273176777740,p03_parent,True,1,1291,44,1.0947840213775635,
1824681273176777740,p04_tech_pro,True,1,1292,44,1.0893280506134033,
1824681273176777740,p05_fashion,True,1,1288,44,1.0786528587341309,
1824681273176777740,p06_foodie,True,1,1299,44,1.0863409042358398,
1824681273176777740,p07_traveler,True,1,1289,44,1.0813992023468018,
1824681273176777740,p08_student,True,1,1293,44,1.084336280822754,
1824681273176777740,p09_entrepreneur,True,1,1294,44,1.0912067890167236,
1824681273176777740,p10_artist,True,1,1292,44,1.1007490158081055,
1824681273176777740,p11_senior,True,1,1293,44,1.1009321212768555,
1824681273176777740,p12_activist,True,1,1297,44,1.0814199447631836,
1824692989906254467,p01_genz_meme,True,1,1294,44,3.8462581634521484,
1824692989906254467,p02_fitness,True,1,1285,44,1.0700359344482422,
1824692989906254467,p03_parent,True,1,1287,44,1.1087768077850342,
1824692989906254467,p04_tech_pro,True,1,1288,44,1.085686206817627,
1824692989906254467,p05_fashion,True,1,1284,44,1.0772619247436523,
1824692989906254467,p06_foodie,True,1,1295,44,1.0795519351959229,
1824692989906254467,p07_traveler,True,1,1285,44,1.0740740299224854,
1824692989906254467,p08_student,True,1,1289,44,1.081373929977417,
1824692989906254467,p09_entrepreneur,True,1,1290,44,1.091865062713623,
1824692989906254467,p10_artist,True,1,1288,44,1.0785839557647705,
1824692989906254467,p11_senior,True,1,1289,44,1.0781729221343994,
1824692989906254467,p12_activist,True,1,1293,44,1.084381103515625,
1824741548657383246,p01_genz_meme,True,1,1443,44,3.9821040630340576,
1824741548657383246,p02_fitness,True,1,1434,44,1.2094719409942627,
1824741548657383246,p03_parent,True,1,1436,44,1.2414190769195557,
1824741548657383246,p04_tech_pro,True,1,1437,44,1.2276430130004883,
1824741548657383246,p05_fashion,True,1,1433,44,1.2206509113311768,
1824741548657383246,p06_foodie,True,1,1444,44,1.2273609638214111,
1824741548657383246,p07_traveler,True,1,1434,44,1.2280457019805908,
1824741548657383246,p08_student,True,1,1438,44,1.2287657260894775,
1824741548657383246,p09_entrepreneur,True,1,1439,44,1.2290549278259277,
1824741548657383246,p10_artist,True,1,1437,44,1.2256741523742676,
1824741548657383246,p11_senior,True,1,1438,44,1.2170538902282715,
1824741548657383246,p12_activist,True,1,1442,44,1.3147351741790771,
1824821682898862970,p01_genz_meme,True,1,1282,44,3.8212552070617676,
1824821682898862970,p02_fitness,True,1,1273,44,1.0643038749694824,
1824821682898862970,p03_parent,True,1,1275,44,1.1021299362182617,
1824821682898862970,p04_tech_pro,True,1,1276,44,1.0881330966949463,
1824821682898862970,p05_fashion,True,1,1272,44,1.0958919525146484,
1824821682898862970,p06_foodie,True,1,1283,44,1.111104965209961,
1824821682898862970,p07_traveler,True,1,1273,44,1.0862741470336914,
1824821682898862970,p08_student,True,1,1277,44,1.0794780254364014,
1824821682898862970,p09_entrepreneur,True,1,1278,44,1.0872950553894043,
1824821682898862970,p10_artist,True,1,1276,44,1.0973179340362549,
1824821682898862970,p11_senior,True,1,1277,44,1.089097261428833,
1824821682898862970,p12_activist,True,1,1281,44,1.0899362564086914,
1824844357614713090,p01_genz_meme,True,1,1592,44,3.920069694519043,
1824844357614713090,p02_fitness,True,1,1583,44,1.3667590618133545,
1824844357614713090,p03_parent,True,1,1585,44,1.3902127742767334,
1824844357614713090,p04_tech_pro,True,1,1586,44,1.3849201202392578,
1824844357614713090,p05_fashion,True,1,1582,44,1.4112582206726074,
1824844357614713090,p06_foodie,True,1,1593,44,1.370718002319336,
1824844357614713090,p07_traveler,True,1,1583,44,1.3756299018859863,
1824844357614713090,p08_student,True,1,1587,44,1.3853042125701904,
1824844357614713090,p09_entrepreneur,True,1,1588,44,1.373415231704712,
1824844357614713090,p10_artist,True,1,1586,44,1.374535322189331,
1824844357614713090,p11_senior,True,1,1587,44,1.380979061126709,
1824844357614713090,p12_activist,True,1,1591,44,1.386202096939087,
1824897960879006966,p01_genz_meme,True,1,1330,44,3.8435609340667725,
1824897960879006966,p02_fitness,True,1,1321,44,1.084211826324463,
1824897960879006966,p03_parent,True,1,1323,44,1.1207859516143799,
1824897960879006966,p04_tech_pro,True,1,1324,44,1.1064648628234863,
1824897960879006966,p05_fashion,True,1,1320,44,1.0942232608795166,
1824897960879006966,p06_foodie,True,1,1331,44,1.105452060699463,
1824897960879006966,p07_traveler,True,1,1321,44,1.1045801639556885,
1824897960879006966,p08_student,True,1,1325,44,1.0982718467712402,
1824897960879006966,p09_entrepreneur,True,1,1326,44,1.099595069885254,
1824897960879006966,p10_artist,True,1,1324,44,1.1030449867248535,
1824897960879006966,p11_senior,True,1,1325,44,1.1107418537139893,
1824897960879006966,p12_activist,True,1,1329,44,1.196653127670288,
1825051216771923769,p01_genz_meme,True,1,1303,44,3.8021771907806396,
1825051216771923769,p02_fitness,True,1,1294,44,1.066098928451538,
1825051216771923769,p03_parent,True,1,1296,44,1.1057138442993164,
1825051216771923769,p04_tech_pro,True,1,1297,44,1.0879323482513428,
1825051216771923769,p05_fashion,True,1,1293,44,1.0804460048675537,
1825051216771923769,p06_foodie,True,1,1304,44,1.0873069763183594,
1825051216771923769,p07_traveler,True,1,1294,44,1.0841469764709473,
1825051216771923769,p08_student,True,1,1298,44,1.1105320453643799,
1825051216771923769,p09_entrepreneur,True,1,1299,44,1.1140670776367188,
1825051216771923769,p10_artist,True,1,1297,44,1.1225857734680176,
1825051216771923769,p11_senior,True,1,1298,44,1.083712100982666,
1825051216771923769,p12_activist,True,1,1302,44,1.0795199871063232,
1825411889962724076,p01_genz_meme,True,1,1432,44,4.051160097122192,
1825411889962724076,p02_fitness,True,1,1423,44,1.233747959136963,
1825411889962724076,p03_parent,True,1,1425,44,1.2755687236785889,
1825411889962724076,p04_tech_pro,True,1,1426,44,1.3121130466461182,
1825411889962724076,p05_fashion,True,1,1422,44,1.3001668453216553,
1825411889962724076,p06_foodie,True,1,1433,44,1.2553889751434326,
1825411889962724076,p07_traveler,True,1,1423,44,1.313122034072876,
1825411889962724076,p08_student,True,1,1427,44,1.2900490760803223,
1825411889962724076,p09_entrepreneur,True,1,1428,44,1.3021838665008545,
1825411889962724076,p10_artist,True,1,1426,44,1.2571640014648438,
1825411889962724076,p11_senior,True,1,1427,44,1.2645411491394043,
1825411889962724076,p12_activist,True,1,1431,44,1.3200480937957764,
1825495016649191892,p01_genz_meme,True,1,1326,44,3.7691590785980225,
1825495016649191892,p02_fitness,True,1,1317,44,1.1755619049072266,
1825495016649191892,p03_parent,True,1,1319,44,1.2521438598632812,
1825495016649191892,p04_tech_pro,True,1,1320,44,1.1299593448638916,
1825495016649191892,p05_fashion,True,1,1316,44,1.1547729969024658,
1825495016649191892,p06_foodie,True,1,1327,44,1.1689112186431885,
1825495016649191892,p07_traveler,True,1,1317,44,1.147472858428955,
1825495016649191892,p08_student,True,1,1321,44,1.1704449653625488,
1825495016649191892,p09_entrepreneur,True,1,1322,44,1.1691970825195312,
1825495016649191892,p10_artist,True,1,1320,44,1.163215160369873,
1825495016649191892,p11_senior,True,1,1321,44,1.1614100933074951,
1825495016649191892,p12_activist,True,1,1325,44,1.149493932723999,
1826323517231440601,p01_genz_meme,True,1,1595,44,4.256726980209351,
1826323517231440601,p02_fitness,True,1,1586,44,1.4650828838348389,
1826323517231440601,p03_parent,True,1,1588,44,1.5402929782867432,
1826323517231440601,p04_tech_pro,True,1,1589,44,1.5147991180419922,
1826323517231440601,p05_fashion,True,1,1585,44,1.496647834777832,
1826323517231440601,p06_foodie,True,1,1596,44,1.4608898162841797,
1826323517231440601,p07_traveler,True,1,1586,44,1.469632625579834,
1826323517231440601,p08_student,True,1,1590,44,1.451807975769043,
1826323517231440601,p09_entrepreneur,True,1,1591,44,1.4571359157562256,
1826323517231440601,p10_artist,True,1,1589,44,1.4493350982666016,
1826323517231440601,p11_senior,True,1,1590,44,1.4790010452270508,
1826323517231440601,p12_activist,True,1,1594,44,1.475248098373413,
1826361619857363582,p01_genz_meme,True,1,1285,44,4.0325798988342285,
1826361619857363582,p02_fitness,True,1,1276,44,1.1449501514434814,
1826361619857363582,p03_parent,True,1,1278,44,1.198317050933838,
1826361619857363582,p04_tech_pro,True,1,1279,44,1.1709718704223633,
1826361619857363582,p05_fashion,True,1,1275,44,1.1418750286102295,
1826361619857363582,p06_foodie,True,1,1286,44,1.1582889556884766,
1826361619857363582,p07_traveler,True,1,1276,44,1.1499650478363037,
1826361619857363582,p08_student,True,1,1280,44,1.1682047843933105,
1826361619857363582,p09_entrepreneur,True,1,1281,44,1.1418538093566895,
1826361619857363582,p10_artist,True,1,1279,44,1.1364059448242188,
1826361619857363582,p11_senior,True,1,1280,44,1.1367318630218506,
1826361619857363582,p12_activist,True,1,1284,44,1.1519091129302979,
1827151756585812294,p01_genz_meme,True,1,1399,44,3.9135618209838867,
1827151756585812294,p02_fitness,True,1,1390,44,1.2943618297576904,
1827151756585812294,p03_parent,True,1,1392,44,1.3903722763061523,
1827151756585812294,p04_tech_pro,True,1,1393,44,1.2603139877319336,
1827151756585812294,p05_fashion,True,1,1389,44,1.2653300762176514,
1827151756585812294,p06_foodie,True,1,1400,44,1.2869389057159424,
1827151756585812294,p07_traveler,True,1,1390,44,1.2973549365997314,
1827151756585812294,p08_student,True,1,1394,44,1.2726209163665771,
1827151756585812294,p09_entrepreneur,True,1,1395,44,1.2524032592773438,
1827151756585812294,p10_artist,True,1,1393,44,1.2609431743621826,
1827151756585812294,p11_senior,True,1,1394,44,1.257803201675415,
1827151756585812294,p12_activist,True,1,1398,44,1.2661900520324707,
1827223796080973408,p01_genz_meme,True,1,1338,44,3.868036985397339,
1827223796080973408,p02_fitness,True,1,1329,44,1.131241798400879,
1827223796080973408,p03_parent,True,1,1331,44,1.178880214691162,
1827223796080973408,p04_tech_pro,True,1,1332,44,1.146360158920288,
1827223796080973408,p05_fashion,True,1,1328,44,1.14186429977417,
1827223796080973408,p06_foodie,True,1,1339,44,1.150292158126831,
1827223796080973408,p07_traveler,True,1,1329,44,1.148676872253418,
1827223796080973408,p08_student,True,1,1333,44,1.1474809646606445,
1827223796080973408,p09_entrepreneur,True,1,1334,44,1.1551730632781982,
1827223796080973408,p10_artist,True,1,1332,44,1.1450459957122803,
1827223796080973408,p11_senior,True,1,1333,44,1.147507905960083,
1827223796080973408,p12_activist,True,1,1337,44,1.1511149406433105,
1827540407212778808,p01_genz_meme,True,1,1340,44,3.9322731494903564,
1827540407212778808,p02_fitness,True,1,1331,44,1.1114540100097656,
1827540407212778808,p03_parent,True,1,1333,44,1.1656877994537354,
1827540407212778808,p04_tech_pro,True,1,1334,44,1.1186811923980713,
1827540407212778808,p05_fashion,True,1,1330,44,1.1138670444488525,
1827540407212778808,p06_foodie,True,1,1341,44,1.1316428184509277,
1827540407212778808,p07_traveler,True,1,1331,44,1.1481070518493652,
1827540407212778808,p08_student,True,1,1335,44,1.1436738967895508,
1827540407212778808,p09_entrepreneur,True,1,1336,44,1.1108160018920898,
1827540407212778808,p10_artist,True,1,1334,44,1.115807056427002,
1827540407212778808,p11_senior,True,1,1335,44,1.1233210563659668,
1827540407212778808,p12_activist,True,1,1339,44,1.1342968940734863,
1827719873083772621,p01_genz_meme,True,1,1430,44,3.7149722576141357,
1827719873083772621,p02_fitness,True,1,1421,44,1.21866774559021,
1827719873083772621,p03_parent,True,1,1423,44,1.253589153289795,
1827719873083772621,p04_tech_pro,True,1,1424,44,1.2361650466918945,
1827719873083772621,p05_fashion,True,1,1420,44,1.233077049255371,
1827719873083772621,p06_foodie,True,1,1431,44,1.2563891410827637,
1827719873083772621,p07_traveler,True,1,1421,44,1.232008934020996,
1827719873083772621,p08_student,True,1,1425,44,1.2327110767364502,
1827719873083772621,p09_entrepreneur,True,1,1426,44,1.238152027130127,
1827719873083772621,p10_artist,True,1,1424,44,1.2605938911437988,
1827719873083772621,p11_senior,True,1,1425,44,1.219743013381958,
1827719873083772621,p12_activist,True,1,1429,44,1.2428438663482666,
1827774846046755597,p01_genz_meme,True,1,1295,44,3.913593053817749,
1827774846046755597,p02_fitness,True,1,1286,44,1.0703411102294922,
1827774846046755597,p03_parent,True,1,1288,44,1.1170330047607422,
1827774846046755597,p04_tech_pro,True,1,1289,44,1.0932750701904297,
1827774846046755597,p05_fashion,True,1,1285,44,1.081489086151123,
1827774846046755597,p06_foodie,True,1,1296,44,1.0809569358825684,
1827774846046755597,p07_traveler,True,1,1286,44,1.087357997894287,
1827774846046755597,p08_student,True,1,1290,44,1.0832250118255615,
1827774846046755597,p09_entrepreneur,True,1,1291,44,1.118018627166748,
1827774846046755597,p10_artist,True,1,1289,44,1.0915062427520752,
1827774846046755597,p11_senior,True,1,1290,44,1.0837619304656982,
1827774846046755597,p12_activist,True,1,1294,44,1.082362174987793,
1828441140766388700,p01_genz_meme,True,1,1413,44,3.9684202671051025,
1828441140766388700,p02_fitness,True,1,1404,44,1.1937131881713867,
1828441140766388700,p03_parent,True,1,1406,44,1.2326881885528564,
1828441140766388700,p04_tech_pro,True,1,1407,44,1.2110600471496582,
1828441140766388700,p05_fashion,True,1,1403,44,1.2010221481323242,
1828441140766388700,p06_foodie,True,1,1414,44,1.215512990951538,
1828441140766388700,p07_traveler,True,1,1404,44,1.2117817401885986,
1828441140766388700,p08_student,True,1,1408,44,1.3368492126464844,
1828441140766388700,p09_entrepreneur,True,1,1409,44,1.25596022605896,
1828441140766388700,p10_artist,True,1,1407,44,1.1865510940551758,
1828441140766388700,p11_senior,True,1,1408,44,1.2121760845184326,
1828441140766388700,p12_activist,True,1,1412,44,1.22684907913208,
1828517287458278503,p01_genz_meme,True,1,1309,44,3.824676752090454,
1828517287458278503,p02_fitness,True,1,1300,44,1.0734620094299316,
1828517287458278503,p03_parent,True,1,1302,44,1.1052379608154297,
1828517287458278503,p04_tech_pro,True,1,1303,44,1.090390920639038,
1828517287458278503,p05_fashion,True,1,1299,44,1.0800707340240479,
1828517287458278503,p06_foodie,True,1,1310,44,1.0987610816955566,
1828517287458278503,p07_traveler,True,1,1300,44,1.087770938873291,
1828517287458278503,p08_student,True,1,1304,44,1.105614185333252,
1828517287458278503,p09_entrepreneur,True,1,1305,44,1.0916988849639893,
1828517287458278503,p10_artist,True,1,1303,44,1.0847258567810059,
1828517287458278503,p11_senior,True,1,1304,44,1.0909929275512695,
1828517287458278503,p12_activist,True,1,1308,44,1.089939832687378,
1828782225324464203,p01_genz_meme,True,1,1294,44,3.8227739334106445,
1828782225324464203,p02_fitness,True,1,1285,44,1.0659780502319336,
1828782225324464203,p03_parent,True,1,1287,44,1.1061789989471436,
1828782225324464203,p04_tech_pro,True,1,1288,44,1.0917408466339111,
1828782225324464203,p05_fashion,True,1,1284,44,1.108942985534668,
1828782225324464203,p06_foodie,True,1,1295,44,1.079031229019165,
1828782225324464203,p07_traveler,True,1,1285,44,1.0803248882293701,
1828782225324464203,p08_student,True,1,1289,44,1.0825920104980469,
1828782225324464203,p09_entrepreneur,True,1,1290,44,1.0863940715789795,
1828782225324464203,p10_artist,True,1,1288,44,1.0919151306152344,
1828782225324464203,p11_senior,True,1,1289,44,1.0842030048370361,
1828782225324464203,p12_activist,True,1,1293,44,1.0830821990966797,
1829994970870918400,p01_genz_meme,True,1,1313,44,3.6449198722839355,
1829994970870918400,p02_fitness,True,1,1304,44,1.0802507400512695,
1829994970870918400,p03_parent,True,1,1306,44,1.118351936340332,
1829994970870918400,p04_tech_pro,True,1,1307,44,1.1031899452209473,
1829994970870918400,p05_fashion,True,1,1303,44,1.1030161380767822,
1829994970870918400,p06_foodie,True,1,1314,44,1.095242977142334,
1829994970870918400,p07_traveler,True,1,1304,44,1.0930681228637695,
1829994970870918400,p08_student,True,1,1308,44,1.111025094985962,
1829994970870918400,p09_entrepreneur,True,1,1309,44,1.101120948791504,
1829994970870918400,p10_artist,True,1,1307,44,1.0964019298553467,
1829994970870918400,p11_senior,True,1,1308,44,1.0945918560028076,
1829994970870918400,p12_activist,True,1,1312,44,1.1035521030426025,
1830684227247599032,p01_genz_meme,True,1,1324,44,3.834956169128418,
1830684227247599032,p02_fitness,True,1,1315,44,1.1755728721618652,
1830684227247599032,p03_parent,True,1,1317,44,1.1222610473632812,
1830684227247599032,p04_tech_pro,True,1,1318,44,1.0996768474578857,
1830684227247599032,p05_fashion,True,1,1314,44,1.0913589000701904,
1830684227247599032,p06_foodie,True,1,1325,44,1.1055972576141357,
1830684227247599032,p07_traveler,True,1,1315,44,1.0912210941314697,
1830684227247599032,p08_student,True,1,1319,44,1.125736951828003,
1830684227247599032,p09_entrepreneur,True,1,1320,44,1.1188240051269531,
1830684227247599032,p10_artist,True,1,1318,44,1.0982589721679688,
1830684227247599032,p11_senior,True,1,1319,44,1.098154067993164,
1830684227247599032,p12_activist,True,1,1323,44,1.104660987854004,
1830860750648052411,p01_genz_meme,True,1,1340,44,3.8291990756988525,
1830860750648052411,p02_fitness,True,1,1331,44,1.090151309967041,
1830860750648052411,p03_parent,True,1,1333,44,1.1357498168945312,
1830860750648052411,p04_tech_pro,True,1,1334,44,1.1091759204864502,
1830860750648052411,p05_fashion,True,1,1330,44,1.1034891605377197,
1830860750648052411,p06_foodie,True,1,1341,44,1.1093988418579102,
1830860750648052411,p07_traveler,True,1,1331,44,1.107633113861084,
1830860750648052411,p08_student,True,1,1335,44,1.115663766860962,
1830860750648052411,p09_entrepreneur,True,1,1336,44,1.1122450828552246,
1830860750648052411,p10_artist,True,1,1334,44,1.1091017723083496,
1830860750648052411,p11_senior,True,1,1335,44,1.106553077697754,
1830860750648052411,p12_activist,True,1,1339,44,1.1143321990966797,
1831458041791357495,p01_genz_meme,True,1,1393,44,3.7683069705963135,
1831458041791357495,p02_fitness,True,1,1384,44,1.2232587337493896,
1831458041791357495,p03_parent,True,1,1386,44,1.239839792251587,
1831458041791357495,p04_tech_pro,True,1,1387,44,1.2124347686767578,
1831458041791357495,p05_fashion,True,1,1383,44,1.2119169235229492,
1831458041791357495,p06_foodie,True,1,1394,44,1.237212896347046,
1831458041791357495,p07_traveler,True,1,1384,44,1.2150766849517822,
1831458041791357495,p08_student,True,1,1388,44,1.2107799053192139,
1831458041791357495,p09_entrepreneur,True,1,1389,44,1.2234747409820557,
1831458041791357495,p10_artist,True,1,1387,44,1.2239267826080322,
1831458041791357495,p11_senior,True,1,1388,44,1.2126200199127197,
1831458041791357495,p12_activist,True,1,1392,44,1.2103569507598877,
1832147994097225064,p01_genz_meme,True,1,1287,44,3.888808012008667,
1832147994097225064,p02_fitness,True,1,1278,44,1.0654959678649902,
1832147994097225064,p03_parent,True,1,1280,44,1.1006548404693604,
1832147994097225064,p04_tech_pro,True,1,1281,44,1.0888988971710205,
1832147994097225064,p05_fashion,True,1,1277,44,1.0853321552276611,
1832147994097225064,p06_foodie,True,1,1288,44,1.0817651748657227,
1832147994097225064,p07_traveler,True,1,1278,44,1.0894379615783691,
1832147994097225064,p08_student,True,1,1282,44,1.0976579189300537,
1832147994097225064,p09_entrepreneur,True,1,1283,44,1.0869529247283936,
1832147994097225064,p10_artist,True,1,1281,44,1.0881011486053467,
1832147994097225064,p11_senior,True,1,1282,44,1.0884263515472412,
1832147994097225064,p12_activist,True,1,1286,44,1.0841541290283203,
1832379841271650190,p01_genz_meme,True,1,1486,44,4.072843074798584,
1832379841271650190,p02_fitness,True,1,1477,44,1.2266981601715088,
1832379841271650190,p03_parent,True,1,1479,44,1.2575881481170654,
1832379841271650190,p04_tech_pro,True,1,1480,44,1.2510697841644287,
1832379841271650190,p05_fashion,True,1,1476,44,1.2359309196472168,
1832379841271650190,p06_foodie,True,1,1487,44,1.2479681968688965,
1832379841271650190,p07_traveler,True,1,1477,44,1.2491660118103027,
1832379841271650190,p08_student,True,1,1481,44,1.254338026046753,
1832379841271650190,p09_entrepreneur,True,1,1482,44,1.242988109588623,
1832379841271650190,p10_artist,True,1,1480,44,1.2364208698272705,
1832379841271650190,p11_senior,True,1,1481,44,1.247284173965454,
1832379841271650190,p12_activist,True,1,1485,44,1.252878189086914,
1832743383736832012,p01_genz_meme,True,1,1471,44,3.982948064804077,
1832743383736832012,p02_fitness,True,1,1462,44,1.2184159755706787,
1832743383736832012,p03_parent,True,1,1464,44,1.2458741664886475,
1832743383736832012,p04_tech_pro,True,1,1465,44,1.2324130535125732,
1832743383736832012,p05_fashion,True,1,1461,44,1.241138219833374,
1832743383736832012,p06_foodie,True,1,1472,44,1.2557392120361328,
1832743383736832012,p07_traveler,True,1,1462,44,1.227604866027832,
1832743383736832012,p08_student,True,1,1466,44,1.231220006942749,
1832743383736832012,p09_entrepreneur,True,1,1467,44,1.2599129676818848,
1832743383736832012,p10_artist,True,1,1465,44,1.2504961490631104,
1832743383736832012,p11_senior,True,1,1466,44,1.245941162109375,
1832743383736832012,p12_activist,True,1,1470,44,1.2437729835510254,
1833441979243843507,p01_genz_meme,True,1,1355,44,3.838298797607422,
1833441979243843507,p02_fitness,True,1,1346,44,1.0867278575897217,
1833441979243843507,p03_parent,True,1,1348,44,1.1250660419464111,
1833441979243843507,p04_tech_pro,True,1,1349,44,1.1168467998504639,
1833441979243843507,p05_fashion,True,1,1345,44,1.146681785583496,
1833441979243843507,p06_foodie,True,1,1356,44,1.1482691764831543,
1833441979243843507,p07_traveler,True,1,1346,44,1.0941178798675537,
1833441979243843507,p08_student,True,1,1350,44,1.097165822982788,
1833441979243843507,p09_entrepreneur,True,1,1351,44,1.1106722354888916,
1833441979243843507,p10_artist,True,1,1349,44,1.1105940341949463,
1833441979243843507,p11_senior,True,1,1350,44,1.1053078174591064,
1833441979243843507,p12_activist,True,1,1354,44,1.1119458675384521,
1833446853192242846,p01_genz_meme,True,1,1353,44,3.7469699382781982,
1833446853192242846,p02_fitness,True,1,1344,44,1.1776340007781982,
1833446853192242846,p03_parent,True,1,1346,44,1.214879035949707,
1833446853192242846,p04_tech_pro,True,1,1347,44,1.1970329284667969,
1833446853192242846,p05_fashion,True,1,1343,44,1.188561201095581,
1833446853192242846,p06_foodie,True,1,1354,44,1.1980180740356445,
1833446853192242846,p07_traveler,True,1,1344,44,1.2063181400299072,
1833446853192242846,p08_student,True,1,1348,44,1.1954939365386963,
1833446853192242846,p09_entrepreneur,True,1,1349,44,1.2015738487243652,
1833446853192242846,p10_artist,True,1,1347,44,1.2025110721588135,
1833446853192242846,p11_senior,True,1,1348,44,1.2467927932739258,
1833446853192242846,p12_activist,True,1,1352,44,1.2097179889678955,
1833519397454792179,p01_genz_meme,True,1,1574,44,3.8984591960906982,
1833519397454792179,p02_fitness,True,1,1565,44,1.3609237670898438,
1833519397454792179,p03_parent,True,1,1567,44,1.3809220790863037,
1833519397454792179,p04_tech_pro,True,1,1568,44,1.3678147792816162,
1833519397454792179,p05_fashion,True,1,1564,44,1.3684799671173096,
1833519397454792179,p06_foodie,True,1,1575,44,1.368302822113037,
1833519397454792179,p07_traveler,True,1,1565,44,1.3610460758209229,
1833519397454792179,p08_student,True,1,1569,44,1.3676562309265137,
1833519397454792179,p09_entrepreneur,True,1,1570,44,1.3689138889312744,
1833519397454792179,p10_artist,True,1,1568,44,1.3600502014160156,
1833519397454792179,p11_senior,True,1,1569,44,1.3641228675842285,
1833519397454792179,p12_activist,True,1,1573,44,1.3725550174713135,
1833623803294882611,p01_genz_meme,True,1,1359,44,3.967716932296753,
1833623803294882611,p02_fitness,True,1,1350,44,1.0883829593658447,
1833623803294882611,p03_parent,True,1,1352,44,1.1337380409240723,
1833623803294882611,p04_tech_pro,True,1,1353,44,1.1136701107025146,
1833623803294882611,p05_fashion,True,1,1349,44,1.1084647178649902,
1833623803294882611,p06_foodie,True,1,1360,44,1.111659049987793,
1833623803294882611,p07_traveler,True,1,1350,44,1.1101491451263428,
1833623803294882611,p08_student,True,1,1354,44,1.115170955657959,
1833623803294882611,p09_entrepreneur,True,1,1355,44,1.1123192310333252,
1833623803294882611,p10_artist,True,1,1353,44,1.1104860305786133,
1833623803294882611,p11_senior,True,1,1354,44,1.121046781539917,
1833623803294882611,p12_activist,True,1,1358,44,1.1160650253295898,
1833965442509434722,p01_genz_meme,True,1,1422,44,3.9575839042663574,
1833965442509434722,p02_fitness,True,1,1413,44,1.1986191272735596,
1833965442509434722,p03_parent,True,1,1415,44,1.222243070602417,
1833965442509434722,p04_tech_pro,True,1,1416,44,1.2109460830688477,
1833965442509434722,p05_fashion,True,1,1412,44,1.215338945388794,
1833965442509434722,p06_foodie,True,1,1423,44,1.2124459743499756,
1833965442509434722,p07_traveler,True,1,1413,44,1.210103988647461,
1833965442509434722,p08_student,True,1,1417,44,1.2156040668487549,
1833965442509434722,p09_entrepreneur,True,1,1418,44,1.222517967224121,
1833965442509434722,p10_artist,True,1,1416,44,1.2081999778747559,
1833965442509434722,p11_senior,True,1,1417,44,1.2145271301269531,
1833965442509434722,p12_activist,True,1,1421,44,1.2144691944122314,
1834506616583249029,p01_genz_meme,True,1,1336,44,3.8385300636291504,
1834506616583249029,p02_fitness,True,1,1327,44,1.0801122188568115,
1834506616583249029,p03_parent,True,1,1329,44,1.1211011409759521,
1834506616583249029,p04_tech_pro,True,1,1330,44,1.104719877243042,
1834506616583249029,p05_fashion,True,1,1326,44,1.0904347896575928,
1834506616583249029,p06_foodie,True,1,1337,44,1.099757194519043,
1834506616583249029,p07_traveler,True,1,1327,44,1.0945379734039307,
1834506616583249029,p08_student,True,1,1331,44,1.103403091430664,
1834506616583249029,p09_entrepreneur,True,1,1332,44,1.102405071258545,
1834506616583249029,p10_artist,True,1,1330,44,1.0981371402740479,
1834506616583249029,p11_senior,True,1,1331,44,1.0968446731567383,
1834506616583249029,p12_activist,True,1,1335,44,1.1044209003448486,
1834518271622953859,p01_genz_meme,True,1,1462,44,3.9416677951812744,
1834518271622953859,p02_fitness,True,1,1453,44,1.2125999927520752,
1834518271622953859,p03_parent,True,1,1455,44,1.2404191493988037,
1834518271622953859,p04_tech_pro,True,1,1456,44,1.225125789642334,
1834518271622953859,p05_fashion,True,1,1452,44,1.217160940170288,
1834518271622953859,p06_foodie,True,1,1463,44,1.2414369583129883,
1834518271622953859,p07_traveler,True,1,1453,44,1.2488350868225098,
1834518271622953859,p08_student,True,1,1457,44,1.2266192436218262,
1834518271622953859,p09_entrepreneur,True,1,1458,44,1.2365918159484863,
1834518271622953859,p10_artist,True,1,1456,44,1.2285370826721191,
1834518271622953859,p11_senior,True,1,1457,44,1.2308530807495117,
1834518271622953859,p12_activist,True,1,1461,44,1.2432739734649658,
1834598827030596873,p01_genz_meme,True,1,1308,44,3.8245670795440674,
1834598827030596873,p02_fitness,True,1,1299,44,1.0692081451416016,
1834598827030596873,p03_parent,True,1,1301,44,1.0999321937561035,
1834598827030596873,p04_tech_pro,True,1,1302,44,1.088688850402832,
1834598827030596873,p05_fashion,True,1,1298,44,1.0842652320861816,
1834598827030596873,p06_foodie,True,1,1309,44,1.087890863418579,
1834598827030596873,p07_traveler,True,1,1299,44,1.0850191116333008,
1834598827030596873,p08_student,True,1,1303,44,1.0860950946807861,
1834598827030596873,p09_entrepreneur,True,1,1304,44,1.0962789058685303,
1834598827030596873,p10_artist,True,1,1302,44,1.0871946811676025,
1834598827030596873,p11_senior,True,1,1303,44,1.0848407745361328,
1834598827030596873,p12_activist,True,1,1307,44,1.0886259078979492,
1834720505619707466,p01_genz_meme,True,1,1338,44,3.835608959197998,
1834720505619707466,p02_fitness,True,1,1329,44,1.0793910026550293,
1834720505619707466,p03_parent,True,1,1331,44,1.1113839149475098,
1834720505619707466,p04_tech_pro,True,1,1332,44,1.1011712551116943,
1834720505619707466,p05_fashion,True,1,1328,44,1.0897619724273682,
1834720505619707466,p06_foodie,True,1,1339,44,1.1058540344238281,
1834720505619707466,p07_traveler,True,1,1329,44,1.1005799770355225,
1834720505619707466,p08_student,True,1,1333,44,1.1388869285583496,
1834720505619707466,p09_entrepreneur,True,1,1334,44,1.1546759605407715,
1834720505619707466,p10_artist,True,1,1332,44,1.1010148525238037,
1834720505619707466,p11_senior,True,1,1333,44,1.085097074508667,
1834720505619707466,p12_activist,True,1,1337,44,1.098046064376831,
1835134889835820796,p01_genz_meme,True,1,1346,44,3.841143846511841,
1835134889835820796,p02_fitness,True,1,1337,44,1.0851190090179443,
1835134889835820796,p03_parent,True,1,1339,44,1.129666805267334,
1835134889835820796,p04_tech_pro,True,1,1340,44,1.111037015914917,
1835134889835820796,p05_fashion,True,1,1336,44,1.092818260192871,
1835134889835820796,p06_foodie,True,1,1347,44,1.1034948825836182,
1835134889835820796,p07_traveler,True,1,1337,44,1.1011900901794434,
1835134889835820796,p08_student,True,1,1341,44,1.1102118492126465,
1835134889835820796,p09_entrepreneur,True,1,1342,44,1.1103229522705078,
1835134889835820796,p10_artist,True,1,1340,44,1.1024670600891113,
1835134889835820796,p11_senior,True,1,1341,44,1.1025469303131104,
1835134889835820796,p12_activist,True,1,1345,44,1.1145269870758057,
1835597083874628241,p01_genz_meme,True,1,1322,44,3.8430328369140625,
1835597083874628241,p02_fitness,True,1,1313,44,1.1624271869659424,
1835597083874628241,p03_parent,True,1,1315,44,1.1278510093688965,
1835597083874628241,p04_tech_pro,True,1,1316,44,1.0820062160491943,
1835597083874628241,p05_fashion,True,1,1312,44,1.0934209823608398,
1835597083874628241,p06_foodie,True,1,1323,44,1.0977070331573486,
1835597083874628241,p07_traveler,True,1,1313,44,1.0979089736938477,
1835597083874628241,p08_student,True,1,1317,44,1.098268985748291,
1835597083874628241,p09_entrepreneur,True,1,1318,44,1.0918121337890625,
1835597083874628241,p10_artist,True,1,1316,44,1.1061320304870605,
1835597083874628241,p11_senior,True,1,1317,44,1.0967867374420166,
1835597083874628241,p12_activist,True,1,1321,44,1.1041200160980225,
1835913799955927405,p01_genz_meme,True,1,1289,44,3.848102331161499,
1835913799955927405,p02_fitness,True,1,1280,44,1.0912249088287354,
1835913799955927405,p03_parent,True,1,1282,44,1.1028718948364258,
1835913799955927405,p04_tech_pro,True,1,1283,44,1.0788638591766357,
1835913799955927405,p05_fashion,True,1,1279,44,1.07767915725708,
1835913799955927405,p06_foodie,True,1,1290,44,1.0842571258544922,
1835913799955927405,p07_traveler,True,1,1280,44,1.0809099674224854,
1835913799955927405,p08_student,True,1,1284,44,1.072077989578247,
1835913799955927405,p09_entrepreneur,True,1,1285,44,1.0780410766601562,
1835913799955927405,p10_artist,True,1,1283,44,1.0792171955108643,
1835913799955927405,p11_senior,True,1,1284,44,1.0810012817382812,
1835913799955927405,p12_activist,True,1,1288,44,1.0806870460510254,
1835986857466700194,p01_genz_meme,True,1,1370,44,3.911989688873291,
1835986857466700194,p02_fitness,True,1,1361,44,1.0773470401763916,
1835986857466700194,p03_parent,True,1,1363,44,1.1133618354797363,
1835986857466700194,p04_tech_pro,True,1,1364,44,1.1004209518432617,
1835986857466700194,p05_fashion,True,1,1360,44,1.0953059196472168,
1835986857466700194,p06_foodie,True,1,1371,44,1.1056337356567383,
1835986857466700194,p07_traveler,True,1,1361,44,1.1055071353912354,
1835986857466700194,p08_student,True,1,1365,44,1.1017570495605469,
1835986857466700194,p09_entrepreneur,True,1,1366,44,1.1042091846466064,
1835986857466700194,p10_artist,True,1,1364,44,1.106208086013794,
1835986857466700194,p11_senior,True,1,1365,44,1.0984911918640137,
1835986857466700194,p12_activist,True,1,1369,44,1.186004877090454,
1837477768120943759,p01_genz_meme,True,1,1312,44,3.798738956451416,
1837477768120943759,p02_fitness,True,1,1303,44,1.0719830989837646,
1837477768120943759,p03_parent,True,1,1305,44,1.1052751541137695,
1837477768120943759,p04_tech_pro,True,1,1306,44,1.0953102111816406,
1837477768120943759,p05_fashion,True,1,1302,44,1.0810801982879639,
1837477768120943759,p06_foodie,True,1,1313,44,1.090069055557251,
1837477768120943759,p07_traveler,True,1,1303,44,1.0841467380523682,
1837477768120943759,p08_student,True,1,1307,44,1.0833640098571777,
1837477768120943759,p09_entrepreneur,True,1,1308,44,1.1211228370666504,
1837477768120943759,p10_artist,True,1,1306,44,1.0966358184814453,
1837477768120943759,p11_senior,True,1,1307,44,1.1211631298065186,
1837477768120943759,p12_activist,True,1,1311,44,1.1729469299316406,
1837809546712349311,p01_genz_meme,True,1,1275,44,3.6501197814941406,
1837809546712349311,p02_fitness,True,1,1266,44,1.064051866531372,
1837809546712349311,p03_parent,True,1,1268,44,1.1018109321594238,
1837809546712349311,p04_tech_pro,True,1,1269,44,1.093318223953247,
1837809546712349311,p05_fashion,True,1,1265,44,1.0768389701843262,
1837809546712349311,p06_foodie,True,1,1276,44,1.0851399898529053,
1837809546712349311,p07_traveler,True,1,1266,44,1.09163498878479,
1837809546712349311,p08_student,True,1,1270,44,1.0849950313568115,
1837809546712349311,p09_entrepreneur,True,1,1271,44,1.0857391357421875,
1837809546712349311,p10_artist,True,1,1269,44,1.0812640190124512,
1837809546712349311,p11_senior,True,1,1270,44,1.078969955444336,
1837809546712349311,p12_activist,True,1,1274,44,1.113243818283081,
1838726388733339726,p01_genz_meme,True,1,1281,44,3.6393980979919434,
1838726388733339726,p02_fitness,True,1,1272,44,1.0641491413116455,
1838726388733339726,p03_parent,True,1,1274,44,1.1103298664093018,
1838726388733339726,p04_tech_pro,True,1,1275,44,1.092223882675171,
1838726388733339726,p05_fashion,True,1,1271,44,1.0774099826812744,
1838726388733339726,p06_foodie,True,1,1282,44,1.0778961181640625,
1838726388733339726,p07_traveler,True,1,1272,44,1.0821309089660645,
1838726388733339726,p08_student,True,1,1276,44,1.0859849452972412,
1838726388733339726,p09_entrepreneur,True,1,1277,44,1.0841131210327148,
1838726388733339726,p10_artist,True,1,1275,44,1.0789990425109863,
1838726388733339726,p11_senior,True,1,1276,44,1.0843441486358643,
1838726388733339726,p12_activist,True,1,1280,44,1.0822408199310303,
1839179237962138984,p01_genz_meme,True,1,1270,44,3.641105890274048,
1839179237962138984,p02_fitness,True,1,1261,44,1.0591707229614258,
1839179237962138984,p03_parent,True,1,1263,44,1.1199951171875,
1839179237962138984,p04_tech_pro,True,1,1264,44,1.0923657417297363,
1839179237962138984,p05_fashion,True,1,1260,44,1.0838751792907715,
1839179237962138984,p06_foodie,True,1,1271,44,1.0878100395202637,
1839179237962138984,p07_traveler,True,1,1261,44,1.0809259414672852,
1839179237962138984,p08_student,True,1,1265,44,1.0818989276885986,
1839179237962138984,p09_entrepreneur,True,1,1266,44,1.0832030773162842,
1839179237962138984,p10_artist,True,1,1264,44,1.0786292552947998,
1839179237962138984,p11_senior,True,1,1265,44,1.0784177780151367,
1839179237962138984,p12_activist,True,1,1269,44,1.0861289501190186,
1839495443120088825,p01_genz_meme,True,1,1422,44,3.7402288913726807,
1839495443120088825,p02_fitness,True,1,1413,44,1.2027580738067627,
1839495443120088825,p03_parent,True,1,1415,44,1.2309577465057373,
1839495443120088825,p04_tech_pro,True,1,1416,44,1.2193481922149658,
1839495443120088825,p05_fashion,True,1,1412,44,1.2110440731048584,
1839495443120088825,p06_foodie,True,1,1423,44,1.2218639850616455,
1839495443120088825,p07_traveler,True,1,1413,44,1.2208831310272217,
1839495443120088825,p08_student,True,1,1417,44,1.2109572887420654,
1839495443120088825,p09_entrepreneur,True,1,1418,44,1.218156099319458,
1839495443120088825,p10_artist,True,1,1416,44,1.2200148105621338,
1839495443120088825,p11_senior,True,1,1417,44,1.220160961151123,
1839495443120088825,p12_activist,True,1,1421,44,1.2166268825531006,
1839528768163710205,p01_genz_meme,True,1,1464,44,4.0176777839660645,
1839528768163710205,p02_fitness,True,1,1455,44,1.2051520347595215,
1839528768163710205,p03_parent,True,1,1457,44,1.2293727397918701,
1839528768163710205,p04_tech_pro,True,1,1458,44,1.2081849575042725,
1839528768163710205,p05_fashion,True,1,1454,44,1.216155767440796,
1839528768163710205,p06_foodie,True,1,1465,44,1.2202887535095215,
1839528768163710205,p07_traveler,True,1,1455,44,1.2137491703033447,
1839528768163710205,p08_student,True,1,1459,44,1.2268400192260742,
1839528768163710205,p09_entrepreneur,True,1,1460,44,1.2515990734100342,
1839528768163710205,p10_artist,True,1,1458,44,1.2107117176055908,
1839528768163710205,p11_senior,True,1,1459,44,1.2181909084320068,
1839528768163710205,p12_activist,True,1,1463,44,1.2166190147399902,
1840043381693039553,p01_genz_meme,True,1,1287,44,3.6277010440826416,
1840043381693039553,p02_fitness,True,1,1278,44,1.0600440502166748,
1840043381693039553,p03_parent,True,1,1280,44,1.109696865081787,
1840043381693039553,p04_tech_pro,True,1,1281,44,1.0964488983154297,
1840043381693039553,p05_fashion,True,1,1277,44,1.0786621570587158,
1840043381693039553,p06_foodie,True,1,1288,44,1.0792310237884521,
1840043381693039553,p07_traveler,True,1,1278,44,1.0808510780334473,
1840043381693039553,p08_student,True,1,1282,44,1.0896320343017578,
1840043381693039553,p09_entrepreneur,True,1,1283,44,1.0998671054840088,
1840043381693039553,p10_artist,True,1,1281,44,1.0856900215148926,
1840043381693039553,p11_senior,True,1,1282,44,1.0888941287994385,
1840043381693039553,p12_activist,True,1,1286,44,1.0927679538726807,
1840353219509120696,p01_genz_meme,True,1,1390,44,3.9079599380493164,
1840353219509120696,p02_fitness,True,1,1381,44,1.2441260814666748,
1840353219509120696,p03_parent,True,1,1383,44,1.2473039627075195,
1840353219509120696,p04_tech_pro,True,1,1384,44,1.1822149753570557,
1840353219509120696,p05_fashion,True,1,1380,44,1.1853938102722168,
1840353219509120696,p06_foodie,True,1,1391,44,1.201186180114746,
1840353219509120696,p07_traveler,True,1,1381,44,1.2001848220825195,
1840353219509120696,p08_student,True,1,1385,44,1.1974611282348633,
1840353219509120696,p09_entrepreneur,True,1,1386,44,1.1945836544036865,
1840353219509120696,p10_artist,True,1,1384,44,1.1948699951171875,
1840353219509120696,p11_senior,True,1,1385,44,1.204761028289795,
1840353219509120696,p12_activist,True,1,1389,44,1.196624994277954,
1840499379014911381,p01_genz_meme,True,1,1468,44,3.891016960144043,
1840499379014911381,p02_fitness,True,1,1459,44,1.2194559574127197,
1840499379014911381,p03_parent,True,1,1461,44,1.255019187927246,
1840499379014911381,p04_tech_pro,True,1,1462,44,1.253248929977417,
1840499379014911381,p05_fashion,True,1,1458,44,1.2382798194885254,
1840499379014911381,p06_foodie,True,1,1469,44,1.3307640552520752,
1840499379014911381,p07_traveler,True,1,1459,44,1.2218449115753174,
1840499379014911381,p08_student,True,1,1463,44,1.2349519729614258,
1840499379014911381,p09_entrepreneur,True,1,1464,44,1.2483782768249512,
1840499379014911381,p10_artist,True,1,1462,44,1.2326440811157227,
1840499379014911381,p11_senior,True,1,1463,44,1.2364439964294434,
1840499379014911381,p12_activist,True,1,1467,44,1.2448277473449707,
1840634480423960646,p01_genz_meme,True,1,1419,44,3.916836977005005,
1840634480423960646,p02_fitness,True,1,1410,44,1.1885881423950195,
1840634480423960646,p03_parent,True,1,1412,44,1.2176861763000488,
1840634480423960646,p04_tech_pro,True,1,1413,44,1.207204818725586,
1840634480423960646,p05_fashion,True,1,1409,44,1.202063798904419,
1840634480423960646,p06_foodie,True,1,1420,44,1.2008700370788574,
1840634480423960646,p07_traveler,True,1,1410,44,1.201430082321167,
1840634480423960646,p08_student,True,1,1414,44,1.202817678451538,
1840634480423960646,p09_entrepreneur,True,1,1415,44,1.2022068500518799,
1840634480423960646,p10_artist,True,1,1413,44,1.2018790245056152,
1840634480423960646,p11_senior,True,1,1414,44,1.203005075454712,
1840634480423960646,p12_activist,True,1,1418,44,1.1951329708099365,
1840770285519846977,p01_genz_meme,True,1,1280,44,3.601099729537964,
1840770285519846977,p02_fitness,True,1,1271,44,1.0625698566436768,
1840770285519846977,p03_parent,True,1,1273,44,1.0892548561096191,
1840770285519846977,p04_tech_pro,True,1,1274,44,1.0799541473388672,
1840770285519846977,p05_fashion,True,1,1270,44,1.0773367881774902,
1840770285519846977,p06_foodie,True,1,1281,44,1.0928430557250977,
1840770285519846977,p07_traveler,True,1,1271,44,1.0765297412872314,
1840770285519846977,p08_student,True,1,1275,44,1.0757639408111572,
1840770285519846977,p09_entrepreneur,True,1,1276,44,1.0754570960998535,
1840770285519846977,p10_artist,True,1,1274,44,1.0853779315948486,
1840770285519846977,p11_senior,True,1,1275,44,1.0766172409057617,
1840770285519846977,p12_activist,True,1,1279,44,1.078277826309204,
1840787858992146425,p01_genz_meme,True,1,1293,44,3.787058115005493,
1840787858992146425,p02_fitness,True,1,1284,44,1.0566740036010742,
1840787858992146425,p03_parent,True,1,1286,44,1.0916378498077393,
1840787858992146425,p04_tech_pro,True,1,1287,44,1.0757851600646973,
1840787858992146425,p05_fashion,True,1,1283,44,1.0798070430755615,
1840787858992146425,p06_foodie,True,1,1294,44,1.0831122398376465,
1840787858992146425,p07_traveler,True,1,1284,44,1.0733659267425537,
1840787858992146425,p08_student,True,1,1288,44,1.0766348838806152,
1840787858992146425,p09_entrepreneur,True,1,1289,44,1.07846999168396,
1840787858992146425,p10_artist,True,1,1287,44,1.0813090801239014,
1840787858992146425,p11_senior,True,1,1288,44,1.0742340087890625,
1840787858992146425,p12_activist,True,1,1292,44,1.0800049304962158,
1840800111158330583,p01_genz_meme,True,1,1383,44,3.73056697845459,
1840800111158330583,p02_fitness,True,1,1374,44,1.1940810680389404,
1840800111158330583,p03_parent,True,1,1376,44,1.2130019664764404,
1840800111158330583,p04_tech_pro,True,1,1377,44,1.2010281085968018,
1840800111158330583,p05_fashion,True,1,1373,44,1.1997969150543213,
1840800111158330583,p06_foodie,True,1,1384,44,1.2090609073638916,
1840800111158330583,p07_traveler,True,1,1374,44,1.1973350048065186,
1840800111158330583,p08_student,True,1,1378,44,1.2103002071380615,
1840800111158330583,p09_entrepreneur,True,1,1379,44,1.2103278636932373,
1840800111158330583,p10_artist,True,1,1377,44,1.1949138641357422,
1840800111158330583,p11_senior,True,1,1378,44,1.1937720775604248,
1840800111158330583,p12_activist,True,1,1382,44,1.1985418796539307,
1840888320760263323,p01_genz_meme,True,1,1448,44,3.7635350227355957,
1840888320760263323,p02_fitness,True,1,1439,44,1.2081520557403564,
1840888320760263323,p03_parent,True,1,1441,44,1.2382159233093262,
1840888320760263323,p04_tech_pro,True,1,1442,44,1.2258250713348389,
1840888320760263323,p05_fashion,True,1,1438,44,1.2162740230560303,
1840888320760263323,p06_foodie,True,1,1449,44,1.223402976989746,
1840888320760263323,p07_traveler,True,1,1439,44,1.2296867370605469,
1840888320760263323,p08_student,True,1,1443,44,1.2204179763793945,
1840888320760263323,p09_entrepreneur,True,1,1444,44,1.2194840908050537,
1840888320760263323,p10_artist,True,1,1442,44,1.220257043838501,
1840888320760263323,p11_senior,True,1,1443,44,1.2339329719543457,
1840888320760263323,p12_activist,True,1,1447,44,1.2272098064422607,
1841256950403686303,p01_genz_meme,True,1,1473,44,4.0363147258758545,
1841256950403686303,p02_fitness,True,1,1464,44,1.2260358333587646,
1841256950403686303,p03_parent,True,1,1466,44,1.2493650913238525,
1841256950403686303,p04_tech_pro,True,1,1467,44,1.2299039363861084,
1841256950403686303,p05_fashion,True,1,1463,44,1.2304449081420898,
1841256950403686303,p06_foodie,True,1,1474,44,1.327967882156372,
1841256950403686303,p07_traveler,True,1,1464,44,1.2264361381530762,
1841256950403686303,p08_student,True,1,1468,44,1.2397282123565674,
1841256950403686303,p09_entrepreneur,True,1,1469,44,1.3293602466583252,
1841256950403686303,p10_artist,True,1,1467,44,1.228492021560669,
1841256950403686303,p11_senior,True,1,1468,44,1.240097999572754,
1841256950403686303,p12_activist,True,1,1472,44,1.3342959880828857,
1841325062050692241,p01_genz_meme,True,1,1332,44,3.824774980545044,
1841325062050692241,p02_fitness,True,1,1323,44,1.0752332210540771,
1841325062050692241,p03_parent,True,1,1325,44,1.1105620861053467,
1841325062050692241,p04_tech_pro,True,1,1326,44,1.0946638584136963,
1841325062050692241,p05_fashion,True,1,1322,44,1.0935359001159668,
1841325062050692241,p06_foodie,True,1,1333,44,1.09647798538208,
1841325062050692241,p07_traveler,True,1,1323,44,1.0912611484527588,
1841325062050692241,p08_student,True,1,1327,44,1.1002697944641113,
1841325062050692241,p09_entrepreneur,True,1,1328,44,1.1158640384674072,
1841325062050692241,p10_artist,True,1,1326,44,1.0918009281158447,
1841325062050692241,p11_senior,True,1,1327,44,1.0991661548614502,
1841325062050692241,p12_activist,True,1,1331,44,1.1064679622650146,
1841563879042450448,p01_genz_meme,True,1,1297,44,3.805989980697632,
1841563879042450448,p02_fitness,True,1,1288,44,1.0636160373687744,
1841563879042450448,p03_parent,True,1,1290,44,1.0986099243164062,
1841563879042450448,p04_tech_pro,True,1,1291,44,1.0827100276947021,
1841563879042450448,p05_fashion,True,1,1287,44,1.0764830112457275,
1841563879042450448,p06_foodie,True,1,1298,44,1.0888330936431885,
1841563879042450448,p07_traveler,True,1,1288,44,1.0770196914672852,
1841563879042450448,p08_student,True,1,1292,44,1.08455491065979,
1841563879042450448,p09_entrepreneur,True,1,1293,44,1.0846107006072998,
1841563879042450448,p10_artist,True,1,1291,44,1.118128776550293,
1841563879042450448,p11_senior,True,1,1292,44,1.2068030834197998,
1841563879042450448,p12_activist,True,1,1296,44,1.090764045715332,
1841895609424849310,p01_genz_meme,True,1,1406,44,3.739556074142456,
1841895609424849310,p02_fitness,True,1,1397,44,1.1895959377288818,
1841895609424849310,p03_parent,True,1,1399,44,1.2157959938049316,
1841895609424849310,p04_tech_pro,True,1,1400,44,1.229660987854004,
1841895609424849310,p05_fashion,True,1,1396,44,1.2225229740142822,
1841895609424849310,p06_foodie,True,1,1407,44,1.2226688861846924,
1841895609424849310,p07_traveler,True,1,1397,44,1.2086730003356934,
1841895609424849310,p08_student,True,1,1401,44,1.207237958908081,
1841895609424849310,p09_entrepreneur,True,1,1402,44,1.2108631134033203,
1841895609424849310,p10_artist,True,1,1400,44,1.2072429656982422,
1841895609424849310,p11_senior,True,1,1401,44,1.2054989337921143,
1841895609424849310,p12_activist,True,1,1405,44,1.2078747749328613,
1842144832651298529,p01_genz_meme,True,1,1492,44,4.019777774810791,
1842144832651298529,p02_fitness,True,1,1483,44,1.2213139533996582,
1842144832651298529,p03_parent,True,1,1485,44,1.250697135925293,
1842144832651298529,p04_tech_pro,True,1,1486,44,1.2354300022125244,
1842144832651298529,p05_fashion,True,1,1482,44,1.2343809604644775,
1842144832651298529,p06_foodie,True,1,1493,44,1.324753999710083,
1842144832651298529,p07_traveler,True,1,1483,44,1.2298650741577148,
1842144832651298529,p08_student,True,1,1487,44,1.2396998405456543,
1842144832651298529,p09_entrepreneur,True,1,1488,44,1.2359912395477295,
1842144832651298529,p10_artist,True,1,1486,44,1.2342050075531006,
1842144832651298529,p11_senior,True,1,1487,44,1.2386460304260254,
1842144832651298529,p12_activist,True,1,1491,44,1.320828914642334,
1842199287377552488,p01_genz_meme,True,1,1556,44,3.880466938018799,
1842199287377552488,p02_fitness,True,1,1547,44,1.34480881690979,
1842199287377552488,p03_parent,True,1,1549,44,1.3566582202911377,
1842199287377552488,p04_tech_pro,True,1,1550,44,1.3453090190887451,
1842199287377552488,p05_fashion,True,1,1546,44,1.3522541522979736,
1842199287377552488,p06_foodie,True,1,1557,44,1.3624351024627686,
1842199287377552488,p07_traveler,True,1,1547,44,1.3539888858795166,
1842199287377552488,p08_student,True,1,1551,44,1.379504680633545,
1842199287377552488,p09_entrepreneur,True,1,1552,44,1.3909740447998047,
1842199287377552488,p10_artist,True,1,1550,44,1.455151081085205,
1842199287377552488,p11_senior,True,1,1551,44,1.3575491905212402,
1842199287377552488,p12_activist,True,1,1555,44,1.3912277221679688,
1842211693078445673,p01_genz_meme,True,1,1725,44,4.257918119430542,
1842211693078445673,p02_fitness,True,1,1716,44,1.499582052230835,
1842211693078445673,p03_parent,True,1,1718,44,1.5033080577850342,
1842211693078445673,p04_tech_pro,True,1,1719,44,1.588439702987671,
1842211693078445673,p05_fashion,True,1,1715,44,1.565014123916626,
1842211693078445673,p06_foodie,True,1,1726,44,1.5013039112091064,
1842211693078445673,p07_traveler,True,1,1716,44,1.5113799571990967,
1842211693078445673,p08_student,True,1,1720,44,1.5110688209533691,
1842211693078445673,p09_entrepreneur,True,1,1721,44,1.5046379566192627,
1842211693078445673,p10_artist,True,1,1719,44,1.5040309429168701,
1842211693078445673,p11_senior,True,1,1720,44,1.5003998279571533,
1842211693078445673,p12_activist,True,1,1724,44,1.5149891376495361,
1842247516671072278,p01_genz_meme,True,1,1284,44,3.836273193359375,
1842247516671072278,p02_fitness,True,1,1275,44,1.0601086616516113,
1842247516671072278,p03_parent,True,1,1277,44,1.094238042831421,
1842247516671072278,p04_tech_pro,True,1,1278,44,1.0813748836517334,
1842247516671072278,p05_fashion,True,1,1274,44,1.076997995376587,
1842247516671072278,p06_foodie,True,1,1285,44,1.077326774597168,
1842247516671072278,p07_traveler,True,1,1275,44,1.078131914138794,
1842247516671072278,p08_student,True,1,1279,44,1.0729589462280273,
1842247516671072278,p09_entrepreneur,True,1,1280,44,1.0763671398162842,
1842247516671072278,p10_artist,True,1,1278,44,1.073274850845337,
1842247516671072278,p11_senior,True,1,1279,44,1.098438024520874,
1842247516671072278,p12_activist,True,1,1283,44,1.0864031314849854,
1842313581597607064,p01_genz_meme,True,1,1267,44,3.5924978256225586,
1842313581597607064,p02_fitness,True,1,1258,44,1.055830955505371,
1842313581597607064,p03_parent,True,1,1260,44,1.0932409763336182,
1842313581597607064,p04_tech_pro,True,1,1261,44,1.084519863128662,
1842313581597607064,p05_fashion,True,1,1257,44,1.0702457427978516,
1842313581597607064,p06_foodie,True,1,1268,44,1.079422950744629,
1842313581597607064,p07_traveler,True,1,1258,44,1.1085700988769531,
1842313581597607064,p08_student,True,1,1262,44,1.0624480247497559,
1842313581597607064,p09_entrepreneur,True,1,1263,44,1.0731489658355713,
1842313581597607064,p10_artist,True,1,1261,44,1.0851976871490479,
1842313581597607064,p11_senior,True,1,1262,44,1.0798299312591553,
1842313581597607064,p12_activist,True,1,1266,44,1.0769588947296143,
1842742417449369654,p01_genz_meme,True,1,1421,44,3.952044725418091,
1842742417449369654,p02_fitness,True,1,1412,44,1.1942389011383057,
1842742417449369654,p03_parent,True,1,1414,44,1.2225241661071777,
1842742417449369654,p04_tech_pro,True,1,1415,44,1.209812879562378,
1842742417449369654,p05_fashion,True,1,1411,44,1.209080696105957,
1842742417449369654,p06_foodie,True,1,1422,44,1.2097787857055664,
1842742417449369654,p07_traveler,True,1,1412,44,1.3883109092712402,
1842742417449369654,p08_student,True,1,1416,44,1.233814001083374,
1842742417449369654,p09_entrepreneur,True,1,1417,44,1.2241551876068115,
1842742417449369654,p10_artist,True,1,1415,44,1.1918370723724365,
1842742417449369654,p11_senior,True,1,1416,44,1.2040419578552246,
1842742417449369654,p12_activist,True,1,1420,44,1.2092432975769043,
1842907534202444388,p01_genz_meme,True,1,1304,44,3.8473880290985107,
1842907534202444388,p02_fitness,True,1,1295,44,1.080185890197754,
1842907534202444388,p03_parent,True,1,1297,44,1.1253159046173096,
1842907534202444388,p04_tech_pro,True,1,1298,44,1.1033446788787842,
1842907534202444388,p05_fashion,True,1,1294,44,1.0715100765228271,
1842907534202444388,p06_foodie,True,1,1305,44,1.079348087310791,
1842907534202444388,p07_traveler,True,1,1295,44,1.096290111541748,
1842907534202444388,p08_student,True,1,1299,44,1.0807719230651855,
1842907534202444388,p09_entrepreneur,True,1,1300,44,1.072016954421997,
1842907534202444388,p10_artist,True,1,1298,44,1.082733154296875,
1842907534202444388,p11_senior,True,1,1299,44,1.0813312530517578,
1842907534202444388,p12_activist,True,1,1303,44,1.0955562591552734,
1842983555559333784,p01_genz_meme,True,1,1274,44,3.6122539043426514,
1842983555559333784,p02_fitness,True,1,1265,44,1.0632760524749756,
1842983555559333784,p03_parent,True,1,1267,44,1.0814998149871826,
1842983555559333784,p04_tech_pro,True,1,1268,44,1.0821199417114258,
1842983555559333784,p05_fashion,True,1,1264,44,1.068793773651123,
1842983555559333784,p06_foodie,True,1,1275,44,1.1028480529785156,
1842983555559333784,p07_traveler,True,1,1265,44,1.0787358283996582,
1842983555559333784,p08_student,True,1,1269,44,1.0775799751281738,
1842983555559333784,p09_entrepreneur,True,1,1270,44,1.0769720077514648,
1842983555559333784,p10_artist,True,1,1268,44,1.0757319927215576,
1842983555559333784,p11_senior,True,1,1269,44,1.0788049697875977,
1842983555559333784,p12_activist,True,1,1273,44,1.0780868530273438,
1843039696001691494,p01_genz_meme,True,1,1280,44,3.7977218627929688,
1843039696001691494,p02_fitness,True,1,1271,44,1.0532968044281006,
1843039696001691494,p03_parent,True,1,1273,44,1.1036407947540283,
1843039696001691494,p04_tech_pro,True,1,1274,44,1.0825979709625244,
1843039696001691494,p05_fashion,True,1,1270,44,1.1257288455963135,
1843039696001691494,p06_foodie,True,1,1281,44,1.1492090225219727,
1843039696001691494,p07_traveler,True,1,1271,44,1.0644958019256592,
1843039696001691494,p08_student,True,1,1275,44,1.0644521713256836,
1843039696001691494,p09_entrepreneur,True,1,1276,44,1.0929529666900635,
1843039696001691494,p10_artist,True,1,1274,44,1.0933289527893066,
1843039696001691494,p11_senior,True,1,1275,44,1.1226379871368408,
1843039696001691494,p12_activist,True,1,1279,44,1.0726330280303955,
1843058692742119066,p01_genz_meme,True,1,1438,44,4.019634008407593,
1843058692742119066,p02_fitness,True,1,1429,44,1.2098701000213623,
1843058692742119066,p03_parent,True,1,1431,44,1.232102870941162,
1843058692742119066,p04_tech_pro,True,1,1432,44,1.2165148258209229,
1843058692742119066,p05_fashion,True,1,1428,44,1.2121431827545166,
1843058692742119066,p06_foodie,True,1,1439,44,1.2219719886779785,
1843058692742119066,p07_traveler,True,1,1429,44,1.2170250415802002,
1843058692742119066,p08_student,True,1,1433,44,1.221017837524414,
1843058692742119066,p09_entrepreneur,True,1,1434,44,1.218945026397705,
1843058692742119066,p10_artist,True,1,1432,44,1.216425895690918,
1843058692742119066,p11_senior,True,1,1433,44,1.2212600708007812,
1843058692742119066,p12_activist,True,1,1437,44,1.2099218368530273,
1844404709704924847,p01_genz_meme,True,1,1369,44,3.9203388690948486,
1844404709704924847,p02_fitness,True,1,1360,44,1.0924320220947266,
1844404709704924847,p03_parent,True,1,1362,44,1.2037899494171143,
1844404709704924847,p04_tech_pro,True,1,1363,44,1.1904971599578857,
1844404709704924847,p05_fashion,True,1,1359,44,1.093350887298584,
1844404709704924847,p06_foodie,True,1,1370,44,1.1903681755065918,
1844404709704924847,p07_traveler,True,1,1360,44,1.1026577949523926,
1844404709704924847,p08_student,True,1,1364,44,1.194478988647461,
1844404709704924847,p09_entrepreneur,True,1,1365,44,1.1797308921813965,
1844404709704924847,p10_artist,True,1,1363,44,1.1794991493225098,
1844404709704924847,p11_senior,True,1,1364,44,1.1856017112731934,
1844404709704924847,p12_activist,True,1,1368,44,1.1905410289764404,
1844430155045615436,p01_genz_meme,True,1,1628,44,4.002583026885986,
1844430155045615436,p02_fitness,True,1,1619,44,1.480729103088379,
1844430155045615436,p03_parent,True,1,1621,44,1.4656391143798828,
1844430155045615436,p04_tech_pro,True,1,1622,44,1.4631459712982178,
1844430155045615436,p05_fashion,True,1,1618,44,1.4629011154174805,
1844430155045615436,p06_foodie,True,1,1629,44,1.4719197750091553,
1844430155045615436,p07_traveler,True,1,1619,44,1.463089942932129,
1844430155045615436,p08_student,True,1,1623,44,1.4634418487548828,
1844430155045615436,p09_entrepreneur,True,1,1624,44,1.5086078643798828,
1844430155045615436,p10_artist,True,1,1622,44,1.4559099674224854,
1844430155045615436,p11_senior,True,1,1623,44,1.4666340351104736,
1844430155045615436,p12_activist,True,1,1627,44,1.4742209911346436,
1845088344339717659,p01_genz_meme,True,1,1340,44,3.8114230632781982,
1845088344339717659,p02_fitness,True,1,1331,44,1.0770039558410645,
1845088344339717659,p03_parent,True,1,1333,44,1.1046371459960938,
1845088344339717659,p04_tech_pro,True,1,1334,44,1.0915911197662354,
1845088344339717659,p05_fashion,True,1,1330,44,1.0850210189819336,
1845088344339717659,p06_foodie,True,1,1341,44,1.0949230194091797,
1845088344339717659,p07_traveler,True,1,1331,44,1.0959630012512207,
1845088344339717659,p08_student,True,1,1335,44,1.0912859439849854,
1845088344339717659,p09_entrepreneur,True,1,1336,44,1.0892059803009033,
1845088344339717659,p10_artist,True,1,1334,44,1.0876541137695312,
1845088344339717659,p11_senior,True,1,1335,44,1.0993611812591553,
1845088344339717659,p12_activist,True,1,1339,44,1.0960760116577148,
1845126445221672738,p01_genz_meme,True,1,1385,44,3.7162890434265137,
1845126445221672738,p02_fitness,True,1,1376,44,1.1781070232391357,
1845126445221672738,p03_parent,True,1,1378,44,1.2020070552825928,
1845126445221672738,p04_tech_pro,True,1,1379,44,1.1946959495544434,
1845126445221672738,p05_fashion,True,1,1375,44,1.196523904800415,
1845126445221672738,p06_foodie,True,1,1386,44,1.2067739963531494,
1845126445221672738,p07_traveler,True,1,1376,44,1.1871919631958008,
1845126445221672738,p08_student,True,1,1380,44,1.1850922107696533,
1845126445221672738,p09_entrepreneur,True,1,1381,44,1.1918480396270752,
1845126445221672738,p10_artist,True,1,1379,44,1.1918349266052246,
1845126445221672738,p11_senior,True,1,1380,44,1.182981014251709,
1845126445221672738,p12_activist,True,1,1384,44,1.1880519390106201,
1845154410876088521,p01_genz_meme,True,1,1531,44,4.025989055633545,
1845154410876088521,p02_fitness,True,1,1522,44,1.3224658966064453,
1845154410876088521,p03_parent,True,1,1524,44,1.341346263885498,
1845154410876088521,p04_tech_pro,True,1,1525,44,1.3330471515655518,
1845154410876088521,p05_fashion,True,1,1521,44,1.3203251361846924,
1845154410876088521,p06_foodie,True,1,1532,44,1.3380098342895508,
1845154410876088521,p07_traveler,True,1,1522,44,1.3377768993377686,
1845154410876088521,p08_student,True,1,1526,44,1.3662889003753662,
1845154410876088521,p09_entrepreneur,True,1,1527,44,1.3813178539276123,
1845154410876088521,p10_artist,True,1,1525,44,1.3284916877746582,
1845154410876088521,p11_senior,True,1,1526,44,1.3464171886444092,
1845154410876088521,p12_activist,True,1,1530,44,1.3385589122772217,
1845936225023647244,p01_genz_meme,True,1,1346,44,3.712306022644043,
1845936225023647244,p02_fitness,True,1,1337,44,1.084932804107666,
1845936225023647244,p03_parent,True,1,1339,44,1.1168692111968994,
1845936225023647244,p04_tech_pro,True,1,1340,44,1.1051769256591797,
1845936225023647244,p05_fashion,True,1,1336,44,1.1026499271392822,
1845936225023647244,p06_foodie,True,1,1347,44,1.248478889465332,
1845936225023647244,p07_traveler,True,1,1337,44,1.1130266189575195,
1845936225023647244,p08_student,True,1,1341,44,1.1818270683288574,
1845936225023647244,p09_entrepreneur,True,1,1342,44,1.1916570663452148,
1845936225023647244,p10_artist,True,1,1340,44,1.141801118850708,
1845936225023647244,p11_senior,True,1,1341,44,1.1912329196929932,
1845936225023647244,p12_activist,True,1,1345,44,1.1785528659820557,
1845996102907955929,p01_genz_meme,True,1,1339,44,3.7601678371429443,
1845996102907955929,p02_fitness,True,1,1330,44,1.082425832748413,
1845996102907955929,p03_parent,True,1,1332,44,1.120819091796875,
1845996102907955929,p04_tech_pro,True,1,1333,44,1.112658977508545,
1845996102907955929,p05_fashion,True,1,1329,44,1.1001620292663574,
1845996102907955929,p06_foodie,True,1,1340,44,1.0958738327026367,
1845996102907955929,p07_traveler,True,1,1330,44,1.0988640785217285,
1845996102907955929,p08_student,True,1,1334,44,1.1058530807495117,
1845996102907955929,p09_entrepreneur,True,1,1335,44,1.1119539737701416,
1845996102907955929,p10_artist,True,1,1333,44,1.1084070205688477,
1845996102907955929,p11_senior,True,1,1334,44,1.1113910675048828,
1845996102907955929,p12_activist,True,1,1338,44,1.1116971969604492,
1846304659649888993,p01_genz_meme,True,1,1316,44,3.63747501373291,
1846304659649888993,p02_fitness,True,1,1307,44,1.0787630081176758,
1846304659649888993,p03_parent,True,1,1309,44,1.1185269355773926,
1846304659649888993,p04_tech_pro,True,1,1310,44,1.0982472896575928,
1846304659649888993,p05_fashion,True,1,1306,44,1.090303897857666,
1846304659649888993,p06_foodie,True,1,1317,44,1.0966289043426514,
1846304659649888993,p07_traveler,True,1,1307,44,1.0937938690185547,
1846304659649888993,p08_student,True,1,1311,44,1.104590892791748,
1846304659649888993,p09_entrepreneur,True,1,1312,44,1.097667932510376,
1846304659649888993,p10_artist,True,1,1310,44,1.0896329879760742,
1846304659649888993,p11_senior,True,1,1311,44,1.1160099506378174,
1846304659649888993,p12_activist,True,1,1315,44,1.2168688774108887,
1846581893798869678,p01_genz_meme,True,1,1483,44,4.0382399559021,
1846581893798869678,p02_fitness,True,1,1474,44,1.2380640506744385,
1846581893798869678,p03_parent,True,1,1476,44,1.2529306411743164,
1846581893798869678,p04_tech_pro,True,1,1477,44,1.2323050498962402,
1846581893798869678,p05_fashion,True,1,1473,44,1.2353332042694092,
1846581893798869678,p06_foodie,True,1,1484,44,1.2415480613708496,
1846581893798869678,p07_traveler,True,1,1474,44,1.2345819473266602,
1846581893798869678,p08_student,True,1,1478,44,1.2313499450683594,
1846581893798869678,p09_entrepreneur,True,1,1479,44,1.2304821014404297,
1846581893798869678,p10_artist,True,1,1477,44,1.2362771034240723,
1846581893798869678,p11_senior,True,1,1478,44,1.2411940097808838,
1846581893798869678,p12_activist,True,1,1482,44,1.2341623306274414,
1846752970719356421,p01_genz_meme,True,1,1314,44,3.6581737995147705,
1846752970719356421,p02_fitness,True,1,1305,44,1.0752382278442383,
1846752970719356421,p03_parent,True,1,1307,44,1.1067638397216797,
1846752970719356421,p04_tech_pro,True,1,1308,44,1.0970349311828613,
1846752970719356421,p05_fashion,True,1,1304,44,1.0890159606933594,
1846752970719356421,p06_foodie,True,1,1315,44,1.0970180034637451,
1846752970719356421,p07_traveler,True,1,1305,44,1.0940728187561035,
1846752970719356421,p08_student,True,1,1309,44,1.0963380336761475,
1846752970719356421,p09_entrepreneur,True,1,1310,44,1.09682297706604,
1846752970719356421,p10_artist,True,1,1308,44,1.0941269397735596,
1846752970719356421,p11_senior,True,1,1309,44,1.0986859798431396,
1846752970719356421,p12_activist,True,1,1313,44,1.092350959777832,
1846756069217867400,p01_genz_meme,True,1,1458,44,3.9430510997772217,
1846756069217867400,p02_fitness,True,1,1449,44,1.2102649211883545,
1846756069217867400,p03_parent,True,1,1451,44,1.2434120178222656,
1846756069217867400,p04_tech_pro,True,1,1452,44,1.2264189720153809,
1846756069217867400,p05_fashion,True,1,1448,44,1.2159109115600586,
1846756069217867400,p06_foodie,True,1,1459,44,1.223585844039917,
1846756069217867400,p07_traveler,True,1,1449,44,1.2389099597930908,
1846756069217867400,p08_student,True,1,1453,44,1.2672393321990967,
1846756069217867400,p09_entrepreneur,True,1,1454,44,1.2285919189453125,
1846756069217867400,p10_artist,True,1,1452,44,1.2127962112426758,
1846756069217867400,p11_senior,True,1,1453,44,1.2204170227050781,
1846756069217867400,p12_activist,True,1,1457,44,1.2378458976745605,
1847295210154176066,p01_genz_meme,True,1,1696,44,4.027864933013916,
1847295210154176066,p02_fitness,True,1,1687,44,1.4933781623840332,
1847295210154176066,p03_parent,True,1,1689,44,1.5064899921417236,
1847295210154176066,p04_tech_pro,True,1,1690,44,1.5041956901550293,
1847295210154176066,p05_fashion,True,1,1686,44,1.5038280487060547,
1847295210154176066,p06_foodie,True,1,1697,44,1.5427851676940918,
1847295210154176066,p07_traveler,True,1,1687,44,1.57011079788208,
1847295210154176066,p08_student,True,1,1691,44,1.4922592639923096,
1847295210154176066,p09_entrepreneur,True,1,1692,44,1.4950580596923828,
1847295210154176066,p10_artist,True,1,1690,44,1.5027570724487305,
1847295210154176066,p11_senior,True,1,1691,44,1.5099079608917236,
1847295210154176066,p12_activist,True,1,1695,44,1.502830982208252,
1847416666938691896,p01_genz_meme,True,1,1286,44,3.945103883743286,
1847416666938691896,p02_fitness,True,1,1277,44,1.0661680698394775,
1847416666938691896,p03_parent,True,1,1279,44,1.100019931793213,
1847416666938691896,p04_tech_pro,True,1,1280,44,1.0772948265075684,
1847416666938691896,p05_fashion,True,1,1276,44,1.082035779953003,
1847416666938691896,p06_foodie,True,1,1287,44,1.1518199443817139,
1847416666938691896,p07_traveler,True,1,1277,44,1.115609884262085,
1847416666938691896,p08_student,True,1,1281,44,1.4336299896240234,
1847416666938691896,p09_entrepreneur,True,1,1282,44,1.6620478630065918,
1847416666938691896,p10_artist,True,1,1280,44,1.1209039688110352,
1847416666938691896,p11_senior,True,1,1281,44,1.1037230491638184,
1847416666938691896,p12_activist,True,1,1285,44,1.1312310695648193,
1847669554790502885,p01_genz_meme,True,1,1337,44,4.321068048477173,
1847669554790502885,p02_fitness,True,1,1328,44,1.3323490619659424,
1847669554790502885,p03_parent,True,1,1330,44,1.2808220386505127,
1847669554790502885,p04_tech_pro,True,1,1331,44,1.1482751369476318,
1847669554790502885,p05_fashion,True,1,1327,44,1.1516659259796143,
1847669554790502885,p06_foodie,True,1,1338,44,1.1809473037719727,
1847669554790502885,p07_traveler,True,1,1328,44,1.3547029495239258,
1847669554790502885,p08_student,True,1,1332,44,1.1893410682678223,
1847669554790502885,p09_entrepreneur,True,1,1333,44,1.1948201656341553,
1847669554790502885,p10_artist,True,1,1331,44,1.1736671924591064,
1847669554790502885,p11_senior,True,1,1332,44,1.2037591934204102,
1847669554790502885,p12_activist,True,1,1336,44,1.2465548515319824,
1847706965231238451,p01_genz_meme,True,1,1302,44,3.9083430767059326,
1847706965231238451,p02_fitness,True,1,1293,44,1.0636789798736572,
1847706965231238451,p03_parent,True,1,1295,44,1.276533842086792,
1847706965231238451,p04_tech_pro,True,1,1296,44,1.1226041316986084,
1847706965231238451,p05_fashion,True,1,1292,44,1.1562449932098389,
1847706965231238451,p06_foodie,True,1,1303,44,1.1908400058746338,
1847706965231238451,p07_traveler,True,1,1293,44,1.1340279579162598,
1847706965231238451,p08_student,True,1,1297,44,1.3730881214141846,
1847706965231238451,p09_entrepreneur,True,1,1298,44,1.5111098289489746,
1847706965231238451,p10_artist,True,1,1296,44,1.1106810569763184,
1847706965231238451,p11_senior,True,1,1297,44,1.1217091083526611,
1847706965231238451,p12_activist,True,1,1301,44,1.1839287281036377,
1848118447189110723,p01_genz_meme,True,1,1342,44,4.0254807472229,
1848118447189110723,p02_fitness,True,1,1333,44,1.2354440689086914,
1848118447189110723,p03_parent,True,1,1335,44,1.409473180770874,
1848118447189110723,p04_tech_pro,True,1,1336,44,1.1999218463897705,
1848118447189110723,p05_fashion,True,1,1332,44,1.2022380828857422,
1848118447189110723,p06_foodie,True,1,1343,44,1.1862950325012207,
1848118447189110723,p07_traveler,True,1,1333,44,1.1724939346313477,
1848118447189110723,p08_student,True,1,1337,44,1.1621341705322266,
1848118447189110723,p09_entrepreneur,True,1,1338,44,1.4013078212738037,
1848118447189110723,p10_artist,True,1,1336,44,1.1902220249176025,
1848118447189110723,p11_senior,True,1,1337,44,1.1733109951019287,
1848118447189110723,p12_activist,True,1,1341,44,1.2061700820922852,
1848138184057469452,p01_genz_meme,True,1,1511,44,4.608575105667114,
1848138184057469452,p02_fitness,True,1,1502,44,1.6928308010101318,
1848138184057469452,p03_parent,True,1,1504,44,1.4956109523773193,
1848138184057469452,p04_tech_pro,True,1,1505,44,1.6121079921722412,
1848138184057469452,p05_fashion,True,1,1501,44,1.3806920051574707,
1848138184057469452,p06_foodie,True,1,1512,44,1.410402774810791,
1848138184057469452,p07_traveler,True,1,1502,44,1.4599361419677734,
1848138184057469452,p08_student,True,1,1506,44,1.3872318267822266,
1848138184057469452,p09_entrepreneur,True,1,1507,44,1.4050569534301758,
1848138184057469452,p10_artist,True,1,1505,44,1.384371042251587,
1848138184057469452,p11_senior,True,1,1506,44,1.7616479396820068,
1848138184057469452,p12_activist,True,1,1510,44,1.4305031299591064,
1848535796116000325,p01_genz_meme,True,1,1334,44,4.2064313888549805,
1848535796116000325,p02_fitness,True,1,1325,44,1.5173561573028564,
1848535796116000325,p03_parent,True,1,1327,44,1.1459498405456543,
1848535796116000325,p04_tech_pro,True,1,1328,44,1.126121997833252,
1848535796116000325,p05_fashion,True,1,1324,44,1.158905029296875,
1848535796116000325,p06_foodie,True,1,1335,44,1.164829969406128,
1848535796116000325,p07_traveler,True,1,1325,44,1.2541749477386475,
1848535796116000325,p08_student,True,1,1329,44,1.4836578369140625,
1848535796116000325,p09_entrepreneur,True,1,1330,44,1.351797103881836,
1848535796116000325,p10_artist,True,1,1328,44,1.2297379970550537,
1848535796116000325,p11_senior,True,1,1329,44,1.20182204246521,
1848535796116000325,p12_activist,True,1,1333,44,1.479647159576416,
1848782237395590614,p01_genz_meme,True,1,1451,44,4.008208751678467,
1848782237395590614,p02_fitness,True,1,1442,44,1.3820531368255615,
1848782237395590614,p03_parent,True,1,1444,44,1.47141695022583,
1848782237395590614,p04_tech_pro,True,1,1445,44,1.618163824081421,
1848782237395590614,p05_fashion,True,1,1441,44,1.3294909000396729,
1848782237395590614,p06_foodie,True,1,1452,44,1.3288969993591309,
1848782237395590614,p07_traveler,True,1,1442,44,1.3398869037628174,
1848782237395590614,p08_student,True,1,1446,44,1.3792328834533691,
1848782237395590614,p09_entrepreneur,True,1,1447,44,1.3690028190612793,
1848782237395590614,p10_artist,True,1,1445,44,1.2744009494781494,
1848782237395590614,p11_senior,True,1,1446,44,1.3142988681793213,
1848782237395590614,p12_activist,True,1,1450,44,1.4149610996246338,
1848825289770805547,p01_genz_meme,True,1,1293,44,4.1833579540252686,
1848825289770805547,p02_fitness,True,1,1284,44,1.1708040237426758,
1848825289770805547,p03_parent,True,1,1286,44,1.5559852123260498,
1848825289770805547,p04_tech_pro,True,1,1287,44,1.2950708866119385,
1848825289770805547,p05_fashion,True,1,1283,44,1.1058950424194336,
1848825289770805547,p06_foodie,True,1,1294,44,1.170496940612793,
1848825289770805547,p07_traveler,True,1,1284,44,1.165341854095459,
1848825289770805547,p08_student,True,1,1288,44,1.1475470066070557,
1848825289770805547,p09_entrepreneur,True,1,1289,44,1.1438708305358887,
1848825289770805547,p10_artist,True,1,1287,44,1.2998249530792236,
1848825289770805547,p11_senior,True,1,1288,44,1.277156114578247,
1848825289770805547,p12_activist,True,1,1292,44,1.5039727687835693,
1848862973169123246,p01_genz_meme,True,1,1341,44,4.381293058395386,
1848862973169123246,p02_fitness,True,1,1332,44,1.124830961227417,
1848862973169123246,p03_parent,True,1,1334,44,1.270460844039917,
1848862973169123246,p04_tech_pro,True,1,1335,44,1.2049481868743896,
1848862973169123246,p05_fashion,True,1,1331,44,1.1888270378112793,
1848862973169123246,p06_foodie,True,1,1342,44,1.3410768508911133,
1848862973169123246,p07_traveler,True,1,1332,44,1.4596221446990967,
1848862973169123246,p08_student,True,1,1336,44,1.5144941806793213,
1848862973169123246,p09_entrepreneur,True,1,1337,44,1.3389570713043213,
1848862973169123246,p10_artist,True,1,1335,44,1.366204023361206,
1848862973169123246,p11_senior,True,1,1336,44,1.2774970531463623,
1848862973169123246,p12_activist,True,1,1340,44,1.2510449886322021,
1849450336169178633,p01_genz_meme,True,1,1319,44,4.207303285598755,
1849450336169178633,p02_fitness,True,1,1310,44,1.1131141185760498,
1849450336169178633,p03_parent,True,1,1312,44,1.3280739784240723,
1849450336169178633,p04_tech_pro,True,1,1313,44,1.1851799488067627,
1849450336169178633,p05_fashion,True,1,1309,44,1.1986889839172363,
1849450336169178633,p06_foodie,True,1,1320,44,1.2299630641937256,
1849450336169178633,p07_traveler,True,1,1310,44,1.191575050354004,
1849450336169178633,p08_student,True,1,1314,44,1.200517177581787,
1849450336169178633,p09_entrepreneur,True,1,1315,44,1.2360279560089111,
1849450336169178633,p10_artist,True,1,1313,44,1.2291619777679443,
1849450336169178633,p11_senior,True,1,1314,44,1.1932690143585205,
1849450336169178633,p12_activist,True,1,1318,44,1.1948869228363037,
1849798604303126883,p01_genz_meme,True,1,1336,44,4.279051065444946,
1849798604303126883,p02_fitness,True,1,1327,44,1.116710901260376,
1849798604303126883,p03_parent,True,1,1329,44,1.3532171249389648,
1849798604303126883,p04_tech_pro,True,1,1330,44,1.2372150421142578,
1849798604303126883,p05_fashion,True,1,1326,44,1.1733341217041016,
1849798604303126883,p06_foodie,True,1,1337,44,1.2534379959106445,
1849798604303126883,p07_traveler,True,1,1327,44,1.2198920249938965,
1849798604303126883,p08_student,True,1,1331,44,1.2042319774627686,
1849798604303126883,p09_entrepreneur,True,1,1332,44,1.218993902206421,
1849798604303126883,p10_artist,True,1,1330,44,1.1705410480499268,
1849798604303126883,p11_senior,True,1,1331,44,1.3224620819091797,
1849798604303126883,p12_activist,True,1,1335,44,1.2648160457611084,
1850110109609330124,p01_genz_meme,True,1,1435,44,4.425156831741333,
1850110109609330124,p02_fitness,True,1,1426,44,1.2809059619903564,
1850110109609330124,p03_parent,True,1,1428,44,1.463484764099121,
1850110109609330124,p04_tech_pro,True,1,1429,44,1.3329548835754395,
1850110109609330124,p05_fashion,True,1,1425,44,1.4269890785217285,
1850110109609330124,p06_foodie,True,1,1436,44,1.3530900478363037,
1850110109609330124,p07_traveler,True,1,1426,44,1.4656870365142822,
1850110109609330124,p08_student,True,1,1430,44,1.3164727687835693,
1850110109609330124,p09_entrepreneur,True,1,1431,44,1.4087529182434082,
1850110109609330124,p10_artist,True,1,1429,44,1.3457927703857422,
1850110109609330124,p11_senior,True,1,1430,44,1.3613791465759277,
1850110109609330124,p12_activist,True,1,1434,44,1.3575432300567627,
1850222166554277165,p01_genz_meme,True,1,1286,44,4.25996994972229,
1850222166554277165,p02_fitness,True,1,1277,44,1.1069748401641846,
1850222166554277165,p03_parent,True,1,1279,44,1.3527169227600098,
1850222166554277165,p04_tech_pro,True,1,1280,44,1.2267582416534424,
1850222166554277165,p05_fashion,True,1,1276,44,1.1755011081695557,
1850222166554277165,p06_foodie,True,1,1287,44,1.250046968460083,
1850222166554277165,p07_traveler,True,1,1277,44,1.2216520309448242,
1850222166554277165,p08_student,True,1,1281,44,1.2033782005310059,
1850222166554277165,p09_entrepreneur,True,1,1282,44,1.1919469833374023,
1850222166554277165,p10_artist,True,1,1280,44,1.2925848960876465,
1850222166554277165,p11_senior,True,1,1281,44,1.198396921157837,
1850222166554277165,p12_activist,True,1,1285,44,1.211907148361206,
1850460392738558543,p01_genz_meme,True,1,1415,44,4.199970960617065,
1850460392738558543,p02_fitness,True,1,1406,44,1.3568298816680908,
1850460392738558543,p03_parent,True,1,1408,44,1.552070140838623,
1850460392738558543,p04_tech_pro,True,1,1409,44,1.3275437355041504,
1850460392738558543,p05_fashion,True,1,1405,44,1.4053690433502197,
1850460392738558543,p06_foodie,True,1,1416,44,1.3456830978393555,
1850460392738558543,p07_traveler,True,1,1406,44,1.4210660457611084,
1850460392738558543,p08_student,True,1,1410,44,1.4249320030212402,
1850460392738558543,p09_entrepreneur,True,1,1411,44,1.429306983947754,
1850460392738558543,p10_artist,True,1,1409,44,1.3590600490570068,
1850460392738558543,p11_senior,True,1,1410,44,1.5581130981445312,
1850460392738558543,p12_activist,True,1,1414,44,1.335326910018921,
1850777284560933985,p01_genz_meme,True,1,1267,44,4.130290985107422,
1850777284560933985,p02_fitness,True,1,1258,44,1.1236588954925537,
1850777284560933985,p03_parent,True,1,1260,44,1.406930923461914,
1850777284560933985,p04_tech_pro,True,1,1261,44,1.2175819873809814,
1850777284560933985,p05_fashion,True,1,1257,44,1.1854968070983887,
1850777284560933985,p06_foodie,True,1,1268,44,1.2657496929168701,
1850777284560933985,p07_traveler,True,1,1258,44,1.2030820846557617,
1850777284560933985,p08_student,True,1,1262,44,1.2205588817596436,
1850777284560933985,p09_entrepreneur,True,1,1263,44,1.2461459636688232,
1850777284560933985,p10_artist,True,1,1261,44,1.2004601955413818,
1850777284560933985,p11_senior,True,1,1262,44,1.255924940109253,
1850777284560933985,p12_activist,True,1,1266,44,1.2129032611846924,
1850922856377346187,p01_genz_meme,True,1,1651,44,4.833841323852539,
1850922856377346187,p02_fitness,True,1,1642,44,1.7620420455932617,
1850922856377346187,p03_parent,True,1,1644,44,1.7374169826507568,
1850922856377346187,p04_tech_pro,True,1,1645,44,1.525968074798584,
1850922856377346187,p05_fashion,True,1,1641,44,1.5642149448394775,
1850922856377346187,p06_foodie,True,1,1652,44,1.6048262119293213,
1850922856377346187,p07_traveler,True,1,1642,44,1.6160938739776611,
1850922856377346187,p08_student,True,1,1646,44,1.7066552639007568,
1850922856377346187,p09_entrepreneur,True,1,1647,44,1.5387730598449707,
1850922856377346187,p10_artist,True,1,1645,44,1.6405739784240723,
1850922856377346187,p11_senior,True,1,1646,44,1.5758941173553467,
1850922856377346187,p12_activist,True,1,1650,44,1.6308541297912598,
1851099434195082959,p01_genz_meme,True,1,1360,44,4.299661874771118,
1851099434195082959,p02_fitness,True,1,1351,44,1.3682880401611328,
1851099434195082959,p03_parent,True,1,1353,44,1.5099928379058838,
1851099434195082959,p04_tech_pro,True,1,1354,44,1.4051501750946045,
1851099434195082959,p05_fashion,True,1,1350,44,1.354726791381836,
1851099434195082959,p06_foodie,True,1,1361,44,1.4591400623321533,
1851099434195082959,p07_traveler,True,1,1351,44,1.3851361274719238,
1851099434195082959,p08_student,True,1,1355,44,1.4073410034179688,
1851099434195082959,p09_entrepreneur,True,1,1356,44,1.373608112335205,
1851099434195082959,p10_artist,True,1,1354,44,1.3979461193084717,
1851099434195082959,p11_senior,True,1,1355,44,1.3743689060211182,
1851099434195082959,p12_activist,True,1,1359,44,1.428861141204834,
1851380443452320538,p01_genz_meme,True,1,1575,44,4.6930999755859375,
1851380443452320538,p02_fitness,True,1,1566,44,1.5567131042480469,
1851380443452320538,p03_parent,True,1,1568,44,1.6483349800109863,
1851380443452320538,p04_tech_pro,True,1,1569,44,1.5671007633209229,
1851380443452320538,p05_fashion,True,1,1565,44,1.6498820781707764,
1851380443452320538,p06_foodie,True,1,1576,44,1.5849831104278564,
1851380443452320538,p07_traveler,True,1,1566,44,1.5975921154022217,
1851380443452320538,p08_student,True,1,1570,44,1.601069688796997,
1851380443452320538,p09_entrepreneur,True,1,1571,44,1.6044883728027344,
1851380443452320538,p10_artist,True,1,1569,44,1.6394891738891602,
1851380443452320538,p11_senior,True,1,1570,44,1.6679778099060059,
1851380443452320538,p12_activist,True,1,1574,44,1.5970749855041504,
1851711802678178965,p01_genz_meme,True,1,1280,44,4.321713924407959,
1851711802678178965,p02_fitness,True,1,1271,44,1.1802659034729004,
1851711802678178965,p03_parent,True,1,1273,44,1.4177498817443848,
1851711802678178965,p04_tech_pro,True,1,1274,44,1.3263437747955322,
1851711802678178965,p05_fashion,True,1,1270,44,1.3543341159820557,
1851711802678178965,p06_foodie,True,1,1281,44,1.3481998443603516,
1851711802678178965,p07_traveler,True,1,1271,44,1.3259220123291016,
1851711802678178965,p08_student,True,1,1275,44,1.3232529163360596,
1851711802678178965,p09_entrepreneur,True,1,1276,44,1.3277430534362793,
1851711802678178965,p10_artist,True,1,1274,44,1.3763859272003174,
1851711802678178965,p11_senior,True,1,1275,44,1.223114013671875,
1851711802678178965,p12_activist,True,1,1279,44,1.3514378070831299,
1852060679951956801,p01_genz_meme,True,1,1690,44,4.650308132171631,
1852060679951956801,p02_fitness,True,1,1681,44,1.8007781505584717,
1852060679951956801,p03_parent,True,1,1683,44,1.768064022064209,
1852060679951956801,p04_tech_pro,True,1,1684,44,1.7451608180999756,
1852060679951956801,p05_fashion,True,1,1680,44,1.7795886993408203,
1852060679951956801,p06_foodie,True,1,1691,44,1.8805968761444092,
1852060679951956801,p07_traveler,True,1,1681,44,1.7873902320861816,
1852060679951956801,p08_student,True,1,1685,44,1.810067892074585,
1852060679951956801,p09_entrepreneur,True,1,1686,44,1.7551639080047607,
1852060679951956801,p10_artist,True,1,1684,44,1.7806808948516846,
1852060679951956801,p11_senior,True,1,1685,44,1.8557188510894775,
1852060679951956801,p12_activist,True,1,1689,44,1.8984041213989258,
1852084622473687789,p01_genz_meme,True,1,1458,44,4.556307792663574,
1852084622473687789,p02_fitness,True,1,1449,44,1.54561185836792,
1852084622473687789,p03_parent,True,1,1451,44,1.632824182510376,
1852084622473687789,p04_tech_pro,True,1,1452,44,1.5235960483551025,
1852084622473687789,p05_fashion,True,1,1448,44,1.558941125869751,
1852084622473687789,p06_foodie,True,1,1459,44,1.4591400623321533,
1852084622473687789,p07_traveler,True,1,1449,44,1.5368778705596924,
1852084622473687789,p08_student,True,1,1453,44,1.4788849353790283,
1852084622473687789,p09_entrepreneur,True,1,1454,44,1.4995489120483398,
1852084622473687789,p10_artist,True,1,1452,44,1.5502629280090332,
1852084622473687789,p11_senior,True,1,1453,44,1.4918029308319092,
1852084622473687789,p12_activist,True,1,1457,44,1.5832231044769287,
1852264394170274430,p01_genz_meme,True,1,1269,44,4.267725944519043,
1852264394170274430,p02_fitness,True,1,1260,44,1.3243839740753174,
1852264394170274430,p03_parent,True,1,1262,44,1.4798390865325928,
1852264394170274430,p04_tech_pro,True,1,1263,44,1.2307279109954834,
1852264394170274430,p05_fashion,True,1,1259,44,1.4382672309875488,
1852264394170274430,p06_foodie,True,1,1270,44,1.4928839206695557,
1852264394170274430,p07_traveler,True,1,1260,44,1.2102138996124268,
1852264394170274430,p08_student,True,1,1264,44,1.277761697769165,
1852264394170274430,p09_entrepreneur,True,1,1265,44,1.344285249710083,
1852264394170274430,p10_artist,True,1,1263,44,1.354588270187378,
1852264394170274430,p11_senior,True,1,1264,44,1.2266240119934082,
1852264394170274430,p12_activist,True,1,1268,44,1.4841217994689941,
1852286651209151132,p01_genz_meme,True,1,1470,44,4.517909049987793,
1852286651209151132,p02_fitness,True,1,1461,44,1.4766058921813965,
1852286651209151132,p03_parent,True,1,1463,44,1.627394199371338,
1852286651209151132,p04_tech_pro,True,1,1464,44,1.4873402118682861,
1852286651209151132,p05_fashion,True,1,1460,44,1.5388131141662598,
1852286651209151132,p06_foodie,True,1,1471,44,1.643003225326538,
1852286651209151132,p07_traveler,True,1,1461,44,1.4394290447235107,
1852286651209151132,p08_student,True,1,1465,44,1.5277152061462402,
1852286651209151132,p09_entrepreneur,True,1,1466,44,1.508800983428955,
1852286651209151132,p10_artist,True,1,1464,44,1.4770290851593018,
1852286651209151132,p11_senior,True,1,1465,44,1.452059030532837,
1852286651209151132,p12_activist,True,1,1469,44,1.648892879486084,
1852509794792247816,p01_genz_meme,True,1,1283,44,4.220257043838501,
1852509794792247816,p02_fitness,True,1,1274,44,1.242034912109375,
1852509794792247816,p03_parent,True,1,1276,44,1.4692480564117432,
1852509794792247816,p04_tech_pro,True,1,1277,44,1.2341821193695068,
1852509794792247816,p05_fashion,True,1,1273,44,1.3753280639648438,
1852509794792247816,p06_foodie,True,1,1284,44,1.373373031616211,
1852509794792247816,p07_traveler,True,1,1274,44,1.2656769752502441,
1852509794792247816,p08_student,True,1,1278,44,1.3071651458740234,
1852509794792247816,p09_entrepreneur,True,1,1279,44,1.3310611248016357,
1852509794792247816,p10_artist,True,1,1277,44,1.422773838043213,
1852509794792247816,p11_senior,True,1,1278,44,1.5046589374542236,
1852509794792247816,p12_activist,True,1,1282,44,1.2714018821716309,
1852658245504693096,p01_genz_meme,True,1,1433,44,4.667362213134766,
1852658245504693096,p02_fitness,True,1,1424,44,1.5112340450286865,
1852658245504693096,p03_parent,True,1,1426,44,1.5695908069610596,
1852658245504693096,p04_tech_pro,True,1,1427,44,1.4599919319152832,
1852658245504693096,p05_fashion,True,1,1423,44,1.4926090240478516,
1852658245504693096,p06_foodie,True,1,1434,44,1.492760181427002,
1852658245504693096,p07_traveler,True,1,1424,44,1.5485751628875732,
1852658245504693096,p08_student,True,1,1428,44,1.5780541896820068,
1852658245504693096,p09_entrepreneur,True,1,1429,44,1.5885231494903564,
1852658245504693096,p10_artist,True,1,1427,44,1.4489459991455078,
1852658245504693096,p11_senior,True,1,1428,44,1.5421390533447266,
1852658245504693096,p12_activist,True,1,1432,44,1.4555611610412598,
1853200205048821106,p01_genz_meme,True,1,1289,44,4.554650068283081,
1853200205048821106,p02_fitness,True,1,1280,44,1.3255951404571533,
1853200205048821106,p03_parent,True,1,1282,44,1.4750349521636963,
1853200205048821106,p04_tech_pro,True,1,1283,44,1.2914419174194336,
1853200205048821106,p05_fashion,True,1,1279,44,1.3149278163909912,
1853200205048821106,p06_foodie,True,1,1290,44,1.4199488162994385,
1853200205048821106,p07_traveler,True,1,1280,44,1.2759802341461182,
1853200205048821106,p08_student,True,1,1284,44,1.3565869331359863,
1853200205048821106,p09_entrepreneur,True,1,1285,44,1.4066290855407715,
1853200205048821106,p10_artist,True,1,1283,44,1.3317670822143555,
1853200205048821106,p11_senior,True,1,1284,44,1.3707408905029297,
1853200205048821106,p12_activist,True,1,1288,44,1.3523499965667725,
1853643024028177897,p01_genz_meme,True,1,1390,44,4.724783897399902,
1853643024028177897,p02_fitness,True,1,1381,44,1.4664058685302734,
1853643024028177897,p03_parent,True,1,1383,44,1.5993638038635254,
1853643024028177897,p04_tech_pro,True,1,1384,44,1.4042551517486572,
1853643024028177897,p05_fashion,True,1,1380,44,1.509925127029419,
1853643024028177897,p06_foodie,True,1,1391,44,1.630141019821167,
1853643024028177897,p07_traveler,True,1,1381,44,1.5413792133331299,
1853643024028177897,p08_student,True,1,1385,44,1.4378440380096436,
1853643024028177897,p09_entrepreneur,True,1,1386,44,1.5043509006500244,
1853643024028177897,p10_artist,True,1,1384,44,1.447524070739746,
1853643024028177897,p11_senior,True,1,1385,44,1.483612060546875,
1853643024028177897,p12_activist,True,1,1389,44,1.5646991729736328,
1853674892342229395,p01_genz_meme,True,1,1432,44,4.45621132850647,
1853674892342229395,p02_fitness,True,1,1423,44,1.495851755142212,
1853674892342229395,p03_parent,True,1,1425,44,1.5886728763580322,
1853674892342229395,p04_tech_pro,True,1,1426,44,1.6138229370117188,
1853674892342229395,p05_fashion,True,1,1422,44,1.6478757858276367,
1853674892342229395,p06_foodie,True,1,1433,44,1.4678609371185303,
1853674892342229395,p07_traveler,True,1,1423,44,1.5273070335388184,
1853674892342229395,p08_student,True,1,1427,44,1.5962631702423096,
1853674892342229395,p09_entrepreneur,True,1,1428,44,1.4713900089263916,
1853674892342229395,p10_artist,True,1,1426,44,1.5711920261383057,
1853674892342229395,p11_senior,True,1,1427,44,1.5387558937072754,
1853674892342229395,p12_activist,True,1,1431,44,1.551452875137329,
1853812007803983358,p01_genz_meme,True,1,1284,44,5.8273820877075195,
1853812007803983358,p02_fitness,True,1,1275,44,1.4095571041107178,
1853812007803983358,p03_parent,True,1,1277,44,1.4047257900238037,
1853812007803983358,p04_tech_pro,True,1,1278,44,1.3351402282714844,
1853812007803983358,p05_fashion,True,1,1274,44,1.3497462272644043,
1853812007803983358,p06_foodie,True,1,1285,44,1.3344969749450684,
1853812007803983358,p07_traveler,True,1,1275,44,1.4372568130493164,
1853812007803983358,p08_student,True,1,1279,44,1.2958459854125977,
1853812007803983358,p09_entrepreneur,True,1,1280,44,1.3815910816192627,
1853812007803983358,p10_artist,True,1,1278,44,1.4650461673736572,
1853812007803983358,p11_senior,True,1,1279,44,1.4828598499298096,
1853812007803983358,p12_activist,True,1,1283,44,1.4868719577789307,
1854704216998511754,p01_genz_meme,True,1,1325,44,4.894593954086304,
1854704216998511754,p02_fitness,True,1,1316,44,1.7618670463562012,
1854704216998511754,p03_parent,True,1,1318,44,1.4459609985351562,
1854704216998511754,p04_tech_pro,True,1,1319,44,1.5729899406433105,
1854704216998511754,p05_fashion,True,1,1315,44,1.4670557975769043,
1854704216998511754,p06_foodie,True,1,1326,44,1.4544997215270996,
1854704216998511754,p07_traveler,True,1,1316,44,1.3704562187194824,
1854704216998511754,p08_student,True,1,1320,44,1.4602041244506836,
1854704216998511754,p09_entrepreneur,True,1,1321,44,1.4496641159057617,
1854704216998511754,p10_artist,True,1,1319,44,1.5030241012573242,
1854704216998511754,p11_senior,True,1,1320,44,1.5202240943908691,
1854704216998511754,p12_activist,True,1,1324,44,1.4737520217895508,
1855880754652239913,p01_genz_meme,True,1,1458,44,5.30143404006958,
1855880754652239913,p02_fitness,True,1,1449,44,1.6817450523376465,
1855880754652239913,p03_parent,True,1,1451,44,1.6992449760437012,
1855880754652239913,p04_tech_pro,True,1,1452,44,1.7310330867767334,
1855880754652239913,p05_fashion,True,1,1448,44,2.4648189544677734,
1855880754652239913,p06_foodie,True,1,1459,44,1.5492889881134033,
1855880754652239913,p07_traveler,True,1,1449,44,1.816457986831665,
1855880754652239913,p08_student,True,1,1453,44,1.985914945602417,
1855880754652239913,p09_entrepreneur,True,1,1454,44,1.5488390922546387,
1855880754652239913,p10_artist,True,1,1452,44,1.7630431652069092,
1855880754652239913,p11_senior,True,1,1453,44,1.8134207725524902,
1855880754652239913,p12_activist,True,1,1457,44,1.757680892944336,
1856345936528241664,p01_genz_meme,True,1,1293,44,5.450191020965576,
1856345936528241664,p02_fitness,True,1,1284,44,1.920072078704834,
1856345936528241664,p03_parent,True,1,1286,44,1.503816843032837,
1856345936528241664,p04_tech_pro,True,1,1287,44,1.5327699184417725,
1856345936528241664,p05_fashion,True,1,1283,44,1.528033971786499,
1856345936528241664,p06_foodie,True,1,1294,44,1.5226969718933105,
1856345936528241664,p07_traveler,True,1,1284,44,1.527785062789917,
1856345936528241664,p08_student,True,1,1288,44,1.45802903175354,
1856345936528241664,p09_entrepreneur,True,1,1289,44,1.4793739318847656,
1856345936528241664,p10_artist,True,1,1287,44,1.5509088039398193,
1856345936528241664,p11_senior,True,1,1288,44,1.4838910102844238,
1856345936528241664,p12_activist,True,1,1292,44,1.4772648811340332,
1856690874168432801,p01_genz_meme,True,1,1362,44,5.516566038131714,
1856690874168432801,p02_fitness,True,1,1353,44,1.57200288772583,
1856690874168432801,p03_parent,True,1,1355,44,1.607729196548462,
1856690874168432801,p04_tech_pro,True,1,1356,44,1.5859870910644531,
1856690874168432801,p05_fashion,True,1,1352,44,1.7457411289215088,
1856690874168432801,p06_foodie,True,1,1363,44,1.6616489887237549,
1856690874168432801,p07_traveler,True,1,1353,44,1.5541198253631592,
1856690874168432801,p08_student,True,1,1357,44,1.5277249813079834,
1856690874168432801,p09_entrepreneur,True,1,1358,44,1.4337289333343506,
1856690874168432801,p10_artist,True,1,1356,44,1.4631750583648682,
1856690874168432801,p11_senior,True,1,1357,44,1.494413137435913,
1856690874168432801,p12_activist,True,1,1361,44,1.6165978908538818,
1856776115612382593,p01_genz_meme,True,1,1508,44,5.16558313369751,
1856776115612382593,p02_fitness,True,1,1499,44,1.9513988494873047,
1856776115612382593,p03_parent,True,1,1501,44,1.8126440048217773,
1856776115612382593,p04_tech_pro,True,1,1502,44,1.7007858753204346,
1856776115612382593,p05_fashion,True,1,1498,44,1.8674402236938477,
1856776115612382593,p06_foodie,True,1,1509,44,1.676316738128662,
1856776115612382593,p07_traveler,True,1,1499,44,1.739851951599121,
1856776115612382593,p08_student,True,1,1503,44,1.698348045349121,
1856776115612382593,p09_entrepreneur,True,1,1504,44,1.7681119441986084,
1856776115612382593,p10_artist,True,1,1502,44,1.823033094406128,
1856776115612382593,p11_senior,True,1,1503,44,1.7447559833526611,
1856776115612382593,p12_activist,True,1,1507,44,1.7973597049713135,
1857052813360966678,p01_genz_meme,True,1,1313,44,4.8373541831970215,
1857052813360966678,p02_fitness,True,1,1304,44,1.4322609901428223,
1857052813360966678,p03_parent,True,1,1306,44,1.6849827766418457,
1857052813360966678,p04_tech_pro,True,1,1307,44,1.3605976104736328,
1857052813360966678,p05_fashion,True,1,1303,44,1.550825834274292,
1857052813360966678,p06_foodie,True,1,1314,44,1.4065380096435547,
1857052813360966678,p07_traveler,True,1,1304,44,1.427110195159912,
1857052813360966678,p08_student,True,1,1308,44,1.4617149829864502,
1857052813360966678,p09_entrepreneur,True,1,1309,44,1.5143160820007324,
1857052813360966678,p10_artist,True,1,1307,44,1.3538360595703125,
1857052813360966678,p11_senior,True,1,1308,44,1.4512348175048828,
1857052813360966678,p12_activist,True,1,1312,44,1.4946010112762451,
1857218362449271714,p01_genz_meme,True,1,1345,44,4.762292146682739,
1857218362449271714,p02_fitness,True,1,1336,44,1.8011949062347412,
1857218362449271714,p03_parent,True,1,1338,44,1.6201589107513428,
1857218362449271714,p04_tech_pro,True,1,1339,44,1.4819152355194092,
1857218362449271714,p05_fashion,True,1,1335,44,1.4563651084899902,
1857218362449271714,p06_foodie,True,1,1346,44,1.4559130668640137,
1857218362449271714,p07_traveler,True,1,1336,44,1.8969388008117676,
1857218362449271714,p08_student,True,1,1340,44,1.5119259357452393,
1857218362449271714,p09_entrepreneur,True,1,1341,44,1.5436689853668213,
1857218362449271714,p10_artist,True,1,1339,44,1.4761691093444824,
1857218362449271714,p11_senior,True,1,1340,44,2.0072460174560547,
1857218362449271714,p12_activist,True,1,1344,44,1.5022201538085938,
1857289463962971433,p01_genz_meme,True,1,1301,44,5.959423065185547,
1857289463962971433,p02_fitness,True,1,1292,44,1.512772798538208,
1857289463962971433,p03_parent,True,1,1294,44,2.2595529556274414,
1857289463962971433,p04_tech_pro,True,1,1295,44,1.2873609066009521,
1857289463962971433,p05_fashion,True,1,1291,44,1.5584099292755127,
1857289463962971433,p06_foodie,True,1,1302,44,1.4868578910827637,
1857289463962971433,p07_traveler,True,1,1292,44,1.5445640087127686,
1857289463962971433,p08_student,True,1,1296,44,1.5523161888122559,
1857289463962971433,p09_entrepreneur,True,1,1297,44,1.810884952545166,
1857289463962971433,p10_artist,True,1,1295,44,1.585597038269043,
1857289463962971433,p11_senior,True,1,1296,44,1.5682752132415771,
1857289463962971433,p12_activist,True,1,1300,44,1.5271692276000977,
1857395544890344269,p01_genz_meme,True,1,1366,44,5.504781007766724,
1857395544890344269,p02_fitness,True,1,1357,44,1.8765897750854492,
1857395544890344269,p03_parent,True,1,1359,44,1.5210132598876953,
1857395544890344269,p04_tech_pro,True,1,1360,44,1.6442692279815674,
1857395544890344269,p05_fashion,True,1,1356,44,1.4015629291534424,
1857395544890344269,p06_foodie,True,1,1367,44,1.8995888233184814,
1857395544890344269,p07_traveler,True,1,1357,44,1.5201389789581299,
1857395544890344269,p08_student,True,1,1361,44,1.7303500175476074,
1857395544890344269,p09_entrepreneur,True,1,1362,44,1.636641025543213,
1857395544890344269,p10_artist,True,1,1360,44,1.8040671348571777,
1857395544890344269,p11_senior,True,1,1361,44,1.6070542335510254,
1857395544890344269,p12_activist,True,1,1365,44,1.5596122741699219,
1858172184985142321,p01_genz_meme,True,1,1361,44,4.7917399406433105,
1858172184985142321,p02_fitness,True,1,1352,44,1.8110837936401367,
1858172184985142321,p03_parent,True,1,1354,44,1.8386380672454834,
1858172184985142321,p04_tech_pro,True,1,1355,44,1.6568019390106201,
1858172184985142321,p05_fashion,True,1,1351,44,1.6374740600585938,
1858172184985142321,p06_foodie,True,1,1362,44,1.667046308517456,
1858172184985142321,p07_traveler,True,1,1352,44,1.6012160778045654,
1858172184985142321,p08_student,True,1,1356,44,1.5568199157714844,
1858172184985142321,p09_entrepreneur,True,1,1357,44,1.6175639629364014,
1858172184985142321,p10_artist,True,1,1355,44,1.5599579811096191,
1858172184985142321,p11_senior,True,1,1356,44,1.645125150680542,
1858172184985142321,p12_activist,True,1,1360,44,1.7765140533447266,
1858203486195606394,p01_genz_meme,True,1,1295,44,4.938095331192017,
1858203486195606394,p02_fitness,True,1,1286,44,1.5227978229522705,
1858203486195606394,p03_parent,True,1,1288,44,1.8748400211334229,
1858203486195606394,p04_tech_pro,True,1,1289,44,1.2439091205596924,
1858203486195606394,p05_fashion,True,1,1285,44,1.6854619979858398,
1858203486195606394,p06_foodie,True,1,1296,44,1.478943109512329,
1858203486195606394,p07_traveler,True,1,1286,44,1.4155268669128418,
1858203486195606394,p08_student,True,1,1290,44,1.6916258335113525,
1858203486195606394,p09_entrepreneur,True,1,1291,44,1.4992139339447021,
1858203486195606394,p10_artist,True,1,1289,44,1.727182149887085,
1858203486195606394,p11_senior,True,1,1290,44,1.5242741107940674,
1858203486195606394,p12_activist,True,1,1294,44,1.5704200267791748,
1858775059888488019,p01_genz_meme,True,1,1356,44,6.006222724914551,
1858775059888488019,p02_fitness,True,1,1347,44,1.5896029472351074,
1858775059888488019,p03_parent,True,1,1349,44,1.5224151611328125,
1858775059888488019,p04_tech_pro,True,1,1350,44,1.6461138725280762,
1858775059888488019,p05_fashion,True,1,1346,44,1.669839859008789,
1858775059888488019,p06_foodie,True,1,1357,44,1.8403949737548828,
1858775059888488019,p07_traveler,True,1,1347,44,1.4939992427825928,
1858775059888488019,p08_student,True,1,1351,44,1.6543431282043457,
1858775059888488019,p09_entrepreneur,True,1,1352,44,1.4532749652862549,
1858775059888488019,p10_artist,True,1,1350,44,1.4514148235321045,
1858775059888488019,p11_senior,True,1,1351,44,1.4903128147125244,
1858775059888488019,p12_activist,True,1,1355,44,1.4721269607543945,
1859032988638233601,p01_genz_meme,True,1,1447,44,5.1841559410095215,
1859032988638233601,p02_fitness,True,1,1438,44,1.6684129238128662,
1859032988638233601,p03_parent,True,1,1440,44,1.6595690250396729,
1859032988638233601,p04_tech_pro,True,1,1441,44,1.7049899101257324,
1859032988638233601,p05_fashion,True,1,1437,44,1.6594460010528564,
1859032988638233601,p06_foodie,True,1,1448,44,1.6487021446228027,
1859032988638233601,p07_traveler,True,1,1438,44,1.7813730239868164,
1859032988638233601,p08_student,True,1,1442,44,1.6600651741027832,
1859032988638233601,p09_entrepreneur,True,1,1443,44,1.9639098644256592,
1859032988638233601,p10_artist,True,1,1441,44,1.8124878406524658,
1859032988638233601,p11_senior,True,1,1442,44,1.8341681957244873,
1859032988638233601,p12_activist,True,1,1446,44,1.6605679988861084,
1859552751336622969,p01_genz_meme,True,1,1349,44,5.458868026733398,
1859552751336622969,p02_fitness,True,1,1340,44,1.6258671283721924,
1859552751336622969,p03_parent,True,1,1342,44,1.5154738426208496,
1859552751336622969,p04_tech_pro,True,1,1343,44,1.5318310260772705,
1859552751336622969,p05_fashion,True,1,1339,44,1.631958246231079,
1859552751336622969,p06_foodie,True,1,1350,44,1.6210062503814697,
1859552751336622969,p07_traveler,True,1,1340,44,1.5331556797027588,
1859552751336622969,p08_student,True,1,1344,44,1.6863288879394531,
1859552751336622969,p09_entrepreneur,True,1,1345,44,1.6727023124694824,
1859552751336622969,p10_artist,True,1,1343,44,1.4711430072784424,
1859552751336622969,p11_senior,True,1,1344,44,1.586169719696045,
1859552751336622969,p12_activist,True,1,1348,44,1.5633502006530762,
1860180815671899399,p01_genz_meme,True,1,1328,44,4.458636045455933,
1860180815671899399,p02_fitness,True,1,1319,44,1.452401876449585,
1860180815671899399,p03_parent,True,1,1321,44,1.5058610439300537,
1860180815671899399,p04_tech_pro,True,1,1322,44,1.4104959964752197,
1860180815671899399,p05_fashion,True,1,1318,44,1.480816125869751,
1860180815671899399,p06_foodie,True,1,1329,44,1.6390321254730225,
1860180815671899399,p07_traveler,True,1,1319,44,1.5011799335479736,
1860180815671899399,p08_student,True,1,1323,44,1.3853111267089844,
1860180815671899399,p09_entrepreneur,True,1,1324,44,1.6320760250091553,
1860180815671899399,p10_artist,True,1,1322,44,1.4092299938201904,
1860180815671899399,p11_senior,True,1,1323,44,1.7272398471832275,
1860180815671899399,p12_activist,True,1,1327,44,1.6134541034698486,
1861061655171357497,p01_genz_meme,True,1,1341,44,5.208482027053833,
1861061655171357497,p02_fitness,True,1,1332,44,1.5137720108032227,
1861061655171357497,p03_parent,True,1,1334,44,1.558501958847046,
1861061655171357497,p04_tech_pro,True,1,1335,44,1.5628297328948975,
1861061655171357497,p05_fashion,True,1,1331,44,1.5387561321258545,
1861061655171357497,p06_foodie,True,1,1342,44,1.6758780479431152,
1861061655171357497,p07_traveler,True,1,1332,44,1.5241098403930664,
1861061655171357497,p08_student,True,1,1336,44,1.5503170490264893,
1861061655171357497,p09_entrepreneur,True,1,1337,44,1.5838961601257324,
1861061655171357497,p10_artist,True,1,1335,44,1.5078728199005127,
1861061655171357497,p11_senior,True,1,1336,44,1.5010061264038086,
1861061655171357497,p12_activist,True,1,1340,44,1.5206959247589111,
1861176017358379505,p01_genz_meme,True,1,1299,44,4.949773073196411,
1861176017358379505,p02_fitness,True,1,1290,44,1.4767417907714844,
1861176017358379505,p03_parent,True,1,1292,44,1.5556938648223877,
1861176017358379505,p04_tech_pro,True,1,1293,44,1.437420129776001,
1861176017358379505,p05_fashion,True,1,1289,44,1.6516578197479248,
1861176017358379505,p06_foodie,True,1,1300,44,1.5774250030517578,
1861176017358379505,p07_traveler,True,1,1290,44,1.6266438961029053,
1861176017358379505,p08_student,True,1,1294,44,1.496617078781128,
1861176017358379505,p09_entrepreneur,True,1,1295,44,1.3679511547088623,
1861176017358379505,p10_artist,True,1,1293,44,1.4634909629821777,
1861176017358379505,p11_senior,True,1,1294,44,1.4008901119232178,
1861176017358379505,p12_activist,True,1,1298,44,1.4225192070007324,
1861187403811486645,p01_genz_meme,True,1,1348,44,6.09437894821167,
1861187403811486645,p02_fitness,True,1,1339,44,1.5660569667816162,
1861187403811486645,p03_parent,True,1,1341,44,1.8802931308746338,
1861187403811486645,p04_tech_pro,True,1,1342,44,1.7188942432403564,
1861187403811486645,p05_fashion,True,1,1338,44,1.6374120712280273,
1861187403811486645,p06_foodie,True,1,1349,44,2.068624973297119,
1861187403811486645,p07_traveler,True,1,1339,44,1.7944839000701904,
1861187403811486645,p08_student,True,1,1343,44,1.8570420742034912,
1861187403811486645,p09_entrepreneur,True,1,1344,44,2.3905558586120605,
1861187403811486645,p10_artist,True,1,1342,44,1.8415610790252686,
1861187403811486645,p11_senior,True,1,1343,44,1.8024380207061768,
1861187403811486645,p12_activist,True,1,1347,44,1.9565279483795166,
1861387605919109086,p01_genz_meme,True,1,1318,44,6.667953968048096,
1861387605919109086,p02_fitness,True,1,1309,44,1.6790170669555664,
1861387605919109086,p03_parent,True,1,1311,44,1.6230149269104004,
1861387605919109086,p04_tech_pro,True,1,1312,44,1.748490810394287,
1861387605919109086,p05_fashion,True,1,1308,44,1.5861358642578125,
1861387605919109086,p06_foodie,True,1,1319,44,1.565215826034546,
1861387605919109086,p07_traveler,True,1,1309,44,1.6089026927947998,
1861387605919109086,p08_student,True,1,1313,44,1.5913798809051514,
1861387605919109086,p09_entrepreneur,True,1,1314,44,1.5499768257141113,
1861387605919109086,p10_artist,True,1,1312,44,1.7546439170837402,
1861387605919109086,p11_senior,True,1,1313,44,1.5360279083251953,
1861387605919109086,p12_activist,True,1,1317,44,1.658815860748291,
1861388158568965525,p01_genz_meme,True,1,1470,44,6.510505199432373,
1861388158568965525,p02_fitness,True,1,1461,44,2.0070090293884277,
1861388158568965525,p03_parent,True,1,1463,44,1.783022165298462,
1861388158568965525,p04_tech_pro,True,1,1464,44,2.011847972869873,
1861388158568965525,p05_fashion,True,1,1460,44,1.8782379627227783,
1861388158568965525,p06_foodie,True,1,1471,44,1.9662206172943115,
1861388158568965525,p07_traveler,True,1,1461,44,1.8177940845489502,
1861388158568965525,p08_student,True,1,1465,44,1.9236118793487549,
1861388158568965525,p09_entrepreneur,True,1,1466,44,1.7674973011016846,
1861388158568965525,p10_artist,True,1,1464,44,1.751089096069336,
1861388158568965525,p11_senior,True,1,1465,44,1.8891949653625488,
1861388158568965525,p12_activist,True,1,1469,44,1.7794270515441895,
1861493449740953950,p01_genz_meme,True,1,1327,44,6.227297067642212,
1861493449740953950,p02_fitness,True,1,1318,44,1.8506922721862793,
1861493449740953950,p03_parent,True,1,1320,44,1.6596758365631104,
1861493449740953950,p04_tech_pro,True,1,1321,44,1.5199978351593018,
1861493449740953950,p05_fashion,True,1,1317,44,1.7136318683624268,
1861493449740953950,p06_foodie,True,1,1328,44,1.6015307903289795,
1861493449740953950,p07_traveler,True,1,1318,44,1.44228196144104,
1861493449740953950,p08_student,True,1,1322,44,1.5826377868652344,
1861493449740953950,p09_entrepreneur,True,1,1323,44,1.672408103942871,
1861493449740953950,p10_artist,True,1,1321,44,1.6123712062835693,
1861493449740953950,p11_senior,True,1,1322,44,1.7110168933868408,
1861493449740953950,p12_activist,True,1,1326,44,1.6576628684997559,
1861696976137301346,p01_genz_meme,True,1,1463,44,6.355586051940918,
1861696976137301346,p02_fitness,True,1,1454,44,1.8976688385009766,
1861696976137301346,p03_parent,True,1,1456,44,1.7064549922943115,
1861696976137301346,p04_tech_pro,True,1,1457,44,1.8426072597503662,
1861696976137301346,p05_fashion,True,1,1453,44,1.6813361644744873,
1861696976137301346,p06_foodie,True,1,1464,44,1.8181240558624268,
1861696976137301346,p07_traveler,True,1,1454,44,1.7856109142303467,
1861696976137301346,p08_student,True,1,1458,44,1.8427138328552246,
1861696976137301346,p09_entrepreneur,True,1,1459,44,1.8845460414886475,
1861696976137301346,p10_artist,True,1,1457,44,1.6803560256958008,
1861696976137301346,p11_senior,True,1,1458,44,1.7956149578094482,
1861696976137301346,p12_activist,True,1,1462,44,1.7796759605407715,
1861826296109477111,p01_genz_meme,True,1,1269,44,5.791805982589722,
1861826296109477111,p02_fitness,True,1,1260,44,1.6192948818206787,
1861826296109477111,p03_parent,True,1,1262,44,1.5530390739440918,
1861826296109477111,p04_tech_pro,True,1,1263,44,1.609684944152832,
1861826296109477111,p05_fashion,True,1,1259,44,1.6616599559783936,
1861826296109477111,p06_foodie,True,1,1270,44,1.4955189228057861,
1861826296109477111,p07_traveler,True,1,1260,44,1.6588268280029297,
1861826296109477111,p08_student,True,1,1264,44,1.5939269065856934,
1861826296109477111,p09_entrepreneur,True,1,1265,44,1.761063814163208,
1861826296109477111,p10_artist,True,1,1263,44,1.4792919158935547,
1861826296109477111,p11_senior,True,1,1264,44,1.610996961593628,
1861826296109477111,p12_activist,True,1,1268,44,1.5614030361175537,
1861851465916876106,p01_genz_meme,True,1,1588,44,6.468085050582886,
1861851465916876106,p02_fitness,True,1,1579,44,2.204637050628662,
1861851465916876106,p03_parent,True,1,1581,44,2.0982468128204346,
1861851465916876106,p04_tech_pro,True,1,1582,44,1.8207709789276123,
1861851465916876106,p05_fashion,True,1,1578,44,1.9091148376464844,
1861851465916876106,p06_foodie,True,1,1589,44,1.9858160018920898,
1861851465916876106,p07_traveler,True,1,1579,44,1.925550937652588,
1861851465916876106,p08_student,True,1,1583,44,1.9435060024261475,
1861851465916876106,p09_entrepreneur,True,1,1584,44,1.9619691371917725,
1861851465916876106,p10_artist,True,1,1582,44,2.0168650150299072,
1861851465916876106,p11_senior,True,1,1583,44,1.953782081604004,
1861851465916876106,p12_activist,True,1,1587,44,1.9521069526672363,
1861855616232778062,p01_genz_meme,True,1,1382,44,6.170120000839233,
1861855616232778062,p02_fitness,True,1,1373,44,1.789639949798584,
1861855616232778062,p03_parent,True,1,1375,44,1.6963388919830322,
1861855616232778062,p04_tech_pro,True,1,1376,44,1.6691009998321533,
1861855616232778062,p05_fashion,True,1,1372,44,1.6691691875457764,
1861855616232778062,p06_foodie,True,1,1383,44,1.694129228591919,
1861855616232778062,p07_traveler,True,1,1373,44,1.6699180603027344,
1861855616232778062,p08_student,True,1,1377,44,1.7580740451812744,
1861855616232778062,p09_entrepreneur,True,1,1378,44,1.6592016220092773,
1861855616232778062,p10_artist,True,1,1376,44,1.6657907962799072,
1861855616232778062,p11_senior,True,1,1377,44,1.6388499736785889,
1861855616232778062,p12_activist,True,1,1381,44,1.6869111061096191,
1862575674225908272,p01_genz_meme,True,1,1489,44,6.114070892333984,
1862575674225908272,p02_fitness,True,1,1480,44,2.0468740463256836,
1862575674225908272,p03_parent,True,1,1482,44,1.975045919418335,
1862575674225908272,p04_tech_pro,True,1,1483,44,1.961284875869751,
1862575674225908272,p05_fashion,True,1,1479,44,1.9722082614898682,
1862575674225908272,p06_foodie,True,1,1490,44,1.9656310081481934,
1862575674225908272,p07_traveler,True,1,1480,44,2.0840797424316406,
1862575674225908272,p08_student,True,1,1484,44,1.9809150695800781,
1862575674225908272,p09_entrepreneur,True,1,1485,44,1.9008619785308838,
1862575674225908272,p10_artist,True,1,1483,44,1.9452128410339355,
1862575674225908272,p11_senior,True,1,1484,44,1.8363659381866455,
1862575674225908272,p12_activist,True,1,1488,44,1.9579670429229736,
1862616601691373315,p01_genz_meme,True,1,1292,44,6.130373001098633,
1862616601691373315,p02_fitness,True,1,1283,44,1.6749820709228516,
1862616601691373315,p03_parent,True,1,1285,44,1.5814599990844727,
1862616601691373315,p04_tech_pro,True,1,1286,44,1.5736126899719238,
1862616601691373315,p05_fashion,True,1,1282,44,1.556816816329956,
1862616601691373315,p06_foodie,True,1,1293,44,1.5847601890563965,
1862616601691373315,p07_traveler,True,1,1283,44,1.5349559783935547,
1862616601691373315,p08_student,True,1,1287,44,1.562218189239502,
1862616601691373315,p09_entrepreneur,True,1,1288,44,1.5813791751861572,
1862616601691373315,p10_artist,True,1,1286,44,1.6592750549316406,
1862616601691373315,p11_senior,True,1,1287,44,1.591411828994751,
1862616601691373315,p12_activist,True,1,1291,44,1.560054063796997,
1862811887369252721,p01_genz_meme,True,1,1388,44,6.133373975753784,
1862811887369252721,p02_fitness,True,1,1379,44,1.802623987197876,
1862811887369252721,p03_parent,True,1,1381,44,1.7787871360778809,
1862811887369252721,p04_tech_pro,True,1,1382,44,1.750558853149414,
1862811887369252721,p05_fashion,True,1,1378,44,1.7988779544830322,
1862811887369252721,p06_foodie,True,1,1389,44,1.759835958480835,
1862811887369252721,p07_traveler,True,1,1379,44,1.7869198322296143,
1862811887369252721,p08_student,True,1,1383,44,1.7846620082855225,
1862811887369252721,p09_entrepreneur,True,1,1384,44,1.7832598686218262,
1862811887369252721,p10_artist,True,1,1382,44,1.785038948059082,
1862811887369252721,p11_senior,True,1,1383,44,1.7875611782073975,
1862811887369252721,p12_activist,True,1,1387,44,1.7866950035095215,
1863268766949725702,p01_genz_meme,True,1,1378,44,6.485307931900024,
1863268766949725702,p02_fitness,True,1,1369,44,1.7876358032226562,
1863268766949725702,p03_parent,True,1,1371,44,1.7308850288391113,
1863268766949725702,p04_tech_pro,True,1,1372,44,1.6776988506317139,
1863268766949725702,p05_fashion,True,1,1368,44,1.7478649616241455,
1863268766949725702,p06_foodie,True,1,1379,44,1.712881088256836,
1863268766949725702,p07_traveler,True,1,1369,44,1.8906817436218262,
1863268766949725702,p08_student,True,1,1373,44,2.0697290897369385,
1863268766949725702,p09_entrepreneur,True,1,1374,44,1.5953021049499512,
1863268766949725702,p10_artist,True,1,1372,44,1.6491551399230957,
1863268766949725702,p11_senior,True,1,1373,44,1.6289398670196533,
1863268766949725702,p12_activist,True,1,1377,44,1.639509916305542,
1863770558489765272,p01_genz_meme,True,1,1289,44,5.649074077606201,
1863770558489765272,p02_fitness,True,1,1280,44,1.7299461364746094,
1863770558489765272,p03_parent,True,1,1282,44,1.5365302562713623,
1863770558489765272,p04_tech_pro,True,1,1283,44,1.568993091583252,
1863770558489765272,p05_fashion,True,1,1279,44,1.5450522899627686,
1863770558489765272,p06_foodie,True,1,1290,44,2.53871488571167,
1863770558489765272,p07_traveler,True,1,1280,44,2.111281156539917,
1863770558489765272,p08_student,True,1,1284,44,1.8021888732910156,
1863770558489765272,p09_entrepreneur,True,1,1285,44,1.5721051692962646,
1863770558489765272,p10_artist,True,1,1283,44,1.855619192123413,
1863770558489765272,p11_senior,True,1,1284,44,1.7713871002197266,
1863770558489765272,p12_activist,True,1,1288,44,1.651853084564209,
1863857270053924304,p01_genz_meme,True,1,1299,44,6.5710289478302,
1863857270053924304,p02_fitness,True,1,1290,44,2.1306393146514893,
1863857270053924304,p03_parent,True,1,1292,44,1.9802498817443848,
1863857270053924304,p04_tech_pro,True,1,1293,44,1.8425977230072021,
1863857270053924304,p05_fashion,True,1,1289,44,2.046610116958618,
1863857270053924304,p06_foodie,True,1,1300,44,1.9727840423583984,
1863857270053924304,p07_traveler,True,1,1290,44,2.0620739459991455,
1863857270053924304,p08_student,True,1,1294,44,1.9701340198516846,
1863857270053924304,p09_entrepreneur,True,1,1295,44,1.8983988761901855,
1863857270053924304,p10_artist,True,1,1293,44,1.7856767177581787,
1863857270053924304,p11_senior,True,1,1294,44,1.7921972274780273,
1863857270053924304,p12_activist,True,1,1298,44,1.7941782474517822,
1864179186517494262,p01_genz_meme,True,1,1405,44,7.7125279903411865,
1864179186517494262,p02_fitness,True,1,1396,44,2.2380800247192383,
1864179186517494262,p03_parent,True,1,1398,44,2.115656852722168,
1864179186517494262,p04_tech_pro,True,1,1399,44,2.0436720848083496,
1864179186517494262,p05_fashion,True,1,1395,44,2.118536949157715,
1864179186517494262,p06_foodie,True,1,1406,44,2.240941047668457,
1864179186517494262,p07_traveler,True,1,1396,44,2.376401901245117,
1864179186517494262,p08_student,True,1,1400,44,1.9854063987731934,
1864179186517494262,p09_entrepreneur,True,1,1401,44,2.12027907371521,
1864179186517494262,p10_artist,True,1,1399,44,2.0745091438293457,
1864179186517494262,p11_senior,True,1,1400,44,1.9628727436065674,
1864179186517494262,p12_activist,True,1,1404,44,2.1258130073547363,
1864705377608106923,p01_genz_meme,True,1,1381,44,7.513622999191284,
1864705377608106923,p02_fitness,True,1,1372,44,2.153655767440796,
1864705377608106923,p03_parent,True,1,1374,44,2.3773319721221924,
1864705377608106923,p04_tech_pro,True,1,1375,44,2.1817269325256348,
1864705377608106923,p05_fashion,True,1,1371,44,1.7477240562438965,
1864705377608106923,p06_foodie,True,1,1382,44,1.8382511138916016,
1864705377608106923,p07_traveler,True,1,1372,44,1.795893907546997,
1864705377608106923,p08_student,True,1,1376,44,1.7461938858032227,
1864705377608106923,p09_entrepreneur,True,1,1377,44,1.7755751609802246,
1864705377608106923,p10_artist,True,1,1375,44,1.789057970046997,
1864705377608106923,p11_senior,True,1,1376,44,1.7773799896240234,
1864705377608106923,p12_activist,True,1,1380,44,1.6833021640777588,
1864879496362367039,p01_genz_meme,True,1,1293,44,6.226141929626465,
1864879496362367039,p02_fitness,True,1,1284,44,1.7227210998535156,
1864879496362367039,p03_parent,True,1,1286,44,1.6243951320648193,
1864879496362367039,p04_tech_pro,True,1,1287,44,1.5546698570251465,
1864879496362367039,p05_fashion,True,1,1283,44,1.5395910739898682,
1864879496362367039,p06_foodie,True,1,1294,44,1.5461900234222412,
1864879496362367039,p07_traveler,True,1,1284,44,1.5389988422393799,
1864879496362367039,p08_student,True,1,1288,44,1.5378990173339844,
1864879496362367039,p09_entrepreneur,True,1,1289,44,1.5752079486846924,
1864879496362367039,p10_artist,True,1,1287,44,1.5572707653045654,
1864879496362367039,p11_senior,True,1,1288,44,1.5664210319519043,
1864879496362367039,p12_activist,True,1,1292,44,1.5551459789276123,
1865206598110950203,p01_genz_meme,True,1,1282,44,6.183794021606445,
1865206598110950203,p02_fitness,True,1,1273,44,1.6771690845489502,
1865206598110950203,p03_parent,True,1,1275,44,1.53621506690979,
1865206598110950203,p04_tech_pro,True,1,1276,44,1.512887954711914,
1865206598110950203,p05_fashion,True,1,1272,44,1.5330018997192383,
1865206598110950203,p06_foodie,True,1,1283,44,1.555527925491333,
1865206598110950203,p07_traveler,True,1,1273,44,1.5616672039031982,
1865206598110950203,p08_student,True,1,1277,44,1.515838861465454,
1865206598110950203,p09_entrepreneur,True,1,1278,44,1.544283151626587,
1865206598110950203,p10_artist,True,1,1276,44,1.5372438430786133,
1865206598110950203,p11_senior,True,1,1277,44,1.5206983089447021,
1865206598110950203,p12_activist,True,1,1281,44,1.561600685119629,
1865393976117094600,p01_genz_meme,True,1,1450,44,6.396254062652588,
1865393976117094600,p02_fitness,True,1,1441,44,1.9369473457336426,
1865393976117094600,p03_parent,True,1,1443,44,1.8036301136016846,
1865393976117094600,p04_tech_pro,True,1,1444,44,1.7982780933380127,
1865393976117094600,p05_fashion,True,1,1440,44,1.7873811721801758,
1865393976117094600,p06_foodie,True,1,1451,44,1.8199491500854492,
1865393976117094600,p07_traveler,True,1,1441,44,1.8008382320404053,
1865393976117094600,p08_student,True,1,1445,44,1.7852418422698975,
1865393976117094600,p09_entrepreneur,True,1,1446,44,1.8389110565185547,
1865393976117094600,p10_artist,True,1,1444,44,1.7965030670166016,
1865393976117094600,p11_senior,True,1,1445,44,1.8660459518432617,
1865393976117094600,p12_activist,True,1,1449,44,2.1130921840667725,
1865687362202562567,p01_genz_meme,True,1,1325,44,5.864125967025757,
1865687362202562567,p02_fitness,True,1,1316,44,1.7852520942687988,
1865687362202562567,p03_parent,True,1,1318,44,1.5755441188812256,
1865687362202562567,p04_tech_pro,True,1,1319,44,1.619502067565918,
1865687362202562567,p05_fashion,True,1,1315,44,1.7012128829956055,
1865687362202562567,p06_foodie,True,1,1326,44,1.6046080589294434,
1865687362202562567,p07_traveler,True,1,1316,44,1.6824419498443604,
1865687362202562567,p08_student,True,1,1320,44,1.622138261795044,
1865687362202562567,p09_entrepreneur,True,1,1321,44,1.579859972000122,
1865687362202562567,p10_artist,True,1,1319,44,1.649402141571045,
1865687362202562567,p11_senior,True,1,1320,44,1.6260809898376465,
1865687362202562567,p12_activist,True,1,1324,44,1.693099021911621,
1866003081456762414,p01_genz_meme,True,1,1384,44,6.411217212677002,
1866003081456762414,p02_fitness,True,1,1375,44,1.7523322105407715,
1866003081456762414,p03_parent,True,1,1377,44,1.8101658821105957,
1866003081456762414,p04_tech_pro,True,1,1378,44,1.7347526550292969,
1866003081456762414,p05_fashion,True,1,1374,44,1.7239890098571777,
1866003081456762414,p06_foodie,True,1,1385,44,1.9016392230987549,
1866003081456762414,p07_traveler,True,1,1375,44,1.7651441097259521,
1866003081456762414,p08_student,True,1,1379,44,1.8140227794647217,
1866003081456762414,p09_entrepreneur,True,1,1380,44,1.8202259540557861,
1866003081456762414,p10_artist,True,1,1378,44,1.7611639499664307,
1866003081456762414,p11_senior,True,1,1379,44,1.8103740215301514,
1866003081456762414,p12_activist,True,1,1383,44,1.8658909797668457,
1866056852836737082,p01_genz_meme,True,1,1281,44,6.132345914840698,
1866056852836737082,p02_fitness,True,1,1272,44,1.595724105834961,
1866056852836737082,p03_parent,True,1,1274,44,1.4677300453186035,
1866056852836737082,p04_tech_pro,True,1,1275,44,1.470707893371582,
1866056852836737082,p05_fashion,True,1,1271,44,1.5114331245422363,
1866056852836737082,p06_foodie,True,1,1282,44,1.5744662284851074,
1866056852836737082,p07_traveler,True,1,1272,44,1.4745123386383057,
1866056852836737082,p08_student,True,1,1276,44,1.5321500301361084,
1866056852836737082,p09_entrepreneur,True,1,1277,44,1.4248931407928467,
1866056852836737082,p10_artist,True,1,1275,44,1.6472108364105225,
1866056852836737082,p11_senior,True,1,1276,44,1.4738800525665283,
1866056852836737082,p12_activist,True,1,1280,44,1.554067850112915,
1866152282287215052,p01_genz_meme,True,1,1411,44,5.1478471755981445,
1866152282287215052,p02_fitness,True,1,1402,44,2.004322052001953,
1866152282287215052,p03_parent,True,1,1404,44,1.6025230884552002,
1866152282287215052,p04_tech_pro,True,1,1405,44,1.6044120788574219,
1866152282287215052,p05_fashion,True,1,1401,44,1.7942171096801758,
1866152282287215052,p06_foodie,True,1,1412,44,1.6543552875518799,
1866152282287215052,p07_traveler,True,1,1402,44,1.6366727352142334,
1866152282287215052,p08_student,True,1,1406,44,1.8057749271392822,
1866152282287215052,p09_entrepreneur,True,1,1407,44,1.9381940364837646,
1866152282287215052,p10_artist,True,1,1405,44,1.8128225803375244,
1866152282287215052,p11_senior,True,1,1406,44,1.828455924987793,
1866152282287215052,p12_activist,True,1,1410,44,1.7956321239471436,
1866158548887883899,p01_genz_meme,True,1,1452,44,5.676886796951294,
1866158548887883899,p02_fitness,True,1,1443,44,1.8039112091064453,
1866158548887883899,p03_parent,True,1,1445,44,1.6833431720733643,
1866158548887883899,p04_tech_pro,True,1,1446,44,1.8465008735656738,
1866158548887883899,p05_fashion,True,1,1442,44,1.813795804977417,
1866158548887883899,p06_foodie,True,1,1453,44,1.7740559577941895,
1866158548887883899,p07_traveler,True,1,1443,44,2.8742148876190186,
1866158548887883899,p08_student,True,1,1447,44,2.0910589694976807,
1866158548887883899,p09_entrepreneur,True,1,1448,44,2.109312057495117,
1866158548887883899,p10_artist,True,1,1446,44,2.5610668659210205,
1866158548887883899,p11_senior,True,1,1447,44,2.4709360599517822,
1866158548887883899,p12_activist,True,1,1451,44,2.7029712200164795,
1866991664138886399,p01_genz_meme,True,1,1378,44,7.058265924453735,
1866991664138886399,p02_fitness,True,1,1369,44,2.4890129566192627,
1866991664138886399,p03_parent,True,1,1371,44,2.3700151443481445,
1866991664138886399,p04_tech_pro,True,1,1372,44,3.420475959777832,
1866991664138886399,p05_fashion,True,1,1368,44,2.5050339698791504,
1866991664138886399,p06_foodie,True,1,1379,44,2.5275967121124268,
1866991664138886399,p07_traveler,True,1,1369,44,2.765484094619751,
1866991664138886399,p08_student,True,1,1373,44,2.657315969467163,
1866991664138886399,p09_entrepreneur,True,1,1374,44,2.5879437923431396,
1866991664138886399,p10_artist,True,1,1372,44,2.780427932739258,
1866991664138886399,p11_senior,True,1,1373,44,2.5662760734558105,
1866991664138886399,p12_activist,True,1,1377,44,2.576767921447754,
1867110997723763769,p01_genz_meme,True,1,1351,44,8.859198808670044,
1867110997723763769,p02_fitness,True,1,1342,44,2.307162046432495,
1867110997723763769,p03_parent,True,1,1344,44,2.492933988571167,
1867110997723763769,p04_tech_pro,True,1,1345,44,2.4413909912109375,
1867110997723763769,p05_fashion,True,1,1341,44,2.3986549377441406,
1867110997723763769,p06_foodie,True,1,1352,44,2.548341989517212,
1867110997723763769,p07_traveler,True,1,1342,44,2.4181721210479736,
1867110997723763769,p08_student,True,1,1346,44,2.512392997741699,
1867110997723763769,p09_entrepreneur,True,1,1347,44,2.4395740032196045,
1867110997723763769,p10_artist,True,1,1345,44,2.5714571475982666,
1867110997723763769,p11_senior,True,1,1346,44,2.4592530727386475,
1867110997723763769,p12_activist,True,1,1350,44,2.589104175567627,
1867241517796555197,p01_genz_meme,True,1,1272,44,8.56768012046814,
1867241517796555197,p02_fitness,True,1,1263,44,2.2944579124450684,
1867241517796555197,p03_parent,True,1,1265,44,2.2989919185638428,
1867241517796555197,p04_tech_pro,True,1,1266,44,2.6955180168151855,
1867241517796555197,p05_fashion,True,1,1262,44,2.3736748695373535,
1867241517796555197,p06_foodie,True,1,1273,44,2.6047940254211426,
1867241517796555197,p07_traveler,True,1,1263,44,2.571847915649414,
1867241517796555197,p08_student,True,1,1267,44,2.4257001876831055,
1867241517796555197,p09_entrepreneur,True,1,1268,44,2.398797035217285,
1867241517796555197,p10_artist,True,1,1266,44,2.5273749828338623,
1867241517796555197,p11_senior,True,1,1267,44,2.321354866027832,
1867241517796555197,p12_activist,True,1,1271,44,2.5534253120422363,
1867352201148590976,p01_genz_meme,True,1,1312,44,9.48235297203064,
1867352201148590976,p02_fitness,True,1,1303,44,1.7190136909484863,
1867352201148590976,p03_parent,True,1,1305,44,1.6782400608062744,
1867352201148590976,p04_tech_pro,True,1,1306,44,1.5577449798583984,
1867352201148590976,p05_fashion,True,1,1302,44,1.5953540802001953,
1867352201148590976,p06_foodie,True,1,1313,44,1.557676076889038,
1867352201148590976,p07_traveler,True,1,1303,44,1.573580026626587,
1867352201148590976,p08_student,True,1,1307,44,1.564547061920166,
1867352201148590976,p09_entrepreneur,True,1,1308,44,1.5339691638946533,
1867352201148590976,p10_artist,True,1,1306,44,1.547774314880371,
1867352201148590976,p11_senior,True,1,1307,44,1.5527141094207764,
1867352201148590976,p12_activist,True,1,1311,44,1.585202932357788,
1867581773326342703,p01_genz_meme,True,1,1412,44,5.557322025299072,
1867581773326342703,p02_fitness,True,1,1403,44,10.761100053787231,
1867581773326342703,p03_parent,True,1,1405,44,12.548979043960571,
1867581773326342703,p04_tech_pro,True,1,1406,44,11.484822034835815,
1867581773326342703,p05_fashion,True,1,1402,44,17.12445592880249,
1867581773326342703,p06_foodie,True,1,1413,44,5.044997930526733,
1867581773326342703,p07_traveler,True,1,1403,44,4.607953310012817,
1867581773326342703,p08_student,True,1,1407,44,4.887378215789795,
1867581773326342703,p09_entrepreneur,True,1,1408,44,4.443439960479736,
1867581773326342703,p10_artist,True,1,1406,44,5.1380579471588135,
1867581773326342703,p11_senior,True,1,1407,44,5.56718111038208,
1867581773326342703,p12_activist,True,1,1411,44,5.315804958343506,
1867643442186479094,p01_genz_meme,True,1,1413,44,12.893079042434692,
1867643442186479094,p02_fitness,True,1,1404,44,4.882462024688721,
1867643442186479094,p03_parent,True,1,1406,44,5.3083131313323975,
1867643442186479094,p04_tech_pro,True,1,1407,44,6.4681360721588135,
1867643442186479094,p05_fashion,True,1,1403,44,7.285733222961426,
1867643442186479094,p06_foodie,True,1,1414,44,7.69761323928833,
1867643442186479094,p07_traveler,True,1,1404,44,6.4245381355285645,
1867643442186479094,p08_student,True,1,1408,44,6.590389013290405,
1867643442186479094,p09_entrepreneur,True,1,1409,44,4.460025072097778,
1867643442186479094,p10_artist,True,1,1407,44,3.1426024436950684,
1867643442186479094,p11_senior,True,1,1408,44,2.742807149887085,
1867643442186479094,p12_activist,True,1,1412,44,2.63484787940979,
1867705594220421451,p01_genz_meme,True,1,1442,44,8.765679836273193,
1867705594220421451,p02_fitness,True,1,1433,44,2.820040225982666,
1867705594220421451,p03_parent,True,1,1435,44,2.782762050628662,
1867705594220421451,p04_tech_pro,True,1,1436,44,2.675746202468872,
1867705594220421451,p05_fashion,True,1,1432,44,2.7627992630004883,
1867705594220421451,p06_foodie,True,1,1443,44,2.694766044616699,
1867705594220421451,p07_traveler,True,1,1433,44,2.6731879711151123,
1867705594220421451,p08_student,True,1,1437,44,2.659411907196045,
1867705594220421451,p09_entrepreneur,True,1,1438,44,2.774466037750244,
1867705594220421451,p10_artist,True,1,1436,44,2.6298811435699463,
1867705594220421451,p11_senior,True,1,1437,44,1.8871240615844727,
1867705594220421451,p12_activist,True,1,1441,44,2.025175094604492,
1867803554465323197,p01_genz_meme,True,1,1271,44,6.284872055053711,
1867803554465323197,p02_fitness,True,1,1262,44,1.7107908725738525,
1867803554465323197,p03_parent,True,1,1264,44,1.659825086593628,
1867803554465323197,p04_tech_pro,True,1,1265,44,1.7190909385681152,
1867803554465323197,p05_fashion,True,1,1261,44,1.7086069583892822,
1867803554465323197,p06_foodie,True,1,1272,44,1.6272022724151611,
1867803554465323197,p07_traveler,True,1,1262,44,1.6775410175323486,
1867803554465323197,p08_student,True,1,1266,44,1.6102471351623535,
1867803554465323197,p09_entrepreneur,True,1,1267,44,1.723005771636963,
1867803554465323197,p10_artist,True,1,1265,44,2.3513941764831543,
1867803554465323197,p11_senior,True,1,1266,44,2.254739999771118,
1867803554465323197,p12_activist,True,1,1270,44,2.1654508113861084,
1867812587006532570,p01_genz_meme,True,1,1285,44,8.435413837432861,
1867812587006532570,p02_fitness,True,1,1276,44,2.411841869354248,
1867812587006532570,p03_parent,True,1,1278,44,2.294692277908325,
1867812587006532570,p04_tech_pro,True,1,1279,44,2.3486721515655518,
1867812587006532570,p05_fashion,True,1,1275,44,2.1885077953338623,
1867812587006532570,p06_foodie,True,1,1286,44,2.275167942047119,
1867812587006532570,p07_traveler,True,1,1276,44,2.332988977432251,
1867812587006532570,p08_student,True,1,1280,44,2.341063976287842,
1867812587006532570,p09_entrepreneur,True,1,1281,44,2.181196928024292,
1867812587006532570,p10_artist,True,1,1279,44,2.236348867416382,
1867812587006532570,p11_senior,True,1,1280,44,2.2125680446624756,
1867812587006532570,p12_activist,True,1,1284,44,2.1924099922180176,
1868241742295565697,p01_genz_meme,True,1,1281,44,8.285950899124146,
1868241742295565697,p02_fitness,True,1,1272,44,2.294874668121338,
1868241742295565697,p03_parent,True,1,1274,44,2.3220489025115967,
1868241742295565697,p04_tech_pro,True,1,1275,44,2.260953903198242,
1868241742295565697,p05_fashion,True,1,1271,44,2.150110960006714,
1868241742295565697,p06_foodie,True,1,1282,44,2.2114927768707275,
1868241742295565697,p07_traveler,True,1,1272,44,2.2298271656036377,
1868241742295565697,p08_student,True,1,1276,44,2.19512677192688,
1868241742295565697,p09_entrepreneur,True,1,1277,44,2.188566207885742,
1868241742295565697,p10_artist,True,1,1275,44,2.1574480533599854,
1868241742295565697,p11_senior,True,1,1276,44,2.21547794342041,
1868241742295565697,p12_activist,True,1,1280,44,2.199105978012085,
1868836139010286372,p01_genz_meme,True,1,1292,44,7.7059619426727295,
1868836139010286372,p02_fitness,True,1,1283,44,2.252189874649048,
1868836139010286372,p03_parent,True,1,1285,44,2.168739080429077,
1868836139010286372,p04_tech_pro,True,1,1286,44,2.171204090118408,
1868836139010286372,p05_fashion,True,1,1282,44,2.1592769622802734,
1868836139010286372,p06_foodie,True,1,1293,44,2.178581953048706,
1868836139010286372,p07_traveler,True,1,1283,44,2.21319317817688,
1868836139010286372,p08_student,True,1,1287,44,2.163447856903076,
1868836139010286372,p09_entrepreneur,True,1,1288,44,2.158424139022827,
1868836139010286372,p10_artist,True,1,1286,44,2.1466829776763916,
1868836139010286372,p11_senior,True,1,1287,44,2.298319101333618,
1868836139010286372,p12_activist,True,1,1291,44,2.136101007461548,
1869022291297080083,p01_genz_meme,True,1,1265,44,7.563678979873657,
1869022291297080083,p02_fitness,True,1,1256,44,2.1009578704833984,
1869022291297080083,p03_parent,True,1,1258,44,2.0697379112243652,
1869022291297080083,p04_tech_pro,True,1,1259,44,2.1318349838256836,
1869022291297080083,p05_fashion,True,1,1255,44,2.140916109085083,
1869022291297080083,p06_foodie,True,1,1266,44,2.147942066192627,
1869022291297080083,p07_traveler,True,1,1256,44,2.122215986251831,
1869022291297080083,p08_student,True,1,1260,44,2.1137261390686035,
1869022291297080083,p09_entrepreneur,True,1,1261,44,1.900480031967163,
1869022291297080083,p10_artist,True,1,1259,44,1.8949511051177979,
1869022291297080083,p11_senior,True,1,1260,44,4.300680875778198,
1869022291297080083,p12_activist,True,1,1264,44,7.378334999084473,
1869090098018815574,p01_genz_meme,True,1,1408,44,13.57359004020691,
1869090098018815574,p02_fitness,True,1,1399,44,6.808549165725708,
1869090098018815574,p03_parent,True,1,1401,44,5.812240123748779,
1869090098018815574,p04_tech_pro,True,1,1402,44,6.873559236526489,
1869090098018815574,p05_fashion,True,1,1398,44,6.488182067871094,
1869090098018815574,p06_foodie,True,1,1409,44,5.6463658809661865,
1869090098018815574,p07_traveler,True,1,1399,44,6.536792993545532,
1869090098018815574,p08_student,True,1,1403,44,4.462802886962891,
1869090098018815574,p09_entrepreneur,True,1,1404,44,2.712597131729126,
1869090098018815574,p10_artist,True,1,1402,44,2.6588568687438965,
1869090098018815574,p11_senior,True,1,1403,44,2.637401819229126,
1869090098018815574,p12_activist,True,1,1407,44,2.5265719890594482,
1869094092346262728,p01_genz_meme,True,1,1284,44,6.750952959060669,
1869094092346262728,p02_fitness,True,1,1275,44,2.7317488193511963,
1869094092346262728,p03_parent,True,1,1277,44,2.3558781147003174,
1869094092346262728,p04_tech_pro,True,1,1278,44,2.4652788639068604,
1869094092346262728,p05_fashion,True,1,1274,44,2.2798383235931396,
1869094092346262728,p06_foodie,True,1,1285,44,2.2349467277526855,
1869094092346262728,p07_traveler,True,1,1275,44,2.3164680004119873,
1869094092346262728,p08_student,True,1,1279,44,2.2454512119293213,
1869094092346262728,p09_entrepreneur,True,1,1280,44,2.305306911468506,
1869094092346262728,p10_artist,True,1,1278,44,2.2161221504211426,
1869094092346262728,p11_senior,True,1,1279,44,2.209869146347046,
1869094092346262728,p12_activist,True,1,1283,44,2.2494587898254395,
1869258368511010089,p01_genz_meme,True,1,1286,44,7.843861818313599,
1869258368511010089,p02_fitness,True,1,1277,44,2.184391975402832,
1869258368511010089,p03_parent,True,1,1279,44,2.208775043487549,
1869258368511010089,p04_tech_pro,True,1,1280,44,2.124246120452881,
1869258368511010089,p05_fashion,True,1,1276,44,2.251411199569702,
1869258368511010089,p06_foodie,True,1,1287,44,2.113950252532959,
1869258368511010089,p07_traveler,True,1,1277,44,2.1585330963134766,
1869258368511010089,p08_student,True,1,1281,44,2.151545763015747,
1869258368511010089,p09_entrepreneur,True,1,1282,44,2.0959959030151367,
1869258368511010089,p10_artist,True,1,1280,44,2.1462459564208984,
1869258368511010089,p11_senior,True,1,1281,44,2.1361279487609863,
1869258368511010089,p12_activist,True,1,1285,44,2.1661062240600586,
1869692816156606278,p01_genz_meme,True,1,1335,44,7.389458894729614,
1869692816156606278,p02_fitness,True,1,1326,44,2.1305809020996094,
1869692816156606278,p03_parent,True,1,1328,44,2.1333062648773193,
1869692816156606278,p04_tech_pro,True,1,1329,44,2.1679019927978516,
1869692816156606278,p05_fashion,True,1,1325,44,2.1356992721557617,
1869692816156606278,p06_foodie,True,1,1336,44,2.1962528228759766,
1869692816156606278,p07_traveler,True,1,1326,44,2.162126064300537,
1869692816156606278,p08_student,True,1,1330,44,2.1634628772735596,
1869692816156606278,p09_entrepreneur,True,1,1331,44,2.1508288383483887,
1869692816156606278,p10_artist,True,1,1329,44,2.158588171005249,
1869692816156606278,p11_senior,True,1,1330,44,2.1576972007751465,
1869692816156606278,p12_activist,True,1,1334,44,2.149000406265259,
1869936912519525826,p01_genz_meme,True,1,1261,44,7.502902984619141,
1869936912519525826,p02_fitness,True,1,1252,44,2.073086977005005,
1869936912519525826,p03_parent,True,1,1254,44,2.536269187927246,
1869936912519525826,p04_tech_pro,True,1,1255,44,2.312941074371338,
1869936912519525826,p05_fashion,True,1,1251,44,2.112685203552246,
1869936912519525826,p06_foodie,True,1,1262,44,1.998142957687378,
1869936912519525826,p07_traveler,True,1,1252,44,2.179870843887329,
1869936912519525826,p08_student,True,1,1256,44,2.153125762939453,
1869936912519525826,p09_entrepreneur,True,1,1257,44,2.0733320713043213,
1869936912519525826,p10_artist,True,1,1255,44,2.11330509185791,
1869936912519525826,p11_senior,True,1,1256,44,2.100207805633545,
1869936912519525826,p12_activist,True,1,1260,44,2.121089220046997,
1870075080786499793,p01_genz_meme,True,1,1395,44,8.087037086486816,
1870075080786499793,p02_fitness,True,1,1386,44,2.3501620292663574,
1870075080786499793,p03_parent,True,1,1388,44,2.3463597297668457,
1870075080786499793,p04_tech_pro,True,1,1389,44,2.3852100372314453,
1870075080786499793,p05_fashion,True,1,1385,44,2.4666712284088135,
1870075080786499793,p06_foodie,True,1,1396,44,2.4150211811065674,
1870075080786499793,p07_traveler,True,1,1386,44,2.41448712348938,
1870075080786499793,p08_student,True,1,1390,44,2.4243969917297363,
1870075080786499793,p09_entrepreneur,True,1,1391,44,2.4629812240600586,
1870075080786499793,p10_artist,True,1,1389,44,2.4487760066986084,
1870075080786499793,p11_senior,True,1,1390,44,2.430629253387451,
1870075080786499793,p12_activist,True,1,1394,44,2.449342966079712,
1870758572703664596,p01_genz_meme,True,1,1386,44,7.963481903076172,
1870758572703664596,p02_fitness,True,1,1377,44,2.3861122131347656,
1870758572703664596,p03_parent,True,1,1379,44,2.387176752090454,
1870758572703664596,p04_tech_pro,True,1,1380,44,2.504516839981079,
1870758572703664596,p05_fashion,True,1,1376,44,2.3068039417266846,
1870758572703664596,p06_foodie,True,1,1387,44,2.447481870651245,
1870758572703664596,p07_traveler,True,1,1377,44,2.3987770080566406,
1870758572703664596,p08_student,True,1,1381,44,2.3845489025115967,
1870758572703664596,p09_entrepreneur,True,1,1382,44,2.4290881156921387,
1870758572703664596,p10_artist,True,1,1380,44,2.3456649780273438,
1870758572703664596,p11_senior,True,1,1381,44,2.4569101333618164,
1870758572703664596,p12_activist,True,1,1385,44,2.3750219345092773,
1871121491091627356,p01_genz_meme,True,1,1281,44,8.032469034194946,
1871121491091627356,p02_fitness,True,1,1272,44,2.0938687324523926,
1871121491091627356,p03_parent,True,1,1274,44,2.1073532104492188,
1871121491091627356,p04_tech_pro,True,1,1275,44,2.0354690551757812,
1871121491091627356,p05_fashion,True,1,1271,44,2.111232042312622,
1871121491091627356,p06_foodie,True,1,1282,44,2.061917304992676,
1871121491091627356,p07_traveler,True,1,1272,44,2.060457944869995,
1871121491091627356,p08_student,True,1,1276,44,2.072679042816162,
1871121491091627356,p09_entrepreneur,True,1,1277,44,2.0797958374023438,
1871121491091627356,p10_artist,True,1,1275,44,2.185621976852417,
1871121491091627356,p11_senior,True,1,1276,44,2.0314829349517822,
1871121491091627356,p12_activist,True,1,1280,44,2.1509690284729004,
1871284525825371690,p01_genz_meme,True,1,1387,44,8.168346166610718,
1871284525825371690,p02_fitness,True,1,1378,44,2.363471031188965,
1871284525825371690,p03_parent,True,1,1380,44,2.4069948196411133,
1871284525825371690,p04_tech_pro,True,1,1381,44,2.3804118633270264,
1871284525825371690,p05_fashion,True,1,1377,44,2.359726905822754,
1871284525825371690,p06_foodie,True,1,1388,44,2.407320737838745,
1871284525825371690,p07_traveler,True,1,1378,44,2.437000274658203,
1871284525825371690,p08_student,True,1,1382,44,2.437213897705078,
1871284525825371690,p09_entrepreneur,True,1,1383,44,2.3959741592407227,
1871284525825371690,p10_artist,True,1,1381,44,2.4231600761413574,
1871284525825371690,p11_senior,True,1,1382,44,2.390915870666504,
1871284525825371690,p12_activist,True,1,1386,44,2.453094005584717,
1871299161723255665,p01_genz_meme,True,1,1526,44,8.284878253936768,
1871299161723255665,p02_fitness,True,1,1517,44,2.726541042327881,
1871299161723255665,p03_parent,True,1,1519,44,2.6878111362457275,
1871299161723255665,p04_tech_pro,True,1,1520,44,2.7751801013946533,
1871299161723255665,p05_fashion,True,1,1516,44,2.8891351222991943,
1871299161723255665,p06_foodie,True,1,1527,44,2.986828088760376,
1871299161723255665,p07_traveler,True,1,1517,44,2.704040288925171,
1871299161723255665,p08_student,True,1,1521,44,2.6428730487823486,
1871299161723255665,p09_entrepreneur,True,1,1522,44,2.8221781253814697,
1871299161723255665,p10_artist,True,1,1520,44,2.7692489624023438,
1871299161723255665,p11_senior,True,1,1521,44,2.7433929443359375,
1871299161723255665,p12_activist,True,1,1525,44,2.7449581623077393,
1871299320402644747,p01_genz_meme,True,1,1409,44,8.576566934585571,
1871299320402644747,p02_fitness,True,1,1400,44,2.4387338161468506,
1871299320402644747,p03_parent,True,1,1402,44,2.4748501777648926,
1871299320402644747,p04_tech_pro,True,1,1403,44,2.5183141231536865,
1871299320402644747,p05_fashion,True,1,1399,44,2.3651227951049805,
1871299320402644747,p06_foodie,True,1,1410,44,2.5706441402435303,
1871299320402644747,p07_traveler,True,1,1400,44,2.6811509132385254,
1871299320402644747,p08_student,True,1,1404,44,2.657895803451538,
1871299320402644747,p09_entrepreneur,True,1,1405,44,2.773827075958252,
1871299320402644747,p10_artist,True,1,1403,44,2.5018889904022217,
1871299320402644747,p11_senior,True,1,1404,44,2.5435738563537598,
1871299320402644747,p12_activist,True,1,1408,44,2.573148250579834,
1872062333700543509,p01_genz_meme,True,1,1396,44,9.020838975906372,
1872062333700543509,p02_fitness,True,1,1387,44,2.534933090209961,
1872062333700543509,p03_parent,True,1,1389,44,2.7324469089508057,
1872062333700543509,p04_tech_pro,True,1,1390,44,3.022709846496582,
1872062333700543509,p05_fashion,True,1,1386,44,1.816329002380371,
1872062333700543509,p06_foodie,True,1,1397,44,1.819728136062622,
1872062333700543509,p07_traveler,True,1,1387,44,1.8322548866271973,
1872062333700543509,p08_student,True,1,1391,44,1.797936201095581,
1872062333700543509,p09_entrepreneur,True,1,1392,44,1.8701648712158203,
1872062333700543509,p10_artist,True,1,1390,44,1.887681007385254,
1872062333700543509,p11_senior,True,1,1391,44,1.917741060256958,
1872062333700543509,p12_activist,True,1,1395,44,1.7965748310089111,
1872230787770127069,p01_genz_meme,True,1,1327,44,6.445061922073364,
1872230787770127069,p02_fitness,True,1,1318,44,1.7998230457305908,
1872230787770127069,p03_parent,True,1,1320,44,1.7114448547363281,
1872230787770127069,p04_tech_pro,True,1,1321,44,1.7034807205200195,
1872230787770127069,p05_fashion,True,1,1317,44,1.6127691268920898,
1872230787770127069,p06_foodie,True,1,1328,44,1.6862430572509766,
1872230787770127069,p07_traveler,True,1,1318,44,1.6000490188598633,
1872230787770127069,p08_student,True,1,1322,44,1.6425936222076416,
1872230787770127069,p09_entrepreneur,True,1,1323,44,1.623840093612671,
1872230787770127069,p10_artist,True,1,1321,44,1.6206579208374023,
1872230787770127069,p11_senior,True,1,1322,44,1.6168997287750244,
1872230787770127069,p12_activist,True,1,1326,44,1.74177885055542,
1872305581630756919,p01_genz_meme,True,1,1302,44,6.260666847229004,
1872305581630756919,p02_fitness,True,1,1293,44,1.7735352516174316,
1872305581630756919,p03_parent,True,1,1295,44,1.6091279983520508,
1872305581630756919,p04_tech_pro,True,1,1296,44,1.6314339637756348,
1872305581630756919,p05_fashion,True,1,1292,44,1.6208748817443848,
1872305581630756919,p06_foodie,True,1,1303,44,1.5816688537597656,
1872305581630756919,p07_traveler,True,1,1293,44,1.6058650016784668,
1872305581630756919,p08_student,True,1,1297,44,1.615074872970581,
1872305581630756919,p09_entrepreneur,True,1,1298,44,1.65763521194458,
1872305581630756919,p10_artist,True,1,1296,44,1.5977458953857422,
1872305581630756919,p11_senior,True,1,1297,44,1.5839622020721436,
1872305581630756919,p12_activist,True,1,1301,44,1.632436990737915,
1872577370374621677,p01_genz_meme,True,1,1366,44,6.581916809082031,
1872577370374621677,p02_fitness,True,1,1357,44,1.802832841873169,
1872577370374621677,p03_parent,True,1,1359,44,1.639415979385376,
1872577370374621677,p04_tech_pro,True,1,1360,44,1.6403899192810059,
1872577370374621677,p05_fashion,True,1,1356,44,1.6198348999023438,
1872577370374621677,p06_foodie,True,1,1367,44,1.7787761688232422,
1872577370374621677,p07_traveler,True,1,1357,44,1.632636308670044,
1872577370374621677,p08_student,True,1,1361,44,1.706094741821289,
1872577370374621677,p09_entrepreneur,True,1,1362,44,1.6242101192474365,
1872577370374621677,p10_artist,True,1,1360,44,1.6518959999084473,
1872577370374621677,p11_senior,True,1,1361,44,1.6448001861572266,
1872577370374621677,p12_activist,True,1,1365,44,1.6386959552764893,
1872584139846488339,p01_genz_meme,True,1,1434,44,6.752378940582275,
1872584139846488339,p02_fitness,True,1,1425,44,1.967148780822754,
1872584139846488339,p03_parent,True,1,1427,44,1.8156449794769287,
1872584139846488339,p04_tech_pro,True,1,1428,44,1.8351988792419434,
1872584139846488339,p05_fashion,True,1,1424,44,1.796936273574829,
1872584139846488339,p06_foodie,True,1,1435,44,1.8174080848693848,
1872584139846488339,p07_traveler,True,1,1425,44,1.8111457824707031,
1872584139846488339,p08_student,True,1,1429,44,1.7969739437103271,
1872584139846488339,p09_entrepreneur,True,1,1430,44,1.8050510883331299,
1872584139846488339,p10_artist,True,1,1428,44,1.7985069751739502,
1872584139846488339,p11_senior,True,1,1429,44,1.8162319660186768,
1872584139846488339,p12_activist,True,1,1433,44,1.7784252166748047,
1872593029756675002,p01_genz_meme,True,1,1444,44,6.729417085647583,
1872593029756675002,p02_fitness,True,1,1435,44,2.07478666305542,
1872593029756675002,p03_parent,True,1,1437,44,1.8740088939666748,
1872593029756675002,p04_tech_pro,True,1,1438,44,1.8604838848114014,
1872593029756675002,p05_fashion,True,1,1434,44,1.9049699306488037,
1872593029756675002,p06_foodie,True,1,1445,44,1.7950711250305176,
1872593029756675002,p07_traveler,True,1,1435,44,1.8975889682769775,
1872593029756675002,p08_student,True,1,1439,44,1.8629817962646484,
1872593029756675002,p09_entrepreneur,True,1,1440,44,1.8360090255737305,
1872593029756675002,p10_artist,True,1,1438,44,1.9508280754089355,
1872593029756675002,p11_senior,True,1,1439,44,1.8131070137023926,
1872593029756675002,p12_activist,True,1,1443,44,1.8749148845672607,
1873656582038923458,p01_genz_meme,True,1,1327,44,6.389755010604858,
1873656582038923458,p02_fitness,True,1,1318,44,1.8013241291046143,
1873656582038923458,p03_parent,True,1,1320,44,1.58890700340271,
1873656582038923458,p04_tech_pro,True,1,1321,44,1.6391379833221436,
1873656582038923458,p05_fashion,True,1,1317,44,1.6006381511688232,
1873656582038923458,p06_foodie,True,1,1328,44,1.6143600940704346,
1873656582038923458,p07_traveler,True,1,1318,44,1.6544830799102783,
1873656582038923458,p08_student,True,1,1322,44,1.5941030979156494,
1873656582038923458,p09_entrepreneur,True,1,1323,44,1.6321451663970947,
1873656582038923458,p10_artist,True,1,1321,44,1.6223199367523193,
1873656582038923458,p11_senior,True,1,1322,44,1.6247279644012451,
1873656582038923458,p12_activist,True,1,1326,44,1.6179289817810059,
1874277634939152574,p01_genz_meme,True,1,1296,44,6.243242025375366,
1874277634939152574,p02_fitness,True,1,1287,44,1.8007149696350098,
1874277634939152574,p03_parent,True,1,1289,44,1.5873770713806152,
1874277634939152574,p04_tech_pro,True,1,1290,44,1.6456170082092285,
1874277634939152574,p05_fashion,True,1,1286,44,1.712663173675537,
1874277634939152574,p06_foodie,True,1,1297,44,1.5972280502319336,
1874277634939152574,p07_traveler,True,1,1287,44,1.621873140335083,
1874277634939152574,p08_student,True,1,1291,44,1.6346421241760254,
1874277634939152574,p09_entrepreneur,True,1,1292,44,1.613900899887085,
1874277634939152574,p10_artist,True,1,1290,44,1.6250851154327393,
1874277634939152574,p11_senior,True,1,1291,44,1.6199698448181152,
1874277634939152574,p12_activist,True,1,1295,44,1.6067047119140625,
1874362183922480153,p01_genz_meme,True,1,1283,44,6.423091888427734,
1874362183922480153,p02_fitness,True,1,1274,44,1.6845788955688477,
1874362183922480153,p03_parent,True,1,1276,44,1.6196331977844238,
1874362183922480153,p04_tech_pro,True,1,1277,44,1.5730607509613037,
1874362183922480153,p05_fashion,True,1,1273,44,1.5993008613586426,
1874362183922480153,p06_foodie,True,1,1284,44,1.6784591674804688,
1874362183922480153,p07_traveler,True,1,1274,44,1.6291007995605469,
1874362183922480153,p08_student,True,1,1278,44,1.5656960010528564,
1874362183922480153,p09_entrepreneur,True,1,1279,44,1.599303960800171,
1874362183922480153,p10_artist,True,1,1277,44,1.5825989246368408,
1874362183922480153,p11_senior,True,1,1278,44,1.583988904953003,
1874362183922480153,p12_activist,True,1,1282,44,1.6658389568328857,
1874759162068799622,p01_genz_meme,True,1,1326,44,6.4650397300720215,
1874759162068799622,p02_fitness,True,1,1317,44,1.7367281913757324,
1874759162068799622,p03_parent,True,1,1319,44,1.6354210376739502,
1874759162068799622,p04_tech_pro,True,1,1320,44,1.621006965637207,
1874759162068799622,p05_fashion,True,1,1316,44,1.608001947402954,
1874759162068799622,p06_foodie,True,1,1327,44,1.6543629169464111,
1874759162068799622,p07_traveler,True,1,1317,44,1.598539113998413,
1874759162068799622,p08_student,True,1,1321,44,1.5970759391784668,
1874759162068799622,p09_entrepreneur,True,1,1322,44,1.6407229900360107,
1874759162068799622,p10_artist,True,1,1320,44,1.6233088970184326,
1874759162068799622,p11_senior,True,1,1321,44,1.6037461757659912,
1874759162068799622,p12_activist,True,1,1325,44,1.5902531147003174,
1874866864656924215,p01_genz_meme,True,1,1493,44,6.365072965621948,
1874866864656924215,p02_fitness,True,1,1484,44,2.1007678508758545,
1874866864656924215,p03_parent,True,1,1486,44,2.024887800216675,
1874866864656924215,p04_tech_pro,True,1,1487,44,2.0367159843444824,
1874866864656924215,p05_fashion,True,1,1483,44,2.0317370891571045,
1874866864656924215,p06_foodie,True,1,1494,44,2.0688531398773193,
1874866864656924215,p07_traveler,True,1,1484,44,2.0271098613739014,
1874866864656924215,p08_student,True,1,1488,44,2.0398130416870117,
1874866864656924215,p09_entrepreneur,True,1,1489,44,2.0426509380340576,
1874866864656924215,p10_artist,True,1,1487,44,2.0221199989318848,
1874866864656924215,p11_senior,True,1,1488,44,2.088015079498291,
1874866864656924215,p12_activist,True,1,1492,44,2.0373942852020264,
1874928468740173863,p01_genz_meme,True,1,1331,44,6.501646041870117,
1874928468740173863,p02_fitness,True,1,1322,44,1.7569262981414795,
1874928468740173863,p03_parent,True,1,1324,44,1.6540122032165527,
1874928468740173863,p04_tech_pro,True,1,1325,44,1.6594769954681396,
1874928468740173863,p05_fashion,True,1,1321,44,1.6191012859344482,
1874928468740173863,p06_foodie,True,1,1332,44,1.607300043106079,
1874928468740173863,p07_traveler,True,1,1322,44,1.7082889080047607,
1874928468740173863,p08_student,True,1,1326,44,1.5770959854125977,
1874928468740173863,p09_entrepreneur,True,1,1327,44,1.6505842208862305,
1874928468740173863,p10_artist,True,1,1325,44,1.6344928741455078,
1874928468740173863,p11_senior,True,1,1326,44,1.6374351978302002,
1874928468740173863,p12_activist,True,1,1330,44,1.6498358249664307,
1874936693242939916,p01_genz_meme,True,1,1294,44,6.338899850845337,
1874936693242939916,p02_fitness,True,1,1285,44,1.7768828868865967,
1874936693242939916,p03_parent,True,1,1287,44,1.565626859664917,
1874936693242939916,p04_tech_pro,True,1,1288,44,1.5980281829833984,
1874936693242939916,p05_fashion,True,1,1284,44,1.586333990097046,
1874936693242939916,p06_foodie,True,1,1295,44,1.6220829486846924,
1874936693242939916,p07_traveler,True,1,1285,44,1.5939161777496338,
1874936693242939916,p08_student,True,1,1289,44,1.7431797981262207,
1874936693242939916,p09_entrepreneur,True,1,1290,44,1.5887398719787598,
1874936693242939916,p10_artist,True,1,1288,44,1.6073529720306396,
1874936693242939916,p11_senior,True,1,1289,44,1.5989329814910889,
1874936693242939916,p12_activist,True,1,1293,44,1.627716302871704,
1875389918089759818,p01_genz_meme,True,1,1374,44,6.533005952835083,
1875389918089759818,p02_fitness,True,1,1365,44,1.9838662147521973,
1875389918089759818,p03_parent,True,1,1367,44,1.8702671527862549,
1875389918089759818,p04_tech_pro,True,1,1368,44,1.7301771640777588,
1875389918089759818,p05_fashion,True,1,1364,44,1.7374868392944336,
1875389918089759818,p06_foodie,True,1,1375,44,1.768714189529419,
1875389918089759818,p07_traveler,True,1,1365,44,1.6995327472686768,
1875389918089759818,p08_student,True,1,1369,44,1.79864501953125,
1875389918089759818,p09_entrepreneur,True,1,1370,44,1.7210421562194824,
1875389918089759818,p10_artist,True,1,1368,44,1.7212820053100586,
1875389918089759818,p11_senior,True,1,1369,44,1.805164098739624,
1875389918089759818,p12_activist,True,1,1373,44,1.7239887714385986,
1875491805635903065,p01_genz_meme,True,1,1269,44,5.844714879989624,
1875491805635903065,p02_fitness,True,1,1260,44,1.702552080154419,
1875491805635903065,p03_parent,True,1,1262,44,1.532607078552246,
1875491805635903065,p04_tech_pro,True,1,1263,44,1.5227000713348389,
1875491805635903065,p05_fashion,True,1,1259,44,1.5241248607635498,
1875491805635903065,p06_foodie,True,1,1270,44,1.5337839126586914,
1875491805635903065,p07_traveler,True,1,1260,44,1.5241730213165283,
1875491805635903065,p08_student,True,1,1264,44,1.4968760013580322,
1875491805635903065,p09_entrepreneur,True,1,1265,44,1.5375697612762451,
1875491805635903065,p10_artist,True,1,1263,44,1.5080277919769287,
1875491805635903065,p11_senior,True,1,1264,44,1.5102078914642334,
1875491805635903065,p12_activist,True,1,1268,44,1.4989917278289795,
1875572884543072017,p01_genz_meme,True,1,1339,44,6.030828952789307,
1875572884543072017,p02_fitness,True,1,1330,44,1.6436917781829834,
1875572884543072017,p03_parent,True,1,1332,44,1.51749587059021,
1875572884543072017,p04_tech_pro,True,1,1333,44,1.6010422706604004,
1875572884543072017,p05_fashion,True,1,1329,44,1.4596450328826904,
1875572884543072017,p06_foodie,True,1,1340,44,1.517838954925537,
1875572884543072017,p07_traveler,True,1,1330,44,1.5388708114624023,
1875572884543072017,p08_student,True,1,1334,44,1.4944558143615723,
1875572884543072017,p09_entrepreneur,True,1,1335,44,1.4970061779022217,
1875572884543072017,p10_artist,True,1,1333,44,1.5143380165100098,
1875572884543072017,p11_senior,True,1,1334,44,1.5038971900939941,
1875572884543072017,p12_activist,True,1,1338,44,1.4834661483764648,
1875772611981864269,p01_genz_meme,True,1,1312,44,5.65132212638855,
1875772611981864269,p02_fitness,True,1,1303,44,1.5961251258850098,
1875772611981864269,p03_parent,True,1,1305,44,1.4841501712799072,
1875772611981864269,p04_tech_pro,True,1,1306,44,1.5094528198242188,
1875772611981864269,p05_fashion,True,1,1302,44,1.4870119094848633,
1875772611981864269,p06_foodie,True,1,1313,44,1.587049961090088,
1875772611981864269,p07_traveler,True,1,1303,44,1.5107488632202148,
1875772611981864269,p08_student,True,1,1307,44,1.662243127822876,
1875772611981864269,p09_entrepreneur,True,1,1308,44,1.603409767150879,
1875772611981864269,p10_artist,True,1,1306,44,1.493980884552002,
1875772611981864269,p11_senior,True,1,1307,44,1.4991588592529297,
1875772611981864269,p12_activist,True,1,1311,44,1.4579899311065674,
1875864791820529786,p01_genz_meme,True,1,1345,44,5.978237867355347,
1875864791820529786,p02_fitness,True,1,1336,44,1.6353306770324707,
1875864791820529786,p03_parent,True,1,1338,44,1.4657399654388428,
1875864791820529786,p04_tech_pro,True,1,1339,44,1.5210258960723877,
1875864791820529786,p05_fashion,True,1,1335,44,1.515091896057129,
1875864791820529786,p06_foodie,True,1,1346,44,1.517867088317871,
1875864791820529786,p07_traveler,True,1,1336,44,1.5210981369018555,
1875864791820529786,p08_student,True,1,1340,44,1.5296599864959717,
1875864791820529786,p09_entrepreneur,True,1,1341,44,1.5357389450073242,
1875864791820529786,p10_artist,True,1,1339,44,1.5104081630706787,
1875864791820529786,p11_senior,True,1,1340,44,1.514817237854004,
1875864791820529786,p12_activist,True,1,1344,44,1.506699800491333,
1875996724827210916,p01_genz_meme,True,1,1397,44,5.80834698677063,
1875996724827210916,p02_fitness,True,1,1388,44,1.778357982635498,
1875996724827210916,p03_parent,True,1,1390,44,1.6539061069488525,
1875996724827210916,p04_tech_pro,True,1,1391,44,1.6943998336791992,
1875996724827210916,p05_fashion,True,1,1387,44,1.6953742504119873,
1875996724827210916,p06_foodie,True,1,1398,44,1.6747729778289795,
1875996724827210916,p07_traveler,True,1,1388,44,1.685675859451294,
1875996724827210916,p08_student,True,1,1392,44,1.704246997833252,
1875996724827210916,p09_entrepreneur,True,1,1393,44,1.7123842239379883,
1875996724827210916,p10_artist,True,1,1391,44,1.709709882736206,
1875996724827210916,p11_senior,True,1,1392,44,1.8885838985443115,
1875996724827210916,p12_activist,True,1,1396,44,1.7465159893035889,
1876037668917501086,p01_genz_meme,True,1,1550,44,6.272597074508667,
1876037668917501086,p02_fitness,True,1,1541,44,1.9604990482330322,
1876037668917501086,p03_parent,True,1,1543,44,1.9104759693145752,
1876037668917501086,p04_tech_pro,True,1,1544,44,1.8831100463867188,
1876037668917501086,p05_fashion,True,1,1540,44,1.8622450828552246,
1876037668917501086,p06_foodie,True,1,1551,44,1.9469749927520752,
1876037668917501086,p07_traveler,True,1,1541,44,1.923332929611206,
1876037668917501086,p08_student,True,1,1545,44,2.1137759685516357,
1876037668917501086,p09_entrepreneur,True,1,1546,44,2.0510919094085693,
1876037668917501086,p10_artist,True,1,1544,44,1.876384973526001,
1876037668917501086,p11_senior,True,1,1545,44,1.8695850372314453,
1876037668917501086,p12_activist,True,1,1549,44,1.9169118404388428,
1876205124676038815,p01_genz_meme,True,1,1333,44,5.967706918716431,
1876205124676038815,p02_fitness,True,1,1324,44,1.5229828357696533,
1876205124676038815,p03_parent,True,1,1326,44,1.4692320823669434,
1876205124676038815,p04_tech_pro,True,1,1327,44,1.4810879230499268,
1876205124676038815,p05_fashion,True,1,1323,44,1.3876497745513916,
1876205124676038815,p06_foodie,True,1,1334,44,1.501763105392456,
1876205124676038815,p07_traveler,True,1,1324,44,1.451540231704712,
1876205124676038815,p08_student,True,1,1328,44,1.4527149200439453,
1876205124676038815,p09_entrepreneur,True,1,1329,44,1.4245741367340088,
1876205124676038815,p10_artist,True,1,1327,44,1.4766762256622314,
1876205124676038815,p11_senior,True,1,1328,44,1.453685998916626,
1876205124676038815,p12_activist,True,1,1332,44,1.47623610496521,
1876329542227080381,p01_genz_meme,True,1,1339,44,5.9572460651397705,
1876329542227080381,p02_fitness,True,1,1330,44,1.451220989227295,
1876329542227080381,p03_parent,True,1,1332,44,1.4587068557739258,
1876329542227080381,p04_tech_pro,True,1,1333,44,1.491642713546753,
1876329542227080381,p05_fashion,True,1,1329,44,1.4165959358215332,
1876329542227080381,p06_foodie,True,1,1340,44,1.4803190231323242,
1876329542227080381,p07_traveler,True,1,1330,44,1.425616979598999,
1876329542227080381,p08_student,True,1,1334,44,1.4739017486572266,
1876329542227080381,p09_entrepreneur,True,1,1335,44,1.4309048652648926,
1876329542227080381,p10_artist,True,1,1333,44,1.466902732849121,
1876329542227080381,p11_senior,True,1,1334,44,1.469883918762207,
1876329542227080381,p12_activist,True,1,1338,44,1.434462070465088,
1876975105431957477,p01_genz_meme,True,1,1426,44,5.778093099594116,
1876975105431957477,p02_fitness,True,1,1417,44,1.756059169769287,
1876975105431957477,p03_parent,True,1,1419,44,1.7299652099609375,
1876975105431957477,p04_tech_pro,True,1,1420,44,2.5087552070617676,
1876975105431957477,p05_fashion,True,1,1416,44,2.337231159210205,
1876975105431957477,p06_foodie,True,1,1427,44,2.4377851486206055,
1876975105431957477,p07_traveler,True,1,1417,44,2.4730098247528076,
1876975105431957477,p08_student,True,1,1421,44,2.5389909744262695,
1876975105431957477,p09_entrepreneur,True,1,1422,44,2.5022079944610596,
1876975105431957477,p10_artist,True,1,1420,44,2.4843389987945557,
1876975105431957477,p11_senior,True,1,1421,44,2.730347156524658,
1876975105431957477,p12_activist,True,1,1425,44,2.2959377765655518,
1877275553805695000,p01_genz_meme,True,1,1320,44,7.905447959899902,
1877275553805695000,p02_fitness,True,1,1311,44,2.071099042892456,
1877275553805695000,p03_parent,True,1,1313,44,2.210909128189087,
1877275553805695000,p04_tech_pro,True,1,1314,44,2.0523040294647217,
1877275553805695000,p05_fashion,True,1,1310,44,2.1145899295806885,
1877275553805695000,p06_foodie,True,1,1321,44,1.952017068862915,
1877275553805695000,p07_traveler,True,1,1311,44,2.06836199760437,
1877275553805695000,p08_student,True,1,1315,44,1.9960508346557617,
1877275553805695000,p09_entrepreneur,True,1,1316,44,2.0251829624176025,
1877275553805695000,p10_artist,True,1,1314,44,2.06286883354187,
1877275553805695000,p11_senior,True,1,1315,44,2.057863235473633,
1877275553805695000,p12_activist,True,1,1319,44,2.0387539863586426,
1877442999076685160,p01_genz_meme,True,1,1496,44,8.195249319076538,
1877442999076685160,p02_fitness,True,1,1487,44,2.3486220836639404,
1877442999076685160,p03_parent,True,1,1489,44,2.3459980487823486,
1877442999076685160,p04_tech_pro,True,1,1490,44,2.298841714859009,
1877442999076685160,p05_fashion,True,1,1486,44,1.8428900241851807,
1877442999076685160,p06_foodie,True,1,1497,44,1.811204195022583,
1877442999076685160,p07_traveler,True,1,1487,44,1.8887338638305664,
1877442999076685160,p08_student,True,1,1491,44,1.7713048458099365,
1877442999076685160,p09_entrepreneur,True,1,1492,44,1.7871019840240479,
1877442999076685160,p10_artist,True,1,1490,44,1.68544602394104,
1877442999076685160,p11_senior,True,1,1491,44,1.855013132095337,
1877442999076685160,p12_activist,True,1,1495,44,1.73146390914917,
1877653108156103157,p01_genz_meme,True,1,1383,44,6.333759069442749,
1877653108156103157,p02_fitness,True,1,1374,44,1.7945199012756348,
1877653108156103157,p03_parent,True,1,1376,44,1.7669398784637451,
1877653108156103157,p04_tech_pro,True,1,1377,44,1.7382891178131104,
1877653108156103157,p05_fashion,True,1,1373,44,1.7326369285583496,
1877653108156103157,p06_foodie,True,1,1384,44,1.7502961158752441,
1877653108156103157,p07_traveler,True,1,1374,44,1.6841919422149658,
1877653108156103157,p08_student,True,1,1378,44,1.6880900859832764,
1877653108156103157,p09_entrepreneur,True,1,1379,44,1.707594871520996,
1877653108156103157,p10_artist,True,1,1377,44,1.7035720348358154,
1877653108156103157,p11_senior,True,1,1378,44,1.693917989730835,
1877653108156103157,p12_activist,True,1,1382,44,1.727329969406128,
1877710735560394490,p01_genz_meme,True,1,1324,44,6.2901458740234375,
1877710735560394490,p02_fitness,True,1,1315,44,1.591804027557373,
1877710735560394490,p03_parent,True,1,1317,44,1.5005168914794922,
1877710735560394490,p04_tech_pro,True,1,1318,44,1.6237359046936035,
1877710735560394490,p05_fashion,True,1,1314,44,1.5320179462432861,
1877710735560394490,p06_foodie,True,1,1325,44,1.5550470352172852,
1877710735560394490,p07_traveler,True,1,1315,44,1.4702329635620117,
1877710735560394490,p08_student,True,1,1319,44,1.504917860031128,
1877710735560394490,p09_entrepreneur,True,1,1320,44,1.5144848823547363,
1877710735560394490,p10_artist,True,1,1318,44,1.5312151908874512,
1877710735560394490,p11_senior,True,1,1319,44,1.4922277927398682,
1877710735560394490,p12_activist,True,1,1323,44,1.5422842502593994,
1877748783670875099,p01_genz_meme,True,1,1296,44,6.179529190063477,
1877748783670875099,p02_fitness,True,1,1287,44,1.5689170360565186,
1877748783670875099,p03_parent,True,1,1289,44,1.4713821411132812,
1877748783670875099,p04_tech_pro,True,1,1290,44,1.4839179515838623,
1877748783670875099,p05_fashion,True,1,1286,44,1.4720368385314941,
1877748783670875099,p06_foodie,True,1,1297,44,1.4947781562805176,
1877748783670875099,p07_traveler,True,1,1287,44,1.4599530696868896,
1877748783670875099,p08_student,True,1,1291,44,1.4492301940917969,
1877748783670875099,p09_entrepreneur,True,1,1292,44,1.4891319274902344,
1877748783670875099,p10_artist,True,1,1290,44,1.4712591171264648,
1877748783670875099,p11_senior,True,1,1291,44,1.4889461994171143,
1877748783670875099,p12_activist,True,1,1295,44,1.528451681137085,
1877881328423615144,p01_genz_meme,True,1,1495,44,6.486088037490845,
1877881328423615144,p02_fitness,True,1,1486,44,1.8153483867645264,
1877881328423615144,p03_parent,True,1,1488,44,1.7479560375213623,
1877881328423615144,p04_tech_pro,True,1,1489,44,1.9051132202148438,
1877881328423615144,p05_fashion,True,1,1485,44,1.9213840961456299,
1877881328423615144,p06_foodie,True,1,1496,44,1.881192922592163,
1877881328423615144,p07_traveler,True,1,1486,44,1.8247199058532715,
1877881328423615144,p08_student,True,1,1490,44,1.921555757522583,
1877881328423615144,p09_entrepreneur,True,1,1491,44,1.9884142875671387,
1877881328423615144,p10_artist,True,1,1489,44,1.8824028968811035,
1877881328423615144,p11_senior,True,1,1490,44,1.955841064453125,
1877881328423615144,p12_activist,True,1,1494,44,1.9184000492095947,
1878097456220966123,p01_genz_meme,True,1,1389,44,5.999541997909546,
1878097456220966123,p02_fitness,True,1,1380,44,1.7217521667480469,
1878097456220966123,p03_parent,True,1,1382,44,1.7190470695495605,
1878097456220966123,p04_tech_pro,True,1,1383,44,1.69089674949646,
1878097456220966123,p05_fashion,True,1,1379,44,1.7338478565216064,
1878097456220966123,p06_foodie,True,1,1390,44,1.7889738082885742,
1878097456220966123,p07_traveler,True,1,1380,44,1.756282091140747,
1878097456220966123,p08_student,True,1,1384,44,1.7157189846038818,
1878097456220966123,p09_entrepreneur,True,1,1385,44,1.7184171676635742,
1878097456220966123,p10_artist,True,1,1383,44,1.720731258392334,
1878097456220966123,p11_senior,True,1,1384,44,1.7191002368927002,
1878097456220966123,p12_activist,True,1,1388,44,1.7138018608093262,
1878269137000600664,p01_genz_meme,True,1,1345,44,6.082213878631592,
1878269137000600664,p02_fitness,True,1,1336,44,1.6227898597717285,
1878269137000600664,p03_parent,True,1,1338,44,1.5202009677886963,
1878269137000600664,p04_tech_pro,True,1,1339,44,1.5463569164276123,
1878269137000600664,p05_fashion,True,1,1335,44,1.5843379497528076,
1878269137000600664,p06_foodie,True,1,1346,44,1.553231954574585,
1878269137000600664,p07_traveler,True,1,1336,44,1.5514907836914062,
1878269137000600664,p08_student,True,1,1340,44,1.5649762153625488,
1878269137000600664,p09_entrepreneur,True,1,1341,44,1.5630369186401367,
1878269137000600664,p10_artist,True,1,1339,44,1.540998935699463,
1878269137000600664,p11_senior,True,1,1340,44,1.5242500305175781,
1878269137000600664,p12_activist,True,1,1344,44,1.553920030593872,
1878605499193755058,p01_genz_meme,True,1,1418,44,6.397137880325317,
1878605499193755058,p02_fitness,True,1,1409,44,1.7178199291229248,
1878605499193755058,p03_parent,True,1,1411,44,1.7305421829223633,
1878605499193755058,p04_tech_pro,True,1,1412,44,1.7181470394134521,
1878605499193755058,p05_fashion,True,1,1408,44,1.7244830131530762,
1878605499193755058,p06_foodie,True,1,1419,44,1.7628509998321533,
1878605499193755058,p07_traveler,True,1,1409,44,1.7599480152130127,
1878605499193755058,p08_student,True,1,1413,44,1.7196650505065918,
1878605499193755058,p09_entrepreneur,True,1,1414,44,1.772709846496582,
1878605499193755058,p10_artist,True,1,1412,44,1.7191081047058105,
1878605499193755058,p11_senior,True,1,1413,44,1.7099549770355225,
1878605499193755058,p12_activist,True,1,1417,44,1.7256860733032227,
1879139796731975735,p01_genz_meme,True,1,1292,44,5.770143270492554,
1879139796731975735,p02_fitness,True,1,1283,44,1.5564320087432861,
1879139796731975735,p03_parent,True,1,1285,44,1.5074012279510498,
1879139796731975735,p04_tech_pro,True,1,1286,44,1.5160953998565674,
1879139796731975735,p05_fashion,True,1,1282,44,1.5254249572753906,
1879139796731975735,p06_foodie,True,1,1293,44,1.5888340473175049,
1879139796731975735,p07_traveler,True,1,1283,44,1.3840820789337158,
1879139796731975735,p08_student,True,1,1287,44,1.5723729133605957,
1879139796731975735,p09_entrepreneur,True,1,1288,44,1.4772570133209229,
1879139796731975735,p10_artist,True,1,1286,44,1.5389337539672852,
1879139796731975735,p11_senior,True,1,1287,44,1.4970319271087646,
1879139796731975735,p12_activist,True,1,1291,44,1.5882580280303955,
1879342873607146538,p01_genz_meme,True,1,1357,44,7.272366046905518,
1879342873607146538,p02_fitness,True,1,1348,44,2.037396192550659,
1879342873607146538,p03_parent,True,1,1350,44,2.0137457847595215,
1879342873607146538,p04_tech_pro,True,1,1351,44,1.6367223262786865,
1879342873607146538,p05_fashion,True,1,1347,44,1.5189440250396729,
1879342873607146538,p06_foodie,True,1,1358,44,1.566053867340088,
1879342873607146538,p07_traveler,True,1,1348,44,1.5423719882965088,
1879342873607146538,p08_student,True,1,1352,44,1.5462031364440918,
1879342873607146538,p09_entrepreneur,True,1,1353,44,1.5463390350341797,
1879342873607146538,p10_artist,True,1,1351,44,1.5236029624938965,
1879342873607146538,p11_senior,True,1,1352,44,1.612720012664795,
1879342873607146538,p12_activist,True,1,1356,44,1.496241807937622,
1879679999810482694,p01_genz_meme,True,1,1455,44,6.521830797195435,
1879679999810482694,p02_fitness,True,1,1446,44,1.738234043121338,
1879679999810482694,p03_parent,True,1,1448,44,1.8031589984893799,
1879679999810482694,p04_tech_pro,True,1,1449,44,1.7414569854736328,
1879679999810482694,p05_fashion,True,1,1445,44,1.706408977508545,
1879679999810482694,p06_foodie,True,1,1456,44,1.7145321369171143,
1879679999810482694,p07_traveler,True,1,1446,44,1.7857511043548584,
1879679999810482694,p08_student,True,1,1450,44,1.7106070518493652,
1879679999810482694,p09_entrepreneur,True,1,1451,44,1.734234094619751,
1879679999810482694,p10_artist,True,1,1449,44,1.6881818771362305,
1879679999810482694,p11_senior,True,1,1450,44,1.6850087642669678,
1879679999810482694,p12_activist,True,1,1454,44,1.6961572170257568,
1879713236791885502,p01_genz_meme,True,1,1386,44,5.860711097717285,
1879713236791885502,p02_fitness,True,1,1377,44,1.7488172054290771,
1879713236791885502,p03_parent,True,1,1379,44,1.6247520446777344,
1879713236791885502,p04_tech_pro,True,1,1380,44,1.6557161808013916,
1879713236791885502,p05_fashion,True,1,1376,44,1.681776762008667,
1879713236791885502,p06_foodie,True,1,1387,44,1.6734111309051514,
1879713236791885502,p07_traveler,True,1,1377,44,1.6623117923736572,
1879713236791885502,p08_student,True,1,1381,44,1.6986238956451416,
1879713236791885502,p09_entrepreneur,True,1,1382,44,1.672300100326538,
1879713236791885502,p10_artist,True,1,1380,44,1.6821610927581787,
1879713236791885502,p11_senior,True,1,1381,44,1.677259922027588,
1879713236791885502,p12_activist,True,1,1385,44,1.6912109851837158,
1880019231334928368,p01_genz_meme,True,1,1319,44,5.9901041984558105,
1880019231334928368,p02_fitness,True,1,1310,44,1.5739538669586182,
1880019231334928368,p03_parent,True,1,1312,44,1.493952989578247,
1880019231334928368,p04_tech_pro,True,1,1313,44,1.487534761428833,
1880019231334928368,p05_fashion,True,1,1309,44,1.552236795425415,
1880019231334928368,p06_foodie,True,1,1320,44,1.5357580184936523,
1880019231334928368,p07_traveler,True,1,1310,44,1.500265121459961,
1880019231334928368,p08_student,True,1,1314,44,1.5036308765411377,
1880019231334928368,p09_entrepreneur,True,1,1315,44,1.4997732639312744,
1880019231334928368,p10_artist,True,1,1313,44,1.5436301231384277,
1880019231334928368,p11_senior,True,1,1314,44,1.4782969951629639,
1880019231334928368,p12_activist,True,1,1318,44,1.507519006729126,
1880100610687329099,p01_genz_meme,True,1,1388,44,6.1811769008636475,
1880100610687329099,p02_fitness,True,1,1379,44,1.7106118202209473,
1880100610687329099,p03_parent,True,1,1381,44,1.6681931018829346,
1880100610687329099,p04_tech_pro,True,1,1382,44,1.6840832233428955,
1880100610687329099,p05_fashion,True,1,1378,44,1.6511101722717285,
1880100610687329099,p06_foodie,True,1,1389,44,1.6810729503631592,
1880100610687329099,p07_traveler,True,1,1379,44,1.7057018280029297,
1880100610687329099,p08_student,True,1,1383,44,1.6958060264587402,
1880100610687329099,p09_entrepreneur,True,1,1384,44,1.688560962677002,
1880100610687329099,p10_artist,True,1,1382,44,1.6823022365570068,
1880100610687329099,p11_senior,True,1,1383,44,1.6989870071411133,
1880100610687329099,p12_activist,True,1,1387,44,1.6635661125183105,
1880614201341436528,p01_genz_meme,True,1,1265,44,5.718129873275757,
1880614201341436528,p02_fitness,True,1,1256,44,1.5521738529205322,
1880614201341436528,p03_parent,True,1,1258,44,1.4952468872070312,
1880614201341436528,p04_tech_pro,True,1,1259,44,1.487982988357544,
1880614201341436528,p05_fashion,True,1,1255,44,1.5282409191131592,
1880614201341436528,p06_foodie,True,1,1266,44,1.5535268783569336,
1880614201341436528,p07_traveler,True,1,1256,44,1.5412039756774902,
1880614201341436528,p08_student,True,1,1260,44,1.507943868637085,
1880614201341436528,p09_entrepreneur,True,1,1261,44,1.5048630237579346,
1880614201341436528,p10_artist,True,1,1259,44,1.5818688869476318,
1880614201341436528,p11_senior,True,1,1260,44,1.6705341339111328,
1880614201341436528,p12_activist,True,1,1264,44,1.8499951362609863,
1880632045521369422,p01_genz_meme,True,1,1566,44,5.993308067321777,
1880632045521369422,p02_fitness,True,1,1557,44,2.0262038707733154,
1880632045521369422,p03_parent,True,1,1559,44,2.0422122478485107,
1880632045521369422,p04_tech_pro,True,1,1560,44,1.9761693477630615,
1880632045521369422,p05_fashion,True,1,1556,44,2.0409560203552246,
1880632045521369422,p06_foodie,True,1,1567,44,2.0155839920043945,
1880632045521369422,p07_traveler,True,1,1557,44,2.0088539123535156,
1880632045521369422,p08_student,True,1,1561,44,1.9852890968322754,
1880632045521369422,p09_entrepreneur,True,1,1562,44,2.0080442428588867,
1880632045521369422,p10_artist,True,1,1560,44,2.006448984146118,
1880632045521369422,p11_senior,True,1,1561,44,2.017468214035034,
1880632045521369422,p12_activist,True,1,1565,44,2.0217368602752686,
1880843648394683855,p01_genz_meme,True,1,1285,44,6.294298887252808,
1880843648394683855,p02_fitness,True,1,1276,44,1.6182777881622314,
1880843648394683855,p03_parent,True,1,1278,44,1.5405397415161133,
1880843648394683855,p04_tech_pro,True,1,1279,44,1.5572760105133057,
1880843648394683855,p05_fashion,True,1,1275,44,1.5449128150939941,
1880843648394683855,p06_foodie,True,1,1286,44,1.5784459114074707,
1880843648394683855,p07_traveler,True,1,1276,44,1.6501598358154297,
1880843648394683855,p08_student,True,1,1280,44,1.536111831665039,
1880843648394683855,p09_entrepreneur,True,1,1281,44,1.6110968589782715,
1880843648394683855,p10_artist,True,1,1279,44,1.6023890972137451,
1880843648394683855,p11_senior,True,1,1280,44,1.5614778995513916,
1880843648394683855,p12_activist,True,1,1284,44,1.5789470672607422,
1881050373658767735,p01_genz_meme,True,1,1475,44,6.533633232116699,
1881050373658767735,p02_fitness,True,1,1466,44,1.8990042209625244,
1881050373658767735,p03_parent,True,1,1468,44,1.8229379653930664,
1881050373658767735,p04_tech_pro,True,1,1469,44,1.8519642353057861,
1881050373658767735,p05_fashion,True,1,1465,44,1.9266729354858398,
1881050373658767735,p06_foodie,True,1,1476,44,1.8809080123901367,
1881050373658767735,p07_traveler,True,1,1466,44,1.8262882232666016,
1881050373658767735,p08_student,True,1,1470,44,1.8620338439941406,
1881050373658767735,p09_entrepreneur,True,1,1471,44,1.8682799339294434,
1881050373658767735,p10_artist,True,1,1469,44,1.763564109802246,
1881050373658767735,p11_senior,True,1,1470,44,1.7621791362762451,
1881050373658767735,p12_activist,True,1,1474,44,1.7985310554504395,
1881603685143277881,p01_genz_meme,True,1,1438,44,6.116231918334961,
1881603685143277881,p02_fitness,True,1,1429,44,1.876356840133667,
1881603685143277881,p03_parent,True,1,1431,44,1.7731561660766602,
1881603685143277881,p04_tech_pro,True,1,1432,44,1.6929352283477783,
1881603685143277881,p05_fashion,True,1,1428,44,1.7790658473968506,
1881603685143277881,p06_foodie,True,1,1439,44,1.8210601806640625,
1881603685143277881,p07_traveler,True,1,1429,44,1.7528400421142578,
1881603685143277881,p08_student,True,1,1433,44,1.798095941543579,
1881603685143277881,p09_entrepreneur,True,1,1434,44,1.7643051147460938,
1881603685143277881,p10_artist,True,1,1432,44,1.7792613506317139,
1881603685143277881,p11_senior,True,1,1433,44,1.7594919204711914,
1881603685143277881,p12_activist,True,1,1437,44,1.7579131126403809,
1882026836729558262,p01_genz_meme,True,1,1332,44,6.1688690185546875,
1882026836729558262,p02_fitness,True,1,1323,44,1.5985689163208008,
1882026836729558262,p03_parent,True,1,1325,44,1.5858769416809082,
1882026836729558262,p04_tech_pro,True,1,1326,44,1.547926902770996,
1882026836729558262,p05_fashion,True,1,1322,44,1.5652172565460205,
1882026836729558262,p06_foodie,True,1,1333,44,1.6052191257476807,
1882026836729558262,p07_traveler,True,1,1323,44,1.4962728023529053,
1882026836729558262,p08_student,True,1,1327,44,1.6060669422149658,
1882026836729558262,p09_entrepreneur,True,1,1328,44,1.492691993713379,
1882026836729558262,p10_artist,True,1,1326,44,1.5584959983825684,
1882026836729558262,p11_senior,True,1,1327,44,1.589195966720581,
1882026836729558262,p12_activist,True,1,1331,44,1.5606660842895508,
1882266855282679425,p01_genz_meme,True,1,1650,44,6.808493137359619,
1882266855282679425,p02_fitness,True,1,1641,44,2.194532871246338,
1882266855282679425,p03_parent,True,1,1643,44,2.197277784347534,
1882266855282679425,p04_tech_pro,True,1,1644,44,2.149437189102173,
1882266855282679425,p05_fashion,True,1,1640,44,2.2051291465759277,
1882266855282679425,p06_foodie,True,1,1651,44,2.188021421432495,
1882266855282679425,p07_traveler,True,1,1641,44,2.245224952697754,
