x,y,cluster,label
-1.28657504062011,-0.4199412383640022,5,Moderate
3.6736501137662736,-0.422726544497796,8,Low
1.5175188327176086,-0.13057186516071917,14,Low
1.7013408552678249,1.113352274005486,3,Low
4.262504210529104,2.7265712056952895,1,Low
0.5111670609109991,-0.8272517639689347,2,Low
-2.677628573803899,6.7183471337697345,7,Low
-0.3885864906006438,-1.3156660969745457,5,Moderate
-2.0668465067649873,-1.9973507303597051,17,Viral
-2.1660439256022546,-0.29220736120885354,16,Low
-0.7415735405254776,-0.8320865594036116,16,Moderate
-1.3078225686316751,0.5988861042509095,4,Moderate
-2.070819774481644,0.8528920064183463,4,Low
-2.53612592596061,2.373729299763161,12,Viral
-0.02240332554510153,1.0281324832067595,4,Low
-2.0466712682736827,0.34568937086460244,4,Low
-0.7388355432622925,-0.5124921421971517,16,Low
-0.9959231565922714,-0.2572152830217249,16,Low
2.649237854353914,0.1099646827163994,2,Low
-1.96269775381933,0.17208259408887436,12,Moderate
-1.7176954304340004,-0.7228865631948114,16,Low
-2.5792767552534768,-0.14871817363930162,16,Low
2.5441789930041656,-0.9410552502810019,13,Moderate
-0.6994159849183766,-0.3162891865857511,16,Low
1.4184902122933916,-1.0639845945907977,13,Viral
0.47551915024889563,-0.9304553177004261,8,Low
5.411494472137832,2.6827718931321267,1,Low
-0.09671966967096626,-0.5457449625462603,15,Low
-2.1298839363953905,1.1393036602027447,4,Low
0.697087250624662,-1.926562102550197,13,Low
-0.8617918102076848,0.43838425636985684,4,Low
2.1824994643685276,2.17536942593159,0,Low
2.128082447099555,1.2176449275632801,0,Low
-1.2322402240947812,0.4852621392271196,4,Low
-1.167684528250292,-1.114852737687981,15,Low
0.03531899838361473,0.6481468297215409,4,Low
0.8880548780585381,-0.13111069989093496,14,Low
0.731466753658143,-0.06230843436219644,4,Moderate
-1.8738204121461994,0.2508374728110518,4,Low
-1.9534658619405005,0.3451894967235319,16,Moderate
-0.605051647641301,-0.10997794733607974,16,Moderate
-0.8811827222038037,1.4355355445276232,4,Moderate
0.15807627083254663,-1.728742005470982,13,Low
-0.9111429772112172,-2.545055004135475,11,Low
0.6858722577619695,2.7153340380728035,4,Low
-0.2077805125837756,0.6642958136404526,4,Low
1.073675029626104,3.1043859720952107,4,Moderate
0.7736772258854613,-2.129798831059647,13,Low
0.10310130350311998,2.5324009506619305,7,Low
-0.867458958088832,2.1524576605583854,12,Moderate
1.7625048320067758,-0.38353451075357037,0,Low
1.625402438649661,-0.23715836482666608,0,Low
-2.044387138800931,0.3718713034129834,16,Low
3.00748427877421,0.281845629339113,0,Low
0.4487026288881795,0.2547258877613767,0,Moderate
-0.40072950262807217,0.8673521537702488,4,Moderate
1.753227608634998,-0.3743389542213482,6,Viral
1.0128451453538057,1.369881439654691,3,Low
0.8909403820432308,-1.8726086803674749,13,Low
-1.9140707186975086,-0.6161212770901656,16,Low
1.0557993344879166,-0.038445781569583316,16,Low
-2.158457077817438,0.42850672399574363,16,Moderate
1.6403299142386358,-0.8854609711123592,8,Low
-0.47125764094670525,-0.3406844613363512,16,Viral
-1.2358865891675719,-1.6727576581792818,11,Moderate
-0.2790604348078008,0.0655833485610756,0,Low
-1.6362641880008626,-1.171674697002166,16,Moderate
-0.7080613833979096,-3.3928553728052515,17,Low
1.7282243841112463,0.8415671248374103,14,Moderate
-1.6316354755869533,-1.5227280357652302,5,Low
0.35068608578967,1.5560915304098204,7,Moderate
-0.6949112591067135,1.2700675794621072,16,Moderate
-1.5418585623239138,-0.8447855811397991,16,Low
1.2517737403026377,-1.128418805271439,5,Low
0.26956305619185394,-0.9571167432321777,6,Moderate
-0.18429294418774003,-0.6384639889391244,9,Viral
-0.724005028741496,1.6039319240540018,12,Low
0.278873086192418,0.6413956559168943,4,Low
-0.0075666817027827,0.3162418912410142,16,Moderate
0.5789888412861037,0.28596932292007066,3,Low
2.65789738252788,-0.2308912876033612,0,Low
-1.3975334268165578,0.698649840751263,4,Viral
-2.075350511388187,6.860072086188357,7,Low
-0.23445649660115478,-3.2803305633275324,2,Low
-1.6890818576437767,0.37065184686781194,16,Low
-0.6507205783040568,-0.3052887663468781,16,Low
0.8371123283890561,0.7099461094474842,3,Moderate
-1.7544826376160714,-0.24148659790277605,4,Moderate
-0.20354691941350814,-0.5886660179352672,16,Low
-1.176737874662994,0.6092005613112935,4,Moderate
0.19266250787373207,0.3432135784051134,12,Low
-0.39498018097254517,-1.575944360191169,9,Low
1.1386486072305972,0.8788426149472409,15,Moderate
-0.47888872752004397,-0.9219648694225205,6,Moderate
-0.969783691750181,-2.6623648906938033,17,Low
-0.6721492060834191,-0.48851750588540604,14,Viral
-0.7759244159011871,0.5773829519471121,4,Low
-0.06553440930376296,0.20109167574960676,3,Low
-0.8877314128207909,0.8393233746019073,4,Moderate
0.38724814418300474,0.2877798372936639,0,Viral
1.0692835402279854,-0.2210404379795465,14,Viral
0.811517918303974,-1.6030983053729446,17,Low
-0.4110842840197254,1.233763743193075,12,Low
0.031182499812801044,0.5644073033956827,16,Moderate
3.606921957234031,-0.453114402210721,9,Moderate
-0.49418445049010673,-1.9424422100961773,11,Low
-1.7162984861872963,0.3127624285146181,4,Low
1.323338250952664,0.8026012663530935,15,Low
0.34464022855513043,-1.1039191685644223,14,Low
-1.2026949064443766,1.7175968214264516,4,Moderate
1.3707307664302788,-2.996773837458039,17,Moderate
1.0673716658469659,-1.238300240640406,8,Moderate
1.0802816997151847,1.4054817016917307,10,Low
-1.3951117817668994,1.3903886654001463,12,Low
-0.784772226696497,-0.35758183495842666,10,Low
0.6073711352369998,0.023404653133214093,16,Low
-1.379591823152408,0.9164004778739155,12,Viral
0.42038541199433704,-0.8714695622642858,16,Viral
-0.18131485162837127,-1.747769826752244,6,Low
-0.7049199903048625,-1.2918982993496306,14,Low
-0.14586845300121593,0.4801101506007251,10,Low
0.6813053803654662,1.4954150968953872,16,Low
0.4275463418048113,1.6899451834342498,0,Low
3.09354888044224,1.3707932615651308,0,Moderate
-0.9889009601967398,-1.024646158473158,16,Low
1.0209387608591005,2.316324291192774,2,Low
-0.7096167378218607,-2.356140431299781,11,Low
-0.9552693724864738,-1.9843977818352603,16,Low
0.8133369374334048,-1.3955181368703624,15,Low
-1.3649852665377402,1.4746308022449648,4,Moderate
-1.1882011781193271,0.014728347098613283,4,Moderate
2.299383125495441,1.016999889982396,12,Low
0.594118502389645,-0.7428287824875837,6,Moderate
-1.157273759859847,0.024550655855107958,16,Moderate
1.2053350224012735,0.29434799577512133,0,Moderate
4.128335594335282,0.8083773207870779,0,Moderate
3.7515897776979403,2.3530760601174063,1,Low
-0.4934985869295615,0.3830837119821093,4,Low
1.2261249789829298,0.22543835446222274,16,Low
-1.623302550021244,-1.4263854044196027,5,Low
-0.7800325850685222,3.287254394130307,12,Low
-1.8653006082290076,1.3006251385935568,4,Moderate
-0.7166021306804355,-1.0237092851002128,10,Low
2.229720653823709,0.1754043317978673,9,Low
-0.8879664317056349,0.16823094388406004,4,Low
-0.20095929627838754,-2.3316861581416406,11,Moderate
-1.3640242922037582,1.235179218027544,7,Low
-0.6133308173012103,2.3240204490402916,4,Moderate
-1.6244226209480126,2.3480305061894464,12,Moderate
0.5495249529841616,1.2649368232041525,16,Low
0.6139074976814171,0.12911115370539106,14,Low
-1.2392390709165932,0.34697707696197533,4,Viral
-1.0678762187526958,-1.4852994254233933,8,Viral
0.10310268739339108,-1.308961784584522,8,Low
-0.9578381571461801,0.8653240889447854,4,Moderate
0.5305454676530597,-0.7703202934464053,14,Low
-1.2043132121187479,0.8244156136482469,4,Viral
-0.5879348327536805,-0.748524937877489,5,Low
-1.746239881958365,1.6432324032346288,4,Low
-0.9589926954938992,-1.041409318390879,16,Low
1.3874674913934344,-0.05982522065239499,16,Low
-0.8747195635201643,0.19499046824530775,11,Low
0.4235652305890823,0.814845485112444,0,Moderate
-1.372859130978351,0.6352734701277374,16,Viral
0.29560364877092493,2.816882080927787,12,Low
-1.2153297567117942,0.3931748943357801,4,Moderate
0.4957282228710135,0.3456223790429836,16,Low
1.602558625056848,-1.608893473252623,17,Low
1.1926935447914637,-1.2065921931246615,8,Low
-1.8580532698733998,-0.5333098064440668,16,Moderate
0.578729783008547,-0.8078070862348068,14,Low
0.8342539843017117,-1.954261047591333,2,Low
0.16801666909166577,-0.09131566189675866,3,Moderate
-0.7277284431556346,-0.3915342301277749,16,Low
-0.11966016876334926,2.4052613354236305,4,Viral
0.008333445811774394,1.7167726926040028,4,Viral
3.4411041187333296,0.21970826977977453,14,Moderate
-1.3364404975238606,1.8980437137717294,7,Low
2.038653801664664,-0.06246271512346995,8,Low
-0.19505788655021164,0.43912997973763057,16,Moderate
-0.5214730591877959,-0.3258235856195508,10,Moderate
-0.3507693329461166,2.4838557457363684,4,Low
-1.4330654471547313,-1.603398253258618,16,Low
1.494613784420793,-1.4855374218617265,13,Low
1.2701251856567704,-0.8816381640441231,14,Viral
1.5669877067592826,-0.5625033277099141,11,Low
-1.3756011723136503,-1.5776407079995178,16,Low
0.4797064793512243,0.10549756833359608,0,Moderate
-0.6160850630364479,-0.12722547214049765,16,Moderate
1.7494839763678973,-0.773708216984453,6,Moderate
-0.7515021424343172,-0.1659332403788911,14,Low
-1.3461006730198455,2.3922976465489696,7,Moderate
-0.6532678924862256,0.434369471082638,14,Low
-0.2529193211031395,0.10354150779983601,16,Low
-1.6490530272341763,-1.3815891911755438,16,Low
-2.3358426585387218,2.712948973976892,4,Low
-0.4980838592590141,0.05349999568684278,12,Low
0.16153635228410748,2.457561253495811,7,Moderate
-1.7369381339982826,4.257664134027352,7,Viral
-1.5766521312011945,-1.3250424382069141,6,Low
0.2468375926773791,-0.4431320737031756,16,Low
-0.04366253645413164,0.6035708816746369,12,Low
3.1318217161608515,-0.08993147217576292,8,Moderate
-0.36759628617733886,-0.08111877571537503,15,Low
-0.5254883550782707,0.933466731324169,12,Low
-1.1330883236136469,0.8941399903967355,4,Low
-0.04012032637983472,-0.7692154757795377,11,Moderate
2.9246580334211174,-0.08983575245935184,9,Low
0.43451183844550384,0.3726965826609918,14,Low
-0.747399561435299,-0.7004022580952514,5,Low
0.8076121442875807,0.4033213617398866,0,Moderate
-1.0587291982804492,-0.7304223880851912,16,Moderate
-0.13639966263800882,0.0074640911334577795,14,Low
-0.38260901911405226,-2.579381643531338,10,Low
-1.0602945345729518,0.07168343710163155,4,Low
0.39522321401511246,-0.7765823170415324,14,Low
3.125385273854709,-0.8249462004686784,9,Moderate
-1.4649221260134553,2.4784616594174302,7,Low
-0.4137945592611729,-1.2800114634819322,5,Moderate
-1.5880262558515201,-0.20794317831086695,11,Low
-0.6082296817598227,-1.332918741278644,13,Low
0.1622985229174585,0.1440596287791658,16,Low
-0.7707040227823138,-1.0678978776309618,16,Viral
-1.6153968805214418,-0.26426711262027935,16,Low
-1.1764776909097965,-0.4045531172889506,4,Low
-0.7182539529537381,-0.9617115846521291,16,Moderate
-1.190268885045413,0.020608015189378385,12,Moderate
-1.3116595402665086,1.7366600950513174,7,Low
-1.1281491194176128,0.5560520909445191,12,Viral
-1.7280258374473867,0.41650230528031984,4,Moderate
1.2051208637617181,0.8965180197786147,15,Low
-0.19518892022650025,0.10449527754383493,4,Low
-0.17848430791201503,-0.6264381058002172,16,Moderate
-0.4583791233486283,-1.5518075977033143,10,Moderate
1.0857644862481657,0.13913228623080934,0,Low
-1.0816567120786234,-1.045214854564587,15,Low
-1.566083028962419,0.80432066463371,4,Viral
0.4605303537101333,0.0894071812558973,14,Low
-0.9910175318019036,-2.308572254728978,5,Viral
-0.4733739772872631,-0.14049290215840002,16,Low
-2.5292998808853686,2.666021790646397,7,Low
-0.7263936455741725,1.6435281906497323,4,Low
-0.6250197410561162,1.7179401653792041,4,Moderate
0.07147272601184188,-2.2124588939978698,8,Low
-1.7769569685536244,0.0949265140466973,4,Low
0.17348231610246206,0.3783023033988728,2,Moderate
0.42889140221335764,1.0251524785757733,12,Moderate
-1.324353075389666,0.3995760463110936,16,Viral
3.1832225722082725,1.1163236979601672,0,Moderate
0.010647054738380225,-1.5741423645410113,16,Low
0.9495449080645596,-0.880990970657106,8,Low
-1.0207352277231867,0.8800118152610996,4,Low
-0.39599229620843973,-1.0873255617184185,8,Moderate
-0.5726589780173742,-1.2814993753663186,16,Moderate
0.5784341571571291,-3.4030401738749196,17,Low
-1.70032776528346,-0.4345584906276753,4,Low
0.8108376620164093,-1.3980746536353785,11,Viral
0.7143382685969752,-0.95410600638217,13,Low
-0.14915348388850674,-1.047425263396834,17,Low
-1.6728915580072816,-0.1573525769977466,16,Low
-1.81705764299299,-1.0043232453408266,5,Low
0.4291973147948058,-1.0671511128918243,16,Moderate
-1.2359360550708127,0.9683734498701563,4,Low
-1.3341852211415057,3.0149184429511,7,Low
-1.1371715036939933,-0.09202570487282691,16,Moderate
-0.44688389341736084,1.0498140388114343,4,Moderate
1.675805104479852,0.3328803480086762,14,Low
0.306425456074122,0.5141896787526163,4,Moderate
-0.4348878318622573,-1.1006259857312548,16,Moderate
0.7545205887511298,-0.8867208035592034,6,Viral
-0.8658094765446602,-0.15677436427986097,4,Low
-1.7658217022153118,-1.1936807722995806,16,Low
-1.6094114873360228,-1.492079146201348,16,Moderate
-0.03649389975482471,0.2858701442291749,3,Low
-0.47238421571549694,0.5093829180200836,16,Low
1.8963506489936222,-1.3585137095869932,13,Low
1.0887293608192,0.5994193402067927,10,Low
0.26130391780835904,0.11812191329997378,0,Moderate
-0.30512279633864653,0.18465316976939117,10,Viral
1.0718013438053757,-0.08158906438268901,10,Low
1.0927065230853998,-0.8917415852149951,10,Moderate
-1.0921214432107933,-0.5781363040049394,6,Low
-2.1048855789912224,3.7230926601641166,7,Low
-0.28161472584532954,-1.0111317453232556,5,Low
-1.2376206177070297,-0.8490368560854948,16,Low
0.9512268090449986,-0.8327906039736961,8,Low
3.0857507686911236,-0.08737025120696205,2,Low
2.3588556455674055,-0.1577242103728364,14,Low
-1.0383077195959625,-0.5818606703487115,16,Moderate
-2.2142567354937284,0.38632334636760945,16,Low
-2.3557570603276963,1.6168214192266912,12,Low
1.7279042439741146,-0.3927838345191827,14,Low
-0.9170470500311212,0.26132746365748927,4,Moderate
3.013684440932671,0.335458376802978,0,Moderate
0.7066496359717787,0.6303129065429353,4,Moderate
-0.5734231582325632,-2.0685299351121573,16,Low
2.505005996810634,0.9936089056620417,0,Low
-1.9150765768651345,-1.6121406447499584,16,Moderate
-0.6611257633656881,-1.0198602393611034,6,Viral
0.1878648835986843,-0.8503316053620978,16,Low
0.1329711230988169,-0.6630096000890393,3,Moderate
-0.1486125961286734,-0.4672171746134984,15,Low
-1.0171771340246583,-1.4814881242527997,11,Viral
-2.147090186756415,0.24236069465604446,12,Moderate
-0.4645356261368857,-1.6205091903804463,16,Low
0.21330693227850028,-0.5453324554927568,3,Moderate
0.28810690626566665,0.1131036052868867,9,Low
-1.0945716186363363,-1.2499125719059907,16,Moderate
-0.32677087740884275,0.13962725481849825,4,Low
-0.4353942408020966,0.2088730235633643,15,Moderate
-1.5310743792079466,-0.7956049109015845,12,Moderate
-1.6316273614572485,0.05094676208394532,16,Low
-0.9188664456949743,-4.180032552708932,17,Low
1.2729414283288032,0.5201625171096014,14,Low
-0.3485630484014374,-1.0616467871149498,9,Low
-0.39734861263374427,-1.5501620681518486,2,Low
-0.1947605340590463,-0.5575424845887308,10,Low
1.200655762220564,-0.07875206023069352,2,Low
6.563404038118422,4.224369077980108,1,Low
-1.1744997201832184,1.5627439965727639,7,Low
1.8786475061547552,0.32348353738995883,14,Viral
0.14445595979508152,0.4936934412911408,3,Moderate
0.9736150770313038,0.15941901259272756,2,Low
0.420536861295503,-0.29207280767417737,0,Low
-0.5490886399133019,0.7251607272961963,4,Low
-1.984141971302151,0.05136312211340856,12,Moderate
0.23528441425709432,-1.2781325417319775,8,Low
1.118055713405818,-1.07622108759054,2,Low
3.778968445723392,-0.8989392498192478,13,Moderate
0.47990769404089656,0.7431809716555154,0,Low
4.062717431794746,0.5375359818124285,0,Low
-1.2017510037190218,0.671876780006616,16,Moderate
0.6021432216637941,-0.13791385918108334,3,Moderate
-1.4855573021177166,0.055646781198097926,4,Moderate
-0.6067221367949794,-0.5837922433147632,16,Low
2.142601461307248,1.403373315052672,3,Low
-0.12948847182312453,1.6508954586562432,4,Moderate
-1.9808359827297735,0.49508555084607525,4,Low
2.2169349893526857,-0.358589675626151,14,Low
-0.6877355559905887,-0.3610840064791374,16,Low
-2.0579291740376306,1.4930652412031011,4,Low
-1.2960336951767268,-1.176106589732316,11,Low
-1.6090289196433198,-2.579944503055317,11,Viral
-0.363622029594233,3.057311964708165,7,Viral
-1.2844108950763853,-1.1811492068528202,16,Moderate
0.8714685551547454,0.7551617514980162,12,Viral
-0.41074377861057576,-1.0469386626122026,11,Low
-0.8698103765880656,-1.009045473757533,16,Low
-0.5425249853036144,0.935651423694831,4,Viral
0.7855757946332841,-0.7666047968416076,0,Low
-1.9431636939356107,1.2823498821806396,4,Low
0.8439059241004354,-0.05342270995624352,16,Low
0.0011541831199155994,-0.13668944961909255,4,Low
-0.6029620732088038,-0.5651492465405957,16,Low
1.6973377324640406,0.4336256733252229,2,Moderate
-0.9616476912754192,-1.1672298456022483,15,Low
-1.5421716129083813,-1.0834863796637433,5,Moderate
0.7372989982149434,1.8082968068032692,4,Moderate
2.6756486133292623,1.0283027651423282,0,Moderate
0.3905107000481436,-0.02439545110044597,14,Low
-0.3809748145770988,0.2592534527066891,16,Moderate
-0.19617542157233422,0.20971073687858238,12,Low
1.6812134927912425,0.48622895293327584,8,Low
0.8499072343546957,-0.9168297434355613,8,Low
1.2393186706872903,1.1404124483936962,16,Low
-0.31828908480804935,-0.6778439985999913,11,Moderate
-0.7803108549597274,-1.5861343456442951,15,Low
2.3030878468612133,0.85883528373642,0,Viral
0.8639747363045368,0.6029099614465313,12,Viral
0.3681022507737916,-0.1335462568883093,15,Moderate
-1.4378785511889498,0.472568358560017,4,Low
-1.9256656224123667,1.2699003771363446,7,Viral
0.5171907729938817,-0.8926720106924487,0,Moderate
-0.8576847440510847,0.1423568563146211,16,Low
0.04375320244161113,0.31107732121180287,9,Moderate
5.51930591064951,1.1116365350870343,3,Low
-0.1041120659235102,-0.8386016813563083,5,Low
1.4741821576768297,-2.666598005343511,13,Low
-1.1948987591605766,0.15957346451892265,4,Low
0.48489462177798937,0.5346798398329627,16,Low
2.707399467843565,0.31919543401866257,14,Moderate
-0.8458403140372208,-0.3881864266297459,16,Low
-1.6406340384560458,-1.7298588551242637,6,Low
-1.4814021593105104,0.6336162063528592,7,Low
-1.4524255431305395,0.0984814707363928,4,Moderate
-0.4662426047321949,0.29754170001106245,10,Low
1.5343704552113322,2.200602595724307,4,Viral
-0.14825148129739207,3.6191194454073288,7,Low
-0.8820711025017379,0.3287936776774671,4,Viral
0.9955984825944356,-1.6620845285193238,13,Low
1.450702399908239,-0.4651994119143151,17,Moderate
4.459315061081094,1.424756623519849,1,Moderate
4.469205672869097,0.19669929105996736,9,Moderate
-0.8640694044688411,0.5013888871777366,8,Moderate
2.7616772221306145,0.7487536003557985,10,Low
-1.7809993631163,-0.44628132407667565,4,Low
-0.7455506350575782,0.7883317774667472,4,Low
-1.6762533570096332,-0.9487440088756717,16,Moderate
1.5527340906907343,1.527058777277773,0,Low
-1.8411020077531801,-0.4980918574370161,16,Low
-1.55038824073934,0.5545554786628779,4,Low
1.254523697012323,0.5720979532060729,3,Moderate
-1.5841922124898493,2.4012936944434595,4,Low
0.26297862349286694,1.796480160710122,12,Low
-0.38696794074500834,-0.14166875179270327,16,Low
1.1732236000445169,-0.6770305573614613,2,Low
-0.08555733679299463,-0.009861765709862417,16,Low
-0.7400246260065673,-0.4331312944322735,9,Low
-0.7183988194037845,-0.4932012627397958,8,Low
-0.8710574360029569,-0.09803979386326771,10,Low
-0.8748302059539889,-1.115493411191036,16,Low
-1.3022116881241481,-0.5271635907548929,11,Low
1.6552207488652508,-0.05434618684260371,15,Moderate
0.87063948384841,-0.6638909400884425,17,Moderate
0.5305357360053647,-0.2993915085710754,0,Viral
-2.7407488123245076,4.934385156977958,7,Low
-1.3018598220664634,-0.7310751929897951,9,Viral
-0.9639500136420895,-0.03796804896342931,9,Low
-0.657223305833025,2.128270136378982,7,Low
-0.250540717743327,0.026262542101342164,16,Low
0.9559199954127007,3.037112591638048,4,Low
-1.8317121647126096,-1.549731833636758,4,Low
2.8081539219534966,-0.5063638113896951,2,Low
-0.981427532711026,0.7026614594322129,4,Low
1.0979563809691064,-0.5703340621642449,10,Viral
-0.9629291061448876,-0.5136979279091755,16,Low
-0.5342943026087384,-1.6650510551657547,13,Moderate
0.34482272301188827,-1.1860371785123118,13,Low
-0.7015614650236597,-0.9276505074378953,6,Low
-0.18849829461233777,-0.6421419684604973,11,Low
3.6462828791484303,0.6863167992690317,0,Low
-0.28823206216112357,0.6304347625818341,3,Moderate
1.1128409460978346,-1.3310337344169316,17,Low
-1.349964651086257,0.9443279568448408,12,Low
-0.11536109585133884,2.2557540559952414,4,Viral
-1.0506864725726477,-0.06601192741351765,16,Low
-1.1111963220591026,1.5044699669467076,4,Low
-2.5266475064746166,2.1500842316883264,16,Low
-1.1335353078278654,1.4335369966898208,4,Low
0.946801083675465,0.7307469507634367,2,Low
1.4626314506124583,-0.26439877716989696,9,Low
0.7972326771157682,0.1830996025486376,10,Low
-0.7334140248950558,-1.0476112367787436,16,Moderate
-0.06794098759290408,-0.22441895527263903,15,Low
0.9623995941360681,2.4691033754108163,4,Viral
0.9795225061244094,-0.8132767571609508,15,Low
-1.4729034267414443,1.7081384329260185,4,Low
1.5466859013786483,-1.4014792678601378,13,Moderate
-0.5758359827590053,-1.050734034491452,11,Moderate
0.1526807410347053,-1.2223956963386453,11,Moderate
5.679263601931063,2.3486572162149226,1,Moderate
-2.049737488821551,0.8271563982775632,16,Low
1.688830518550887,0.28929829333260143,14,Low
-1.3891414374843867,0.919808972152294,16,Low
0.8427496489595706,0.18891745382867245,0,Viral
0.6727418157051241,1.9314269636164512,7,Low
-1.129712843639343,0.5452409173496805,4,Viral
2.081536349614258,-2.2735375938680273,13,Low
1.4039518187630353,-0.06867165062155466,14,Low
1.1950143996511235,-1.7346747378641625,13,Low
0.6123042298383876,-0.29561517689945294,0,Viral
0.465930638592913,0.6195731629629047,12,Low
0.5736454536211857,-0.5669149097358537,2,Low
-1.5086868841927787,1.3350847525235845,4,Viral
-1.3670931529563306,0.43888076477162036,16,Low
1.4567251561609187,1.7096817848940737,12,Viral
-0.9154226470335964,-0.30714791884401627,4,Viral
-1.5707639035415357,0.8107147696104161,4,Viral
1.4087856848389715,1.054959229654544,3,Low
4.30902758509159,1.664012339850314,14,Viral
-1.8693699948340734,1.1152395095066603,12,Moderate
0.7914165524092289,-0.5893090760080878,14,Low
-1.0535113484508567,2.068616467872387,4,Low
0.5270235714226347,-0.4712552943380746,15,Low
4.249610955809163,1.4692189511488203,14,Low
-1.050365873201221,-1.5176579976410731,16,Moderate
-1.7071119565223078,0.022384622518399247,11,Moderate
-1.1755146251223765,0.14939402363725401,4,Low
1.6995554524730274,-1.5364481659017357,10,Moderate
-1.1559518302515066,-1.1755106140663487,16,Low
2.181515360197476,1.029340478592566,12,Low
1.8052152344184536,-0.30457994272712385,16,Low
-1.1272452468290952,-0.8362770376335346,8,Moderate
1.9449773860556685,-0.024387660733236588,9,Low
-1.7152235409657584,-1.5846142696146355,5,Low
2.612553078459829,0.5775970759576976,5,Low
-2.640915435097499,2.06182789100789,4,Viral
0.1696616299562882,-0.4996116933568785,15,Viral
-1.9276863908147392,-0.6851212187034649,16,Low
-2.0044168997046503,-0.22217802513991727,16,Low
-1.222929100471213,-0.6358482999083543,10,Viral
0.21585516501357255,0.9950544833493847,9,Low
0.013723063677003784,-1.8082503230206184,8,Moderate
-0.03053639213558113,-0.011868745331290191,14,Low
0.017337753530429486,0.36948640828465024,9,Low
-0.045317246253450336,0.21122760878176214,14,Moderate
1.5152008075566954,0.3413383371578892,14,Low
1.5154030497964586,-1.7116090220473923,11,Moderate
0.6656920984470306,-0.5856260829932808,0,Low
-0.19654231133467137,-0.5711228830994546,16,Moderate
-1.336558248010704,0.14092400046978154,4,Low
3.0515841046829197,0.15799833044792336,14,Low
-0.6107441913084749,0.036503472124742725,12,Low
-1.358244587873257,-0.6293327868163751,16,Low
-0.09909056791012649,0.22167309869620816,3,Viral
1.5466631668834128,0.42723823594563115,14,Moderate
2.3955936872044536,0.22771023449294947,6,Viral
-0.10709882668708368,-0.16992027977942542,3,Low
-1.3428118454943159,-1.4831294275172635,16,Low
8.642518987816592,2.948100150506168,1,Low
1.2157961574260958,-0.7523172264904763,16,Low
-1.7810301269866338,0.16276839691535547,4,Low
0.6590601706690858,2.239404624813772,3,Low
1.7748062742372062,0.8666531450078094,3,Viral
2.0825970015139403,-1.4980586388523878,8,Moderate
-0.9947481387039749,-1.4914300709376291,10,Low
0.17886219425707128,-0.1982669627596612,14,Low
1.5962069008935635,-0.9039620297793887,8,Low
-1.7289183193146105,-2.2727240979894656,11,Moderate
-0.0699695004935482,-1.2421421022978736,11,Low
0.4368229725830994,0.5167524069770728,14,Low
-1.3705877068471493,0.3680654006323385,16,Low
-1.5411698514040544,1.0913050422874608,12,Low
-0.25532232390433135,-0.7471261055746903,3,Low
5.047546971637406,1.3336323850036191,1,Moderate
1.0483939346664382,0.5783647959883169,9,Viral
3.2800469088306503,0.22259996296502924,2,Moderate
-1.6376212225052214,2.403902546757061,4,Low
2.179018521119619,-0.6769995551642484,14,Low
-1.5192722229639377,-0.4761714362486196,16,Moderate
-0.21436565093341556,0.04467495057199161,3,Viral
-0.6478602817711917,-1.7439140306620626,4,Low
0.7251953163630267,2.6952338942280036,3,Low
-0.7347989287455606,-0.3962134618610378,15,Low
0.703221506789181,-1.4574318628783636,13,Moderate
-1.6558271851184612,-1.9317938905897027,17,Low
-0.009936938341573194,0.8821142583075695,12,Low
-0.3912230830835798,-0.005969699798094971,14,Viral
-1.2826567315113275,2.0821599583476047,12,Low
0.9125461514500606,-1.3155265852302982,2,Moderate
-1.5567513304742489,2.6450261347105606,4,Moderate
-0.5394048556095791,0.6568547734583882,4,Moderate
2.2182393311121773,-0.1969672735112263,2,Moderate
-0.52419087219232,-0.8668913324492569,6,Low
-0.5964931017354311,-0.47419396666775593,16,Low
1.374556511198853,-0.5930120972748936,10,Moderate
0.21057010118659725,0.2904904208681816,2,Low
0.8510785929313662,-0.761266265107116,13,Moderate
0.5999590309990158,-0.7592443419497797,0,Low
0.7921393848495474,-0.18862410508440325,16,Viral
-2.1372763808269686,0.7037444744438173,12,Low
-1.2920097964722774,-0.45681207427142345,4,Low
-1.121546671809862,-1.731779158732951,13,Moderate
-1.2093218539588335,-0.8483545505410923,16,Low
-1.4295873681688651,0.5819604788429484,4,Low
-1.5164355327017531,1.932699637437935,4,Moderate
-0.5079869822576312,0.4946065570794211,0,Viral
0.3720892468956762,1.6537569660628602,12,Moderate
-1.4323271289431754,0.8248216719527698,4,Low
-2.095369105886752,-0.8026436371771309,16,Low
0.26864337776581865,0.5468834863986224,4,Moderate
-1.9817438397527634,-1.7508990473453847,5,Moderate
1.6721364038921596,-0.8171424282509536,0,Low
1.0185973033858877,2.482669089104119,12,Moderate
-0.3673539084513497,-3.1178932422531425,17,Low
0.2905972083249149,-2.1093316822389294,17,Moderate
-0.9382022281448095,-0.44283113105662386,11,Low
-0.6699836420630111,-0.1475842829531903,11,Low
0.9467303917773108,-1.2830798779311763,8,Low
-1.8413101238329261,0.9081683691843131,16,Low
-1.8594188837099703,-1.3942259653919857,5,Low
-1.656168893628724,-1.3161833191211898,16,Moderate
-1.1015863861553052,0.48418967470935365,4,Low
1.358043692450285,0.563412202651296,0,Low
-0.06949156641231294,-1.064073748298211,5,Moderate
-1.3507638883902875,0.05388948739098207,4,Low
-2.207483557416607,1.0214477181679475,4,Low
-0.359249848118612,1.411097214267513,4,Moderate
0.006729135506491083,1.036251324081471,4,Viral
-0.33929074533603953,-1.0304991843646198,15,Low
0.7048762511553283,-1.7881175791271278,17,Low
-1.5775298573628624,-0.9671905207678989,16,Moderate
0.7934460926926937,-1.0135869812882232,8,Low
-1.800952804210356,1.433689832350473,4,Low
1.4052530340452556,-1.0199981948207864,2,Low
-0.20781561630012685,-0.15383353451413373,14,Low
-2.088194142312469,5.084155500504422,7,Moderate
-1.9720090625484468,1.563290005687325,4,Low
0.6881719161983125,0.43440542274117405,8,Low
0.6861133971511612,0.21177851541348514,3,Viral
-1.920994514444815,-0.3591073994376989,12,Low
-0.032153621961207406,-1.0999380782755186,16,Low
-0.6724334654700436,2.600118147548239,12,Low
2.049856679525061,-0.4931971040250702,6,Low
5.070236485239767,0.22536481086295881,0,Viral
-0.014246858426182965,-0.5318651718432577,0,Low
3.554877682857501,-0.00241685468465486,2,Low
3.667737778039081,-0.3710417715639701,13,Viral
2.409378529253681,-1.344672198580632,13,Low
-0.45510114379054106,-0.8297877394914875,8,Low
-1.674015600009309,1.6645789541602791,4,Low
-1.031972452202206,0.7383461632546736,7,Viral
-0.427826116476231,1.6744154515235887,7,Low
1.781848616449455,1.9389013611701014,0,Moderate
1.4614186090510672,0.5201384564487628,9,Low
0.8653331687209868,0.7369128144862372,3,Low
-1.5547042596925316,-0.06641048726218646,16,Low
1.1450863232728727,-0.1189131598139659,14,Low
2.0311897337631346,0.4225649553863076,3,Low
-0.4485590158574772,-0.28024773165035527,9,Low
0.2550271978012424,0.28202537091889973,3,Low
-1.1697256721599678,0.786966167595214,4,Low
-1.9248698102921895,0.0480369352213959,16,Viral
-1.5135496342289516,-0.9148112617573717,16,Low
0.75863727954537,-1.3615304569995015,13,Low
0.20421165396998403,-1.556675335366531,13,Low
-1.8102929700983028,0.12045409096910786,10,Low
0.4221300005671497,1.4680677238147415,4,Moderate
-0.7195630230926211,-0.27034528000926744,16,Low
-0.3999256184629326,0.24088977303541562,2,Low
-1.347421026008983,-0.6029090966864421,16,Viral
0.16037431603736818,-0.16141647745851373,14,Low
3.8145425828835187,-0.23559253579610548,13,Low
1.5732046442487762,-1.2480707763328107,11,Low
-2.219223425839183,2.431200319190959,12,Low
1.7284994191229583,0.7476683733592837,3,Low
2.5985263419380473,1.1820612166666375,0,Viral
0.2525624435133537,0.4118709239359279,4,Low
-0.6762521335425952,1.6261261980909332,12,Low
-0.9345968207829356,0.7697764063954727,4,Low
-1.577406709609738,1.5445973816625223,4,Moderate
-0.7105701811823761,-1.2368079659002102,11,Moderate
-2.5342957708721534,4.146250106129673,7,Low
1.1345523096937407,-2.4433209584118964,0,Low
-1.8849953654810983,-1.1597391077431867,16,Low
-1.5088612467522995,-0.9453323351275477,5,Low
-1.3350193973530153,-1.2487851243891068,16,Low
0.4320947747491003,1.4028508393859458,4,Moderate
-1.6230477523022828,-0.9895871968480002,16,Low
-1.6179473110564804,-0.9067710023474786,16,Moderate
0.061109214564895986,-1.5483318945397246,15,Moderate
-0.5210696045030878,-1.1202459034970724,14,Low
0.7977369219038288,0.1890037086217232,16,Low
-1.0571830289620312,0.8506281139764269,4,Low
1.3829673254523653,-0.2671556691516408,14,Moderate
0.1529266766166858,-0.4881169678137407,0,Moderate
0.5331678842210584,-0.6271786019360273,14,Low
-1.1150938351242092,-1.7649197762689879,11,Viral
-0.9448094014107399,-0.7712885037429399,10,Viral
0.5795587755611177,-0.37210304760362833,14,Low
-1.926253299353225,3.7977699239243123,7,Moderate
-1.3475555042191578,3.376683359215558,4,Moderate
0.9442804809020962,-0.1379279407552603,0,Low
2.205433753049573,-1.07677414780673,17,Low
0.4377625627235969,-0.441663332419643,14,Moderate
-0.4305070786157728,-0.8681711805338199,8,Low
0.9471474562322229,-0.3251412499330784,2,Low
3.489356379695133,0.2570999664923254,8,Low
-1.6421274849707206,-1.3027476521136172,4,Low
-1.9959722458714126,1.9324437482975674,16,Low
-1.53998459851342,-1.4387508547510752,5,Low
0.9809368524198447,-0.12805110206676862,5,Viral
-1.74923630994346,2.609093227063675,12,Low
-0.9963518068164829,0.9382263694085392,4,Moderate
-0.2624127379148086,-0.2510023457640075,0,Low
2.2321518650580026,1.3687058583339065,14,Moderate
-0.39812781590320845,-2.5728916481318795,17,Moderate
-1.1175379727283523,0.22828323313375684,16,Low
0.8346533730806359,1.0928626962567862,4,Low
-1.4346387547456465,2.390255172552346,7,Moderate
-0.4847629824509083,-0.7465571416414711,11,Low
-1.2549902547734078,-0.4910452340092632,16,Low
0.5011900854877913,0.2781730692196643,16,Viral
-2.364177831215704,2.7412872087435347,4,Moderate
-1.4020067130947607,-2.208344995118251,17,Low
-1.7779186035678138,0.5963662089545821,4,Low
-0.29348387322394254,-0.3392809844970093,9,Low
0.07779171101910298,-0.30569301252661873,15,Low
-2.5863294562914616,3.8436677762570883,7,Viral
3.549218007484134,0.2727040612301812,14,Moderate
0.4160581157208209,-0.22250156020175615,16,Moderate
-0.7230262476062397,-0.6840643575025593,16,Low
-1.8067663848189164,0.23987641203083887,4,Moderate
0.8906085541722181,0.12023518837741068,3,Moderate
2.1693765111741,2.1318904749661387,4,Viral
-1.350028010179212,-1.4057345038284421,16,Moderate
-0.9472922648153846,-0.5954201412183086,15,Low
-1.4936330052821334,1.2887057240239612,16,Viral
-1.0149130737722276,-0.6352148822431484,16,Moderate
-0.31032182061764385,-1.3570378490646398,11,Low
0.6246272352837283,-1.184904625891659,13,Low
-0.5003424098824547,1.181793892002752,4,Low
-0.13275347653060207,-0.5299722125443869,14,Moderate
-0.5561077731639019,0.7314265392874573,14,Low
-1.6055802779038817,2.1515597320176627,7,Low
5.910771629284279,1.3166718334713725,14,Moderate
1.5601843226262129,0.6517624546484627,4,Moderate
1.2830621393948862,-0.9850276991698577,11,Moderate
-2.018971195432225,2.1921310618119425,4,Moderate
-0.5967231459183128,2.8592819900938404,4,Low
1.5757600705793486,-1.3600315552976994,17,Moderate
1.9424496371885906,1.074762099764103,4,Low
-1.856384075703839,-1.3454973922445779,16,Moderate
-1.548714082615932,0.9835225073229812,4,Low
1.0928109765525906,0.1886464153284514,14,Low
1.231829949533785,-0.33313218271495865,0,Low
2.4421419181314836,-2.248694309731305,17,Low
-0.4293814781585268,0.7691431644141146,0,Moderate
-2.6069022255707184,3.286387018599955,7,Low
-2.24314750439513,2.357899918456727,4,Low
-0.05941988380562465,2.234833622735944,10,Viral
-1.5931775271839226,-2.0792123017660167,11,Low
-1.1767411375326988,1.5393825417577505,4,Viral
2.2423123335608723,0.8959886414629138,3,Low
-1.0976162539474879,-0.8927360612016378,16,Low
2.582083566159983,0.7510007573014049,10,Moderate
2.9537398990204524,0.2399639159671575,14,Moderate
-1.7066068035605753,-0.6111011852360366,16,Low
1.7328024356235978,-0.9462339800498726,2,Low
0.716080482777734,-1.9097947773660593,8,Low
-3.098859516150312,1.827680523014276,4,Moderate
3.0665540259149613,1.7964762697187262,10,Viral
1.568920168565424,-1.2520318172683258,2,Low
4.169962634736388,0.7972800257792089,0,Moderate
-0.4099905271726367,0.9436292725859057,3,Low
-0.940403082791021,0.8467655743340214,4,Moderate
1.5424220413116716,-0.50285255644565,14,Low
1.2921869260912402,0.20762155584208683,16,Low
2.266068722730817,-0.04824345053606739,15,Low
-1.5753750296204185,-1.1691234853084267,6,Low
-1.5898830660555152,1.786531502691264,7,Low
-1.0718753719651597,0.9566709921234365,4,Moderate
-0.05543427056592529,0.44911742926704507,16,Moderate
-1.8520007770783666,-0.040350902179198705,4,Viral
-2.1416340865892463,0.8910745065135227,4,Moderate
1.233528448140523,0.23784501798586594,9,Low
2.1401139442057997,0.8592409589482267,0,Low
-0.6007648025829604,-0.8687703291983213,16,Low
0.8995738649754784,-0.07181934295189912,0,Moderate
3.774505459266604,-0.4028652806931459,13,Low
2.8149136446685983,0.8853835618813164,0,Low
1.1962129764029024,-0.16818325570671114,14,Low
1.040570809685637,1.2358219099880072,0,Low
2.715171688706401,0.5333350317182743,14,Moderate
0.48717842539026907,-2.2443274771902297,8,Low
-0.5095982286026086,0.5218004347803833,16,Viral
-0.30017911638450745,-1.8992351569785406,5,Low
1.3610265846068992,-0.06500279290747603,14,Low
2.4468779436674772,0.22736931380851685,0,Low
0.7642886485387059,0.5248264664317318,3,Low
-0.0141439250138274,1.8810882448701471,2,Low
1.973931137062711,1.499605217180741,14,Moderate
-1.2957620830467318,0.41626105396643737,4,Low
0.045063491104229324,-0.6489116723519567,16,Low
-0.2296897008453855,-0.02236978957052833,16,Low
2.3679653024168026,-2.2617856516801664,13,Low
-1.3725043578092049,-0.9244408270820889,5,Moderate
2.848689560706288,-0.3933016384551819,0,Low
2.5469522582512907,0.6079473017579821,9,Low
1.1481206546481293,-0.4533108206175277,14,Moderate
0.5341268391081113,-0.25019487647034655,15,Moderate
-0.4933094863199203,-0.009086255262941016,3,Moderate
-0.7041240202431762,-0.3140965680213131,9,Low
3.125043074068358,0.45397572996492563,8,Low
1.16256938446484,-1.485105977336675,13,Moderate
-1.090409802625797,1.5499534951769378,14,Low
2.2368350679081574,-0.8523387516623143,5,Low
0.20723599652121616,0.9691046104851279,4,Low
-0.8492530943471405,-1.0811111872193588,11,Moderate
-1.7184136270254997,1.0598576777008974,4,Low
1.5784872752775776,0.15352785187843526,0,Moderate
-1.7496914456017316,-0.11892608187448685,16,Low
1.5708001718230835,1.7526448912434205,10,Low
-0.17203415330183147,0.8746468558774356,16,Low
0.8085570061315205,-1.3542159046115971,0,Low
0.1653987878739569,-0.5869082623814865,15,Low
-0.3161299925773951,0.8440163952479663,4,Moderate
-0.7106548868685453,1.6900860060992275,4,Low
1.1125920717879114,0.3087077233738966,16,Moderate
2.5154346722537166,-0.05667320824916923,14,Low
-1.325920899044925,-1.1964847696623635,16,Moderate
-1.4644433395691465,0.4542742904813895,4,Low
-0.5226215873298753,-0.41912411893842766,14,Low
1.40688453390746,1.196449026835943,0,Moderate
-1.321139517205996,0.32490233970981236,4,Low
-0.22484772085282848,-1.901170368678516,11,Moderate
-0.998273544493994,-1.5586324841026618,6,Low
-0.5611916397860512,-2.5572429437709925,13,Moderate
-0.5635622243650726,-0.9346488523265647,16,Moderate
-0.10838770630408617,1.6783930361870212,4,Low
-1.1254108460899577,-1.4765783323861372,8,Moderate
-1.8537729153563296,-0.05739208768688037,16,Low
0.5501824292837155,-3.03342819772618,8,Low
0.36361819183424005,-0.4479425938002435,0,Moderate
-0.4762405884584354,-1.779732246128508,16,Moderate
-1.6537804427914407,-0.5119526665015116,16,Low
-1.8868888914336288,2.08282300613633,4,Moderate
-2.7922767294954807,4.171001985405187,7,Low
-0.7133840467252437,0.15713199716598436,4,Moderate
0.072887477983984,-1.6599348204705848,15,Low
-2.0067547460998507,-0.9230324449087394,16,Low
-1.7388746849919297,-1.1127933339805811,16,Moderate
-1.1712011038019432,-0.695063518468949,5,Moderate
-1.5368449636260315,0.7049722360599431,4,Moderate
-1.9405367762456995,0.8362787723910542,4,Moderate
0.07168145099447418,-0.46308228578687116,5,Moderate
-0.2081044074064595,0.5845293831881804,4,Moderate
-0.4502254641499949,0.24523143124843472,16,Viral
0.11360805009283485,-1.2857530950190275,8,Low
1.4146942916080156,0.20131608821714086,0,Viral
1.5625946675702982,-0.20740894861773995,16,Moderate
2.626251706459093,-0.46620196055443447,6,Low
0.39036931436158967,0.12146015214694042,15,Moderate
0.5358115588823047,-0.6474850196224772,16,Low
-1.6949438507664438,4.189381300996305,7,Low
5.788189970335158,1.1135219953591189,14,Low
-1.6688855566167426,-0.3337281645342749,9,Low
-0.5403359663338956,-0.24202972959813676,16,Moderate
-1.2020037585380068,-0.4251482542766004,16,Moderate
-0.5689724875160884,-0.027485714713018514,10,Low
-0.6603542321186028,1.208996140909424,4,Moderate
-1.0212158855957127,0.4656769996391566,4,Moderate
-0.7484169502006043,-0.5915094290132713,16,Low
0.07848193375118315,-0.020424085434484634,16,Low
2.2983369509776304,0.16517739703092102,3,Low
0.5525023070825057,-0.14579441593779224,16,Low
0.5586750031089854,0.26835834784481083,14,Low
-1.6213669886588333,-1.5819967474087733,11,Moderate
0.4682517125728465,-0.6286601465310075,0,Moderate
-1.305846641636183,-0.41378177724146803,16,Low
0.885947386027942,0.35362026614934944,16,Low
-0.8168680474848675,1.5967037391475098,4,Viral
-0.9610679501467804,0.890846350322842,8,Low
0.06311427085207723,-0.358380866824533,13,Low
0.581647936491919,-1.4145898233667198,14,Low
0.12061749166721926,4.7369690709242525,7,Low
-2.0130899779192037,-0.2704180079566283,16,Moderate
-0.732401791389372,-1.1032299496832263,6,Low
-0.9767336648607967,-0.9301093516036146,16,Low
-1.3853777574758448,0.592614834628386,12,Moderate
-1.6245006766900583,-0.9156018947321225,4,Moderate
-1.0867182295839612,0.9352037912799774,4,Low
-0.5412085092169819,-0.7402526032789603,17,Low
-1.0068167866567548,2.2148634525768034,12,Moderate
-1.1965956280663732,0.36333822398911253,12,Viral
0.8119707554694999,-0.09768428261349181,14,Low
4.474252666139404,0.41242191526030575,3,Moderate
-0.8710015556924123,0.2263504830095653,9,Low
-0.11858468170605722,0.5383959237972461,4,Moderate
0.8018889011677234,0.16368559571226102,16,Low
-1.167734420968898,0.05344312387989966,15,Low
-0.8215974325654856,0.09537164526781539,16,Low
0.49133525610420603,-0.6097138526274355,16,Moderate
0.5731777770985683,-2.607411880431164,13,Low
-1.8021964269348933,0.8049537866465813,4,Low
0.3245869469706719,-0.7708355720988237,11,Viral
0.08452316090393786,1.475242383066362,0,Moderate
0.930863588408123,-1.4552113447373392,15,Low
-0.08746939074281075,-1.022659168256748,9,Moderate
2.7192587919772637,-2.824011400399097,17,Low
-2.064690784523407,1.6803397237821764,7,Low
-1.8832837716699515,-0.5101769415661715,16,Viral
-0.568131183125206,0.3199526434513301,16,Moderate
-1.5384601197004355,-0.7447734473929095,4,Low
0.42051603987806047,-0.17023800811245846,16,Low
-0.06757344598801605,-1.7878332572236872,13,Viral
-0.16024401093426624,0.9402187083656143,4,Low
1.3537245479061615,0.9636887955207014,0,Moderate
1.7787040679643713,0.30560473611923816,14,Low
-1.231521708447915,-1.1742852440811749,16,Low
0.5254050607489403,-0.16182244405159013,0,Low
1.224757435512738,-1.497560360427867,11,Low
-0.37135762633363895,-0.17570416612492673,3,Low
1.0743556972792534,-0.5024486938116837,5,Viral
0.8003072126805703,0.08548531586094003,16,Low
-1.46892646573943,-0.5505610039171995,16,Low
1.5113902026821047,-2.0717799746024794,17,Low
1.1061530864031994,-0.4492581456599841,8,Low
-2.0356093673317166,0.39070456706065054,4,Low
-0.5468286261669568,-0.75607923953587,14,Low
-0.8004792804830381,-1.5039642588148088,9,Moderate
-2.1154704141759733,-0.1388033589350632,12,Low
0.4604114667921004,0.7532702010830601,4,Moderate
-1.49697651821759,0.1471589756121769,16,Moderate
0.5546121771360383,-1.2623642079579436,8,Low
0.1647789521019242,1.9115803301074556,3,Low
0.8078351758599084,-0.024083716573470266,16,Low
-1.8427904145689165,-1.1610816508908801,16,Moderate
-0.22088012889319533,-2.0177362772840666,14,Low
0.9473798229121542,-1.3121072549744193,16,Moderate
-1.1541810640320664,1.5798072369480418,4,Moderate
-1.3301147472502637,-1.1526384027388061,16,Viral
-0.17267889380466825,-1.5452592750728227,13,Low
-0.060541051264684856,-1.9250764309027302,11,Low
-0.906849699848913,0.25376040230984864,16,Moderate
0.4810144509099075,-0.7768658487136494,16,Low
3.134062237162978,0.6000069852381893,2,Low
-0.5330209170852889,-0.20635759101959456,4,Low
-1.5355745472488103,-1.7051511933712236,16,Moderate
0.8527753537028295,0.3896639944801808,14,Low
-0.11221677029428313,-1.0701794654486474,6,Moderate
0.10441436221102286,-2.6822907138697074,11,Moderate
0.902540601353863,-0.38610931779681884,14,Low
0.4199672446355617,-1.185174427093208,8,Low
-1.3896605041174073,-1.933473695823697,16,Low
-0.8229562579012731,-0.5723262948357037,14,Low
1.0126093351868437,1.3136712090039988,12,Low
-2.262216481017185,0.6567276922892936,4,Low
0.08422554536546958,-2.302035877745832,11,Low
0.10743732566529772,0.30612859852670277,14,Low
-1.1545251303102662,0.8687980571983565,4,Low
0.007406089661622318,0.24056051276194435,16,Moderate
-1.5391878200557951,0.12705370636558344,4,Moderate
0.2657340396015491,0.26071082868499024,0,Moderate
-0.6806877471614019,-1.2286200782911345,5,Low
1.8333486412706492,-0.6930856076598647,8,Moderate
-1.979941671010932,-0.3512194265107453,16,Low
-0.5550160821903999,-0.6308381167556031,16,Viral
-0.16433526190924017,-0.012204507173900854,12,Low
-1.5119354730959906,-0.3119269727304493,9,Low
-0.9803270475198912,1.1367711708782524,4,Moderate
-1.6585762216513065,1.3760744258448112,12,Low
-1.3558861286399524,-2.5599368060489995,16,Low
0.10504648596822051,0.4335171619080824,14,Low
-0.7157117864403095,-1.3658173150081823,13,Moderate
-0.6597668440031671,0.6887683405091097,12,Low
0.9535525847471494,-0.40840140252876217,14,Low
-0.1941744990038968,0.19325440626563595,14,Moderate
-1.3967107744395777,-0.26619804934996505,4,Moderate
-1.1644041931697895,4.526116661544581,7,Viral
0.867281031762058,-1.5661469542676432,11,Viral
-0.4173003977633012,-0.6965861417768768,16,Viral
-0.10778704096265872,-1.5047886651016813,8,Low
-0.9422009808946806,-0.6617562056546195,4,Moderate
1.943627624525198,0.5723691838008798,10,Moderate
0.7773528360566123,-1.45297505965907,8,Low
2.946492436083927,0.03028630629089516,14,Moderate
-0.6839092925696584,-2.5591577016884557,17,Low
0.683960852609739,-0.10146445689196712,9,Low
1.1911044142141232,0.36328628150616554,16,Low
-0.9357545175105856,0.1515225292574861,16,Low
-1.4207877359983636,0.18128609583718724,4,Moderate
-2.247594682295758,0.04104951737375739,16,Moderate
-0.412868160345967,-1.5515288712592914,3,Moderate
0.9662892247089085,0.11722889596669994,16,Low
0.2684042108479594,-1.7554005236234411,11,Low
2.2765951220119987,1.4226451411472052,0,Moderate
0.8633674136485237,2.0891442872643813,4,Moderate
-1.5679313507798105,-1.0993226199113548,16,Viral
-2.0342950417630945,-2.03188775593106,17,Low
1.3941716049348691,0.30628265367604923,3,Moderate
-0.10333474714142842,-0.7250690365229937,6,Viral
0.4005507713380279,-0.20041348519344318,14,Low
-0.21178834126008472,-2.5145397699113596,13,Moderate
0.23455099280112598,1.23044624394026,4,Low
1.4609180410151945,-0.7877986485779581,16,Low
-1.9146393305570593,-0.09890796938452473,16,Viral
-1.2330698407439482,1.659496989445096,4,Low
-0.5793171789716972,0.05694558701954824,16,Viral
-0.3107020341181119,-0.2983097854345996,14,Low
-0.8191647181862631,1.0374022843892,11,Moderate
0.06026134235667314,-1.0623675817665927,0,Low
-0.7629606382425408,-2.635157850313189,17,Low
1.9966475909968207,-0.3256736702411046,2,Low
-2.148755042742757,1.0520860089489965,4,Low
-0.033442621804621306,-1.6048474675045463,11,Viral
0.3793006704637606,-1.519859772534076,11,Low
2.401280846925824,0.7990430803471724,9,Low
2.273287295140528,0.6481517719555719,3,Low
4.311322567254395,1.1337241027961864,14,Low
0.965481832842739,1.5657736311924433,0,Low
-1.043499772228161,-0.7662711432557606,14,Moderate
0.9835921391359882,-0.5078588150469653,14,Low
0.2636489875660064,1.0863275573956035,4,Moderate
-1.095186966209167,-0.34671497126440004,16,Low
-0.13178172532398125,-1.5098264610738632,5,Moderate
0.5172433273977721,1.0589730602708594,0,Low
-1.0319356299617417,-0.7113947467993159,16,Low
2.026608600825677,0.13948848654022084,14,Low
0.3079155752827347,-1.0909629137713162,5,Low
2.3094631770325544,0.6091108152914944,10,Low
-1.1894174147587724,-2.425516724104865,5,Low
0.8105001360838139,-1.0301073695921756,8,Low
1.6997724093207116,1.2842892618558968,0,Low
-0.005641995086542736,-0.17814828593844412,10,Low
-1.5557771497572366,-0.48067111012505687,16,Viral
1.6807391755591248,1.300046227576568,9,Moderate
3.154725412173265,-0.2800301028804197,13,Viral
-0.5469679415542353,0.456797888753219,4,Low
-0.45392619947935753,1.4263836137717922,4,Moderate
-1.0890303837063702,2.2882270954849138,7,Moderate
0.8439677506739429,-0.31628395058020764,2,Viral
-0.4919074330233361,0.38919447588261596,4,Low
0.25224332314267117,-0.6579445332330109,16,Moderate
1.6412636502392033,0.877395907010708,0,Low
0.20465494361325465,1.5149912925162807,3,Low
-0.5510175239281984,-1.060915185007861,14,Low
-1.4645429713305786,0.4072836262020578,4,Viral
0.38841006845205417,-0.5209975580995587,16,Low
-2.4330717755083184,1.0303958754204645,4,Low
-1.418487221154613,-1.4645722607199039,6,Moderate
2.1664400320832793,0.09114910553404412,14,Low
-1.8070764377040573,1.7879400422821574,12,Moderate
-1.5009644723794073,-1.6934332661448765,11,Low
-0.5029294691205911,0.8573394143324624,4,Low
-0.5967184251383605,2.8380785986992705,4,Moderate
3.3316669965774754,2.582743271750381,0,Moderate
-0.3976249060043878,-0.37174616952177036,16,Low
-0.608920537676391,-1.022258654357825,15,Moderate
-0.7017713154872866,-2.449484936128347,8,Low
-0.37219936694363603,-0.41527817555744406,10,Low
0.959769173158199,-1.367987261573491,2,Low
-2.0750428419120976,0.19822678874148897,16,Low
-0.15785165241295665,1.9814412452719803,4,Moderate
1.8044539344316441,-0.3854695820799684,3,Low
0.550677480401526,0.960418458120481,4,Moderate
-0.11857015442629992,-0.5937196657296617,6,Viral
1.2256858503728503,-0.7349110595238219,17,Low
-1.3131673576281344,0.7479261434053578,12,Moderate
-1.1590674763786133,-1.2740856034378347,16,Low
-0.35159745118009283,1.4562214504452056,10,Low
3.6695740470098084,-1.157628928724387,8,Low
2.4583293648839475,-0.2763980210209482,8,Low
-1.3490730004157767,0.41195042995144937,4,Low
-0.3178769720554881,1.6525518823685386,4,Low
-0.5080963417909126,-0.6010045670400551,15,Low
-0.9853545667428267,-1.450597524703972,5,Moderate
-0.07258910527279598,0.7611933411960459,12,Low
-1.9883938062496704,-0.5711936302147096,12,Viral
-0.1294570910591513,0.8770549129248048,16,Low
-0.01630176224990139,-0.141998691780654,14,Low
0.404918540467116,0.19537648715071967,9,Low
-1.136686616138674,0.6562647674111256,4,Low
1.8632325690849894,-1.6587773616554826,13,Low
0.6498119870257906,-0.660155868567644,11,Viral
2.0382573322124617,0.7404606046969349,0,Moderate
-1.573301196261784,-1.1886474789165071,16,Low
-1.1762263840726275,-0.10683629057022459,4,Low
-2.28605550847704,-1.0889202943397884,16,Moderate
-0.9010583364805445,1.6976661210080017,4,Moderate
3.856686687734734,0.011836664940881455,8,Low
-1.2945783987261366,0.1878390545673024,10,Viral
0.3761092112264419,-0.3405143147969385,10,Low
1.406886348554705,-1.0617397570233669,2,Low
1.9538154342602667,0.3494844545185503,10,Viral
-0.1739318844979542,-0.5193393454099015,3,Moderate
1.7647741945725979,0.2348161131600904,3,Low
2.337083223356104,-0.09092662325390667,0,Low
-0.7050842577246413,-0.4018877326295535,14,Low
-0.1717413730571145,0.6503724088208312,12,Low
3.864240152603603,1.0423751492996303,9,Low
0.6564078965223773,-0.19044651359747838,14,Low
1.2994233282076841,0.05226109081477358,9,Low
2.120562263384248,-0.4680737149502714,8,Moderate
-0.028967140140277944,2.2068542975670984,0,Low
-0.6247855814672608,-0.7866686457061643,3,Moderate
0.6950889422748657,0.7461644173941615,0,Low
2.415866477987263,0.41248774507632374,14,Moderate
2.585274312145358,0.028259507273387698,2,Moderate
0.445112997851112,-0.8569298811059869,17,Moderate
-0.4640032635180528,0.1801329961737871,16,Low
-1.073769592886017,-0.6933314953486921,10,Low
-1.2818066272410138,1.7945960227719122,4,Low
-1.108567000135232,-1.0302450814950737,16,Viral
-1.3077169353154388,0.14157489198738818,16,Low
-0.19518710314593113,0.2638579069666787,3,Moderate
0.3168967855835288,-0.5392644984655786,8,Low
-0.3278998212421904,-0.44600189632172427,8,Low
-1.7870274935394868,0.539415049394321,4,Low
-0.6402350468050584,-0.3676817751021352,6,Moderate
0.34197504463968487,1.7558116083604574,4,Low
0.32292639809230156,-0.19729090793439635,6,Low
5.701407809934301,2.9013974198696104,1,Low
-2.4636968037392,1.9527498818510385,12,Moderate
0.6109460489082048,-2.1299633365997206,13,Low
1.96141258021898,-0.28096540958083527,11,Low
-2.4789842506377355,2.370293110058395,7,Low
-1.9949414098934635,1.5683303056387892,4,Moderate
-1.1954518224044666,3.607320214395758,7,Low
0.5570661959192336,0.7887349320606032,16,Low
-0.3473967262205904,-1.0869023915003841,11,Moderate
-0.6283971386680262,-0.9556033876244364,6,Moderate
-0.1500676694533911,-0.061319352159350984,10,Low
0.01311483234466582,-0.6143571871410368,6,Moderate
-2.258573784188622,-0.43449971428424267,16,Moderate
-1.2023398199379474,-0.7136858672451478,15,Moderate
-0.8578969399932506,0.05281237066374235,4,Low
-1.2663879318524105,-0.7532573956264298,10,Low
1.6795358087858436,-1.0377327447442701,0,Low
0.39243137247212,-0.467946213253543,10,Low
0.3255600155707135,0.805468699923231,0,Moderate
-0.9587473299499726,1.3106565086578683,7,Low
0.131521285184953,-1.1425144454514562,16,Low
-1.0480427100849727,0.42882586068508555,16,Moderate
0.8856050944575384,1.5849933682896158,0,Low
2.987187305228463,-2.237418131245098,13,Low
-1.8907630553706138,0.3398483398727297,16,Moderate
0.3090785721742475,-0.28308345000488583,9,Moderate
0.023544802939790062,-1.185166079476048,6,Low
-1.0621715963121234,-0.10920810315698423,16,Moderate
2.115405441727693,0.28750625092476634,17,Low
-0.11395503564317509,0.3054515402899368,16,Low
1.1188375195713947,1.3877125143153648,9,Low
5.954688733600231,3.3739209319606593,1,Viral
2.957190578616894,-0.7681356820721617,9,Low
-1.412111737526769,-1.8865377466327886,11,Low
2.266428479667977,0.14502064968906983,14,Low
-0.24416435612980283,-0.8822876584105043,6,Low
0.32677424072191336,0.8883862461399086,16,Moderate
0.6448017382025182,-2.3494344115448187,13,Low
-0.5636198430449395,-0.10087003010251358,0,Viral
-1.9147543112676328,-1.2456040374312949,6,Moderate
-1.6621436488379313,-1.6718263575981593,16,Low
-2.5631150083778644,1.937227727731563,7,Moderate
1.102360485283903,0.8623890217599286,10,Low
-0.14712832663562045,1.35418562196125,12,Low
2.8388256966061705,1.5126073224974985,3,Moderate
-1.6513387957078542,-0.6151553900069392,16,Moderate
-2.395018472523219,1.3134167952681444,4,Low
2.164574306373341,-0.43282240698806507,2,Moderate
0.7568402712439057,-0.35707641063521023,14,Low
0.811171513621852,-1.1981408158910147,13,Low
2.290953366226271,-1.1452480241026042,8,Low
0.5106771772065845,-1.4851291331339898,15,Moderate
1.0640626514376892,0.35423294956935647,12,Viral
0.26352377385853587,0.9121962593112262,4,Viral
0.44934755697500445,0.9352676720283665,4,Low
-1.2467194245710738,-0.7830034974349894,4,Low
1.5539252943898616,-0.10313360909041434,3,Moderate
-1.0222529942029273,-0.5001779753317162,16,Moderate
-1.3807062965982442,-0.43211048967857546,16,Low
-0.6294534823439534,0.4000736942629577,4,Moderate
1.3426111027702956,-0.4902712088136038,8,Low
-0.4479160049792652,-1.0029262625840198,8,Low
0.9998394146285521,-1.2779772007654464,16,Low
2.0217218747304755,1.041608334120928,10,Low
-0.7790084695715545,0.5925316146220784,16,Moderate
-1.8902672546218449,0.3191255843271377,4,Moderate
-1.3693332981546906,-1.1688584965407434,16,Low
-0.6319096647714258,-0.5378767968519247,4,Moderate
-0.14984667571510105,-3.296494972157141,17,Moderate
3.760018291925232,0.5508693212569826,0,Viral
0.8957033799538646,0.6807576692786066,4,Moderate
-1.379454620127456,-0.6946349290487247,6,Moderate
2.0532876308653436,-0.1730465016880225,6,Low
-0.8991010375123404,-0.5673931580597781,16,Moderate
-1.5851656354463826,-0.43226604923683953,5,Low
-0.6098232583695713,-0.5468026696110824,11,Low
0.016376080940731855,-1.8165463141080083,11,Low
1.4525413374159915,-0.1620664236215297,10,Moderate
1.7220761071278679,-0.6236017857364303,16,Viral
1.2930302592117766,1.6396385652741956,3,Low
0.03957427907353156,1.4339845916491896,4,Moderate
3.068107116447202,1.327428503136406,2,Moderate
-1.4459946270674828,2.863474924029852,7,Viral
-0.0013342567447752716,-2.634075811301832,17,Low
-0.10094372727318891,-1.527176771444433,5,Moderate
0.12370273887640532,-1.2220556174670065,13,Low
0.5302107069607261,0.9563558136441616,0,Moderate
0.6497945939449072,-1.761913917586953,13,Low
2.000429932825758,0.3126021320676075,10,Viral
0.7232493017163245,1.229480714795167,0,Moderate
-1.945237751281953,1.2743871850000688,4,Low
-1.373626163643655,0.6198562898374538,4,Viral
-1.902056967406951,0.6901531814255113,4,Viral
1.944024431192467,-2.741859307015329,17,Low
-1.914747801108135,0.935487927360968,4,Low
0.19261506467166328,0.40656397799405286,16,Moderate
-0.5456279208761402,1.7110816059446763,7,Low
-0.12483579744465845,-0.17749064864015737,15,Low
2.5752772381166738,0.9227529711470291,14,Moderate
0.03424086457444142,0.33696128041435014,4,Moderate
-1.420982763684495,-1.1101889402661382,16,Moderate
-1.9105923400628506,3.6135335362118997,7,Low
0.6831266530241056,0.1464530956687545,6,Low
2.484584958149175,-0.8196709979204797,13,Low
-0.6588178895212284,1.5540211407692985,4,Low
-1.5246331173056589,-1.5802276162467634,16,Low
0.9610167965468014,0.5538627691459062,0,Viral
2.538452696810005,0.8304397153626216,0,Viral
0.529789570849636,-0.21794387872233525,10,Moderate
-0.4064707095170762,-2.859337831558459,11,Low
-0.7327197265295474,0.6586374979946691,4,Moderate
-0.5819243885663122,0.04306144582509798,16,Low
-0.15024644421274502,-1.1956229281742736,6,Moderate
-1.5282446927095374,-0.6412193175517894,16,Low
-1.531396570329957,1.7982029385706204,7,Low
0.39074930260049345,1.4697926243696315,4,Low
-2.4289468321314573,-0.18353360922499048,16,Low
2.8816916852489256,1.4164980312147042,9,Moderate
-0.5121822851821687,-0.15581353234650758,14,Low
-0.3548726095078537,0.1203668816330523,4,Moderate
0.8213521074164116,-1.3423616831322547,8,Low
0.1145268060283664,-0.12772538552178375,9,Low
-0.9572230970978235,-0.2759717257184054,4,Low
0.5397211657386821,0.15259607545260367,14,Low
-1.271970821892025,-0.5677241928529794,16,Low
-1.0239558375600903,-0.8439663219761624,6,Low
10.069756896726515,3.421812204253936,1,Low
0.7464042559329097,0.1441136073424172,0,Low
-1.595466256778771,0.3115412457453662,4,Moderate
-0.5536928632126203,0.9341460186274166,12,Low
3.0937613921222744,-0.10179779571509597,14,Low
-0.9065941542082272,-0.796589923534399,16,Low
-1.5841079195504777,-0.5565750350745401,16,Low
-0.6696023576268985,-0.6506630942478311,10,Viral
1.960624339865494,1.46008208529601,4,Low
0.6330421074520495,-1.7400697344189227,5,Low
0.19061628314464793,-3.420593170597416,17,Low
1.9877982613544387,-0.7389289216709766,11,Low
-0.6174046981303042,0.13928720279192658,16,Moderate
2.991848318662464,0.9417608965220001,14,Low
-1.7679985565127592,0.021054242156084157,16,Low
-0.9380790064099735,1.8125387707610972,4,Moderate
-0.5315429967753633,-1.2754344479802915,6,Low
-0.8267698236678793,-3.218474624391809,17,Low
1.136441493320624,-0.4233200591227033,14,Low
1.9985513888050426,-0.015072555859386993,0,Low
0.7787666023020923,0.059486058092926945,15,Low
-0.5653761558511902,-0.8630692446983941,15,Moderate
-1.7440985935555722,-0.36567095075007666,16,Moderate
-1.9616163670735973,0.090969924407597,4,Viral
-0.8071023820736773,0.35161045677552655,12,Low
-0.8729433044714598,-0.724222232145112,14,Moderate
0.82708677456595,0.612405444900923,0,Low
1.3628026380306009,1.2901745659030075,0,Moderate
0.9425958888464693,-0.6689901122471583,15,Low
-1.1804452561693133,-0.9026427611750477,16,Moderate
-1.2949532124636738,-0.20562229975239885,16,Moderate
-0.7916948004061961,0.6478029646005841,4,Moderate
-1.9200230940228484,0.11264541089792454,4,Low
0.6844478664716385,1.0212950454843626,7,Low
-1.2889553031206757,-1.248277198871923,16,Low
-2.0334741196736257,0.10640261337908526,12,Viral
0.1680758187765454,0.4893962772173933,16,Low
1.8048229422391324,-0.0666899474763066,10,Low
-0.5950420725315104,0.5728733346098686,4,Low
-0.7903792599290378,-1.1760111554553694,6,Moderate
-1.0970028694283336,-1.1543779665756937,5,Low
-0.006147684304344445,-1.4416339655458807,5,Low
1.3274144722912478,2.7683557867733013,7,Low
-0.7977003480308509,-1.8525147105083282,16,Low
-0.9570091139985007,-0.18271030600585142,16,Low
-1.5340693265574317,-0.7153031883352503,16,Moderate
0.44302875384743445,1.0154491868617543,16,Low
-1.1755133810139313,0.4846448373419411,4,Low
0.6465163274673672,-1.0158016593226509,5,Low
1.991576212754631,-1.413402309417152,11,Low
-0.06337501576792724,1.6836750078917706,4,Viral
2.7685757579523367,0.4410292863266751,10,Viral
-1.7824298519015038,1.9156164970063412,12,Moderate
-0.8792512023026697,1.676032213432113,4,Moderate
0.2843510857528064,-2.330555193288444,6,Low
-2.2298392179936948,-0.7835352399606764,6,Moderate
-1.8698203976243042,0.2672776742108498,12,Moderate
-0.9931618593411843,2.15373935524541,7,Low
0.9709760510031832,0.13993485176691992,9,Low
-0.9075113420029985,-0.6193495515011531,10,Viral
-0.41919810722240475,-3.8077276421429347,17,Low
-1.068926191486845,0.4298855104674883,4,Low
2.2212215933706787,-0.8767724039376535,10,Moderate
-0.31505353876873277,-1.5458771980918633,17,Low
-0.5723635628119075,-0.6652310814694657,6,Viral
-0.32541333794550825,0.02195715002397092,12,Low
2.2612836375685146,-1.1913305317337242,8,Moderate
-0.4517318460825871,-2.0399498056506467,11,Low
-1.3602344575537295,0.5164156773002161,4,Moderate
-1.4870203569519183,0.41402862891103315,4,Moderate
-0.5426581375297346,-0.6709029872778632,8,Low
0.270525336423928,0.025476024295654584,3,Low
3.5155261195327525,0.5035580394062364,14,Low
2.3939297662325423,0.3669213936930512,10,Moderate
-0.9534760868304428,0.306047700580881,16,Low
0.08716465586170685,0.09303798819613458,16,Low
0.9191056635221921,2.2891931324477364,0,Low
-0.1544875302421489,0.1783387509533692,16,Moderate
-0.21889497275079262,-0.2503420387179863,4,Low
0.7532168531180247,1.225382796155313,0,Low
-0.17825543521115728,-0.8618853813393401,14,Moderate
-1.2010980735629508,-2.816852413454355,17,Low
-0.32761608226256866,-0.44284837983380654,16,Low
-1.535831971272031,2.6404465858145443,7,Moderate
-0.915562601074847,-0.016470947860159416,5,Low
-1.5352708621462645,0.6657235585661677,16,Low
2.772828635480018,0.14974461821897508,6,Viral
-0.18248717189223093,-0.5290250326208688,15,Low
-1.093541363214384,-0.8760443215889112,16,Moderate
-0.07663166624280805,0.5639097558587917,0,Low
-1.359397823247964,-0.6373968378230263,9,Moderate
-0.5021284960965373,0.9323000605865479,16,Moderate
1.488930745647169,0.2535339240460477,15,Low
1.0040445072785835,-0.2915573140451112,2,Moderate
0.3108189665516171,-0.5652833949242246,16,Low
2.6236452065187654,0.3470220106841151,2,Low
-1.6515676962599048,-0.528837607014433,15,Low
-1.69813686599933,0.05814922882997467,4,Low
-0.7864979345896842,-0.3244451302728474,4,Moderate
-1.1565455421767752,-1.5251884001200842,6,Low
-1.0903154114820608,-0.14735335298810157,4,Low
0.667327643857731,-0.7825934540558069,14,Low
0.4169921165488705,-0.796192773105539,10,Low
-1.0977996120397802,-1.177969572524487,6,Low
-1.6139695092265456,1.4492014342626622,16,Viral
-0.6934980493560421,0.02908514835490841,4,Low
-0.6872695220758156,-0.3437725596948408,16,Low
1.4463945728724947,1.8393262523398872,10,Low
1.6607928220684902,-2.3502822010948496,13,Low
1.3335638179359448,-0.49871392175892976,9,Viral
-1.4888458753013356,0.9739966286101779,4,Low
-2.1263604559159304,1.0250117513095338,4,Low
-1.5664517508171156,2.3190698293834697,4,Moderate
-1.4289193488026803,-0.43185844584362915,9,Moderate
0.42960318666985986,-0.02782039055602363,14,Low
1.997533346920958,-0.8373507160420094,2,Viral
-0.5220789807979436,-0.9870986554935859,6,Low
0.9125257678138625,-2.208384054970282,13,Low
-0.8273600218280169,0.8748071986836682,4,Low
2.922193573285296,0.12857514493064912,15,Low
3.1707392619462555,1.2535810425023368,14,Low
-1.7162423249782521,-1.5238484257373561,11,Low
3.5047516989138128,0.7502402705171212,14,Low
-1.0796744484071332,-0.42165747485230776,3,Viral
-1.1330246490458995,-0.8928987488410146,8,Low
6.8207629915700165,2.467976200645097,1,Moderate
-0.7531579745065698,-1.600162062829269,11,Low
-0.47291680569801203,0.531031336158079,4,Moderate
-1.3365006412342137,-1.557719490196707,5,Low
0.07332927912729281,0.11694200300615049,0,Viral
1.8912218257081244,-1.404514399379099,10,Low
-0.5191568454331135,-0.5226692812466234,16,Low
0.030839292425758467,-1.928055594144277,8,Moderate
1.0924456631930692,-0.3028824695311006,9,Moderate
1.4809582974924003,-0.4003422244766519,9,Low
3.2065027364658483,0.43874615482710455,9,Moderate
1.865642781052008,1.9913638712612134,0,Moderate
-0.5594155676991043,0.02504450760254475,14,Moderate
-0.8000496773035781,0.7785124921784704,16,Viral
-0.6453832891269563,-0.3549307842609572,16,Moderate
-0.15775941701590793,-0.5209446112714129,6,Moderate
0.3039652325979565,0.055713127556368675,14,Moderate
0.2568964372946504,-0.3535576829813004,5,Viral
-2.030220878959208,-1.0894344579276598,16,Viral
-1.9803242831691756,0.08082507512123208,16,Low
1.5679265117783312,-0.3010928812665815,8,Low
-0.3935772166149483,2.2847052226783897,4,Low
-0.5506900137509754,0.6455046206318067,12,Low
2.2730575362471335,2.780001228827624,0,Low
0.8584340679671562,-0.17214967950389176,2,Moderate
-1.6308041803496778,-0.5763104661577545,4,Low
-1.279203980705896,-0.963093991385708,16,Moderate
-1.6621472431813362,0.7263733493443816,4,Moderate
0.06730626102342183,2.0451237194555185,4,Viral
0.12217782790642492,-1.393107689580625,5,Low
1.6610686938049568,0.4082487727708525,14,Moderate
-0.003229047559359207,-0.87348288893278,16,Low
-1.7251718959554883,-0.839534539769252,16,Moderate
0.9312548144956313,1.4545991554328748,0,Moderate
-1.0256886081352607,-0.9321730526728199,6,Moderate
-0.9483156653383028,-1.3126807247912096,16,Low
1.504108415480498,-0.5407668257085545,16,Low
-1.519048263632192,-1.7666844119767795,5,Low
-1.9859151987411463,1.8480277749454865,7,Low
-0.3631180611524169,-0.3484803700768284,8,Viral
0.6272102126145064,0.9911736770343307,10,Low
3.4528006046322823,0.05809402046130956,3,Moderate
0.7759082277473599,0.19317479909159588,0,Low
0.06260216157664163,-0.6125520617953623,16,Moderate
0.961098084744288,-0.21770403317394166,8,Low
1.4850466057286813,-0.03422900920318309,14,Low
1.4786299445258457,-1.008612342305725,13,Moderate
-0.05502944789163748,1.6473160244860372,4,Low
-1.1745381176074146,-0.3206972115079868,10,Low
0.04981929515411436,0.3408181608483354,14,Moderate
-2.4195365824908444,0.10228503814339798,16,Low
-0.08214217152442395,-0.6009869607255348,16,Low
0.4832793116090239,1.0415855282512825,4,Low
-1.2576657081534013,0.26824916813249916,4,Low
1.2894137257559202,0.32469048353757635,4,Low
0.9794795876427767,-1.4143582025621424,14,Low
-0.5683821672776056,-0.03418240847655633,3,Viral
2.0750226010686044,0.1652389477902932,14,Low
-0.06175603453264862,0.5251740322236764,4,Low
0.4525428801146283,-0.8555993286386682,3,Low
-1.3968132746946826,1.9980181439762927,4,Low
-0.3702065114524044,-0.2583827804306528,9,Low
1.2631975916311597,-0.7083162349479033,0,Moderate
0.21779528709725504,-0.41162219882122913,16,Low
-1.8428457970670686,-0.9784688589290473,16,Low
-1.8257756551295987,-0.7073731132041867,16,Moderate
3.665040376888506,0.7567379792813365,10,Low
-1.2388197166953265,-0.04083432882685131,16,Low
-0.10734513787435652,-1.2698852701255547,0,Low
-2.3211950000642867,2.0098416116928544,7,Low
-2.1525766314970673,-0.21021172165001484,16,Low
1.1723362761429228,1.2484281985761971,0,Low
-1.8774112647067076,1.1985507308383168,4,Low
-0.19290678032228106,0.2729137685137633,16,Low
0.9059015703271933,-0.241641952559263,10,Low
2.221011261140559,0.9709288925002107,1,Moderate
-1.4183953896963064,0.9278066136357861,16,Low
-0.5352293962294011,-0.8803566942942924,11,Moderate
1.9846585859537342,-1.0639796339316219,0,Low
-1.6603915985916349,-1.2468725065132176,16,Moderate
0.8420153963160245,3.849685491605837,7,Low
-1.8749197258617771,0.22649866188976073,4,Low
-0.2674478225977423,-1.010412760628421,16,Moderate
-1.124188150479903,-1.8930456692935795,11,Moderate
-1.4385768570774495,-0.23007222332950283,16,Low
-0.15042069598509258,-0.32468219193271747,10,Low
-0.8143700981958831,-0.19193228611808907,16,Moderate
1.2452681199785791,-1.2303505854696248,2,Low
0.32093080268483215,-3.1685941385807173,17,Low
-0.4483715006406199,0.338761377105436,4,Low
-0.23751810278483623,-0.6553761245922438,16,Low
-0.8388378979230501,-0.4076442656770782,14,Low
-0.3380210831122043,-0.29684721915729934,16,Low
2.2774503672476674,0.372018137248376,3,Low
3.4423851398901766,0.18026850444289474,0,Low
1.039816532354194,-0.2885643052736932,2,Low
-0.955714870047736,1.993070109305034,4,Viral
-1.0778319553173363,-0.07163427437865993,4,Low
-0.4155416371609035,0.08633243887522733,14,Moderate
-1.0555384646563803,-0.5735426976951512,4,Low
1.876293617096805,0.9472939296686859,10,Moderate
0.10392039580866358,7.252426048125122,7,Viral
0.3538344589922487,1.4176978544358163,4,Moderate
-0.3746169193507973,-0.38052463149547083,0,Moderate
1.1808441288510145,1.140766543539798,10,Low
2.1207114510038987,0.2437469704575122,2,Moderate
-1.7118242308439198,0.9385943675715991,4,Low
-0.2814058497082622,-0.9954630105721756,10,Moderate
-1.927261974988577,2.6436995857404653,7,Low
1.3613432892849702,-1.6884850288017244,8,Low
1.931703465058241,-1.6920897509408854,10,Moderate
-0.3149595076145289,-0.7868395662864827,8,Low
0.7571014364444271,1.1680074919151882,0,Low
-0.8656011013162925,0.7957209088378216,4,Low
1.0923393451562555,-0.053172208065556774,0,Low
0.3408554850471801,0.9323300091364077,12,Low
0.19060358220501172,0.4746893859055475,15,Moderate
-0.004850375819681947,-1.631156310252046,11,Viral
-0.06441537827279022,-0.26245625247035026,15,Low
0.6337460960980968,-2.82336856629782,8,Low
-1.1940144351790216,2.0093617687089633,4,Low
-1.619497231528775,-1.9965098578363631,5,Low
2.6735224053287174,-0.1302574378501805,10,Low
-1.2963628020928946,-1.2029862288956656,6,Moderate
-1.0985578238932494,2.7322224817588663,7,Moderate
-0.9660783103953574,-1.1466009313233005,15,Viral
-0.9231528528523945,-1.6117800365667148,11,Low
1.739027327106536,-0.6995076670057273,9,Moderate
-1.1447299492136802,0.5925539300409477,12,Moderate
0.27114685123259286,1.2002585781859716,16,Low
0.8366939742570615,0.4574552038736653,14,Low
-1.1666608951162256,1.1858215178766256,4,Viral
2.6671035539238126,-1.4671170310631887,10,Low
-0.1083891627545625,-0.5752953237099958,3,Low
-1.8061075594841274,-0.6265759191745423,16,Low
-0.44793760508169406,-1.0994031537888942,16,Low
-1.696898010769329,1.9506732135625802,4,Moderate
1.2005004802884844,-0.949918046980667,8,Low
-0.8489468326161639,-0.26298611013601536,3,Low
-1.3866544178042333,1.946658368815568,4,Low
-0.5177076062922894,-1.3952209396812612,5,Low
-0.2534740204120487,-1.3183579073144183,2,Moderate
2.3612021161592662,-0.7422157078460623,2,Low
-2.0207839048038476,0.48873996482804527,16,Viral
0.781776039454576,-0.621851315123734,8,Low
0.01655510235656019,-0.2194552137164098,14,Low
-1.1312099770446675,2.3672076997051086,7,Low
0.45435965100441544,-0.5786014647457318,3,Low
0.2864989589658647,-2.2884836361348118,17,Moderate
0.8053832699089976,2.0270058988188526,4,Moderate
-0.9989107288984997,-0.5922671634674361,17,Low
1.970755605904135,0.7806437765770349,14,Moderate
-1.509038235448082,0.5815228699157484,4,Viral
1.1778023768751875,-0.444384964450325,14,Low
0.7809875495334863,-0.4080981278268995,14,Moderate
-0.35736698814507983,1.704762393118462,12,Low
0.6665105298466165,0.16860137586692175,14,Low
-0.8858645933730811,-1.0896586873862086,17,Viral
0.15306784768752588,0.8567634822046619,4,Moderate
0.999049535578179,-3.8712308156567685,17,Low
1.818225513099152,1.588423933568116,0,Moderate
0.24724132364916268,-0.14315294069554776,16,Low
0.11762879984820773,0.27398703993412293,16,Low
-0.8362847378659843,-0.2620195962192336,12,Low
0.25757276140649754,-0.3515069570720312,16,Viral
1.1726645455440392,-0.2533280390133497,2,Low
-0.48794651589643817,-0.39485426220605446,16,Low
1.606441501130649,0.5540748405155106,14,Moderate
-0.4043303951853876,-1.0961966809587442,16,Low
-1.467141274423714,-1.153370538359439,16,Moderate
0.3339458361738226,-1.3941264451105213,8,Low
-1.6933671163234467,0.24319343923787426,16,Moderate
0.9927934831609456,-0.4510193446864927,0,Low
-0.9692785655895639,4.67790148424168,7,Moderate
0.8375526474253351,0.9060195012962283,0,Low
-1.1206496106265984,-0.6594134628784938,16,Moderate
1.9340746882553908,-0.13835743834889877,0,Moderate
-1.211262333901958,-2.090696425118483,11,Moderate
2.9092618928353815,1.371063542347307,3,Low
1.424065234303776,-0.4965868083645821,8,Low
-0.23421978966912002,1.1978230335015907,16,Moderate
0.48043114679405174,0.5806454747826932,4,Moderate
-0.08980502563196899,0.6725978831751765,12,Low
0.04486095155644874,1.4386736214052556,12,Low
1.5795095607381642,-0.21949242115278114,14,Low
-0.15829312904340195,0.2548780329867866,12,Low
1.6408287009969182,1.4089863741074133,0,Moderate
0.6334125794944325,-0.02385141302465268,14,Low
-0.7064560618147442,0.08019386307614737,4,Moderate
1.1448771194909915,-0.6093006912611598,2,Moderate
-0.6206823805838069,-1.40785744405641,11,Viral
-2.611649044613043,2.2103065236784993,7,Viral
1.7714211649450429,-0.8533916866164543,2,Low
-1.0175850423799562,0.5263899504395584,4,Low
1.9578634006956406,-0.28132247096845675,14,Low
0.09261214279964546,0.8730083248002033,4,Low
-1.7798781628037574,-1.1925897476216334,5,Moderate
-1.5371392875267846,0.2835889859948859,0,Viral
0.2584116834146731,0.11843531291944218,16,Low
-1.8032161152140884,-0.6976933528955058,16,Low
3.064297686144289,1.0950976519435582,3,Moderate
-0.7888715921311256,-0.2004837188804697,16,Low
0.8241958270125229,0.4470688122462363,9,Low
-1.022453685224174,-0.007129795816126607,3,Low
-2.0897397663786,0.8782389536786814,7,Moderate
2.078496541160819,-0.6497193382285784,15,Low
-1.0416773954766594,-3.5968693758620014,17,Low
-0.5775016251250089,1.5830807309924189,3,Viral
-0.32896874873832604,-0.8944491249920687,16,Moderate
-1.3131661387288283,0.0043013730516152865,4,Low
-0.44748488386234114,0.19039974206053933,16,Low
0.9617237154902402,0.5856763266527978,4,Moderate
-1.398325159613604,1.912993004294029,12,Moderate
1.277510979495797,0.062101307343777126,12,Viral
-1.3900036354604128,-0.31563213821436553,12,Low
2.03366569899966,2.4660558824588508,12,Viral
-0.6997049672522176,-0.5810269332324748,5,Low
2.0677027352110633,1.326888937878053,14,Viral
-0.14344731863627688,-0.8475800785966788,12,Low
-0.19743392668804163,-0.3002201564945062,3,Low
-0.9235643635732976,1.7083554495149862,4,Low
-2.054259709498499,-1.337915103757296,5,Moderate
0.7407519608769738,-0.34062112146035955,0,Moderate
0.086749151140788,2.266708208583076,4,Low
-0.9927037918136525,1.2519586025047815,4,Low
1.4079080460245066,-0.5457268932174736,8,Low
-1.7053331874498896,-0.3579602586611156,16,Low
-1.6931481037289855,-1.0473287565493257,16,Low
-0.6360740344377798,0.3479864566462355,9,Low
-1.990316794562328,-1.3108303834454618,5,Moderate
-1.9025083332777597,2.2328679680095322,12,Moderate
1.3425759733436773,-1.4153594739806412,11,Low
-0.4807397973923181,-0.9256012785145834,9,Low
-0.3458189498214947,1.1374589969322406,4,Low
1.2947267780938614,-0.3128653032618204,0,Low
-0.27685910351129744,0.5351693086957253,4,Low
-2.1451719020794626,1.5437534856457769,7,Low
-1.6143751660526606,-0.23818162689297806,4,Moderate
1.5782578103328722,-0.9394997949794907,3,Moderate
2.0983128951107295,0.31785275679608127,3,Low
-1.5535654465886988,-0.48089715946912615,4,Viral
-1.5057717845249803,0.28250037552613394,4,Low
0.01943339730560916,0.29443391037420674,0,Moderate
1.5232509722252496,2.3018880759147757,0,Low
-0.002360870889695197,-0.9158639365535125,0,Low
-0.7263469442053697,0.31676606457554096,4,Moderate
-1.425135492826362,-0.12676679302512048,16,Viral
-1.0319583284183784,0.3255669298679953,4,Low
0.1041161238220619,1.9891466756347682,4,Moderate
-2.053195118189428,-0.7927325015389827,16,Viral
0.48140558291218727,-0.15731731853884356,3,Moderate
-1.3016383065805386,-0.27682442620748754,4,Moderate
-0.09773489882651341,0.17038577411524977,3,Viral
-1.3490702425232135,-1.1530824858517832,5,Low
0.14693110187519207,-0.5902051857254168,5,Moderate
-1.9356320290235252,-1.0108208397902967,5,Low
0.8379410592206359,1.142121555342736,16,Low
-1.9531852497180986,2.132861699575764,12,Moderate
-0.4654306661571967,-0.6101494930021529,13,Low
0.4904190498859661,1.4726408983804227,4,Moderate
2.419577794904116,-0.45388084152422337,2,Moderate
-0.34813453360129276,0.2283032533168676,0,Viral
0.6331958054309743,-1.3911807198151076,2,Low
0.9429970030221255,-1.6318888278818178,2,Low
-1.2087032277780654,-0.7520012344461436,4,Low
0.5169365444687276,-0.9666264306266926,8,Moderate
2.283549784255126,-0.5141601540797498,2,Moderate
1.3129544090163656,-0.059947180599856285,10,Low
-2.3011043348079863,0.4256743562352823,4,Moderate
-1.8042338290532847,0.06132781631905967,12,Low
-0.6755089742386312,-0.04112667117892062,14,Low
-1.679248352495323,-0.05754662073667345,16,Low
-2.0423567706772796,0.2444666738881648,4,Low
-0.03290231454825816,1.898193993733106,12,Low
3.2795907518406717,0.025916778498469566,14,Low
-1.0111205153305518,-1.0438086871995755,16,Low
2.041139425628477,-2.4366663777297553,17,Low
-0.2692503600012085,-1.1350607480032249,4,Low
-0.13898935338192284,-0.7544060710533776,14,Low
0.21100866830313755,-0.018269972729338273,0,Moderate
-1.307112349193241,1.1767370018111722,4,Low
-0.9213111969470593,1.1832887018537595,12,Low
0.4811856085654996,0.1273165384945294,0,Low
2.0683383348549658,1.059740547630494,0,Moderate
-0.9874297875166937,0.2817229859438237,12,Moderate
-1.4125405485267404,4.1896561908768915,7,Low
-0.11945567415411182,-0.7889657072762188,15,Low
0.23306582555898644,-0.6591701947627406,16,Viral
0.057602918361967424,-1.4508661288574527,11,Low
3.713240743201762,-1.2492956131053539,13,Low
1.0724858936394241,-0.5287797839507863,6,Viral
1.9920890371239601,1.149136021391451,14,Low
-0.7061737789288408,-0.8265523776738233,14,Low
-0.26300129829616725,-2.496864999891661,15,Low
-1.222693926601198,-1.00556044938339,9,Low
-1.7031902184008851,-0.3590284615950362,4,Low
0.10158895926230717,-1.4311485844721796,16,Low
-0.3421247930528851,1.0872016175077683,4,Moderate
0.5097247287807574,0.15860639625376746,14,Low
-0.8815719563052775,-0.255522801148001,16,Moderate
-0.28473353753312863,0.46262339514785494,16,Low
-1.6377861547816204,-1.454733103332759,17,Low
3.130043792750855,-1.9203641515585819,13,Moderate
-0.3335024669880322,0.1792349909070086,4,Moderate
-1.8806035776621464,0.2933683957857137,12,Moderate
-1.0665799303050438,-0.9928564557079795,16,Low
-1.0361253638305856,-1.305991423625547,8,Low
2.7121650474458874,-0.3981983602673577,13,Moderate
-1.237430840813435,-1.0172972158134348,16,Moderate
-0.22594687354008391,-1.3625577241501579,11,Low
-1.6262846231510553,-1.2914637219020564,5,Viral
-0.7749302780482823,-0.3763750128896182,16,Moderate
0.07315087510529067,-2.63571789094204,13,Low
1.7301292229388325,1.8478034500135767,4,Low
-0.12714938005598314,1.0330673896285583,15,Moderate
-0.7030313759971255,-0.8621168241901551,9,Low
1.2343691183228365,1.1200498473940663,10,Moderate
-1.0650324700651248,0.5504168775603703,4,Moderate
0.09084211909803429,-1.2150994244001811,15,Low
3.464450152403533,-1.823243247305182,8,Low
1.3467168224101542,0.38419524311653513,0,Low
3.3818218313630304,1.1943205148991205,2,Low
1.7244508012536524,-0.06637527055816585,0,Low
0.4790026373067671,-0.9775766700697156,2,Low
-0.781552436012898,-0.5621724171474567,16,Low
-0.45073439531955006,-0.5800728113612454,5,Low
0.2868109849458079,-0.6425449628364398,14,Low
0.17563510529409798,2.0187495046221966,12,Low
0.6051660576677238,-0.8432321604349678,16,Viral
-1.355035642529432,-1.139132089607258,16,Low
-0.48732923129458605,0.5886879228107684,4,Moderate
-1.3980770137192655,0.772315780644005,16,Low
1.4156825825757111,-0.8326375957193224,8,Low
0.12680956997896867,-2.024396115074473,11,Low
1.6018182247873451,0.7017546163205344,14,Low
0.18691685543576939,1.9840998192269637,4,Moderate
-0.637178730567824,-0.8265017536428167,6,Moderate
1.4294839126013763,-0.44365132720947503,8,Low
-0.9708951886499605,0.37258984403599177,12,Viral
0.17178407746866584,-2.428327130049724,17,Low
3.406057106322271,1.1817673552823744,3,Low
1.7110855157116087,-2.152184532166272,11,Viral
-0.9482007536534264,-1.8418042218189277,16,Moderate
1.1551419534090892,0.810146297617492,4,Low
-0.987851116905453,-1.2070220224977795,16,Moderate
-1.2933621528499377,-3.5909478271471653,17,Low
-0.6768548915140058,-0.7553412735554341,16,Low
1.0658588503157118,0.2828820421994658,9,Moderate
-0.9354099315292203,-1.087835295557835,9,Low
0.6079823733724248,0.41980951853204407,14,Viral
1.5605864059357557,0.5846734222577715,5,Moderate
-1.005070619834729,-0.0439109094559848,3,Low
-1.2914621433765152,1.6226574750109959,4,Moderate
1.019355833834155,-1.6895882231830608,13,Low
0.41739460116357063,0.510661621145008,3,Low
-0.7040618974748575,0.6363807661819277,12,Low
1.9895467519162335,1.8019015450434166,10,Low
0.5223855175612949,-0.3239263079310668,4,Low
3.192793316484947,-0.924885917400383,6,Low
3.0507167373671105,-0.0248338934797941,10,Moderate
0.2328405644795707,-2.032067884230416,13,Low
1.198266017943601,-1.1560196236021347,0,Moderate
-0.79330187421434,1.5406970905554978,4,Low
-1.6476898274144878,-0.6030199607382764,4,Moderate
4.076725028502089,1.5701482833460276,1,Moderate
1.192073243408568,-0.4878904467868155,14,Low
-0.8831388217768235,0.1470173618000095,16,Low
-0.2653556086690343,-0.20066916369308174,10,Low
-0.5751844687826111,-2.0462024587852916,13,Low
0.08033342688998164,-0.861183411124109,11,Low
0.7048655094715083,0.38626552131644853,10,Low
-1.1222225715552119,-0.9210763975786166,16,Viral
-0.1088679760601931,-0.4231039127222031,10,Low
1.5987921863229937,-1.4382519851028621,2,Low
-0.19194801582571333,-0.5428969684075972,14,Low
-1.1277259335067733,-0.9939831229613801,16,Moderate
-0.5692850286044676,-2.9401675250379,17,Low
-1.619618955990709,0.2700244104128417,4,Low
0.4017215105094814,-2.33357860607575,8,Low
-0.6440239408729169,-0.6782266855424622,3,Moderate
-1.753170719336184,0.25378761888641027,4,Low
0.24967084763347927,-0.4566630210610342,11,Moderate
-1.0531400128409654,-2.3158383573848553,11,Low
-0.8639605227019513,-1.0229968096467537,16,Viral
0.7165905591281859,-1.738960808502712,16,Moderate
-0.7712049041734549,2.4901519406020336,12,Viral
-0.16038224937431922,1.0234239097763838,4,Low
-1.0346394694038876,-0.6431118333202127,15,Low
0.6730096228918276,0.6660543266893723,3,Low
-1.7230808164516875,-1.258950108339687,6,Moderate
-1.0987779882963418,0.5619246283836576,4,Low
1.1119284554800137,-0.15743838982753938,0,Moderate
0.9584601918838913,0.9123039599234865,2,Moderate
-0.8493206116858095,0.15683447755959157,16,Moderate
-0.846984183874838,-1.042339742759142,11,Moderate
-0.4777060715858277,1.0477065229483244,4,Low
2.642221624703862,0.30682116020929484,10,Low
3.042526768719197,0.5898319335379003,14,Moderate
-1.3228796682714967,1.4116952915756724,4,Low
4.420278911676556,1.5871266224850469,14,Moderate
-0.027546794650856663,0.24546418185291505,4,Moderate
-0.4597397669140144,1.97798747465646,7,Low
-1.4322681078227868,0.7014153842051402,16,Low
1.4897821696997318,-0.6309208109197775,13,Moderate
-3.799066263928026,5.334261737604155,7,Low
2.5103822768742248,1.0607587356343957,14,Viral
1.7506549010214336,1.3045838249843107,3,Moderate
-1.4977637335968343,-1.5138531868771994,16,Low
3.4972061820404012,0.07602432219254891,2,Viral
-1.6411625483605574,0.11477985087632299,4,Moderate
0.5834206972885728,-1.0602033145460397,11,Moderate
-1.5357498563492344,-1.560234925389267,4,Moderate
0.8825816081335719,-0.1020862369259199,0,Moderate
-1.5157252833325514,0.530835550447587,7,Low
1.3296588735710222,-0.3063878596601716,0,Moderate
1.324339005696001,1.6220625157853958,4,Low
-0.9945284239444122,1.860484049709607,12,Low
-1.3602545161201745,0.634356775646356,4,Low
0.6870912358863717,-0.06866185466689535,0,Viral
-1.5002082250342874,2.864028555400076,7,Moderate
3.6557599309334434,0.860203933766839,15,Viral
-0.46737237932775527,-0.043977829577564645,12,Low
2.7728459346025156,0.003964509757597973,9,Low
0.7179011418722027,-0.8439719371931796,6,Moderate
0.623003664857527,-0.0302626942905001,14,Low
-1.5434863017872549,-0.9187584759817087,16,Low
-0.9371842670512757,-2.041546366768943,17,Low
-2.0715450643688307,-0.9870776087080451,12,Low
1.8101538292275041,-0.993718269070415,11,Moderate
1.4626644929988306,-0.4680663690429619,2,Moderate
-2.34831330846179,0.1977098401040925,16,Moderate
2.128294059726457,-1.370124356962789,13,Low
-1.333222688999018,1.647417297182814,4,Low
-0.11232589225195797,0.037568137655748034,4,Low
2.151904655641218,0.6559860990543837,14,Viral
-0.4730398417569005,-0.008889312817810411,16,Moderate
-1.004099372668707,0.33352718468667075,4,Viral
1.1941642782514517,-1.8364652989337882,8,Moderate
-0.47260186621250416,-1.6788523851270734,6,Low
2.9840335543113747,-0.04208444574255461,2,Low
-0.3390367947066376,-0.22189339495372273,14,Low
-1.2627522463190326,-0.5264164949806559,8,Low
-1.1391778879591126,0.06462624012183302,16,Low
-0.25602746720297875,-0.5734294565384684,17,Low
2.4354762905837486,-0.21762997530615427,14,Viral
-0.9815110375951163,-1.0892585447373733,10,Low
-1.5385290976815371,0.9801755289905758,4,Low
0.18439953963972497,-2.210160892569755,15,Low
3.245736883543751,0.5601855681134069,14,Low
-0.09295247859556192,-1.5752220963357457,10,Low
1.0327761150044148,1.3435851275822148,4,Moderate
-2.1690258090494225,1.4190379043354344,4,Viral
1.9799566982580352,0.4188035392385497,14,Low
-1.005387429254297,-1.5823221525830502,11,Viral
-1.590780512003431,-0.17504026863177685,4,Low
-1.7199369447777355,2.836996899035659,4,Low
-0.7059523570028808,-1.3343027630997413,11,Low
-0.904006601343735,-0.6307843291806291,5,Moderate
-1.7936715526773852,-0.8185348353651724,16,Moderate
-0.4466617216731681,-1.6046602633249942,8,Low
-0.8363514712379189,-1.2467900108756351,6,Low
0.5455737627700064,-0.14693739020574215,14,Low
-1.6257422915857591,-0.2988626367154946,12,Low
-0.9589124477778687,0.6652290804095866,9,Low
-0.6453884118777101,2.18368490473441,4,Moderate
-1.3531121878651278,0.7304576701615939,4,Moderate
1.5038886317154254,0.7345994310507993,3,Low
-1.6001959980245768,0.6448495420092155,4,Low
0.5751909859077737,-2.003983433963174,13,Low
2.404545894989326,0.9283959177916247,0,Low
-1.2837014400049667,0.9834911545817976,4,Viral
-1.3527396433223235,-0.8793958876006265,16,Viral
-1.074413081679516,-0.35903935525654923,8,Moderate
-1.66095977098665,2.953747522168187,4,Low
3.351185384942818,0.19599859900516292,6,Viral
-0.6832636480672271,1.0687146169286512,4,Moderate
-2.498887076514879,0.8224565815188359,4,Moderate
0.03099628665815172,0.8320411588946837,4,Moderate
-0.33399858543642125,-0.6271734189814461,6,Low
-0.09439128513130168,-2.672194754205323,6,Low
-0.6776131773342925,-0.84309707195145,15,Low
-1.3923799273088728,-0.3904739515069283,9,Moderate
-1.3535182918452178,0.9057559017264043,4,Low
2.4319345040398486,2.137977115925693,1,Moderate
0.08960319753762967,-0.08752045831124998,16,Moderate
-1.7297555212041498,-2.0575721101965203,17,Low
2.7334515221823943,0.5206787232188564,14,Low
0.6624206375596132,0.1296094730956764,0,Moderate
-1.4421666642464401,-1.8428958733437708,5,Low
-0.9748332694969698,0.22687948050584456,16,Low
-0.9795481411492488,-0.7769366605313206,10,Low
1.7084172798265183,2.874904393461779,3,Low
0.728473794120412,0.38605256785650716,0,Low
-1.1959600464609546,-0.1961156351080203,12,Low
-1.9034540248500251,0.9182689335486959,16,Low
1.7919284198628178,0.5874009952183186,14,Low
1.3271586705559897,-0.5927943755490801,0,Low
-1.113634941380406,-1.1884150035333807,9,Low
1.5146332000710812,-0.6030878371479038,15,Viral
1.8812505798912942,-1.0149803229738652,0,Viral
-2.3808589247560987,0.16878956469674272,16,Low
0.15636469796014799,-3.253452707062262,8,Low
0.2653848607499139,-0.3854606636609702,14,Low
-2.1913551871254495,-1.208069338960889,16,Low
2.8022398541524223,-1.2068899015847168,10,Low
-1.2814701592265552,-1.097186399599032,9,Low
3.0037417928710366,0.5634463372461233,0,Viral
-0.7057032944032203,-0.011651750186847103,4,Moderate
-0.5386136343960807,1.7324970194705431,4,Moderate
-1.4496913771322995,0.9274776653607129,4,Low
1.7927358773455706,2.7735738003076733,0,Moderate
-0.7400757771379032,0.31935966523029014,12,Moderate
-1.0463140883187403,-0.6412950553922369,3,Moderate
1.4322174763572284,0.5769813100526264,0,Moderate
0.9058146704946538,-1.1346565039247745,14,Low
-2.020616271571311,0.40469814503116014,4,Viral
-1.2306013059680818,-1.2846716957425557,6,Low
-2.8334943802355315,4.7060223922776245,7,Low
-1.0982766633097423,2.062812469430171,4,Low
-0.1848530296557673,0.5413583908701458,0,Low
-1.4555045837667817,2.7619341543223026,4,Low
1.4158735967417606,1.0067661793899838,0,Moderate
1.6006628281818036,-0.4362497564624567,0,Moderate
1.5928135073203273,-0.6515048268621503,15,Viral
-0.8109575354316046,-0.22462761942497175,15,Moderate
1.2013925600831368,-0.5908559777810894,2,Low
-0.13034896817007302,-1.2833620506644474,6,Low
-0.5655017405366287,-1.7280128951552756,15,Low
-1.569134708510782,1.7468836116378772,12,Low
2.670765844204495,0.6090500316299473,9,Low
3.736771202032944,3.265715658558982,1,Low
-1.0829503337677364,0.3847583361051222,14,Viral
-1.8056233207088177,0.9422714508340757,4,Low
-1.5348775361819926,1.970535472674039,4,Moderate
-0.2991212375714271,-0.5497578330969909,14,Moderate
-1.2805059315851022,0.28054697340232554,4,Low
0.41685422505696246,-0.4266999243200219,14,Low
0.5679090332695584,-1.3152575855491242,14,Moderate
-0.6514258507410529,0.5762081701349177,12,Moderate
0.9908085285698355,0.37540107269798756,17,Low
-1.8096417936975857,-0.6166091511581918,16,Moderate
-0.997778304463661,-0.38527449266561026,16,Low
-1.1446169184653432,-1.0284245090557216,16,Moderate
-1.4190482627812389,0.9792421575568828,4,Low
1.3130887361659682,-0.09862263359662261,14,Moderate
-0.6072908719485481,0.02498772000257883,16,Moderate
0.001343268638947093,1.970305026780236,4,Moderate
-0.57198745298811,1.604087926601406,4,Low
-2.411555299245767,4.474355568410303,7,Moderate
0.9903422005163995,0.9544663618035346,4,Low
1.0514095192683703,1.10118402213796,0,Low
0.004496336235407995,-0.1708560479282541,16,Viral
-0.07438220287512734,1.1618268450259255,0,Low
-0.9966307292195368,-1.0570349936595194,16,Viral
-1.2990358993779183,-1.0700713771005876,6,Low
2.9116814996990095,0.15077739264112688,14,Low
-1.4407933897597736,-2.0233047290694457,5,Low
0.5329236250111324,1.4724175373165247,0,Moderate
2.886148234527992,-0.5064014020271356,17,Low
0.35924988905873995,-0.3823657977502217,0,Moderate
-1.0296433480403138,-1.2098222089798238,13,Low
-1.6944213870220093,-0.0625333615664587,16,Low
-0.9449298371429768,-2.342256471780528,17,Low
-0.5212780067422881,-0.462350344410988,16,Low
1.780961424035693,-1.3266894109155674,11,Moderate
-0.824769504905706,1.813663124325601,7,Moderate
-0.5510547597969105,1.3932983026227161,12,Low
-1.4241680446884302,-0.26164187588326737,16,Moderate
-2.0648295484951475,0.9906665192488852,4,Low
-1.4806133593795243,-1.2848107029606033,6,Low
-0.5255759307533628,-0.21060732388741438,12,Moderate
-1.2977776090700062,-2.6083097988793824,11,Low
-1.7695013564128357,-0.44438449341841885,4,Moderate
1.1091704922005867,-1.400640628529664,13,Viral
-1.796897178180101,-0.07782609552189788,17,Viral
-2.0376734531646226,1.5461963396091105,4,Low
0.9386526086860238,0.07024407764741579,14,Low
1.5167823199078418,1.1986342867204482,0,Moderate
-1.1379951416578002,-0.38060853033406133,16,Low
0.38715088973964334,1.1593812196849536,4,Low
-2.2577372098943367,2.25739873756816,7,Low
0.10956345756038668,-1.211687661464182,15,Low
-0.9742230767996084,-0.6692398040901143,4,Low
3.540397002836494,-0.5745250734888726,14,Moderate
-1.1844208141460832,-2.2225677929766325,11,Low
-1.7872550528666722,0.574973238196903,4,Low
-1.9264109280611936,1.5338097392307275,4,Moderate
-0.25876193342522186,0.05012436538972087,3,Moderate
-1.650281585182701,-0.6486653861304325,12,Low
0.5945888024063017,-0.4681861548624624,8,Low
-0.9485454403648658,-1.4686690754934033,16,Moderate
-1.1045113048397257,-0.20980728770685503,9,Low
1.316598973803914,1.0326477202591453,4,Viral
1.5855890843891143,-1.881164207119396,10,Low
-0.6616508873959953,-1.257744687494573,15,Low
1.3016302393502273,0.3407047777761502,3,Moderate
0.09647375167135135,0.8252964977362344,4,Low
-1.199494390586719,-0.3820404332634778,16,Moderate
1.2149604966904664,-0.9105513879510061,5,Low
-1.6114309767846422,1.2718135628874363,4,Moderate
-1.0636737317229261,0.7625056123690347,16,Viral
-0.04868433532340979,0.21440921669853485,5,Low
-1.2529911955208568,-0.9033788571677349,16,Moderate
-1.6050277594204325,-1.2866820119657276,6,Low
1.1977074935916976,-0.8874681774547669,6,Moderate
-1.678500914953052,-0.9532678475413541,16,Low
0.18671121586692713,-0.7946706294467698,9,Low
1.373243159494786,-1.7330224735179762,8,Low
1.9594503729952937,-1.5471936811727833,13,Low
2.9750832019516484,1.0313420032542744,3,Moderate
-1.9247971435231714,0.187032795846822,16,Viral
-1.3349091458459268,1.5308124721657868,4,Low
-0.4387482030923417,0.06457103206575703,4,Low
-0.5445210250310297,0.42179687351299094,9,Low
-1.4779777929706734,4.020992506930407,7,Low
3.2775552430065655,1.4792978083178199,0,Low
1.9010270581458182,-0.9687698558455342,2,Low
3.9424622182571984,1.8190850992747531,2,Moderate
-1.3698705646814027,1.4724722008979174,4,Moderate
1.2104524535168706,0.098921922539193,16,Moderate
2.117552415404566,-1.1077642529419867,8,Low
-0.9454429163448548,1.0428313765993458,12,Viral
0.2069643603275197,-0.4225462175683242,16,Moderate
3.6469566442757575,0.5194120979614968,14,Moderate
-0.5580911835859819,0.007075847362729323,16,Moderate
2.361164779519356,-0.26181741304207623,6,Moderate
-0.5801563343410322,-0.3399663343338464,4,Low
-0.7631216408636556,-0.37281839376244047,16,Moderate
-0.6861466361244488,0.06271860537752624,12,Moderate
-1.1109865149021922,-0.8737364131868508,16,Low
-0.4452394488629647,-1.26496007980327,6,Low
0.4880845139740829,-0.003866148348842126,4,Moderate
-1.8281266933458917,-0.23851764847660517,12,Low
4.892009707527018,0.4335697754139727,10,Low
0.6965300814686187,-1.436325153624798,13,Viral
-0.42770906267389514,-0.34883717613130394,9,Low
-2.2553822799733543,-0.5731896794024142,16,Viral
-1.4411021055981492,-1.022240516743825,6,Low
0.14465278065172554,-0.32747914942564915,16,Moderate
1.3240962254652648,-1.221150195698605,11,Moderate
-0.5187006856897962,-0.594703049441442,8,Low
1.3493300713831824,0.6733477783001324,4,Moderate
-0.3685015582079359,-1.0517740662720358,6,Low
-1.2736262828906961,0.2270366310477635,3,Moderate
0.095413013676684,0.08352259044333311,16,Low
0.6740437115793365,-0.2493981824685993,8,Viral
2.2156664945673965,0.8011053781420419,3,Moderate
-1.5784290074274694,1.4589445914139556,4,Moderate
-0.20439907732182255,-1.4093485021963503,9,Low
0.544332496013688,1.5844342390436374,4,Low
-1.5905172112449042,1.7444015307833465,7,Moderate
-0.11729165356138543,-0.3598145126428034,0,Low
-1.432521796463294,-2.370302915027197,16,Moderate
-0.17467739235677215,-0.4742534453213942,4,Low
-1.2980883626356285,-1.4857322184989301,6,Viral
1.3277135916475344,-0.7556183712523247,9,Low
-1.8240484599711984,4.355734137365025,7,Low
-1.2715685801406782,0.11823606926764846,4,Low
-0.7184721230524291,1.4036854563861996,4,Low
-0.9781903033528939,-0.3098643487341286,14,Moderate
2.4780340999013633,0.2408384035189716,14,Moderate
-0.03433593464224979,-0.6003572704614956,9,Moderate
0.060554639822483686,-0.5319375381962812,6,Low
-0.5236886741600548,1.0004997033400915,4,Moderate
-1.6278789783916625,0.5791173580822705,4,Moderate
0.8285867459976821,-7.110894376546915e-05,14,Low
-0.8157548362301781,-2.27749019183973,11,Low
-1.1726877862798366,-0.00261057028755591,16,Moderate
-2.692850013165812,-0.4551639680237997,16,Viral
-0.13184348440902738,-0.26736695752454886,16,Low
0.5330168075608945,0.32042572979231293,9,Low
-1.307096603325356,-0.8247389973169837,6,Moderate
0.09344994402349774,-1.4717939573374106,11,Low
1.663077671486066,0.6054326483166181,0,Moderate
-0.34330023420400224,0.14774485567019005,14,Moderate
1.9657618781451738,-0.6180415907826871,14,Low
0.5102921458071005,-1.1783763644512766,14,Low
1.6152289325512807,-0.3986934893697006,14,Low
-0.6367196993088712,-0.468978878350721,16,Viral
0.8654536333837519,-1.4496657406248628,11,Low
1.4728383184014817,-0.34296501290047776,8,Low
-0.5653718306456261,-0.507256897935279,9,Low
0.07167647219848823,-0.4385028184268688,16,Low
-1.7072152928246447,-1.113327264091105,16,Low
0.1449216866459932,-0.5068635150184375,0,Moderate
-0.9897971372641416,-3.00393566124342,17,Low
-1.297662167137289,-0.7095993636133416,16,Low
1.0884555662703064,-0.08290956960509283,13,Viral
1.4243883570134115,0.9501820506132547,0,Low
-1.8391458707614319,0.5391306547830433,12,Moderate
1.5726761414736503,0.071582655280928,14,Low
-1.6680704976003697,0.8559477479446744,4,Low
-0.7953354327150554,-2.15696278758198,13,Moderate
0.1323318667484108,-0.2590105743459761,5,Low
1.4101780685316339,-0.2219612627448795,0,Moderate
-1.50229613648367,0.7430295672616157,4,Low
-0.7867723453614907,-0.34736805399323767,16,Low
0.46214200137912154,1.0746975999169823,0,Low
-1.8649956498265605,-0.18006887992711368,4,Moderate
-0.8201922299179937,-0.1575734150342203,3,Low
-1.0427686151334656,-0.39360648137430726,4,Low
-0.6266055262322587,-0.10346224673595986,6,Moderate
-1.7008628084131516,0.6043923533782292,4,Moderate
-0.08195355379018775,-1.1281734794321352,11,Viral
0.8619104730979374,-2.2230636532766077,13,Low
0.5614759276752327,0.5610849334780564,16,Low
0.23974486473304524,-0.07908651828222854,13,Moderate
1.3957636021718745,0.7490541423340319,10,Low
-1.827459656568272,1.443916082939411,4,Low
0.678777452772443,-0.8175081052924622,6,Low
1.134661435332635,1.8743624042729017,3,Low
0.9476795866281515,-1.8024130134238232,8,Low
-1.5967754151623053,0.3489559998950266,4,Moderate
-1.1368327590263532,2.889505069203438,7,Moderate
1.3194874703360722,-1.066519278821035,10,Low
1.2514049759004777,0.09338048610900447,14,Low
-0.7790025859871416,-0.09034653255163373,14,Low
1.8789411069586692,-0.8605264430909741,13,Moderate
-0.9142460638125555,0.22740666367817589,10,Low
-0.6361763432347597,-1.3001903162888688,17,Low
-1.8547100781107284,2.805019140810838,7,Low
-0.7839965172423845,-1.4939794213770368,5,Low
-0.8042817490014146,0.4121695569721368,12,Low
0.6252765792652208,-1.5146471290456958,11,Moderate
-1.0660639249988118,-0.454821767280376,10,Low
-1.8133571519728895,-0.8814441640070443,16,Low
0.6677222760745551,0.03252395258214556,2,Moderate
-1.0608467053525483,-4.087528014945728,17,Low
-0.9783893553993782,-0.6412912946947583,10,Low
-1.7419288378719024,-1.1498961037513922,16,Low
1.5203736777137167,-1.1524642833910137,0,Moderate
0.5427218795027298,0.5580588624933337,4,Moderate
1.2515123077014318,0.25225140222480175,0,Low
-1.8198036138933738,-1.3000451045457795,16,Moderate
0.793148221583233,-1.126800626858048,10,Low
-0.4293271271929736,0.027554832528358386,12,Low
-1.8194320048552017,5.6887636726331126,7,Moderate
-1.6757928745622683,-0.2671856286041134,16,Moderate
0.06980069609073772,-0.383766244071024,16,Low
-1.3256361607575144,-1.9042747696625115,6,Low
-0.5039501503456183,-0.41656546399244004,14,Low
0.19704136336969025,0.10358864570844568,0,Moderate
-3.3748937359846347,5.932233053957056,7,Moderate
3.1377562774265337,0.7799350662839621,15,Moderate
0.2913154015007422,0.01402815514091497,16,Low
2.074911016561275,0.6723415259382651,14,Low
0.9058540258838147,0.9166641151437237,4,Viral
-0.7100293834064358,0.9506392713765974,4,Low
-0.788001651928703,0.30988328853158525,4,Viral
0.5903257305692879,2.5997039712935788,7,Low
1.0904761757744044,0.5399965897872964,14,Low
-0.0504617992801184,-1.0999738062835749,16,Low
1.4467731500986272,0.18567892050507775,15,Moderate
0.19042746630634755,-1.506522166475649,17,Low
-1.624553899348007,-0.9042391922746001,16,Moderate
1.9433838731228932,0.21118631218750242,2,Moderate
0.42443264784903123,0.9153390977958293,10,Low
1.647279128328964,0.8682847288166406,14,Low
0.061823420985089236,-2.1724986484806683,17,Low
1.941124093710222,0.9617872209261407,15,Moderate
-1.6195626292744703,-0.14259793781997,4,Low
0.263129031207571,1.2232514713073852,4,Moderate
0.10179165167497857,-0.06228141096649036,12,Moderate
-1.9573020999809665,1.616066542319573,7,Moderate
-2.1028490551547745,0.381849161712104,4,Viral
1.6925592312298705,0.9208341446423713,14,Low
-1.4158674191438068,2.59074078735244,4,Low
2.066792566363625,-1.3035259499033578,2,Low
-0.3940002091218971,-0.34683396235332226,3,Low
0.09688913349194392,0.1125175277850192,0,Low
-0.5770970490756597,0.12254160095951737,9,Moderate
2.768252302745676,0.22061322952853019,13,Moderate
-0.5586326413250018,-1.626818359317196,13,Moderate
-0.011286215922844551,1.032345921931449,3,Low
-0.9440774280365184,-1.636149005336988,6,Viral
1.441970059218075,0.36017988595332373,0,Moderate
0.23120170551159486,0.3539338587663793,16,Low
3.8416120390495028,-1.764707920453534,13,Viral
-0.794081399483739,-0.36995572047413783,16,Viral
0.9678935415431802,-0.25656228204564047,10,Moderate
0.2598331355611034,0.3963090278137999,4,Low
-0.5079528124720126,-0.03576632788046478,4,Low
1.4625714873622582,0.8277661171336087,14,Low
-2.171035914478226,2.8303233083459225,7,Low
-1.1841298588634743,1.3890220071637203,4,Low
-1.2748960855557852,0.18993616774969457,16,Low
1.7054872001508006,0.44613481169312336,14,Moderate
-0.5307358872110008,0.6574019577516081,15,Low
1.0909311162721058,1.0441503417431697,12,Low
0.6690260670547258,-0.35456860460910394,14,Low
0.1968526433292461,0.4142979982822247,14,Moderate
0.2684576030545015,-1.3003157612343246,8,Low
-0.8823581895619778,0.47045117573634754,4,Low
0.3948410648549663,0.05470829470687769,15,Moderate
-0.22844606732223285,-3.3236921246955102,17,Low
-1.0457943560074505,2.412530437652038,7,Low
-0.8159239024877981,0.09529096394169528,4,Moderate
-0.3934017699444714,-0.08510836470573752,16,Low
-1.7434470752918982,1.5075517751313863,4,Moderate
0.8737435075007123,-0.22762244253124925,0,Moderate
1.3885438616278594,-1.6239162065295936,2,Low
0.004265496475000192,-2.1981055915470264,17,Low
2.6130844035930534,-0.022656154027780588,9,Moderate
-1.1859379550520344,0.401923389411938,14,Low
-2.4011998422206005,-0.16888558841275442,16,Low
0.1919088807476358,-0.22810525499417977,10,Moderate
-1.1240000046843959,0.6781593064083936,4,Low
1.5690851680031748,0.983490973946823,4,Low
0.5208828312175625,0.8031431109065227,10,Low
-0.9113934699099164,-1.0406750537142262,3,Low
-0.9132663945423526,0.6362198879012929,4,Low
-1.089308544624245,-0.9986856208815768,16,Low
3.113896448047536,1.2231568042910428,9,Viral
-0.9056987569639312,-1.8657688339920375,11,Low
2.172224621996126,-0.21777367417900953,2,Moderate
-0.15243778456967777,-1.1263368395695945,9,Low
0.023345948367190197,0.03246419586195356,3,Moderate
1.873224597706779,-1.2064609041371446,14,Low
0.9072980085591558,0.889179140211508,4,Low
0.2809724350919318,-0.3016963323092683,0,Low
0.006594216286631624,-1.0510153007532164,14,Moderate
-1.752103005215759,0.594127206640075,4,Moderate
2.6132645307580464,-0.2824233805688144,13,Low
0.691218310748841,0.13094434158663756,16,Low
5.335520743093227,1.3930004886666292,14,Viral
-0.578284809825004,0.4922434836248244,12,Low
2.6830343906042318,1.4989429083961399,14,Low
0.5728515812636491,0.6364031851128342,3,Low
-0.7996961496526078,-0.8129858613473583,11,Low
-1.314433253812159,-0.9683241477570137,16,Viral
-0.1951801148611297,0.13207777422925773,3,Low
-1.0319206057811037,0.2348365616273852,12,Low
0.48065447157116165,-1.2088509411997537,6,Moderate
-0.18211627124844396,0.17390858084600053,15,Low
0.673974239961919,-0.3773449686811888,2,Low
-1.431681116768081,-1.8334529609704682,16,Low
-1.2775022811286219,-0.648446149924121,16,Low
-1.4167842168341698,-0.9256545409327915,16,Moderate
-1.5737631663974097,-0.0015445827456379698,4,Low
0.2511878415407239,0.23594708584963014,14,Moderate
0.4080414009385164,-0.23496487442995476,15,Low
-0.4188710188964072,0.45757478467349516,10,Low
1.7736507990239294,0.027577004083195442,10,Low
-0.4557138087042229,1.3373593216884216,4,Low
2.9536221731822474,0.18792878412054603,3,Moderate
-1.6149937588516352,5.725882809919668,7,Moderate
3.6568134916655444,-0.8947746695309917,8,Moderate
-1.0699167483214156,-1.5697706631285333,11,Moderate
-0.9818889768489352,0.64423100546906,4,Moderate
-0.7711836669098954,-0.6609894297873147,4,Low
-1.1679594033017535,0.42562404134950355,4,Low
-1.1870592589998534,-0.15055570209979088,16,Low
0.9132410038072857,0.3453127057081474,12,Viral
-1.281013386529658,-1.230032941646817,11,Moderate
-0.4479435539755182,-0.3595287128010209,16,Low
-0.22268200183228076,0.6533501266081171,0,Moderate
1.8573191201351467,0.9018033270837883,3,Low
-0.1941398338285591,-0.374923009713875,10,Low
-1.6952750380089845,-1.0555176108812006,16,Moderate
0.6982717654284577,-1.220456425088119,11,Moderate
-1.6593008677535137,1.8118459475066717,4,Low
-1.0079196842586082,-0.5999531481214626,16,Low
-1.0179948532358145,-2.2366853748862208,17,Low
-1.4754034139832595,2.284901848191348,4,Moderate
-0.14914204747382345,-0.10596642212651339,4,Low
-0.9305028860708517,-3.745490754168992,17,Low
-1.2735967345484194,1.7111538975520637,12,Moderate
0.8748193723292471,0.558138199404576,0,Low
1.542729490019778,0.31687026677551794,3,Low
0.33031455006347027,-0.7840960901205238,8,Low
-0.9520138447206081,0.6848422567159109,3,Moderate
0.488275447798742,-0.7964368130907877,5,Moderate
-2.0176709625192575,0.35330344460331337,16,Low
0.24002956332895856,0.6193783996428028,3,Moderate
-2.753560516906334,1.0752820085969543,4,Moderate
-2.2438102105968913,0.6092039720422356,16,Moderate
-0.37543771593944525,1.400335509979327,0,Low
-2.6154410885335966,5.559311257858458,7,Low
-0.09892935310541827,1.9523710020997758,4,Low
0.5855635686435902,1.2789935551786666,12,Moderate
-0.6689496335305092,-2.0250435929051878,15,Low
1.3941715130441845,-2.4645817703760575,8,Low
-0.4207158030648113,-1.3277791375055783,8,Low
-1.3347055833584924,-1.8058433976178248,16,Moderate
1.6208495596944843,-0.9132109228839433,8,Low
-0.9709584801430317,-0.5197586975521646,15,Moderate
-0.4512616277584761,-0.6636901099637675,16,Low
0.7020801124705124,-0.7871151594537277,16,Low
-1.6839515367260285,-0.25121533937894,4,Low
-1.9148701596485465,-0.31847411735767905,16,Moderate
-0.5384316796761738,-0.2878055520515126,16,Low
0.6764289958617409,0.07189167989324466,16,Viral
0.3838286415733422,0.20736007242452398,16,Low
-1.7462001275172772,-1.243352286022406,16,Moderate
-0.28841134667429724,0.18473800511283414,3,Low
0.18029268614032465,-1.269072183414399,11,Moderate
-1.5873121100500636,-1.4832723830997387,16,Low
0.29369375380446944,-3.7860427765848974,17,Low
1.3959936283529029,-0.377514868811782,15,Low
1.6208988273867215,-0.020977681305803065,9,Low
2.1984786764739352,1.0395957698345095,3,Low
2.270771253283298,0.25012589707931326,0,Low
0.09608237460879898,-0.5113364946522192,0,Moderate
-0.08123578106711246,-0.0015392561281441124,16,Low
-0.4137777080852686,-1.2080844310820924,11,Viral
-1.8545723386617587,0.3308279374984666,4,Moderate
1.0446869248340918,-0.004995109081719709,14,Low
0.7612124353187658,0.9652676999192558,4,Low
-0.8470130652592417,-0.6509526390175262,11,Low
2.1935387722672868,0.21626258461705145,14,Low
-0.9495059396508411,-4.299598054098646,17,Low
-0.9214013629130838,-3.860074266704787,17,Low
5.309352011398966,0.9497606691774964,0,Moderate
-1.6196420321618146,0.5809122022140817,4,Moderate
1.6798709860720695,-0.4211828566040673,5,Low
0.781808676777455,-0.9138643858710574,5,Low
-0.5843922704081844,-0.09782532989788639,4,Moderate
0.5464288026155636,-3.5195122933524123,17,Low
-0.725072628298428,-0.0428307958636884,0,Low
-1.0159313731140036,-2.189594442162255,6,Low
2.1907656875596526,-0.6163013328822647,13,Low
0.765328237774286,-0.8583393172277451,2,Moderate
1.7544387666383099,-1.9791739462818867,13,Moderate
-1.345313263093006,2.0063192082300456,4,Moderate
0.07460425862508774,-1.2142428513028538,15,Moderate
1.046960872477644,-0.061439761099760404,14,Low
-1.1426903741546957,0.5312495465946786,4,Low
-0.42245507702747626,-1.8771890079059679,13,Low
1.29828764279035,1.3322524251336907,3,Moderate
-1.0142501430071438,-0.8236117713330304,4,Low
-1.0081116935251482,-1.4964241713861346,17,Low
1.6536853691913842,0.28011570989142776,14,Low
-1.7416470169968998,0.42266626589384176,4,Moderate
2.7717291265374255,0.4973552233542066,14,Moderate
5.01727766650612,2.283587914133115,1,Low
-0.8641324890191495,-1.5027065182215693,16,Low
3.316231081815905,-2.613231920866687,17,Low
0.24259138414043355,-0.0798892648816945,2,Viral
0.33654267087313444,1.4651180244568442,0,Low
-1.6693207747456469,3.0511343231078527,7,Low
-0.9325123541733253,0.7391707636467478,14,Low
-1.9562556644293034,1.744460563583555,4,Low
-0.37397262878919696,0.7162344233222496,4,Low
-2.2499748284341043,2.4616212619671747,7,Low
1.1373843574346798,2.335061184748531,0,Moderate
-0.8156450383059318,-0.337264288730608,4,Moderate
-1.708154545592412,-0.02864221859919955,4,Moderate
0.17955012352693395,-0.2821464494669303,16,Moderate
2.6443031126451126,0.5909680593323523,14,Low
-0.552891992702638,-1.20778828942068,13,Viral
0.4646468702818388,0.23630270591429148,2,Moderate
-2.3105427053517027,4.088204443685433,7,Moderate
-1.7427131265760176,-1.3977894255513488,16,Viral
1.5223439298142991,-1.2301165678422978,15,Low
-1.0095518355471527,-1.1936899467247712,9,Moderate
-2.5356553837397406,2.718851051176497,7,Low
-2.0040227859786532,0.8720447916084579,4,Low
0.8345495737877914,0.44900982192333855,14,Low
0.8985927498803975,0.6847023971994102,9,Low
2.3476894401836925,0.17670830456961784,10,Moderate
2.4245867850237377,1.024930244288881,14,Low
-1.9195993579141257,-0.8331343896049476,16,Viral
2.5266460882291613,0.24379913383184101,14,Low
-1.5262695661844803,-0.7595934360154122,15,Moderate
2.2248154343203415,-0.956296833866753,17,Low
-1.8352501796111245,4.6636526655918,7,Low
-0.590126261070195,-1.621816036439028,13,Low
-1.517173358494229,-0.14034647397174285,16,Low
-0.851113715938774,0.8368011130431618,12,Moderate
-1.1907527790845935,-0.6808624100521942,17,Viral
-1.1453258084043996,0.7178436616257142,4,Low
-1.4076742289149817,-0.14056459033124566,16,Low
1.5290671276664818,-0.17717447587745136,14,Low
2.2272695606947805,1.0357521313484235,14,Viral
5.551796308271473,2.1718817931047893,1,Low
3.4713940561433048,0.8842996585341257,2,Low
-1.898649060861925,-1.3449676388842315,16,Moderate
-0.8375772760360589,0.19555496155090726,16,Low
2.6781578275663445,-0.41663149293245166,6,Low
-1.470162680123372,-1.03248262779295,6,Low
-0.6631952901510301,-0.9247556715796841,14,Low
3.3713540828263073,-0.6199655207220887,2,Viral
-1.1821850840946717,-0.7618812222359109,16,Moderate
1.0365129177269443,-0.45457037102152875,14,Low
0.9308670304897879,0.5963078774930887,0,Moderate
1.5864689300943,-1.367273840304697,13,Low
3.6146338402618636,1.982363315378815,3,Moderate
-0.7982942432135364,-0.18839948655866243,16,Moderate
0.0031686634341808735,0.6823768865640655,4,Low
1.5727039721152647,-0.24107417409152082,15,Moderate
-0.18005361915240017,-1.401897281263541,8,Low
-1.7431259100514085,-1.3845274347206957,16,Low
-0.38228963080736406,-0.32540970738791525,9,Moderate
-0.5105118889174445,0.37634836788558756,4,Low
-1.0045612988735733,0.9003664878388218,4,Low
0.9189507003011875,0.16588932837197604,8,Low
0.0878943187717635,-1.2479252254413784,8,Low
0.13419268673773435,4.921365490311025,7,Moderate
-0.6271100987530311,-1.857640608018747,17,Low
-0.8501136231928659,0.5338547080372862,16,Low
0.4015308672394142,-0.6942156705210548,8,Low
0.4061183875099813,-0.8554251622530158,15,Low
-0.045037722341586296,0.15641417909311203,0,Low
-2.2971823017105173,-0.6514885565608622,16,Viral
-0.045222407354264645,0.11855120241656114,15,Low
0.32307583523468464,0.6155809649580203,14,Low
1.0741666039717883,1.1464491467783384,4,Moderate
-0.7541815462961179,1.8455377262578814,10,Low
1.5573345118757587,1.1583406206557731,2,Moderate
-0.43851303604192055,2.654145170810206,4,Viral
-1.9328883048329493,1.686892995445216,16,Moderate
1.5036433124874753,2.147681501384322,4,Moderate
-0.6686048318466777,-0.7035876681314085,16,Moderate
0.44633348448789417,-0.1658482838346372,16,Moderate
-0.8878269436223094,-3.0910776896769807,11,Moderate
0.6385565782254314,-0.19233793583245495,15,Low
1.8383950951821642,0.044021692920057524,14,Low
-0.5431295435137156,0.6044482844424969,16,Moderate
3.355937460096232,1.8684903222113345,14,Low
-1.7607786872158775,3.026360242541576,12,Low
2.9909466465480765,-1.4784873800879972,2,Low
-0.28071659215997913,-0.4381857552986418,16,Low
-2.136937004496286,0.7917200270159906,12,Low
0.37317013761947154,-0.32039094906156645,14,Low
0.7552063160399292,0.4160316315768039,0,Moderate
0.6259352499582972,1.3688724179939225,3,Low
-0.34333331472545686,-0.38986180608187665,15,Moderate
-3.0165326298172337,4.7311305666721,7,Moderate
-1.8247778459989232,0.4494156983785716,4,Low
-1.48067529479421,0.3491077759141148,10,Low
-0.6882486415838448,-0.7941829685640216,9,Moderate
0.416919827781276,-0.9711308816526372,17,Low
-1.7803813850607235,1.0852402984143943,4,Moderate
0.7280150468955161,0.374718890750241,14,Moderate
1.0365374425158835,-1.2078988764802727,2,Low
0.4636106408536881,-0.3995261346707568,16,Low
1.4279963346933549,0.7161213352335133,9,Low
-0.7460630855719106,0.12863923051232803,16,Viral
0.9942563401864499,-0.6142858110610696,8,Low
1.4203247961136334,-0.21158679741046177,8,Low
1.3476046775069772,-0.18174308810889653,6,Viral
4.140296784357452,0.028461937554768748,6,Low
2.203035416434571,-1.7149879459941433,13,Moderate
0.6948762064345169,0.06907321923084989,4,Viral
-0.91880503569086,0.42531929258668866,16,Low
0.4207557067995296,1.401958298428854,4,Low
-1.5725920741363688,-1.3197600645595073,15,Low
2.6859625527806044,0.6841837295853562,9,Low
0.48312286616690203,-0.9565508781294797,11,Viral
-2.0238867156441827,1.2442050758198424,4,Low
0.07640534957134154,0.2989553541675401,9,Low
0.07471251733915038,-2.3914434649343708,13,Low
1.1013641216193684,0.06382083803336919,14,Low
-1.28689736205877,-1.5076365666921103,16,Low
-1.3145228649409568,-1.64246771225455,15,Moderate
0.08429038744796682,-0.37484945416056026,3,Moderate
0.7222872565052026,-0.39524295679125143,9,Low
-1.2760559880432925,-1.2652682579724082,16,Moderate
0.17287915512780722,-1.068983108684925,15,Low
-0.7913705560046796,-0.5820021826413951,10,Low
-1.459246492046867,-0.5457619292961787,16,Moderate
-0.4123113709508358,-0.9191715156440368,16,Viral
3.5024503966033627,0.09280107067435374,14,Low
0.8805571002757712,0.9276692379930187,0,Moderate
-2.1194862955741596,1.5339467761202137,4,Low
-1.6065256274768709,-0.11404842573902294,12,Low
-1.603020502045795,0.3311116021195341,17,Low
-0.38058752526497924,0.7941471598843282,16,Viral
1.0136988982578374,-1.4518610326663908,13,Low
0.16670985168604271,-0.24334178252681588,4,Low
-0.969008935570718,-1.0018471086834109,16,Viral
-0.7537577544526662,0.14175747325972193,0,Low
1.0860329764191543,-0.3780993097202762,8,Low
-0.9063967881554176,2.858496325349717,7,Moderate
-2.210668632984498,0.7094257267410967,4,Moderate
0.7141429204271877,-0.2249154270783893,9,Moderate
1.3170609478154447,0.15926344799505324,6,Viral
-1.1930229498095266,-0.8591532060002848,6,Moderate
0.5831037447597244,-2.4214034909331317,13,Low
0.960214908438655,1.7771197365918896,4,Low
0.959662065417052,3.846428777202784,7,Low
-1.3865145521048412,3.2887367747889957,7,Viral
3.0639639494460047,-0.40495815504448285,17,Low
1.4630634450595428,-0.30098923311530873,0,Low
-1.7861333330419142,-1.1345656904828534,16,Moderate
-1.7677533888747767,-1.1083359286851018,16,Moderate
-0.027383893827320326,0.772850278948845,16,Moderate
0.34424601910009706,0.024629131919811094,16,Moderate
1.4753406543458871,-0.37325422210127046,11,Viral
-0.20516474459009676,0.029319734415078777,10,Moderate
-1.548792515298773,1.542341918427593,4,Low
4.692845192048915,0.058474502896199806,13,Moderate
-1.2536146503368855,-0.5083639696376485,4,Moderate
-0.25894248192349045,-1.1941474124349323,11,Low
-1.7060085617173215,-0.3589864402549161,16,Low
1.18645083246975,-0.09809266367972407,9,Low
4.094783989581596,-0.5394498470123676,2,Low
-1.7171810791328126,1.1596637963394345,16,Viral
-1.0827242230024106,1.356425029942688,4,Moderate
-0.8134642127126018,-0.18724471476355115,16,Low
-0.2952696843597652,-0.8817527877559359,6,Viral
-1.7111894778770689,1.3167550857433297,4,Low
-1.6777342849442205,0.051843562213069155,16,Moderate
-1.8790153100749547,-0.19020694311193417,4,Low
-1.239799489083552,0.09891677232657428,4,Moderate
2.5464073019174247,-0.4741784601744819,2,Moderate
-0.036578303663839,4.832021581686607,7,Moderate
-2.1984086166357097,-0.07896771067789958,12,Viral
1.4622387195034803,-0.4523820049881332,15,Low
-1.5058387547548078,0.728411874664013,4,Low
0.03356343104055379,-0.21181089977212958,2,Low
-0.4525412672786774,-1.1888120658241914,8,Low
-1.1682957450877087,-1.2837945629180985,5,Moderate
-0.5116518647878527,-1.0146878361070653,9,Low
-0.7114566797657429,-2.9756806992874365,16,Low
-2.1242849429574933,-0.4010662957220751,16,Moderate
-0.3052469535759121,0.9661760315737052,4,Low
-1.5373996467038304,0.9136018916561933,4,Viral
0.40627202791377137,-2.374572455231012,13,Low
-1.0973068917865192,0.38247748154567324,4,Moderate
-0.1735647490783801,0.02986975364067035,9,Low
-0.4697514139777422,-0.482897099633077,16,Low
3.6158805667442695,1.177606021120471,14,Low
1.9485167996465451,1.121705676392993,14,Low
0.703196285396749,0.32192866072239085,0,Moderate
2.6385068056740284,0.18815991399765378,14,Moderate
-1.3870117914054,1.4315984090128064,7,Low
0.896615152543531,0.6898986676531198,4,Moderate
0.6682668840298363,1.0957992094000466,16,Low
-0.1940230602342041,0.5531183520816644,4,Low
2.008017861125595,1.0712381643371063,3,Low
-0.9641362886502376,-0.41867985042036454,4,Moderate
-1.1724186542346144,-3.521235291318362,17,Low
0.5210945038700253,2.8837631930992442,4,Low
-1.4275147149147924,1.5562286604445335,4,Low
-1.66566237514936,-1.494260998668064,6,Viral
0.2561274804134716,-0.8056847726032197,9,Moderate
-1.9319704766905565,-1.021558176621609,17,Viral
0.47349252424996674,1.4423838399279563,4,Moderate
2.113696975347774,0.5843418960581187,9,Moderate
-1.3404977114799088,-1.4595089201676525,6,Low
-1.2916580174574273,0.691078122431338,12,Low
-0.5041558274934324,-2.138802125304109,11,Moderate
-0.4289841493537565,-0.40808115212401047,2,Low
-0.875342927540651,0.15769267804377896,16,Moderate
-0.023095642284801123,0.6357268235474831,16,Moderate
-1.532754003845466,-0.7190854334585646,16,Low
-2.093284542234189,5.199230321950066,7,Low
2.1319843061717068,-0.3150307419083553,14,Moderate
0.641522585021105,-0.35059005169817586,17,Moderate
2.0780062285572574,-0.9899417904752003,14,Low
-0.8737048815909663,1.4590216871182344,4,Low
0.9101920954579309,0.9553470920430808,10,Low
-1.303157477940927,-0.5212175610341836,12,Moderate
0.12529022435294715,-0.8134722594678351,15,Low
-0.6759982920169061,1.6053623781773114,4,Viral
-0.5712379064762028,-1.3875161106907667,16,Low
-1.956849982139368,-0.12324420779407877,4,Moderate
2.287360037300379,-0.6232557812399956,6,Low
1.5959287922518905,-0.11234029583400819,0,Low
1.2584055246058248,2.8468829423576825,10,Moderate
0.9337879001461806,0.5777152754939286,3,Low
3.217904072421838,-0.314423002376438,9,Moderate
1.1322048981494133,0.0897981716219097,9,Moderate
-1.8708359804553625,-1.4993466307083807,5,Low
-1.5234915485885712,2.3271070715099373,4,Moderate
-0.5363668977073179,0.23823022232202737,12,Moderate
-0.28515196350403804,-0.7724228478243468,13,Low
-1.4334403215601612,-1.0261571458904257,11,Low
-0.26453617090415815,-1.4677896429056392,16,Low
-1.9835444716561974,2.1642284302986443,12,Moderate
-2.10830896355685,-0.17283783452820733,16,Low
-0.1560030240090246,-2.2829482043692075,13,Low
0.8262656547216398,1.579135876133393,4,Low
0.8247349582960348,-0.04297240945084222,17,Low
-1.6188930647931847,-1.1595416777842513,16,Low
-0.11869745345709874,-0.7450790537117916,16,Low
